/* SPDX-License-Identifier: GPL-2.0 */
/*
 * Copyright (c) 2019 MediaTek Inc.
 */
/*****************************************************************************
 *
 * Filename:
 * ---------
 *	 cj_hhuwide_Sensor_setting.h
 *
 * Project:
 * --------
 * Description:
 * ------------
 *	 CMOS sensor header file
 *
 ****************************************************************************/
#ifndef _CJ_HHUWIDEMIPI_SENSOR_SETTING_H
#define _CJ_HHUWIDEMIPI_SENSOR_SETTING_H

#include "kd_camera_typedef.h"

static u16 cj_hhuwide_sensor_init_pre_setting_long[] = {
    0xFCFC, 0x4000,
    0x0000, 0x000E,
    0x0000, 0x38E5,
    0x6018, 0x0001,
    0x7002, 0x0408,
    0x6014, 0x0001,
    0xFCFC, 0x2002,
    0x1E92, 0x8000,
    0x1E84, 0x282B,
    0x1E86, 0x0320,
    0xFCFC, 0x4000,
    0x7002, 0x0008,
};

static u16 cj_hhuwide_sensor_init_setting_long[] = {
    0xFCFC, 0x2000,
    0xDCF0, 0x0000,
    0xFCFC, 0x2001,
    0x3C60, 0x0000,
    0xFCFC, 0x4000,
    0x6170, 0xFFFF,
    0x6180, 0x0000,
    0x6190, 0x0000,
    0x6200, 0xFFFF,
    0x6202, 0xFFFF,
    0x6204, 0x0000,
    0x6206, 0x0000,
    0x6208, 0x0000,
    0xA100, 0xFFFF,
    0xA102, 0x0000,
    0xA104, 0x0000,
    0xFCFC, 0x4001,
    0x0100, 0xFFFF,
    0x0102, 0xFFFF,
    0x0104, 0x0000,
    0x0106, 0x0000,
    0x0108, 0x0000,
    0xFCFC, 0x4000,
    0x8100, 0xFFFF,
    0x8104, 0x0000,
    0x8108, 0x0000,
    0xFCFC, 0x4000,
    0x0136, 0x1800,
    0x013E, 0x0000,
    0x0304, 0x0003,
    0x0306, 0x00E6,
    0x030C, 0x0000,
    0x030E, 0x0003,
    0x0310, 0x00B2,
    0x0312, 0x0000,
    0x031A, 0x0003,
    0x031C, 0x0028,
    0x031E, 0x0002,
    0x011C, 0x0100,
    0xFCFC, 0x2002,
    0x849C, 0x0100,
    0x849E, 0x0000,
    0x84A0, 0x0000,
    0x84A2, 0x0005,
    0x84A4, 0x0000,
    0x84A6, 0x0000,
    0x84A8, 0x0000,
    0x84AA, 0x0001,
    0x84AC, 0x01FF,
    0x84B0, 0x8089,
    0x84B2, 0x0000,
    0x84B4, 0x8889,
    0x84B6, 0x0000,
    0x84B8, 0xC097,
    0x84BA, 0x0000,
    0x84BC, 0xA60E,
    0x84BE, 0x0000,
    0x84C0, 0x2206,
    0x84C2, 0x0000,
    0x84C4, 0x002D,
    0x84C8, 0x54C6,
    0x84CA, 0x0224,
    0x84CC, 0x44AB,
    0x84CE, 0x0224,
    0x84D0, 0x44AB,
    0x84D2, 0x0224,
    0x84D4, 0x44AB,
    0x84D6, 0x0224,
    0x84D8, 0x44AB,
    0x84DA, 0x0224,
    0x84DC, 0x44AB,
    0x84DE, 0x0224,
    0xA548, 0x00EA,
    0xA54A, 0x0000,
    0xA54C, 0x0000,
    0xA54E, 0x0000,
    0xA550, 0x0000,
    0xA552, 0x0000,
    0xA554, 0x0000,
    0xA556, 0x0000,
    0xA558, 0x0000,
    0xA55A, 0x0000,
    0xA55C, 0x0000,
    0xA55E, 0x0000,
    0xA560, 0x0000,
    0xA562, 0x0000,
    0xA564, 0x0000,
    0xA566, 0x0000,
    0xA568, 0x0000,
    0xA56A, 0x0000,
    0xA56C, 0x0000,
    0xA56E, 0x0000,
    0xA570, 0x0000,
    0xA572, 0x0000,
    0xA574, 0x0055,
    0xA576, 0x0000,
    0xA578, 0x0000,
    0xA57A, 0x0000,
    0xA57C, 0x0000,
    0xA57E, 0x0000,
    0xA580, 0x0000,
    0xA582, 0x0000,
    0xA584, 0x0000,
    0xA586, 0x0000,
    0xA588, 0x0000,
    0xA58A, 0x0000,
    0xA58C, 0x0000,
    0xA58E, 0x0000,
    0xA590, 0x0000,
    0xA592, 0x0000,
    0xA594, 0x0000,
    0xA596, 0x0000,
    0xA598, 0x0000,
    0xA59A, 0x0000,
    0xA59C, 0x0000,
    0xA59E, 0x0000,
    0xA5A0, 0x0100,
    0xA5A2, 0x00B0,
    0xA5A4, 0x0000,
    0xA5A6, 0x0000,
    0xA5A8, 0x0000,
    0xA5AA, 0x0000,
    0xA5AC, 0x0000,
    0xA5AE, 0x0000,
    0xA5B0, 0x0000,
    0xA5B2, 0x0000,
    0xA5B4, 0x0000,
    0xA5B6, 0x0000,
    0xA5B8, 0x0000,
    0xA5BA, 0x0000,
    0xA5BC, 0x0000,
    0xA5BE, 0x0000,
    0xA5C0, 0x0000,
    0xA5C2, 0x0000,
    0xA5C4, 0x0000,
    0xA5C6, 0x0000,
    0xA5C8, 0x0000,
    0xA5CA, 0x0000,
    0xA5CC, 0x0000,
    0xA5CE, 0x0000,
    0xA5D0, 0x0000,
    0xA5D2, 0x0000,
    0xA5D4, 0x0000,
    0xA5D6, 0x0000,
    0xA5D8, 0x0000,
    0xA5DA, 0x0000,
    0xA5DC, 0x0000,
    0xA5DE, 0x0000,
    0xA5E0, 0x0000,
    0xA5E2, 0x0000,
    0xA5E4, 0x0000,
    0xA5E6, 0x0000,
    0xA5E8, 0x0000,
    0xA5EA, 0x0000,
    0xA5EC, 0x000F,
    0xA5EE, 0x000F,
    0xA5F0, 0x000F,
    0xA5F2, 0x000F,
    0xA5F4, 0x0000,
    0xA5F6, 0x0000,
    0xA5F8, 0x0000,
    0xA5FA, 0x0000,
    0xA5FC, 0x0000,
    0xA5FE, 0x0000,
    0xA600, 0x0000,
    0xA602, 0x0000,
    0xA604, 0x0000,
    0xA606, 0x000A,
    0xBB84, 0x00AB,
    0xBB86, 0x0000,
    0xBB88, 0x0000,
    0xBB8A, 0x0100,
    0xBB8C, 0x0800,
    0xBB8E, 0x1000,
    0xBB90, 0x2000,
    0xBB92, 0x9A00,
    0xBB94, 0x9A00,
    0xBB96, 0x9A00,
    0xBB98, 0x9A00,
    0xBB9A, 0x9600,
    0xBB9C, 0x9600,
    0xBB9E, 0x9600,
    0xBBA0, 0x9600,
    0xBBA2, 0x9300,
    0xBBA4, 0x9300,
    0xBBA6, 0x9300,
    0xBBA8, 0x9300,
    0xBBAA, 0x9000,
    0xBBAC, 0x9000,
    0xBBAE, 0x9000,
    0xBBB0, 0x9000,
    0xBBB2, 0x8D00,
    0xBBB4, 0x8D00,
    0xBBB6, 0x8D00,
    0xBBB8, 0x8D00,
    0xBBBA, 0x3F00,
    0xBBBC, 0x3F00,
    0xBBBE, 0x3F00,
    0xBBC0, 0x3F00,
    0xBBC2, 0x1E00,
    0xBBC4, 0x1E00,
    0xBBC6, 0x1E00,
    0xBBC8, 0x1E00,
    0xBBCA, 0x0000,
    0xBBCC, 0x0000,
    0xBBCE, 0x0000,
    0xBBD0, 0x0000,
    0xBBD2, 0x0800,
    0xBBD4, 0x0800,
    0xBBD6, 0x0800,
    0xBBD8, 0x0800,
    0xBBDA, 0x0000,
    0xBBDC, 0x0000,
    0xBBDE, 0x0000,
    0xBBE0, 0x0000,
    0xBBE2, 0x3F00,
    0xBBE4, 0x3F00,
    0xBBE6, 0x3F00,
    0xBBE8, 0x3F00,
    0xBBEA, 0x3400,
    0xBBEC, 0x3400,
    0xBBEE, 0x3400,
    0xBBF0, 0x3400,
    0xBBF2, 0x0A00,
    0xBBF4, 0x0A00,
    0xBBF6, 0x0A00,
    0xBBF8, 0x0A00,
    0xBBFA, 0x1000,
    0xBBFC, 0x1000,
    0xBBFE, 0x1000,
    0xBC00, 0x1000,
    0xBC02, 0x0600,
    0xBC04, 0x0600,
    0xBC06, 0x0600,
    0xBC08, 0x0600,
    0xBC0A, 0x0C00,
    0xBC0C, 0x0C00,
    0xBC0E, 0x0C00,
    0xBC10, 0x0C00,
    0xBC12, 0x0000,
    0xBC14, 0x0000,
    0xBC16, 0x0000,
    0xBC18, 0x0000,
    0xBC1A, 0x1000,
    0xBC1C, 0x1000,
    0xBC1E, 0x1000,
    0xBC20, 0x1000,
    0xBC22, 0x1000,
    0xBC24, 0x1000,
    0xBC26, 0x1000,
    0xBC28, 0x1000,
    0xBC2A, 0x2000,
    0xBC2C, 0x1000,
    0xBC2E, 0x1000,
    0xBC30, 0x1000,
    0xBC32, 0x0600,
    0xBC34, 0x0600,
    0xBC36, 0x0600,
    0xBC38, 0x0600,
    0xBC3A, 0x1C00,
    0xBC3C, 0x1C00,
    0xBC3E, 0x1C00,
    0xBC40, 0x1C00,
    0xBC42, 0x0600,
    0xBC44, 0x0600,
    0xBC46, 0x0600,
    0xBC48, 0x0600,
    0xBC4A, 0x2A00,
    0xBC4C, 0x2A00,
    0xBC4E, 0x2A00,
    0xBC50, 0x2A00,
    0xBC52, 0x0200,
    0xBC54, 0x0200,
    0xBC56, 0x0200,
    0xBC58, 0x0200,
    0xBC5A, 0x1000,
    0xBC5C, 0x1000,
    0xBC5E, 0x1000,
    0xBC60, 0x1000,
    0xBC62, 0x0E00,
    0xBC64, 0x0E00,
    0xBC66, 0x0E00,
    0xBC68, 0x0E00,
    0xBC6A, 0x2800,
    0xBC6C, 0x2800,
    0xBC6E, 0x2800,
    0xBC70, 0x2800,
    0xBC72, 0x1800,
    0xBC74, 0x1800,
    0xBC76, 0x1800,
    0xBC78, 0x1800,
    0xBC7A, 0x0800,
    0xBC7C, 0x0800,
    0xBC7E, 0x0800,
    0xBC80, 0x0800,
    0xBC82, 0x0000,
    0xBC84, 0x0000,
    0xBC86, 0x0000,
    0xBC88, 0x0000,
    0xBC8A, 0x2400,
    0xBC8C, 0x2400,
    0xBC8E, 0x2400,
    0xBC90, 0x2400,
    0xBC92, 0x004D,
    0xFCFC, 0x2000,
    0x68D8, 0x0100,
    0xFCFC, 0x2002,
    0xBC92, 0x0100,
    0xFCFC, 0x4000,
    0x0E04, 0x1C03,
    0x0E10, 0x0100,
    0x0E12, 0x00A0,
    0x0E14, 0x0C84,
    0x0E16, 0x012B,
    0x0E18, 0x0400,
    0x0E1A, 0x3000,
    0x0E1C, 0x0100,
    0x0E1E, 0x00A0,
    0x0E20, 0x0C84,
    0x0E22, 0x022B,
    0x0E24, 0x0300,
    0x0E26, 0x3000,
    0xFCFC, 0x2000,
    0x22E4, 0x0300,
    0x2338, 0x0101,
    0xFCFC, 0x2000,
    0xDD6C, 0xB47E,
    0xDD6E, 0xB67E,
    0xDE34, 0x0000,
    0xDE36, 0x9231,
    0xFCFC, 0x4000,
    0x0B30, 0x01FF,
    0xFCFC, 0x2000,
    0x3D44, 0x0000,
    0x3D88, 0xFCFC,
    0x3D8A, 0xFEFF,
    0x3D8C, 0xFCFC,
    0x3D8E, 0xFEFF,
    0x3D90, 0xFCFC,
    0x3D92, 0xFEFF,
    0x3FE0, 0x0324,
    0x3FE2, 0xE082,
    0x3FE4, 0x0324,
    0x3FE6, 0x0080,
    0x3FE8, 0x0000,
    0x3FEA, 0x0000,
    0x4238, 0x0324,
    0x423A, 0xE082,
    0x423C, 0x0000,
    0x423E, 0x0000,
    0x4240, 0x0000,
    0x4242, 0x0000,
    0x4490, 0x0324,
    0x4492, 0xE082,
    0x4494, 0x0324,
    0x4496, 0xD489,
    0x4498, 0x0000,
    0x449A, 0x0000,
    0x46E8, 0x0324,
    0x46EA, 0xE082,
    0x46EC, 0x0324,
    0x46EE, 0x188A,
    0x46F0, 0x0000,
    0x46F2, 0x0000,
    0x4940, 0x0324,
    0x4942, 0xE082,
    0x4944, 0x0324,
    0x4946, 0x1C8C,
    0x4948, 0x0000,
    0x494A, 0x0000,
    0x4B98, 0x0324,
    0x4B9A, 0xE082,
    0x4B9C, 0x0324,
    0x4B9E, 0x188A,
    0x4BA0, 0x0324,
    0x4BA2, 0x488C,
    0x4DF0, 0x0324,
    0x4DF2, 0xE082,
    0x4DF4, 0x0324,
    0x4DF6, 0xB48C,
    0x4DF8, 0x0000,
    0x4DFA, 0x0000,
    0x5048, 0x0324,
    0x504A, 0xE082,
    0x504C, 0x0324,
    0x504E, 0x188A,
    0x5050, 0x0324,
    0x5052, 0x048D,
    0xFCFC, 0x2006,
    0x0000, 0x535A,
    0x0002, 0x0100,
    0x0004, 0x1152,
    0x0006, 0x5A00,
    0x0008, 0x0001,
    0x000A, 0x00A4,
    0x000C, 0x2000,
    0x000E, 0x0000,
    0x0010, 0x0000,
    0x0012, 0x0000,
    0x0014, 0x7FBF,
    0x0016, 0x624E,
    0x0018, 0x20FF,
    0x001A, 0x1FBB,
    0x001C, 0x8063,
    0x001E, 0x31F1,
    0x0020, 0x3150,
    0x0022, 0x4585,
    0x0024, 0x69C5,
    0x0026, 0xE4E2,
    0x0028, 0xAD66,
    0x002A, 0x1F3E,
    0x002C, 0x9A96,
    0x002E, 0x960B,
    0x0030, 0xF874,
    0x0032, 0x7B86,
    0x0034, 0x9393,
    0x0036, 0x0425,
    0x0038, 0x5858,
    0x003A, 0xCE9A,
    0x003C, 0xA1D2,
    0x003E, 0x0F5B,
    0x0040, 0xD4C0,
    0x0042, 0xE087,
    0x0044, 0x3C80,
    0x0046, 0x7000,
    0x0048, 0x73D0,
    0x004A, 0x4E2E,
    0x004C, 0xF158,
    0x004E, 0x3F00,
    0x0050, 0x083D,
    0x0052, 0xBD21,
    0x0054, 0x011B,
    0x0056, 0x4DD0,
    0x0058, 0xC778,
    0x005A, 0xE94C,
    0x005C, 0x076A,
    0x005E, 0x68E7,
    0x0060, 0xCACC,
    0x0062, 0x6B7D,
    0x0064, 0x6988,
    0x0066, 0x8D8D,
    0x0068, 0x8762,
    0x006A, 0xFADB,
    0x006C, 0xB944,
    0x006E, 0x8587,
    0x0070, 0xAACE,
    0x0072, 0x634F,
    0x0074, 0x02F4,
    0x0076, 0xAD6A,
    0x0078, 0xE077,
    0x007A, 0xA4F7,
    0x007C, 0x68D8,
    0x007E, 0x0F83,
    0x0080, 0x78D7,
    0x0082, 0xD9F0,
    0x0084, 0x445F,
    0x0086, 0x81D8,
    0x0088, 0x84A4,
    0x008A, 0x64AB,
    0x008C, 0x238F,
    0x008E, 0xC851,
    0x0090, 0x4568,
    0x0092, 0xF562,
    0x0094, 0x0759,
    0x0096, 0xADA2,
    0x0098, 0xF73A,
    0x009A, 0x7BB3,
    0x009C, 0x3836,
    0x009E, 0x547A,
    0x00A0, 0xE97F,
    0x00A2, 0x2797,
    0x00A4, 0x4BD8,
    0x00A6, 0xD47A,
    0x00A8, 0xB418,
    0x00AA, 0x083D,
    0x00AC, 0x745D,
    0x00AE, 0xADA1,
    0x00B0, 0xA059,
    0x00B2, 0x1D7C,
    0x00B4, 0xAE9A,
    0x00B6, 0x81AC,
    0x00B8, 0xD9D4,
    0x00BA, 0x0716,
    0x00BC, 0xA37E,
    0x00BE, 0xB9ED,
    0x00C0, 0x444A,
    0x00C2, 0xD1AB,
    0x00C4, 0x7C57,
    0x00C6, 0xAEB2,
    0x00C8, 0xB57C,
    0x00CA, 0x2593,
    0x00CC, 0x023B,
    0x00CE, 0xE9D4,
    0x00D0, 0x05F5,
    0x00D2, 0x84E9,
    0x00D4, 0x37E9,
    0x00D6, 0xAF85,
    0x00D8, 0xD962,
    0x00DA, 0xEB52,
    0x00DC, 0xDF1F,
    0x00DE, 0x6F0C,
    0x00E0, 0xA1D3,
    0x00E2, 0x101A,
    0x00E4, 0x3E78,
    0x00E6, 0xEA01,
    0x00E8, 0x7D39,
    0x00EA, 0xA008,
    0x00EC, 0xE367,
    0x00EE, 0x8D9D,
    0x00F0, 0x2112,
    0x00F2, 0x351C,
    0x00F4, 0x7AAB,
    0x00F6, 0x00DF,
    0x00F8, 0xD2A7,
    0x00FA, 0xC690,
    0x00FC, 0x56D9,
    0x00FE, 0xD879,
    0x0100, 0x7417,
    0x0102, 0x84BA,
    0x0104, 0xB60A,
    0x0106, 0x89AC,
    0x0108, 0xD962,
    0x010A, 0x5611,
    0x010C, 0x34A6,
    0x010E, 0xCD4C,
    0x0110, 0x156A,
    0x0112, 0x84E8,
    0x0114, 0x9671,
    0x0116, 0x9FC9,
    0x0118, 0xD3F5,
    0x011A, 0x76B7,
    0x011C, 0x3B92,
    0x011E, 0xC530,
    0x0120, 0x9D11,
    0x0122, 0xBD32,
    0x0124, 0xD066,
    0x0126, 0x7DF5,
    0x0128, 0x8F9F,
    0x012A, 0xEC70,
    0x012C, 0x4370,
    0x012E, 0xE522,
    0x0130, 0x7FFC,
    0x0132, 0xBDE4,
    0x0134, 0x6E84,
    0x0136, 0x4D03,
    0x0138, 0x16E9,
    0x013A, 0xF17A,
    0x013C, 0xE1B5,
    0x013E, 0x653E,
    0x0140, 0x237F,
    0x0142, 0x4459,
    0x0144, 0x5048,
    0x0146, 0x1F32,
    0x0148, 0x6FA6,
    0x014A, 0x77D9,
    0x014C, 0x8336,
    0x014E, 0x120E,
    0x0150, 0x7989,
    0x0152, 0xCC36,
    0x0154, 0x655E,
    0x0156, 0x899B,
    0x0158, 0xBFB8,
    0x015A, 0x4239,
    0x015C, 0xC1F4,
    0x015E, 0x9359,
    0x0160, 0x2751,
    0x0162, 0xFAA4,
    0x0164, 0xF9E9,
    0x0166, 0x0BFD,
    0x0168, 0xDEB7,
    0x016A, 0x79CE,
    0x016C, 0x2DE8,
    0x016E, 0xC6D4,
    0x0170, 0x7D86,
    0x0172, 0xAD44,
    0x0174, 0x8DED,
    0x0176, 0x147A,
    0x0178, 0x14CF,
    0x017A, 0x9D21,
    0x017C, 0xFACE,
    0x017E, 0xF811,
    0x0180, 0x270E,
    0x0182, 0x5EF8,
    0x0184, 0xA3DA,
    0x0186, 0x5881,
    0x0188, 0x1352,
    0x018A, 0x643B,
    0x018C, 0x897B,
    0x018E, 0x37E2,
    0x0190, 0xB2A9,
    0x0192, 0x86A6,
    0x0194, 0xC9DE,
    0x0196, 0xE2CE,
    0x0198, 0x8ACE,
    0x019A, 0x1250,
    0x019C, 0xDEC6,
    0x019E, 0xF2EF,
    0x01A0, 0xB99E,
    0x01A2, 0xBA70,
    0x01A4, 0xA3C6,
    0x01A6, 0x3A68,
    0x01A8, 0xE487,
    0x01AA, 0x1D23,
    0x01AC, 0x210A,
    0x01AE, 0x5AAC,
    0x01B0, 0x9A19,
    0x01B2, 0x6E2A,
    0x01B4, 0xE485,
    0x01B6, 0xC09F,
    0x01B8, 0xD4E8,
    0x01BA, 0x1CB5,
    0x01BC, 0x3662,
    0x01BE, 0xAAC9,
    0x01C0, 0xB996,
    0x01C2, 0xD5C1,
    0x01C4, 0x556D,
    0x01C6, 0x9534,
    0x01C8, 0xB03B,
    0x01CA, 0x873E,
    0x01CC, 0xA8FB,
    0x01CE, 0x73CC,
    0x01D0, 0xB1D5,
    0x01D2, 0x39D2,
    0x01D4, 0x5D95,
    0x01D6, 0x9A28,
    0x01D8, 0x3E86,
    0x01DA, 0xB57D,
    0x01DC, 0x3CE0,
    0x01DE, 0x7B1A,
    0x01E0, 0x84FC,
    0x01E2, 0xB0F3,
    0x01E4, 0x4FB3,
    0x01E6, 0x3E1E,
    0x01E8, 0x93E1,
    0x01EA, 0xE813,
    0x01EC, 0x12FF,
    0x01EE, 0x3311,
    0x01F0, 0x5C9C,
    0x01F2, 0x039C,
    0x01F4, 0xA54C,
    0x01F6, 0xFE07,
    0x01F8, 0x4C54,
    0x01FA, 0x8D74,
    0x01FC, 0xEDDD,
    0x01FE, 0xA336,
    0x0200, 0x4821,
    0x0202, 0x1037,
    0x0204, 0xC56D,
    0x0206, 0x6FDD,
    0x0208, 0x18F0,
    0x020A, 0x3899,
    0x020C, 0xCAA9,
    0x020E, 0x008C,
    0x0210, 0x20F7,
    0x0212, 0x6B93,
    0x0214, 0x5DF4,
    0x0216, 0x3526,
    0x0218, 0x33B3,
    0x021A, 0x4C03,
    0x021C, 0xCD5A,
    0x021E, 0xFD0C,
    0x0220, 0x311D,
    0x0222, 0x789B,
    0x0224, 0xEB2C,
    0x0226, 0xB33E,
    0x0228, 0x3CF9,
    0x022A, 0x5B1D,
    0x022C, 0xDE2C,
    0x022E, 0x479C,
    0x0230, 0xCE9B,
    0x0232, 0x320C,
    0x0234, 0xFF1E,
    0x0236, 0x62BB,
    0x0238, 0xDDD6,
    0x023A, 0x6BBA,
    0x023C, 0x4D83,
    0x023E, 0xD94F,
    0x0240, 0xCDCB,
    0x0242, 0x2190,
    0x0244, 0x8715,
    0x0246, 0x8CA0,
    0x0248, 0xA9F4,
    0x024A, 0xF775,
    0x024C, 0xCCB4,
    0x024E, 0xB267,
    0x0250, 0x2211,
    0x0252, 0xF74B,
    0x0254, 0x24C6,
    0x0256, 0x04B4,
    0x0258, 0xE6EB,
    0x025A, 0x9931,
    0x025C, 0x6698,
    0x025E, 0xA374,
    0x0260, 0xCCCE,
    0x0262, 0x8FB5,
    0x0264, 0x26B8,
    0x0266, 0x1996,
    0x0268, 0x67E8,
    0x026A, 0x548F,
    0x026C, 0xF6D7,
    0x026E, 0x070E,
    0x0270, 0x09E0,
    0x0272, 0x69A9,
    0x0274, 0x3EC3,
    0x0276, 0x195C,
    0x0278, 0xB809,
    0x027A, 0xA38A,
    0x027C, 0x1502,
    0x027E, 0x809D,
    0x0280, 0x47C7,
    0x0282, 0x5E6F,
    0x0284, 0xFF12,
    0x0286, 0xE2CF,
    0x0288, 0x29ED,
    0x028A, 0xFA1D,
    0x028C, 0x0B29,
    0x028E, 0x0258,
    0x0290, 0x416D,
    0x0292, 0xC8BB,
    0x0294, 0x1D12,
    0x0296, 0x2D69,
    0x0298, 0x77BB,
    0x029A, 0xBD1C,
    0x029C, 0x82CB,
    0x029E, 0x8ECB,
    0x02A0, 0x3160,
    0x02A2, 0xB3AD,
    0x02A4, 0x3512,
    0x02A6, 0x23E1,
    0x02A8, 0xFCED,
    0x02AA, 0x248E,
    0x02AC, 0xC536,
    0x02AE, 0x1E71,
    0x02B0, 0x1FA9,
    0x02B2, 0xC4F3,
    0x02B4, 0x7B0D,
    0x02B6, 0x090D,
    0x02B8, 0x3610,
    0x02BA, 0x3ACD,
    0x02BC, 0x0095,
    0x02BE, 0x2B0F,
    0x02C0, 0x6888,
    0x02C2, 0x7739,
    0x02C4, 0xE5D4,
    0x02C6, 0xE961,
    0x02C8, 0x0E1D,
    0x02CA, 0x6B2D,
    0x02CC, 0x6EED,
    0x02CE, 0x14CC,
    0x02D0, 0x4A39,
    0x02D2, 0x44AD,
    0x02D4, 0xF517,
    0x02D6, 0x9CDD,
    0x02D8, 0xADCB,
    0x02DA, 0x797B,
    0x02DC, 0x0BBE,
    0x02DE, 0x1ED1,
    0x02E0, 0x9C32,
    0x02E2, 0xD70E,
    0x02E4, 0x4801,
    0x02E6, 0x962B,
    0x02E8, 0xDABD,
    0x02EA, 0xA99B,
    0x02EC, 0x5C74,
    0x02EE, 0x258A,
    0x02F0, 0xA79A,
    0x02F2, 0x36E8,
    0x02F4, 0xE46B,
    0x02F6, 0xE3C2,
    0x02F8, 0x960D,
    0x02FA, 0xD687,
    0x02FC, 0x4C1B,
    0x02FE, 0xE10A,
    0x0300, 0xA36D,
    0x0302, 0xFC77,
    0x0304, 0x089A,
    0x0306, 0x2B61,
    0x0308, 0x5091,
    0x030A, 0x7C3F,
    0x030C, 0xBECF,
    0x030E, 0x6A4B,
    0x0310, 0x666D,
    0x0312, 0x6BE7,
    0x0314, 0x1C1E,
    0x0316, 0x5CD5,
    0x0318, 0x2D27,
    0x031A, 0x0849,
    0x031C, 0x20E6,
    0x031E, 0xE466,
    0x0320, 0x08CD,
    0x0322, 0x8CF5,
    0x0324, 0xD359,
    0x0326, 0x7B65,
    0x0328, 0x4E2B,
    0x032A, 0x9BED,
    0x032C, 0xF6F2,
    0x032E, 0x57D2,
    0x0330, 0x48D8,
    0x0332, 0xBAE5,
    0x0334, 0x16C5,
    0x0336, 0x4EBF,
    0x0338, 0xF09F,
    0x033A, 0x65EC,
    0x033C, 0x11CA,
    0x033E, 0xD42F,
    0x0340, 0x95C0,
    0x0342, 0x5944,
    0x0344, 0x6E5D,
    0x0346, 0x46C2,
    0x0348, 0x5E1D,
    0x034A, 0x8FA9,
    0x034C, 0xB357,
    0x034E, 0x6FA0,
    0x0350, 0x8BEC,
    0x0352, 0x8DEA,
    0x0354, 0x4150,
    0x0356, 0x9358,
    0x0358, 0x68A0,
    0x035A, 0xEEE1,
    0x035C, 0x6601,
    0x035E, 0x5E70,
    0x0360, 0xCC11,
    0x0362, 0x95DF,
    0x0364, 0x0CE2,
    0x0366, 0xC4B7,
    0x0368, 0xD5C1,
    0x036A, 0x4A69,
    0x036C, 0x1BA5,
    0x036E, 0x946F,
    0x0370, 0x88CC,
    0x0372, 0x9F1B,
    0x0374, 0xDF19,
    0x0376, 0x7DCD,
    0x0378, 0x323E,
    0x037A, 0x0FE6,
    0x037C, 0xBA45,
    0x037E, 0x08B4,
    0x0380, 0xFCE4,
    0x0382, 0x695E,
    0x0384, 0xCE18,
    0x0386, 0x4D93,
    0x0388, 0x474B,
    0x038A, 0xAFCA,
    0x038C, 0xDDFA,
    0x038E, 0xD03D,
    0x0390, 0xC736,
    0x0392, 0x457D,
    0x0394, 0x80D0,
    0x0396, 0xDEC4,
    0x0398, 0xC3C5,
    0x039A, 0x510E,
    0x039C, 0x17F5,
    0x039E, 0xF36F,
    0x03A0, 0xA741,
    0x03A2, 0xB099,
    0x03A4, 0xEEE9,
    0x03A6, 0x2CE6,
    0x03A8, 0x4F5B,
    0x03AA, 0xE4FF,
    0x03AC, 0xBF96,
    0x03AE, 0xC019,
    0x03B0, 0x87F7,
    0x03B2, 0xA08C,
    0x03B4, 0x56A6,
    0x03B6, 0x2B0C,
    0x03B8, 0x27AE,
    0x03BA, 0xE8CB,
    0x03BC, 0xAF10,
    0x03BE, 0x72BC,
    0x03C0, 0x2269,
    0x03C2, 0x6960,
    0x03C4, 0x3751,
    0x03C6, 0x1425,
    0x03C8, 0x7B68,
    0x03CA, 0xE25A,
    0x03CC, 0xE5CA,
    0x03CE, 0xC4E8,
    0x03D0, 0xEA32,
    0x03D2, 0x568A,
    0x03D4, 0xC8BE,
    0x03D6, 0x8DF2,
    0x03D8, 0xCA84,
    0x03DA, 0x3D7D,
    0x03DC, 0x60F8,
    0x03DE, 0xD630,
    0x03E0, 0x3EF1,
    0x03E2, 0x0422,
    0x03E4, 0x9DF9,
    0x03E6, 0x4B38,
    0x03E8, 0xF03E,
    0x03EA, 0x5A9D,
    0x03EC, 0x8CC0,
    0x03EE, 0xC05F,
    0x03F0, 0x91F3,
    0x03F2, 0x122E,
    0x03F4, 0x0883,
    0x03F6, 0xD26E,
    0x03F8, 0x76B5,
    0x03FA, 0xB0A4,
    0x03FC, 0x82DF,
    0x03FE, 0x7E1F,
    0x0400, 0x3438,
    0x0402, 0x2677,
    0x0404, 0xC106,
    0x0406, 0xFF6A,
    0x0408, 0xEEBB,
    0x040A, 0xD914,
    0x040C, 0x3EC1,
    0x040E, 0x7FF9,
    0x0410, 0xB165,
    0x0412, 0x6BD4,
    0x0414, 0x5245,
    0x0416, 0xF29C,
    0x0418, 0xF6C8,
    0x041A, 0x386C,
    0x041C, 0x4CE5,
    0x041E, 0x314B,
    0x0420, 0x7C84,
    0x0422, 0x33B0,
    0x0424, 0x86D8,
    0x0426, 0x8160,
    0x0428, 0x8383,
    0x042A, 0xE495,
    0x042C, 0x0E99,
    0x042E, 0x7265,
    0x0430, 0xF548,
    0x0432, 0xDD3A,
    0x0434, 0x4F31,
    0x0436, 0xA6B2,
    0x0438, 0xB655,
    0x043A, 0xD5EF,
    0x043C, 0x0BDF,
    0x043E, 0x7253,
    0x0440, 0x3292,
    0x0442, 0x00CE,
    0x0444, 0x01EE,
    0x0446, 0x0D39,
    0x0448, 0x32CF,
    0x044A, 0x1C77,
    0x044C, 0x4545,
    0x044E, 0xEB8A,
    0x0450, 0xFD6E,
    0x0452, 0x6B1B,
    0x0454, 0xB526,
    0x0456, 0xB8F6,
    0x0458, 0x1349,
    0x045A, 0x8613,
    0x045C, 0xA1E8,
    0x045E, 0x1CC9,
    0x0460, 0xC227,
    0x0462, 0xFF03,
    0x0464, 0x2B81,
    0x0466, 0x93E2,
    0x0468, 0x2B51,
    0x046A, 0xB75B,
    0x046C, 0x6AC7,
    0x046E, 0xA1CF,
    0x0470, 0xF813,
    0x0472, 0x50AF,
    0x0474, 0x62ED,
    0x0476, 0x97B9,
    0x0478, 0xEB72,
    0x047A, 0xB0B3,
    0x047C, 0x9469,
    0x047E, 0x820A,
    0x0480, 0x7915,
    0x0482, 0xFDED,
    0x0484, 0xFEE8,
    0x0486, 0x6174,
    0x0488, 0x388C,
    0x048A, 0x8BCC,
    0x048C, 0xC09A,
    0x048E, 0x89C0,
    0x0490, 0x3E95,
    0x0492, 0xD5F0,
    0x0494, 0xA56E,
    0x0496, 0x3CF5,
    0x0498, 0xE16D,
    0x049A, 0x8B3C,
    0x049C, 0xE80A,
    0x049E, 0xCEC7,
    0x04A0, 0x396C,
    0x04A2, 0x2397,
    0x04A4, 0x9549,
    0x04A6, 0xCA86,
    0x04A8, 0xE5BF,
    0x04AA, 0xE6FD,
    0x04AC, 0x50E4,
    0x04AE, 0x3DA5,
    0x04B0, 0xBAF3,
    0x04B2, 0xF6B9,
    0x04B4, 0x8144,
    0x04B6, 0x307A,
    0x04B8, 0xBC61,
    0x04BA, 0xC8D1,
    0x04BC, 0x6268,
    0x04BE, 0xF737,
    0x04C0, 0xEDAB,
    0x04C2, 0x2303,
    0x04C4, 0x10AE,
    0x04C6, 0xCC81,
    0x04C8, 0xFDA8,
    0x04CA, 0x494B,
    0x04CC, 0x48E7,
    0x04CE, 0xAF3F,
    0x04D0, 0x7D84,
    0x04D2, 0xAC54,
    0x04D4, 0xB9F4,
    0x04D6, 0xE5AC,
    0x04D8, 0xADE1,
    0x04DA, 0x1877,
    0x04DC, 0x4A42,
    0x04DE, 0xDF37,
    0x04E0, 0xC011,
    0x04E2, 0x5509,
    0x04E4, 0x6E53,
    0x04E6, 0x4A9A,
    0x04E8, 0x9C5E,
    0x04EA, 0x7240,
    0x04EC, 0x0AF5,
    0x04EE, 0x43F3,
    0x04F0, 0x5D3B,
    0x04F2, 0x329E,
    0x04F4, 0x5762,
    0x04F6, 0x228D,
    0x04F8, 0x8A8E,
    0x04FA, 0xBE8D,
    0x04FC, 0x94BB,
    0x04FE, 0xC10E,
    0x0500, 0xDB51,
    0x0502, 0x0C68,
    0x0504, 0x42DA,
    0x0506, 0x4A58,
    0x0508, 0x6B4C,
    0x050A, 0x2A35,
    0x050C, 0xA532,
    0x050E, 0x5823,
    0x0510, 0xE2F0,
    0x0512, 0xE628,
    0x0514, 0xA284,
    0x0516, 0x5A0C,
    0x0518, 0x8C73,
    0x051A, 0xBACA,
    0x051C, 0x3F6C,
    0x051E, 0xBFBB,
    0x0520, 0xF076,
    0x0522, 0xF772,
    0x0524, 0xCAE4,
    0x0526, 0xDB54,
    0x0528, 0x75DA,
    0x052A, 0x6E07,
    0x052C, 0x1D03,
    0x052E, 0x3F7E,
    0x0530, 0xD9E3,
    0x0532, 0x8971,
    0x0534, 0x3AD4,
    0x0536, 0x370D,
    0x0538, 0xCF35,
    0x053A, 0xD98E,
    0x053C, 0x0AF0,
    0x053E, 0x3131,
    0x0540, 0x92A0,
    0x0542, 0xDB47,
    0x0544, 0xE1CE,
    0x0546, 0x1BCE,
    0x0548, 0x8A11,
    0x054A, 0xA2E8,
    0x054C, 0x88D1,
    0x054E, 0xEDFB,
    0x0550, 0x36FA,
    0x0552, 0xDD11,
    0x0554, 0x4D6C,
    0x0556, 0x569C,
    0x0558, 0x216C,
    0x055A, 0xB803,
    0x055C, 0xE5C5,
    0x055E, 0xA7F0,
    0x0560, 0x2F34,
    0x0562, 0xC711,
    0x0564, 0x73BA,
    0x0566, 0x9B5F,
    0x0568, 0xB411,
    0x056A, 0xEE52,
    0x056C, 0x3BA9,
    0x056E, 0xC28E,
    0x0570, 0xCBE3,
    0x0572, 0x4CE1,
    0x0574, 0xBBFA,
    0x0576, 0x086E,
    0x0578, 0xF725,
    0x057A, 0xF81D,
    0x057C, 0xD7F2,
    0x057E, 0xEA6D,
    0x0580, 0x7038,
    0x0582, 0x6347,
    0x0584, 0x2BB6,
    0x0586, 0x9F86,
    0x0588, 0x6B77,
    0x058A, 0x0CC4,
    0x058C, 0xAEC3,
    0x058E, 0x1586,
    0x0590, 0x3164,
    0x0592, 0x7F0B,
    0x0594, 0x85A7,
    0x0596, 0x359C,
    0x0598, 0x1B2C,
    0x059A, 0x47AE,
    0x059C, 0xD986,
    0x059E, 0x4CA6,
    0x05A0, 0x8C90,
    0x05A2, 0x60D2,
    0x05A4, 0x6305,
    0x05A6, 0x3029,
    0x05A8, 0x5B08,
    0x05AA, 0x1EBB,
    0x05AC, 0x3A99,
    0x05AE, 0x63D7,
    0x05B0, 0xCA7D,
    0x05B2, 0xFD3F,
    0x05B4, 0xCFA7,
    0x05B6, 0x316E,
    0x05B8, 0x2A6A,
    0x05BA, 0xF935,
    0x05BC, 0x928D,
    0x05BE, 0x681C,
    0x05C0, 0x2EBC,
    0x05C2, 0x9DE3,
    0x05C4, 0x7F39,
    0x05C6, 0x2C7E,
    0x05C8, 0xC357,
    0x05CA, 0x92C2,
    0x05CC, 0x44AA,
    0x05CE, 0xCB40,
    0x05D0, 0x2DE4,
    0x05D2, 0xEE0B,
    0x05D4, 0x92DB,
    0x05D6, 0x26AF,
    0x05D8, 0x51D9,
    0x05DA, 0x3BF8,
    0x05DC, 0xB809,
    0x05DE, 0xDE3C,
    0x05E0, 0xB6A0,
    0x05E2, 0x8B03,
    0x05E4, 0xC40C,
    0x05E6, 0x7EFC,
    0x05E8, 0x96BC,
    0x05EA, 0x733F,
    0x05EC, 0x5B84,
    0x05EE, 0x4462,
    0x05F0, 0xB5F5,
    0x05F2, 0x9E2A,
    0x05F4, 0xEEC1,
    0x05F6, 0xEF3B,
    0x05F8, 0xDAF1,
    0x05FA, 0x8848,
    0x05FC, 0xC891,
    0x05FE, 0x3538,
    0x0600, 0x73F2,
    0x0602, 0xEEB0,
    0x0604, 0xB9E3,
    0x0606, 0x4239,
    0x0608, 0xFE47,
    0x060A, 0x0924,
    0x060C, 0x9C2D,
    0x060E, 0xC96F,
    0x0610, 0x39EE,
    0x0612, 0x72EE,
    0x0614, 0x565E,
    0x0616, 0xB4E9,
    0x0618, 0xDF03,
    0x061A, 0x7EFE,
    0x061C, 0x0A58,
    0x061E, 0x5006,
    0x0620, 0x352C,
    0x0622, 0x54DC,
    0x0624, 0x375D,
    0x0626, 0x4820,
    0x0628, 0x3584,
    0x062A, 0xF78B,
    0x062C, 0xA813,
    0x062E, 0x38CA,
    0x0630, 0xF80C,
    0x0632, 0xF890,
    0x0634, 0xFD19,
    0x0636, 0xFC23,
    0x0638, 0xD5ED,
    0x063A, 0xDC25,
    0x063C, 0xCCAB,
    0x063E, 0x12F0,
    0x0640, 0xD1CD,
    0x0642, 0xA798,
    0x0644, 0xC48D,
    0x0646, 0xCAF6,
    0x0648, 0x8344,
    0x064A, 0xEE44,
    0x064C, 0x1D0E,
    0x064E, 0xF5DB,
    0x0650, 0x3530,
    0x0652, 0xD392,
    0x0654, 0x10C0,
    0x0656, 0x8F71,
    0x0658, 0xDB0E,
    0x065A, 0x1A0A,
    0x065C, 0x8FD2,
    0x065E, 0x97D8,
    0x0660, 0xD98F,
    0x0662, 0x4761,
    0x0664, 0x5C9C,
    0x0666, 0xE543,
    0x0668, 0xB78E,
    0x066A, 0xC93D,
    0x066C, 0x531E,
    0x066E, 0x3985,
    0x0670, 0x4273,
    0x0672, 0xC049,
    0x0674, 0x91DD,
    0x0676, 0x3165,
    0x0678, 0x2B4D,
    0x067A, 0x1867,
    0x067C, 0x0632,
    0x067E, 0x6C73,
    0x0680, 0x3CF9,
    0x0682, 0xBE2E,
    0x0684, 0x8543,
    0x0686, 0xE67C,
    0x0688, 0xE4B2,
    0x068A, 0xF54B,
    0x068C, 0x719F,
    0x068E, 0xA000,
    0x0690, 0x4809,
    0x0692, 0x12B7,
    0x0694, 0x982C,
    0x0696, 0xED97,
    0x0698, 0x4DA9,
    0x069A, 0xCA55,
    0x069C, 0x63E8,
    0x069E, 0xEC5D,
    0x06A0, 0xD9AD,
    0x06A2, 0x585D,
    0x06A4, 0x8663,
    0x06A6, 0x9BF4,
    0x06A8, 0xD7AF,
    0x06AA, 0x4965,
    0x06AC, 0xD9C5,
    0x06AE, 0xF53C,
    0x06B0, 0xE2F6,
    0x06B2, 0xDAE5,
    0x06B4, 0x4BCD,
    0x06B6, 0xE222,
    0x06B8, 0x0F2D,
    0x06BA, 0x1959,
    0x06BC, 0xA23D,
    0x06BE, 0xFF84,
    0x06C0, 0x6726,
    0x06C2, 0x0F1E,
    0x06C4, 0xEC9F,
    0x06C6, 0x6AB9,
    0x06C8, 0x5E66,
    0x06CA, 0x83C5,
    0x06CC, 0xC989,
    0x06CE, 0xA57C,
    0x06D0, 0xFBD9,
    0x06D2, 0x705A,
    0x06D4, 0x383E,
    0x06D6, 0x1F5B,
    0x06D8, 0x61B3,
    0x06DA, 0x2392,
    0x06DC, 0x22F4,
    0x06DE, 0xB213,
    0x06E0, 0x8397,
    0x06E2, 0x4749,
    0x06E4, 0xB1D5,
    0x06E6, 0x3DD0,
    0x06E8, 0x180D,
    0x06EA, 0x9F00,
    0x06EC, 0x4354,
    0x06EE, 0x45ED,
    0x06F0, 0x2F59,
    0x06F2, 0x8703,
    0x06F4, 0xFB66,
    0x06F6, 0xE533,
    0x06F8, 0x020D,
    0x06FA, 0x35C3,
    0x06FC, 0xA1FA,
    0x06FE, 0x2BCD,
    0x0700, 0x2938,
    0x0702, 0x5F34,
    0x0704, 0x93AD,
    0x0706, 0x0824,
    0x0708, 0xA240,
    0x070A, 0xA6E2,
    0x070C, 0x6F0F,
    0x070E, 0xFFEF,
    0x0710, 0x32F0,
    0x0712, 0x993B,
    0x0714, 0xF1A8,
    0x0716, 0x4171,
    0x0718, 0xDC55,
    0x071A, 0xBDAF,
    0x071C, 0xEF53,
    0x071E, 0x101C,
    0x0720, 0xD835,
    0x0722, 0xE97A,
    0x0724, 0xCB55,
    0x0726, 0x129B,
    0x0728, 0xF462,
    0x072A, 0xE772,
    0x072C, 0xB439,
    0x072E, 0x8D4E,
    0x0730, 0x2EEB,
    0x0732, 0x456B,
    0x0734, 0x942B,
    0x0736, 0x167D,
    0x0738, 0xC4FB,
    0x073A, 0xD015,
    0x073C, 0x1535,
    0x073E, 0x1BFD,
    0x0740, 0xFA4E,
    0x0742, 0x0019,
    0x0744, 0xF027,
    0x0746, 0x7EF7,
    0x0748, 0xE532,
    0x074A, 0x78F9,
    0x074C, 0x83D3,
    0x074E, 0x40AB,
    0x0750, 0xF91E,
    0x0752, 0x8246,
    0x0754, 0x43B4,
    0x0756, 0xE1A0,
    0x0758, 0x1BCE,
    0x075A, 0xBD8C,
    0x075C, 0xEDF4,
    0x075E, 0x1A95,
    0x0760, 0x1351,
    0x0762, 0xBF0B,
    0x0764, 0x7EA0,
    0x0766, 0xB135,
    0x0768, 0x81B9,
    0x076A, 0x174D,
    0x076C, 0x7772,
    0x076E, 0xD8CB,
    0x0770, 0x3B51,
    0x0772, 0xE210,
    0x0774, 0xC4F9,
    0x0776, 0x56A4,
    0x0778, 0x90A3,
    0x077A, 0xAC03,
    0x077C, 0xCB1E,
    0x077E, 0x8561,
    0x0780, 0x963A,
    0x0782, 0x812D,
    0x0784, 0xB9F0,
    0x0786, 0x492E,
    0x0788, 0xC641,
    0x078A, 0x3B1F,
    0x078C, 0xC7DE,
    0x078E, 0x245F,
    0x0790, 0xA1ED,
    0x0792, 0xC456,
    0x0794, 0x8DB3,
    0x0796, 0x8870,
    0x0798, 0x0AE1,
    0x079A, 0x5775,
    0x079C, 0xDB4F,
    0x079E, 0x5E96,
    0x07A0, 0xC832,
    0x07A2, 0xA427,
    0x07A4, 0x7CE4,
    0x07A6, 0x0504,
    0x07A8, 0x887E,
    0x07AA, 0xA828,
    0x07AC, 0xD95C,
    0x07AE, 0x79BA,
    0x07B0, 0xFCA6,
    0x07B2, 0x6B4D,
    0x07B4, 0x59BE,
    0x07B6, 0xDEA3,
    0x07B8, 0x9AD0,
    0x07BA, 0x146B,
    0x07BC, 0x32E9,
    0x07BE, 0x60C4,
    0x07C0, 0xFDC2,
    0x07C2, 0xCF04,
    0x07C4, 0x6249,
    0x07C6, 0xC2BE,
    0x07C8, 0x8509,
    0x07CA, 0x38A6,
    0x07CC, 0xE8BD,
    0x07CE, 0x4870,
    0x07D0, 0xDD82,
    0x07D2, 0x7386,
    0x07D4, 0x3B4D,
    0x07D6, 0x8BF9,
    0x07D8, 0x04E5,
    0x07DA, 0x1789,
    0x07DC, 0xEDFA,
    0x07DE, 0x2526,
    0x07E0, 0x0E63,
    0x07E2, 0x9BBE,
    0x07E4, 0x95AA,
    0x07E6, 0x357F,
    0x07E8, 0xD80C,
    0x07EA, 0x27B1,
    0x07EC, 0x4A6F,
    0x07EE, 0x91FD,
    0x07F0, 0x94CF,
    0x07F2, 0x13CF,
    0x07F4, 0x8B7C,
    0x07F6, 0x5333,
    0x07F8, 0xC43E,
    0x07FA, 0x1140,
    0x07FC, 0x0DB1,
    0x07FE, 0x8898,
    0x0800, 0xD9AC,
    0x0802, 0x18EE,
    0x0804, 0xF8E1,
    0x0806, 0x0C86,
    0x0808, 0x2EC0,
    0x080A, 0x5B61,
    0x080C, 0x75F6,
    0x080E, 0xB06D,
    0x0810, 0x1B99,
    0x0812, 0x7103,
    0x0814, 0x4DDC,
    0x0816, 0xD4DF,
    0x0818, 0x6D71,
    0x081A, 0x1F22,
    0x081C, 0x8E4C,
    0x081E, 0x7DE9,
    0x0820, 0x62E3,
    0x0822, 0xD814,
    0x0824, 0x75FE,
    0x0826, 0x89F9,
    0x0828, 0x875B,
    0x082A, 0x8100,
    0x082C, 0x404C,
    0x082E, 0x34BC,
    0x0830, 0x7614,
    0x0832, 0xF8FB,
    0x0834, 0x2DD3,
    0x0836, 0xA8AA,
    0x0838, 0x5C86,
    0x083A, 0xF687,
    0x083C, 0xE425,
    0x083E, 0xE992,
    0x0840, 0xB89D,
    0x0842, 0x0DD5,
    0x0844, 0xAB64,
    0x0846, 0x12AF,
    0x0848, 0xE05F,
    0x084A, 0x8845,
    0x084C, 0xF7DB,
    0x084E, 0x5997,
    0x0850, 0x6420,
    0x0852, 0xF441,
    0x0854, 0x8087,
    0x0856, 0xDCE2,
    0x0858, 0x35BB,
    0x085A, 0x630D,
    0x085C, 0x3E5A,
    0x085E, 0x5F71,
    0x0860, 0x1D90,
    0x0862, 0x6FCA,
    0x0864, 0xF800,
    0x0866, 0xA4D5,
    0x0868, 0x8710,
    0x086A, 0x3F51,
    0x086C, 0x73D7,
    0x086E, 0x797A,
    0x0870, 0xE03F,
    0x0872, 0xB225,
    0x0874, 0x9793,
    0x0876, 0x152E,
    0x0878, 0xAAEF,
    0x087A, 0x90E9,
    0x087C, 0x3993,
    0x087E, 0xDEFC,
    0x0880, 0x16B8,
    0x0882, 0xCA31,
    0x0884, 0x487D,
    0x0886, 0x39AD,
    0x0888, 0xF356,
    0x088A, 0xE735,
    0x088C, 0x259C,
    0x088E, 0x2AD7,
    0x0890, 0x231F,
    0x0892, 0x7D20,
    0x0894, 0x28B6,
    0x0896, 0x4E0F,
    0x0898, 0xC5E1,
    0x089A, 0x2208,
    0x089C, 0xD77A,
    0x089E, 0x65D0,
    0x08A0, 0x5F52,
    0x08A2, 0x80D8,
    0x08A4, 0xCB13,
    0x08A6, 0x1B75,
    0x08A8, 0xDA2F,
    0x08AA, 0x8D41,
    0x08AC, 0x6489,
    0x08AE, 0xCECD,
    0x08B0, 0x81F6,
    0x08B2, 0x2F54,
    0x08B4, 0xDF14,
    0x08B6, 0xC551,
    0x08B8, 0xB11D,
    0x08BA, 0x0389,
    0x08BC, 0x2D99,
    0x08BE, 0x9330,
    0x08C0, 0xEB11,
    0x08C2, 0xE9CE,
    0x08C4, 0x8DF2,
    0x08C6, 0x8360,
    0x08C8, 0x58FB,
    0x08CA, 0x252C,
    0x08CC, 0x4D9B,
    0x08CE, 0x6FC7,
    0x08D0, 0xE8C5,
    0x08D2, 0xAC74,
    0x08D4, 0x5310,
    0x08D6, 0x4452,
    0x08D8, 0x20C3,
    0x08DA, 0x8134,
    0x08DC, 0x85F8,
    0x08DE, 0x140D,
    0x08E0, 0x9AAC,
    0x08E2, 0x394E,
    0x08E4, 0xC588,
    0x08E6, 0xA8A6,
    0x08E8, 0x92AD,
    0x08EA, 0x4B93,
    0x08EC, 0x6065,
    0x08EE, 0xD4D7,
    0x08F0, 0x5858,
    0x08F2, 0xDC5E,
    0x08F4, 0x132B,
    0x08F6, 0x97F8,
    0x08F8, 0x1AEF,
    0x08FA, 0xCB19,
    0x08FC, 0xE1C4,
    0x08FE, 0x344C,
    0x0900, 0x9455,
    0x0902, 0x2017,
    0x0904, 0x53EF,
    0x0906, 0x4121,
    0x0908, 0x467D,
    0x090A, 0xB1F2,
    0x090C, 0x6276,
    0x090E, 0xCE55,
    0x0910, 0xA386,
    0x0912, 0xEF2D,
    0x0914, 0x96BF,
    0x0916, 0x60A8,
    0x0918, 0xCB2F,
    0x091A, 0x9481,
    0x091C, 0xAE60,
    0x091E, 0xB857,
    0x0920, 0xF742,
    0x0922, 0xA2D5,
    0x0924, 0xB03B,
    0x0926, 0xD528,
    0x0928, 0x524D,
    0x092A, 0xCA44,
    0x092C, 0xDFA3,
    0x092E, 0xCE37,
    0x0930, 0x1BDA,
    0x0932, 0x663F,
    0x0934, 0x2BD5,
    0x0936, 0xE662,
    0x0938, 0x9569,
    0x093A, 0x8A9C,
    0x093C, 0xBBEC,
    0x093E, 0x5142,
    0x0940, 0x4521,
    0x0942, 0x48CC,
    0x0944, 0x0E39,
    0x0946, 0x3059,
    0x0948, 0xBC22,
    0x094A, 0x0A6B,
    0x094C, 0xFB4C,
    0x094E, 0x3FCF,
    0x0950, 0x9F8B,
    0x0952, 0x33C4,
    0x0954, 0x1158,
    0x0956, 0x3A78,
    0x0958, 0x77AB,
    0x095A, 0x245F,
    0x095C, 0x774C,
    0x095E, 0x461F,
    0x0960, 0x6E85,
    0x0962, 0x9B31,
    0x0964, 0xD7D3,
    0x0966, 0x65E6,
    0x0968, 0x6BF4,
    0x096A, 0x76A1,
    0x096C, 0x0E76,
    0x096E, 0xBBBC,
    0x0970, 0x2C7C,
    0x0972, 0x3BEC,
    0x0974, 0x59C5,
    0x0976, 0x5977,
    0x0978, 0x273F,
    0x097A, 0x9264,
    0x097C, 0x33E7,
    0x097E, 0x105C,
    0x0980, 0x537A,
    0x0982, 0x5CEB,
    0x0984, 0x9208,
    0x0986, 0xE073,
    0x0988, 0x807E,
    0x098A, 0xB87E,
    0x098C, 0x0673,
    0x098E, 0xE3C1,
    0x0990, 0xF815,
    0x0992, 0x751B,
    0x0994, 0xEF96,
    0x0996, 0x729B,
    0x0998, 0x401A,
    0x099A, 0x8384,
    0x099C, 0x39DE,
    0x099E, 0x177C,
    0x09A0, 0x2B1B,
    0x09A2, 0x1C51,
    0x09A4, 0x0833,
    0x09A6, 0xB8BA,
    0x09A8, 0x85C3,
    0x09AA, 0x0324,
    0x09AC, 0x092A,
    0x09AE, 0x72AD,
    0x09B0, 0xDD21,
    0x09B2, 0x306C,
    0x09B4, 0xF8AC,
    0x09B6, 0x35A2,
    0x09B8, 0xAFEF,
    0x09BA, 0xDCDA,
    0x09BC, 0xC22D,
    0x09BE, 0x95A3,
    0x09C0, 0x41F5,
    0x09C2, 0x38A1,
    0x09C4, 0xEFE1,
    0x09C6, 0xE8E0,
    0x09C8, 0x5C9E,
    0x09CA, 0x34CB,
    0x09CC, 0xA065,
    0x09CE, 0x0857,
    0x09D0, 0x6228,
    0x09D2, 0x34B2,
    0x09D4, 0x6911,
    0x09D6, 0xA662,
    0x09D8, 0xC44E,
    0x09DA, 0xF6F1,
    0x09DC, 0x2C24,
    0x09DE, 0xFDC7,
    0x09E0, 0x5F43,
    0x09E2, 0xB8BA,
    0x09E4, 0x9799,
    0x09E6, 0x4326,
    0x09E8, 0x2A41,
    0x09EA, 0x9A5E,
    0x09EC, 0x24FB,
    0x09EE, 0xE09F,
    0x09F0, 0x1A89,
    0x09F2, 0x4070,
    0x09F4, 0x0FD6,
    0x09F6, 0x99CA,
    0x09F8, 0x2CBD,
    0x09FA, 0xD2FB,
    0x09FC, 0x8AAF,
    0x09FE, 0xA4C2,
    0x0A00, 0x90EB,
    0x0A02, 0x0F03,
    0x0A04, 0x46FA,
    0x0A06, 0xDB9E,
    0x0A08, 0x68E5,
    0x0A0A, 0x7C07,
    0x0A0C, 0xE327,
    0x0A0E, 0x3F9F,
    0x0A10, 0x73A6,
    0x0A12, 0x0411,
    0x0A14, 0xC088,
    0x0A16, 0xABC1,
    0x0A18, 0x2131,
    0x0A1A, 0xCBCB,
    0x0A1C, 0x850D,
    0x0A1E, 0xEAF9,
    0x0A20, 0x8637,
    0x0A22, 0x3E87,
    0x0A24, 0xD52D,
    0x0A26, 0x42FD,
    0x0A28, 0xFE5C,
    0x0A2A, 0x720B,
    0x0A2C, 0x2F28,
    0x0A2E, 0x117F,
    0x0A30, 0xBCCA,
    0x0A32, 0xBF40,
    0x0A34, 0x9C99,
    0x0A36, 0xC170,
    0x0A38, 0x2CF7,
    0x0A3A, 0x1AD1,
    0x0A3C, 0xA840,
    0x0A3E, 0xBDD9,
    0x0A40, 0x4856,
    0x0A42, 0x778D,
    0x0A44, 0x3074,
    0x0A46, 0xC6CE,
    0x0A48, 0xBF81,
    0x0A4A, 0xD4C9,
    0x0A4C, 0x5934,
    0x0A4E, 0xBBEB,
    0x0A50, 0x2A4B,
    0x0A52, 0xAD3A,
    0x0A54, 0x51E0,
    0x0A56, 0x17E6,
    0x0A58, 0x7C6B,
    0x0A5A, 0x3637,
    0x0A5C, 0x51BA,
    0x0A5E, 0xD847,
    0x0A60, 0x5833,
    0x0A62, 0xD9FD,
    0x0A64, 0x19D0,
    0x0A66, 0x91A5,
    0x0A68, 0x5E91,
    0x0A6A, 0x8939,
    0x0A6C, 0xF87A,
    0x0A6E, 0xFC19,
    0x0A70, 0x2784,
    0x0A72, 0xB6F3,
    0x0A74, 0x634D,
    0x0A76, 0x1C97,
    0x0A78, 0x4B53,
    0x0A7A, 0x07E0,
    0x0A7C, 0x342A,
    0x0A7E, 0xEEB0,
    0x0A80, 0x1F6F,
    0x0A82, 0xE196,
    0x0A84, 0xD266,
    0x0A86, 0x3F66,
    0x0A88, 0x1F63,
    0x0A8A, 0x1957,
    0x0A8C, 0x3DFA,
    0x0A8E, 0x63CF,
    0x0A90, 0x6731,
    0x0A92, 0x030E,
    0x0A94, 0xCD79,
    0x0A96, 0xBD2D,
    0x0A98, 0x265E,
    0x0A9A, 0x4B9A,
    0x0A9C, 0xAD28,
    0x0A9E, 0x669C,
    0x0AA0, 0x4093,
    0x0AA2, 0x1DCC,
    0x0AA4, 0xB4AC,
    0x0AA6, 0x994C,
    0x0AA8, 0x38E6,
    0x0AAA, 0x8A01,
    0x0AAC, 0xF516,
    0x0AAE, 0x0521,
    0x0AB0, 0xCAA6,
    0x0AB2, 0x526D,
    0x0AB4, 0x6C0E,
    0x0AB6, 0xA758,
    0x0AB8, 0x56F1,
    0x0ABA, 0x0F0C,
    0x0ABC, 0xBF78,
    0x0ABE, 0xB583,
    0x0AC0, 0x6CF5,
    0x0AC2, 0x6F43,
    0x0AC4, 0x684B,
    0x0AC6, 0x72A5,
    0x0AC8, 0x3365,
    0x0ACA, 0x4836,
    0x0ACC, 0x94D1,
    0x0ACE, 0x7BBF,
    0x0AD0, 0x22F2,
    0x0AD2, 0x1181,
    0x0AD4, 0x4ADF,
    0x0AD6, 0x00EB,
    0x0AD8, 0xA2D7,
    0x0ADA, 0x920C,
    0x0ADC, 0x3F9C,
    0x0ADE, 0xBDB9,
    0x0AE0, 0x0EE9,
    0x0AE2, 0xAE1F,
    0x0AE4, 0x2629,
    0x0AE6, 0x3410,
    0x0AE8, 0xC0A6,
    0x0AEA, 0xC105,
    0x0AEC, 0xABE9,
    0x0AEE, 0x9116,
    0x0AF0, 0xD8FA,
    0x0AF2, 0x92E5,
    0x0AF4, 0xD90C,
    0x0AF6, 0xA045,
    0x0AF8, 0x2DD4,
    0x0AFA, 0x4ED4,
    0x0AFC, 0x9734,
    0x0AFE, 0x615E,
    0x0B00, 0x92A4,
    0x0B02, 0xA1BB,
    0x0B04, 0x3D0F,
    0x0B06, 0xFC4A,
    0x0B08, 0x9B6C,
    0x0B0A, 0x4D68,
    0x0B0C, 0x19AE,
    0x0B0E, 0x654F,
    0x0B10, 0xFF05,
    0x0B12, 0xDF5F,
    0x0B14, 0x2C37,
    0x0B16, 0xE539,
    0x0B18, 0xF968,
    0x0B1A, 0x12BA,
    0x0B1C, 0x2F50,
    0x0B1E, 0x4620,
    0x0B20, 0x1BC2,
    0x0B22, 0x1F54,
    0x0B24, 0x9B37,
    0x0B26, 0x4C0B,
    0x0B28, 0x02AE,
    0x0B2A, 0x95B2,
    0x0B2C, 0x3059,
    0x0B2E, 0x0A67,
    0x0B30, 0xCEB3,
    0x0B32, 0xD08A,
    0x0B34, 0x0C54,
    0x0B36, 0xB81D,
    0x0B38, 0x1B51,
    0x0B3A, 0x29A5,
    0x0B3C, 0x0F5E,
    0x0B3E, 0x9B03,
    0x0B40, 0x9FEA,
    0x0B42, 0xA0B7,
    0x0B44, 0xACF5,
    0x0B46, 0x41A0,
    0x0B48, 0xABA6,
    0x0B4A, 0x8725,
    0x0B4C, 0xC000,
    0x0B4E, 0xE2C5,
    0x0B50, 0x4331,
    0x0B52, 0x6C7D,
    0x0B54, 0x4F18,
    0x0B56, 0x5884,
    0x0B58, 0x8D9D,
    0x0B5A, 0x63F3,
    0x0B5C, 0x1A09,
    0x0B5E, 0xC7A9,
    0x0B60, 0xCB06,
    0x0B62, 0x3A4B,
    0x0B64, 0x1BB3,
    0x0B66, 0xA7CF,
    0x0B68, 0x5910,
    0x0B6A, 0xB1E3,
    0x0B6C, 0xCDA6,
    0x0B6E, 0x2226,
    0x0B70, 0x7C09,
    0x0B72, 0x74FA,
    0x0B74, 0x1168,
    0x0B76, 0x6B95,
    0x0B78, 0xCFFF,
    0x0B7A, 0x9F7E,
    0x0B7C, 0x118A,
    0x0B7E, 0x164A,
    0x0B80, 0x5790,
    0x0B82, 0xDF32,
    0x0B84, 0xB981,
    0x0B86, 0x5CAB,
    0x0B88, 0x9315,
    0x0B8A, 0x3F5C,
    0x0B8C, 0x59E0,
    0x0B8E, 0xF3C6,
    0x0B90, 0xA447,
    0x0B92, 0x50BA,
    0x0B94, 0xFC3D,
    0x0B96, 0xBD20,
    0x0B98, 0xE824,
    0x0B9A, 0xFB2D,
    0x0B9C, 0xCE14,
    0x0B9E, 0x4A0F,
    0x0BA0, 0xB4AE,
    0x0BA2, 0x9F07,
    0x0BA4, 0x9693,
    0x0BA6, 0xE419,
    0x0BA8, 0xFFD6,
    0x0BAA, 0x961A,
    0x0BAC, 0x66B8,
    0x0BAE, 0x0D9F,
    0x0BB0, 0x9D9B,
    0x0BB2, 0x0815,
    0x0BB4, 0x15C8,
    0x0BB6, 0x2236,
    0x0BB8, 0x9C76,
    0x0BBA, 0xBAB8,
    0x0BBC, 0xD680,
    0x0BBE, 0x4B41,
    0x0BC0, 0x8CC9,
    0x0BC2, 0xECC7,
    0x0BC4, 0x04C5,
    0x0BC6, 0x01D3,
    0x0BC8, 0xFFCC,
    0x0BCA, 0xE6E1,
    0x0BCC, 0x7821,
    0x0BCE, 0x89E5,
    0x0BD0, 0x0C75,
    0x0BD2, 0x5C1B,
    0x0BD4, 0xAD17,
    0x0BD6, 0x878B,
    0x0BD8, 0xD342,
    0x0BDA, 0xDB10,
    0x0BDC, 0xFBDB,
    0x0BDE, 0xFAE8,
    0x0BE0, 0x2A9C,
    0x0BE2, 0x848E,
    0x0BE4, 0x3D95,
    0x0BE6, 0x9BF6,
    0x0BE8, 0xC52B,
    0x0BEA, 0xB21F,
    0x0BEC, 0x6CAA,
    0x0BEE, 0xF640,
    0x0BF0, 0x9B0B,
    0x0BF2, 0x19A7,
    0x0BF4, 0x62C4,
    0x0BF6, 0x37E9,
    0x0BF8, 0x1538,
    0x0BFA, 0xE735,
    0x0BFC, 0x4A88,
    0x0BFE, 0xBD14,
    0x0C00, 0x5CFF,
    0x0C02, 0x0B3C,
    0x0C04, 0xBB2F,
    0x0C06, 0xB859,
    0x0C08, 0x6349,
    0x0C0A, 0x82DE,
    0x0C0C, 0xFD8A,
    0x0C0E, 0xEE98,
    0x0C10, 0xCB7C,
    0x0C12, 0x3160,
    0x0C14, 0x47EC,
    0x0C16, 0x36B2,
    0x0C18, 0x2675,
    0x0C1A, 0xD808,
    0x0C1C, 0xFDC7,
    0x0C1E, 0x3BB4,
    0x0C20, 0x7F6F,
    0x0C22, 0x7FEF,
    0x0C24, 0xBD9D,
    0x0C26, 0xBA38,
    0x0C28, 0x5A64,
    0x0C2A, 0xC933,
    0x0C2C, 0xF680,
    0x0C2E, 0x0F32,
    0x0C30, 0xFFE9,
    0x0C32, 0x2FBB,
    0x0C34, 0x5AC0,
    0x0C36, 0x24AC,
    0x0C38, 0xA176,
    0x0C3A, 0x4CC2,
    0x0C3C, 0xA6C5,
    0x0C3E, 0x83D4,
    0x0C40, 0x1C70,
    0x0C42, 0xAA5C,
    0x0C44, 0xD039,
    0x0C46, 0xAE4F,
    0x0C48, 0xC5E4,
    0x0C4A, 0xC543,
    0x0C4C, 0x7D66,
    0x0C4E, 0xD288,
    0x0C50, 0xF125,
    0x0C52, 0x41DD,
    0x0C54, 0x7664,
    0x0C56, 0x02E0,
    0x0C58, 0x5F27,
    0x0C5A, 0xB306,
    0x0C5C, 0x0798,
    0x0C5E, 0x5FB5,
    0x0C60, 0xE70E,
    0x0C62, 0x110E,
    0x0C64, 0x89ED,
    0x0C66, 0x02F3,
    0x0C68, 0x22D3,
    0x0C6A, 0x5B3F,
    0x0C6C, 0x3CF0,
    0x0C6E, 0x968D,
    0x0C70, 0xAC19,
    0x0C72, 0x372C,
    0x0C74, 0xCF1C,
    0x0C76, 0xBC28,
    0x0C78, 0x80F3,
    0x0C7A, 0xA568,
    0x0C7C, 0xE14C,
    0x0C7E, 0x5DF4,
    0x0C80, 0xC15A,
    0x0C82, 0x18B9,
    0x0C84, 0x00CB,
    0x0C86, 0xDE9C,
    0x0C88, 0xE45F,
    0x0C8A, 0x259F,
    0x0C8C, 0xB946,
    0x0C8E, 0x8BF8,
    0x0C90, 0xA0EB,
    0x0C92, 0x981B,
    0x0C94, 0x5058,
    0x0C96, 0x4055,
    0x0C98, 0x830F,
    0x0C9A, 0x76C9,
    0x0C9C, 0x182A,
    0x0C9E, 0xA81F,
    0x0CA0, 0xD10B,
    0x0CA2, 0xD17D,
    0x0CA4, 0x05D9,
    0x0CA6, 0x1594,
    0x0CA8, 0xC8C9,
    0x0CAA, 0x56E0,
    0x0CAC, 0x1DF6,
    0x0CAE, 0xE299,
    0x0CB0, 0x63B9,
    0x0CB2, 0xDC73,
    0x0CB4, 0x198E,
    0x0CB6, 0xE880,
    0x0CB8, 0x793E,
    0x0CBA, 0x1CCA,
    0x0CBC, 0x24A1,
    0x0CBE, 0xB890,
    0x0CC0, 0x7AFE,
    0x0CC2, 0x0CDC,
    0x0CC4, 0x73E7,
    0x0CC6, 0xBB40,
    0x0CC8, 0x6279,
    0x0CCA, 0x4C1C,
    0x0CCC, 0x6675,
    0x0CCE, 0xAC9E,
    0x0CD0, 0x3445,
    0x0CD2, 0x13E2,
    0x0CD4, 0x68BA,
    0x0CD6, 0x34BF,
    0x0CD8, 0x663A,
    0x0CDA, 0x42AF,
    0x0CDC, 0xEC06,
    0x0CDE, 0x08E6,
    0x0CE0, 0x4D80,
    0x0CE2, 0xCB8E,
    0x0CE4, 0xE322,
    0x0CE6, 0xD7CD,
    0x0CE8, 0x3295,
    0x0CEA, 0x79A7,
    0x0CEC, 0x5266,
    0x0CEE, 0xDEA3,
    0x0CF0, 0xE01E,
    0x0CF2, 0x9BE3,
    0x0CF4, 0x9784,
    0x0CF6, 0xABFA,
    0x0CF8, 0xA4AE,
    0x0CFA, 0x2667,
    0x0CFC, 0x0676,
    0x0CFE, 0xD935,
    0x0D00, 0xE3B4,
    0x0D02, 0x710B,
    0x0D04, 0x774D,
    0x0D06, 0xFD3A,
    0x0D08, 0xE387,
    0x0D0A, 0x02A3,
    0x0D0C, 0xBA5A,
    0x0D0E, 0xE9BE,
    0x0D10, 0x47B7,
    0x0D12, 0x9D01,
    0x0D14, 0x2EC1,
    0x0D16, 0x2324,
    0x0D18, 0x5A9A,
    0x0D1A, 0x5C42,
    0x0D1C, 0x1955,
    0x0D1E, 0xE94E,
    0x0D20, 0xAE3D,
    0x0D22, 0xC107,
    0x0D24, 0x4489,
    0x0D26, 0x2353,
    0x0D28, 0xC5F0,
    0x0D2A, 0xE541,
    0x0D2C, 0x889B,
    0x0D2E, 0xAEA4,
    0x0D30, 0x907D,
    0x0D32, 0x4506,
    0x0D34, 0x6F5C,
    0x0D36, 0x768F,
    0x0D38, 0xF596,
    0x0D3A, 0xF1C4,
    0x0D3C, 0x16F2,
    0x0D3E, 0x92CE,
    0x0D40, 0xE7CE,
    0x0D42, 0x19E2,
    0x0D44, 0x4F26,
    0x0D46, 0x301E,
    0x0D48, 0xCBD0,
    0x0D4A, 0x5B1E,
    0x0D4C, 0x37E3,
    0x0D4E, 0xD91C,
    0x0D50, 0x89D5,
    0x0D52, 0x0683,
    0x0D54, 0xCFF2,
    0x0D56, 0x127A,
    0x0D58, 0x4180,
    0x0D5A, 0xF7F8,
    0x0D5C, 0xDA68,
    0x0D5E, 0x3D12,
    0x0D60, 0x35E5,
    0x0D62, 0x8DBE,
    0x0D64, 0x76FA,
    0x0D66, 0xEF6D,
    0x0D68, 0xB19E,
    0x0D6A, 0xC291,
    0x0D6C, 0x516E,
    0x0D6E, 0x97FA,
    0x0D70, 0x84AE,
    0x0D72, 0x9C70,
    0x0D74, 0x0862,
    0x0D76, 0xC82F,
    0x0D78, 0x7365,
    0x0D7A, 0x4141,
    0x0D7C, 0x33DA,
    0x0D7E, 0x6ECB,
    0x0D80, 0x4181,
    0x0D82, 0xC5B7,
    0x0D84, 0xF9D0,
    0x0D86, 0xBEE0,
    0x0D88, 0xFD7C,
    0x0D8A, 0xD61A,
    0x0D8C, 0x86B5,
    0x0D8E, 0xA18E,
    0x0D90, 0x3BB4,
    0x0D92, 0x9861,
    0x0D94, 0xBF06,
    0x0D96, 0xC341,
    0x0D98, 0x953E,
    0x0D9A, 0x3868,
    0x0D9C, 0x65F8,
    0x0D9E, 0xCF11,
    0x0DA0, 0x950E,
    0x0DA2, 0x5EDA,
    0x0DA4, 0xB373,
    0x0DA6, 0x7A0E,
    0x0DA8, 0x4E9D,
    0x0DAA, 0x6235,
    0x0DAC, 0xA45D,
    0x0DAE, 0xFB76,
    0x0DB0, 0xBD81,
    0x0DB2, 0x846B,
    0x0DB4, 0xF52D,
    0x0DB6, 0x86B9,
    0x0DB8, 0x3B59,
    0x0DBA, 0x3B7F,
    0x0DBC, 0x6EEE,
    0x0DBE, 0x0DA2,
    0x0DC0, 0x7601,
    0x0DC2, 0x1437,
    0x0DC4, 0xD328,
    0x0DC6, 0x15B4,
    0x0DC8, 0xC609,
    0x0DCA, 0xFA8C,
    0x0DCC, 0xBDB6,
    0x0DCE, 0xF692,
    0x0DD0, 0xCE43,
    0x0DD2, 0x84AB,
    0x0DD4, 0x03ED,
    0x0DD6, 0xEACE,
    0x0DD8, 0xD6C7,
    0x0DDA, 0x17FB,
    0x0DDC, 0x8048,
    0x0DDE, 0x933E,
    0x0DE0, 0xD5CD,
    0x0DE2, 0xEB93,
    0x0DE4, 0xF372,
    0x0DE6, 0x3222,
    0x0DE8, 0x6E4B,
    0x0DEA, 0x5F6A,
    0x0DEC, 0x1CD5,
    0x0DEE, 0x4897,
    0x0DF0, 0x6096,
    0x0DF2, 0x5139,
    0x0DF4, 0x363F,
    0x0DF6, 0x8E81,
    0x0DF8, 0x7FDF,
    0x0DFA, 0xF562,
    0x0DFC, 0x6921,
    0x0DFE, 0x177F,
    0x0E00, 0xD629,
    0x0E02, 0xED1C,
    0x0E04, 0x9695,
    0x0E06, 0xC3A7,
    0x0E08, 0xACC0,
    0x0E0A, 0x06F1,
    0x0E0C, 0x1887,
    0x0E0E, 0x39A4,
    0x0E10, 0x265B,
    0x0E12, 0x57D4,
    0x0E14, 0x2A8D,
    0x0E16, 0xBDDC,
    0x0E18, 0x2E3A,
    0x0E1A, 0x1ADF,
    0x0E1C, 0x8083,
    0x0E1E, 0x973F,
    0x0E20, 0xA634,
    0x0E22, 0x7355,
    0x0E24, 0xB91E,
    0x0E26, 0x0C20,
    0x0E28, 0x7C94,
    0x0E2A, 0xC630,
    0x0E2C, 0xC786,
    0x0E2E, 0xD0B1,
    0x0E30, 0x8E32,
    0x0E32, 0x4FA9,
    0x0E34, 0xAD5F,
    0x0E36, 0x43E2,
    0x0E38, 0x0B09,
    0x0E3A, 0x6010,
    0x0E3C, 0x8BAC,
    0x0E3E, 0x2176,
    0x0E40, 0x2956,
    0x0E42, 0x7D19,
    0x0E44, 0x8B5A,
    0x0E46, 0xBE0A,
    0x0E48, 0x553A,
    0x0E4A, 0x7E43,
    0x0E4C, 0x0E58,
    0x0E4E, 0xC557,
    0x0E50, 0xFC10,
    0x0E52, 0x177A,
    0x0E54, 0x0118,
    0x0E56, 0xBF39,
    0x0E58, 0xBE6C,
    0x0E5A, 0x39CF,
    0x0E5C, 0x5B30,
    0x0E5E, 0xDE85,
    0x0E60, 0xB89A,
    0x0E62, 0xE462,
    0x0E64, 0x8675,
    0x0E66, 0xC0D5,
    0x0E68, 0xD82B,
    0x0E6A, 0x4EDB,
    0x0E6C, 0x042D,
    0x0E6E, 0xDF39,
    0x0E70, 0x7AE0,
    0x0E72, 0xE419,
    0x0E74, 0x22DD,
    0x0E76, 0x8F4A,
    0x0E78, 0xBB62,
    0x0E7A, 0x05F6,
    0x0E7C, 0x079C,
    0x0E7E, 0xB924,
    0x0E80, 0x65B3,
    0x0E82, 0x38E1,
    0x0E84, 0x3684,
    0x0E86, 0x057B,
    0x0E88, 0x901D,
    0x0E8A, 0xFC92,
    0x0E8C, 0x9E7E,
    0x0E8E, 0x375E,
    0x0E90, 0x6F2B,
    0x0E92, 0x7945,
    0x0E94, 0x14BF,
    0x0E96, 0x91B2,
    0x0E98, 0x6627,
    0x0E9A, 0xAB5B,
    0x0E9C, 0xEF8D,
    0x0E9E, 0xEBA0,
    0x0EA0, 0x9DF3,
    0x0EA2, 0xD71B,
    0x0EA4, 0x67B8,
    0x0EA6, 0x3CF6,
    0x0EA8, 0xB629,
    0x0EAA, 0x4968,
    0x0EAC, 0x6D78,
    0x0EAE, 0x1BBA,
    0x0EB0, 0xD530,
    0x0EB2, 0x2C7B,
    0x0EB4, 0x9D71,
    0x0EB6, 0xD866,
    0x0EB8, 0x0A2B,
    0x0EBA, 0x7476,
    0x0EBC, 0xF77A,
    0x0EBE, 0x02C4,
    0x0EC0, 0x12FE,
    0x0EC2, 0x668B,
    0x0EC4, 0x3B59,
    0x0EC6, 0x75BE,
    0x0EC8, 0x67B8,
    0x0ECA, 0x2908,
    0x0ECC, 0xEAA9,
    0x0ECE, 0x629A,
    0x0ED0, 0xEB67,
    0x0ED2, 0xEAD5,
    0x0ED4, 0x65D7,
    0x0ED6, 0x3986,
    0x0ED8, 0x78A3,
    0x0EDA, 0x18FA,
    0x0EDC, 0xD7F7,
    0x0EDE, 0xAF02,
    0x0EE0, 0x99A2,
    0x0EE2, 0x42E0,
    0x0EE4, 0xB239,
    0x0EE6, 0x7C8A,
    0x0EE8, 0x8D11,
    0x0EEA, 0x887F,
    0x0EEC, 0x53E6,
    0x0EEE, 0x1F13,
    0x0EF0, 0x04B6,
    0x0EF2, 0x396C,
    0x0EF4, 0x326D,
    0x0EF6, 0x1216,
    0x0EF8, 0xA3EF,
    0x0EFA, 0xDB3A,
    0x0EFC, 0x8FD0,
    0x0EFE, 0x05CE,
    0x0F00, 0x04E6,
    0x0F02, 0x9819,
    0x0F04, 0x05AE,
    0x0F06, 0x1043,
    0x0F08, 0x56F4,
    0x0F0A, 0x2E9F,
    0x0F0C, 0x9B07,
    0x0F0E, 0x787C,
    0x0F10, 0x162D,
    0x0F12, 0x1EB3,
    0x0F14, 0x8962,
    0x0F16, 0xAFD8,
    0x0F18, 0x2F5F,
    0x0F1A, 0x87CE,
    0x0F1C, 0x2453,
    0x0F1E, 0x9786,
    0x0F20, 0xF098,
    0x0F22, 0xC721,
    0x0F24, 0xCF47,
    0x0F26, 0x494A,
    0x0F28, 0xA45F,
    0x0F2A, 0xC94E,
    0x0F2C, 0xA2DA,
    0x0F2E, 0xA753,
    0x0F30, 0xF6B5,
    0x0F32, 0xBA4B,
    0x0F34, 0x2BE8,
    0x0F36, 0xC8AB,
    0x0F38, 0x74A2,
    0x0F3A, 0xCCBB,
    0x0F3C, 0xC3C3,
    0x0F3E, 0x8C0C,
    0x0F40, 0x4E7A,
    0x0F42, 0x3FFA,
    0x0F44, 0x100C,
    0x0F46, 0xD2E4,
    0x0F48, 0xAD8A,
    0x0F4A, 0xEBED,
    0x0F4C, 0x6FED,
    0x0F4E, 0x3499,
    0x0F50, 0x1B72,
    0x0F52, 0x7A7A,
    0x0F54, 0xE115,
    0x0F56, 0xA4DF,
    0x0F58, 0x03DC,
    0x0F5A, 0x4D46,
    0x0F5C, 0x68EE,
    0x0F5E, 0x6145,
    0x0F60, 0x8D8C,
    0x0F62, 0x6219,
    0x0F64, 0x6880,
    0x0F66, 0x5B9D,
    0x0F68, 0x9A7C,
    0x0F6A, 0x8931,
    0x0F6C, 0x8F86,
    0x0F6E, 0x13E3,
    0x0F70, 0xED12,
    0x0F72, 0x9FA8,
    0x0F74, 0x8155,
    0x0F76, 0x9AC8,
    0x0F78, 0xC811,
    0x0F7A, 0xFC0C,
    0x0F7C, 0x8E7B,
    0x0F7E, 0x828D,
    0x0F80, 0x8C32,
    0x0F82, 0x2542,
    0x0F84, 0x4CFF,
    0x0F86, 0x48B2,
    0x0F88, 0xFC38,
    0x0F8A, 0x8F8B,
    0x0F8C, 0xF077,
    0x0F8E, 0x7F9E,
    0x0F90, 0x3792,
    0x0F92, 0x34D0,
    0x0F94, 0x0B54,
    0x0F96, 0x68C4,
    0x0F98, 0xAEC5,
    0x0F9A, 0xA4BC,
    0x0F9C, 0x3B91,
    0x0F9E, 0x1E27,
    0x0FA0, 0x393D,
    0x0FA2, 0x263E,
    0x0FA4, 0xA90E,
    0x0FA6, 0x0318,
    0x0FA8, 0x03BC,
    0x0FAA, 0xE826,
    0x0FAC, 0x1117,
    0x0FAE, 0xE2A4,
    0x0FB0, 0x3247,
    0x0FB2, 0xE671,
    0x0FB4, 0x6B50,
    0x0FB6, 0xD43B,
    0x0FB8, 0x2DCE,
    0x0FBA, 0xB55A,
    0x0FBC, 0xCDDD,
    0x0FBE, 0x7DA7,
    0x0FC0, 0x68C8,
    0x0FC2, 0xB09F,
    0x0FC4, 0xC129,
    0x0FC6, 0xAEBE,
    0x0FC8, 0xC848,
    0x0FCA, 0x9CFC,
    0x0FCC, 0xB548,
    0x0FCE, 0x906A,
    0x0FD0, 0x244F,
    0x0FD2, 0xE6F2,
    0x0FD4, 0x9C92,
    0x0FD6, 0x83B8,
    0x0FD8, 0x8873,
    0x0FDA, 0xBA94,
    0x0FDC, 0x8B6B,
    0x0FDE, 0x98D9,
    0x0FE0, 0xE39E,
    0x0FE2, 0xEE1A,
    0x0FE4, 0x276E,
    0x0FE6, 0x09D3,
    0x0FE8, 0x8A88,
    0x0FEA, 0x30F1,
    0x0FEC, 0x5030,
    0x0FEE, 0x514D,
    0x0FF0, 0x2517,
    0x0FF2, 0xC37D,
    0x0FF4, 0xE038,
    0x0FF6, 0xEE01,
    0x0FF8, 0x4290,
    0x0FFA, 0x8B73,
    0x0FFC, 0x41F5,
    0x0FFE, 0x9C88,
    0x1000, 0xAE73,
    0x1002, 0xAAD3,
    0x1004, 0xCB68,
    0x1006, 0xF158,
    0x1008, 0xDA94,
    0x100A, 0x6834,
    0x100C, 0xC92E,
    0x100E, 0xD215,
    0x1010, 0x6DB4,
    0x1012, 0xE7E5,
    0x1014, 0x1C66,
    0x1016, 0xC101,
    0x1018, 0x0E03,
    0x101A, 0xB8E5,
    0x101C, 0x6320,
    0x101E, 0xA458,
    0x1020, 0x5FF3,
    0x1022, 0x9BD0,
    0x1024, 0xF1EE,
    0x1026, 0x5B89,
    0x1028, 0x0B57,
    0x102A, 0xFED7,
    0x102C, 0x2E52,
    0x102E, 0xB073,
    0x1030, 0x0B0F,
    0x1032, 0x316E,
    0x1034, 0x6257,
    0x1036, 0xEDFC,
    0x1038, 0x586B,
    0x103A, 0xCB1F,
    0x103C, 0x73E9,
    0x103E, 0xAC39,
    0x1040, 0x03CF,
    0x1042, 0x6D13,
    0x1044, 0x55DF,
    0x1046, 0xF1A7,
    0x1048, 0xBD99,
    0x104A, 0x0006,
    0x104C, 0xBE4C,
    0x104E, 0x6A4E,
    0x1050, 0x8723,
    0x1052, 0x59AD,
    0x1054, 0xE4E5,
    0x1056, 0xDA21,
    0x1058, 0x3BF4,
    0x105A, 0x3F27,
    0x105C, 0x856D,
    0x105E, 0xA790,
    0x1060, 0x012D,
    0x1062, 0xC789,
    0x1064, 0x7935,
    0x1066, 0x5314,
    0x1068, 0xA03D,
    0x106A, 0xE24A,
    0x106C, 0x400E,
    0x106E, 0x51DA,
    0x1070, 0x8FDD,
    0x1072, 0xDCE4,
    0x1074, 0xC92D,
    0x1076, 0xB11A,
    0x1078, 0x24BD,
    0x107A, 0xE017,
    0x107C, 0x0A1C,
    0x107E, 0xC1E4,
    0x1080, 0xC95E,
    0x1082, 0xF0F6,
    0x1084, 0x6752,
    0x1086, 0x2E3B,
    0x1088, 0xAD95,
    0x108A, 0xC109,
    0x108C, 0x78B2,
    0x108E, 0xADF3,
    0x1090, 0x8EAB,
    0x1092, 0xA4A3,
    0x1094, 0xFAFF,
    0x1096, 0x141D,
    0x1098, 0x2D60,
    0x109A, 0x2375,
    0x109C, 0x7666,
    0x109E, 0x9131,
    0x10A0, 0x69CD,
    0x10A2, 0xD845,
    0x10A4, 0x03AB,
    0x10A6, 0xCA12,
    0x10A8, 0xE73D,
    0x10AA, 0x48D3,
    0x10AC, 0x6307,
    0x10AE, 0xB35E,
    0x10B0, 0x77EF,
    0x10B2, 0xA0AA,
    0x10B4, 0x26F3,
    0x10B6, 0xA558,
    0x10B8, 0x5C6A,
    0x10BA, 0x5DE4,
    0x10BC, 0x6C83,
    0x10BE, 0x1A45,
    0x10C0, 0xA0CA,
    0x10C2, 0x9C9C,
    0x10C4, 0xA089,
    0x10C6, 0x7BBE,
    0x10C8, 0x03F0,
    0x10CA, 0xEF58,
    0x10CC, 0x9464,
    0x10CE, 0x9FC2,
    0x10D0, 0xB7F8,
    0x10D2, 0x31E4,
    0x10D4, 0xC730,
    0x10D6, 0xAE33,
    0x10D8, 0x5996,
    0x10DA, 0x9AB0,
    0x10DC, 0x4DC6,
    0x10DE, 0xC790,
    0x10E0, 0x0524,
    0x10E2, 0xB3E9,
    0x10E4, 0xA3FC,
    0x10E6, 0x025B,
    0x10E8, 0x4A07,
    0x10EA, 0x3B14,
    0x10EC, 0xCA9B,
    0x10EE, 0x9EF9,
    0x10F0, 0xB2CB,
    0x10F2, 0x75AF,
    0x10F4, 0x91AA,
    0x10F6, 0xBF2E,
    0x10F8, 0xE040,
    0x10FA, 0xBE6D,
    0x10FC, 0x6DA7,
    0x10FE, 0x6FFF,
    0x1100, 0x0744,
    0x1102, 0x442F,
    0x1104, 0x5C0C,
    0x1106, 0xD849,
    0x1108, 0x970B,
    0x110A, 0x26BE,
    0x110C, 0x8221,
    0x110E, 0x0933,
    0x1110, 0x6A5D,
    0x1112, 0x682C,
    0x1114, 0x3699,
    0x1116, 0x7625,
    0x1118, 0x300F,
    0x111A, 0x2D2F,
    0x111C, 0x40E9,
    0x111E, 0x5D50,
    0x1120, 0x28A5,
    0x1122, 0x08BD,
    0x1124, 0x5F55,
    0x1126, 0x5D7A,
    0x1128, 0x671B,
    0x112A, 0x62F0,
    0x112C, 0x5B7D,
    0x112E, 0x260A,
    0x1130, 0x8D4F,
    0x1132, 0xF1EA,
    0x1134, 0xE1A4,
    0x1136, 0xE371,
    0x1138, 0xF207,
    0x113A, 0x47F3,
    0x113C, 0x6AD4,
    0x113E, 0xC365,
    0x1140, 0xAF1A,
    0x1142, 0x9729,
    0x1144, 0x6BD7,
    0x1146, 0xBA85,
    0x1148, 0x8941,
    0x114A, 0x3469,
    0x114C, 0xD8C2,
    0x114E, 0x2D53,
    0x1150, 0xACE5,
    0x1152, 0x0328,
    0x1154, 0x61BF,
    0x1156, 0x4E00,
    0xFCFC, 0x4000,
};

static u16 cj_hhuwide_sensor_init_pre_setting_short[] = {
    0xFCFC, 0x4000,
    0x0000, 0x000E,
    0x0000, 0x38E5,
    0x6018, 0x0001,
    0x7002, 0x0408,
    0x6014, 0x0001,
    0xFCFC, 0x2002,
    0x1E92, 0x8000,
    0x1E84, 0x282B,
    0x1E86, 0x0320,
    0xFCFC, 0x4000,
    0x7002, 0x0008,
};

static u16 cj_hhuwide_sensor_init_setting_short[] = {
    0xFCFC, 0x2000,
    0xDCF0, 0x0000,
    0xFCFC, 0x2001,
    0x3C60, 0x0000,
    0xFCFC, 0x4000,
    0x6170, 0xFFFF,
    0x6180, 0x0000,
    0x6190, 0x0000,
    0x6200, 0xFFFF,
    0x6202, 0xFFFF,
    0x6204, 0x0000,
    0x6206, 0x0000,
    0x6208, 0x0000,
    0xA100, 0xFFFF,
    0xA102, 0x0000,
    0xA104, 0x0000,
    0xFCFC, 0x4001,
    0x0100, 0xFFFF,
    0x0102, 0xFFFF,
    0x0104, 0x0000,
    0x0106, 0x0000,
    0x0108, 0x0000,
    0xFCFC, 0x4000,
    0x8100, 0xFFFF,
    0x8104, 0x0000,
    0x8108, 0x0000,
    0xFCFC, 0x4000,
    0x0136, 0x1800,
    0x013E, 0x0000,
    0x0304, 0x0003,
    0x0306, 0x00E6,
    0x030C, 0x0000,
    0x030E, 0x0003,
    0x0310, 0x00B2,
    0x0312, 0x0000,
    0x031A, 0x0003,
    0x031C, 0x0028,
    0x031E, 0x0002,
    0x011C, 0x0100,
    0xFCFC, 0x2002,
    0x849C, 0x0100,
    0x849E, 0x0000,
    0x84A0, 0x0000,
    0x84A2, 0x0005,
    0x84A4, 0x0000,
    0x84A6, 0x0000,
    0x84A8, 0x0000,
    0x84AA, 0x0001,
    0x84AC, 0x01FF,
    0x84B0, 0x8089,
    0x84B2, 0x0000,
    0x84B4, 0x8889,
    0x84B6, 0x0000,
    0x84B8, 0xC097,
    0x84BA, 0x0000,
    0x84BC, 0xA60E,
    0x84BE, 0x0000,
    0x84C0, 0x2206,
    0x84C2, 0x0000,
    0x84C4, 0x002D,
    0x84C8, 0x54C6,
    0x84CA, 0x0224,
    0x84CC, 0x44AB,
    0x84CE, 0x0224,
    0x84D0, 0x44AB,
    0x84D2, 0x0224,
    0x84D4, 0x44AB,
    0x84D6, 0x0224,
    0x84D8, 0x44AB,
    0x84DA, 0x0224,
    0x84DC, 0x44AB,
    0x84DE, 0x0224,
    0xA548, 0x00EA,
    0xA54A, 0x0000,
    0xA54C, 0x0000,
    0xA54E, 0x0000,
    0xA550, 0x0000,
    0xA552, 0x0000,
    0xA554, 0x0000,
    0xA556, 0x0000,
    0xA558, 0x0000,
    0xA55A, 0x0000,
    0xA55C, 0x0000,
    0xA55E, 0x0000,
    0xA560, 0x0000,
    0xA562, 0x0000,
    0xA564, 0x0000,
    0xA566, 0x0000,
    0xA568, 0x0000,
    0xA56A, 0x0000,
    0xA56C, 0x0000,
    0xA56E, 0x0000,
    0xA570, 0x0000,
    0xA572, 0x0000,
    0xA574, 0x0055,
    0xA576, 0x0000,
    0xA578, 0x0000,
    0xA57A, 0x0000,
    0xA57C, 0x0000,
    0xA57E, 0x0000,
    0xA580, 0x0000,
    0xA582, 0x0000,
    0xA584, 0x0000,
    0xA586, 0x0000,
    0xA588, 0x0000,
    0xA58A, 0x0000,
    0xA58C, 0x0000,
    0xA58E, 0x0000,
    0xA590, 0x0000,
    0xA592, 0x0000,
    0xA594, 0x0000,
    0xA596, 0x0000,
    0xA598, 0x0000,
    0xA59A, 0x0000,
    0xA59C, 0x0000,
    0xA59E, 0x0000,
    0xA5A0, 0x0100,
    0xA5A2, 0x00B0,
    0xA5A4, 0x0000,
    0xA5A6, 0x0000,
    0xA5A8, 0x0000,
    0xA5AA, 0x0000,
    0xA5AC, 0x0000,
    0xA5AE, 0x0000,
    0xA5B0, 0x0000,
    0xA5B2, 0x0000,
    0xA5B4, 0x0000,
    0xA5B6, 0x0000,
    0xA5B8, 0x0000,
    0xA5BA, 0x0000,
    0xA5BC, 0x0000,
    0xA5BE, 0x0000,
    0xA5C0, 0x0000,
    0xA5C2, 0x0000,
    0xA5C4, 0x0000,
    0xA5C6, 0x0000,
    0xA5C8, 0x0000,
    0xA5CA, 0x0000,
    0xA5CC, 0x0000,
    0xA5CE, 0x0000,
    0xA5D0, 0x0000,
    0xA5D2, 0x0000,
    0xA5D4, 0x0000,
    0xA5D6, 0x0000,
    0xA5D8, 0x0000,
    0xA5DA, 0x0000,
    0xA5DC, 0x0000,
    0xA5DE, 0x0000,
    0xA5E0, 0x0000,
    0xA5E2, 0x0000,
    0xA5E4, 0x0000,
    0xA5E6, 0x0000,
    0xA5E8, 0x0000,
    0xA5EA, 0x0000,
    0xA5EC, 0x000F,
    0xA5EE, 0x000F,
    0xA5F0, 0x000F,
    0xA5F2, 0x000F,
    0xA5F4, 0x0000,
    0xA5F6, 0x0000,
    0xA5F8, 0x0000,
    0xA5FA, 0x0000,
    0xA5FC, 0x0000,
    0xA5FE, 0x0000,
    0xA600, 0x0000,
    0xA602, 0x0000,
    0xA604, 0x0000,
    0xA606, 0x000A,
    0xBB84, 0x00AB,
    0xBB86, 0x0000,
    0xBB88, 0x0000,
    0xBB8A, 0x0100,
    0xBB8C, 0x0800,
    0xBB8E, 0x1000,
    0xBB90, 0x2000,
    0xBB92, 0x9A00,
    0xBB94, 0x9A00,
    0xBB96, 0x9A00,
    0xBB98, 0x9A00,
    0xBB9A, 0x9600,
    0xBB9C, 0x9600,
    0xBB9E, 0x9600,
    0xBBA0, 0x9600,
    0xBBA2, 0x9300,
    0xBBA4, 0x9300,
    0xBBA6, 0x9300,
    0xBBA8, 0x9300,
    0xBBAA, 0x9000,
    0xBBAC, 0x9000,
    0xBBAE, 0x9000,
    0xBBB0, 0x9000,
    0xBBB2, 0x8D00,
    0xBBB4, 0x8D00,
    0xBBB6, 0x8D00,
    0xBBB8, 0x8D00,
    0xBBBA, 0x3F00,
    0xBBBC, 0x3F00,
    0xBBBE, 0x3F00,
    0xBBC0, 0x3F00,
    0xBBC2, 0x1E00,
    0xBBC4, 0x1E00,
    0xBBC6, 0x1E00,
    0xBBC8, 0x1E00,
    0xBBCA, 0x0000,
    0xBBCC, 0x0000,
    0xBBCE, 0x0000,
    0xBBD0, 0x0000,
    0xBBD2, 0x0800,
    0xBBD4, 0x0800,
    0xBBD6, 0x0800,
    0xBBD8, 0x0800,
    0xBBDA, 0x0000,
    0xBBDC, 0x0000,
    0xBBDE, 0x0000,
    0xBBE0, 0x0000,
    0xBBE2, 0x3F00,
    0xBBE4, 0x3F00,
    0xBBE6, 0x3F00,
    0xBBE8, 0x3F00,
    0xBBEA, 0x3400,
    0xBBEC, 0x3400,
    0xBBEE, 0x3400,
    0xBBF0, 0x3400,
    0xBBF2, 0x0A00,
    0xBBF4, 0x0A00,
    0xBBF6, 0x0A00,
    0xBBF8, 0x0A00,
    0xBBFA, 0x1000,
    0xBBFC, 0x1000,
    0xBBFE, 0x1000,
    0xBC00, 0x1000,
    0xBC02, 0x0600,
    0xBC04, 0x0600,
    0xBC06, 0x0600,
    0xBC08, 0x0600,
    0xBC0A, 0x0C00,
    0xBC0C, 0x0C00,
    0xBC0E, 0x0C00,
    0xBC10, 0x0C00,
    0xBC12, 0x0000,
    0xBC14, 0x0000,
    0xBC16, 0x0000,
    0xBC18, 0x0000,
    0xBC1A, 0x1000,
    0xBC1C, 0x1000,
    0xBC1E, 0x1000,
    0xBC20, 0x1000,
    0xBC22, 0x1000,
    0xBC24, 0x1000,
    0xBC26, 0x1000,
    0xBC28, 0x1000,
    0xBC2A, 0x2000,
    0xBC2C, 0x1000,
    0xBC2E, 0x1000,
    0xBC30, 0x1000,
    0xBC32, 0x0600,
    0xBC34, 0x0600,
    0xBC36, 0x0600,
    0xBC38, 0x0600,
    0xBC3A, 0x1C00,
    0xBC3C, 0x1C00,
    0xBC3E, 0x1C00,
    0xBC40, 0x1C00,
    0xBC42, 0x0600,
    0xBC44, 0x0600,
    0xBC46, 0x0600,
    0xBC48, 0x0600,
    0xBC4A, 0x2A00,
    0xBC4C, 0x2A00,
    0xBC4E, 0x2A00,
    0xBC50, 0x2A00,
    0xBC52, 0x0200,
    0xBC54, 0x0200,
    0xBC56, 0x0200,
    0xBC58, 0x0200,
    0xBC5A, 0x1000,
    0xBC5C, 0x1000,
    0xBC5E, 0x1000,
    0xBC60, 0x1000,
    0xBC62, 0x0E00,
    0xBC64, 0x0E00,
    0xBC66, 0x0E00,
    0xBC68, 0x0E00,
    0xBC6A, 0x2800,
    0xBC6C, 0x2800,
    0xBC6E, 0x2800,
    0xBC70, 0x2800,
    0xBC72, 0x1800,
    0xBC74, 0x1800,
    0xBC76, 0x1800,
    0xBC78, 0x1800,
    0xBC7A, 0x0800,
    0xBC7C, 0x0800,
    0xBC7E, 0x0800,
    0xBC80, 0x0800,
    0xBC82, 0x0000,
    0xBC84, 0x0000,
    0xBC86, 0x0000,
    0xBC88, 0x0000,
    0xBC8A, 0x2400,
    0xBC8C, 0x2400,
    0xBC8E, 0x2400,
    0xBC90, 0x2400,
    0xBC92, 0x004D,
    0xFCFC, 0x2000,
    0x68D8, 0x0100,
    0xFCFC, 0x2002,
    0xBC92, 0x0100,
    0xFCFC, 0x4000,
    0x0E04, 0x1C03,
    0x0E10, 0x0100,
    0x0E12, 0x00A0,
    0x0E14, 0x0C84,
    0x0E16, 0x012B,
    0x0E18, 0x0400,
    0x0E1A, 0x3000,
    0x0E1C, 0x0100,
    0x0E1E, 0x00A0,
    0x0E20, 0x0C84,
    0x0E22, 0x022B,
    0x0E24, 0x0300,
    0x0E26, 0x3000,
    0xFCFC, 0x2000,
    0x22E4, 0x0300,
    0x2338, 0x0101,
    0xFCFC, 0x2000,
    0xDD6C, 0xB47E,
    0xDD6E, 0xB67E,
    0xDE34, 0x0000,
    0xDE36, 0x9231,
    0xFCFC, 0x4000,
    0x0B30, 0x01FF,
    0xFCFC, 0x2000,
    0x3D44, 0x0000,
    0x3D88, 0xFCFC,
    0x3D8A, 0xFEFF,
    0x3D8C, 0xFCFC,
    0x3D8E, 0xFEFF,
    0x3D90, 0xFCFC,
    0x3D92, 0xFEFF,
    0x3FE0, 0x0324,
    0x3FE2, 0xE082,
    0x3FE4, 0x0324,
    0x3FE6, 0x0080,
    0x3FE8, 0x0000,
    0x3FEA, 0x0000,
    0x4238, 0x0324,
    0x423A, 0xE082,
    0x423C, 0x0000,
    0x423E, 0x0000,
    0x4240, 0x0000,
    0x4242, 0x0000,
    0x4490, 0x0324,
    0x4492, 0xE082,
    0x4494, 0x0324,
    0x4496, 0xD489,
    0x4498, 0x0000,
    0x449A, 0x0000,
    0x46E8, 0x0324,
    0x46EA, 0xE082,
    0x46EC, 0x0324,
    0x46EE, 0x188A,
    0x46F0, 0x0000,
    0x46F2, 0x0000,
    0x4940, 0x0324,
    0x4942, 0xE082,
    0x4944, 0x0324,
    0x4946, 0x1C8C,
    0x4948, 0x0000,
    0x494A, 0x0000,
    0x4B98, 0x0324,
    0x4B9A, 0xE082,
    0x4B9C, 0x0324,
    0x4B9E, 0x188A,
    0x4BA0, 0x0324,
    0x4BA2, 0x488C,
    0x4DF0, 0x0324,
    0x4DF2, 0xE082,
    0x4DF4, 0x0324,
    0x4DF6, 0xB48C,
    0x4DF8, 0x0000,
    0x4DFA, 0x0000,
    0x5048, 0x0324,
    0x504A, 0xE082,
    0x504C, 0x0324,
    0x504E, 0x188A,
    0x5050, 0x0324,
    0x5052, 0x048D,
    0xFCFC, 0x2006,
    0x0000, 0x535A,
    0x0002, 0x0100,
    0x0004, 0x0C65,
    0x0006, 0x5A00,
    0x0008, 0x0001,
    0x000A, 0x00A4,
    0x000C, 0x1900,
    0x000E, 0x0000,
    0x0010, 0x0000,
    0x0012, 0x0000,
    0x0014, 0x7FBF,
    0x0016, 0x624E,
    0x0018, 0x20FF,
    0x001A, 0x1FBB,
    0x001C, 0x8063,
    0x001E, 0x31F1,
    0x0020, 0x3150,
    0x0022, 0x4585,
    0x0024, 0x69C5,
    0x0026, 0xE4E2,
    0x0028, 0xAD66,
    0x002A, 0x1F3E,
    0x002C, 0x9A96,
    0x002E, 0x960B,
    0x0030, 0xF874,
    0x0032, 0x7B86,
    0x0034, 0x9393,
    0x0036, 0x0425,
    0x0038, 0x5858,
    0x003A, 0xCE9A,
    0x003C, 0xA1D2,
    0x003E, 0x0F5B,
    0x0040, 0xD4C0,
    0x0042, 0xE087,
    0x0044, 0x3C80,
    0x0046, 0x7000,
    0x0048, 0x73D0,
    0x004A, 0x4E2E,
    0x004C, 0xF158,
    0x004E, 0x3F00,
    0x0050, 0x083D,
    0x0052, 0xBD21,
    0x0054, 0x011B,
    0x0056, 0x4DD0,
    0x0058, 0xC778,
    0x005A, 0xE94C,
    0x005C, 0x076A,
    0x005E, 0x68E7,
    0x0060, 0xCACC,
    0x0062, 0x6B7D,
    0x0064, 0x6988,
    0x0066, 0x8D8D,
    0x0068, 0x8762,
    0x006A, 0xFADB,
    0x006C, 0xB944,
    0x006E, 0x8587,
    0x0070, 0xAACE,
    0x0072, 0x634F,
    0x0074, 0x02F4,
    0x0076, 0xAD6A,
    0x0078, 0xE077,
    0x007A, 0xA4F7,
    0x007C, 0x68D8,
    0x007E, 0x0F83,
    0x0080, 0x78D7,
    0x0082, 0xD9F0,
    0x0084, 0x445F,
    0x0086, 0x81D8,
    0x0088, 0x84A4,
    0x008A, 0x64AB,
    0x008C, 0x238F,
    0x008E, 0xC851,
    0x0090, 0x4568,
    0x0092, 0xF562,
    0x0094, 0x0759,
    0x0096, 0xADA2,
    0x0098, 0xF73A,
    0x009A, 0x7BB3,
    0x009C, 0x3836,
    0x009E, 0x547A,
    0x00A0, 0xE97F,
    0x00A2, 0x2797,
    0x00A4, 0x4BD8,
    0x00A6, 0xD47A,
    0x00A8, 0xB418,
    0x00AA, 0x083D,
    0x00AC, 0x745D,
    0x00AE, 0xADA1,
    0x00B0, 0xA059,
    0x00B2, 0x1D7C,
    0x00B4, 0xAE9A,
    0x00B6, 0x81AC,
    0x00B8, 0xD9D4,
    0x00BA, 0x0716,
    0x00BC, 0xA37E,
    0x00BE, 0xB9ED,
    0x00C0, 0x444A,
    0x00C2, 0xD1AB,
    0x00C4, 0x7C57,
    0x00C6, 0xAEB2,
    0x00C8, 0xB57C,
    0x00CA, 0x2593,
    0x00CC, 0x023B,
    0x00CE, 0xE9D4,
    0x00D0, 0x05F5,
    0x00D2, 0x84E9,
    0x00D4, 0x37E9,
    0x00D6, 0xAF85,
    0x00D8, 0xD962,
    0x00DA, 0xEB52,
    0x00DC, 0xDF1F,
    0x00DE, 0x6F0C,
    0x00E0, 0xA1D3,
    0x00E2, 0x101A,
    0x00E4, 0x3E78,
    0x00E6, 0xEA01,
    0x00E8, 0x7D39,
    0x00EA, 0xA008,
    0x00EC, 0xE367,
    0x00EE, 0x8D9D,
    0x00F0, 0x2112,
    0x00F2, 0x351C,
    0x00F4, 0x7AAB,
    0x00F6, 0x00DF,
    0x00F8, 0xD2A7,
    0x00FA, 0xC690,
    0x00FC, 0x56D9,
    0x00FE, 0xD879,
    0x0100, 0x7417,
    0x0102, 0x84BA,
    0x0104, 0xB60A,
    0x0106, 0x89AC,
    0x0108, 0xD962,
    0x010A, 0x5611,
    0x010C, 0x34A6,
    0x010E, 0xCD4C,
    0x0110, 0x156A,
    0x0112, 0x84E8,
    0x0114, 0x9671,
    0x0116, 0x9FC9,
    0x0118, 0xD3F5,
    0x011A, 0x76B7,
    0x011C, 0x3B92,
    0x011E, 0xC530,
    0x0120, 0x9D11,
    0x0122, 0xBD32,
    0x0124, 0xD066,
    0x0126, 0x7DF5,
    0x0128, 0x8F9F,
    0x012A, 0xEC70,
    0x012C, 0x4370,
    0x012E, 0xE522,
    0x0130, 0x7FFC,
    0x0132, 0xBDE4,
    0x0134, 0x6E84,
    0x0136, 0x4D03,
    0x0138, 0x16E9,
    0x013A, 0xF17A,
    0x013C, 0xE1B5,
    0x013E, 0x653E,
    0x0140, 0x237F,
    0x0142, 0x4459,
    0x0144, 0x5048,
    0x0146, 0x1F32,
    0x0148, 0x6FA6,
    0x014A, 0x77D9,
    0x014C, 0x8336,
    0x014E, 0x120E,
    0x0150, 0x7989,
    0x0152, 0xCC36,
    0x0154, 0x655E,
    0x0156, 0x899B,
    0x0158, 0xBFB8,
    0x015A, 0x4239,
    0x015C, 0xC1F4,
    0x015E, 0x9359,
    0x0160, 0x2751,
    0x0162, 0xFAA4,
    0x0164, 0xF9E9,
    0x0166, 0x0BFD,
    0x0168, 0xDEB7,
    0x016A, 0x79CE,
    0x016C, 0x2DE8,
    0x016E, 0xC6D4,
    0x0170, 0x7D86,
    0x0172, 0xAD44,
    0x0174, 0x8DED,
    0x0176, 0x147A,
    0x0178, 0x14CF,
    0x017A, 0x9D21,
    0x017C, 0xFACE,
    0x017E, 0xF811,
    0x0180, 0x270E,
    0x0182, 0x5EF8,
    0x0184, 0xA3DA,
    0x0186, 0x5881,
    0x0188, 0x1352,
    0x018A, 0x643B,
    0x018C, 0x897B,
    0x018E, 0x37E2,
    0x0190, 0xB2A9,
    0x0192, 0x86A6,
    0x0194, 0xC9DE,
    0x0196, 0xE2CE,
    0x0198, 0x8ACE,
    0x019A, 0x1250,
    0x019C, 0xDEC6,
    0x019E, 0xF2EF,
    0x01A0, 0xB99E,
    0x01A2, 0xBA70,
    0x01A4, 0xA3C6,
    0x01A6, 0x3A68,
    0x01A8, 0xE487,
    0x01AA, 0x1D23,
    0x01AC, 0x210A,
    0x01AE, 0x5AAC,
    0x01B0, 0x9A19,
    0x01B2, 0x6E2A,
    0x01B4, 0xE485,
    0x01B6, 0xC09F,
    0x01B8, 0xD4E8,
    0x01BA, 0x1CB5,
    0x01BC, 0x3662,
    0x01BE, 0xAAC9,
    0x01C0, 0xB996,
    0x01C2, 0xD5C1,
    0x01C4, 0x556D,
    0x01C6, 0x9534,
    0x01C8, 0xB03B,
    0x01CA, 0x873E,
    0x01CC, 0xA8FB,
    0x01CE, 0x73CC,
    0x01D0, 0xB1D5,
    0x01D2, 0x39D2,
    0x01D4, 0x5D95,
    0x01D6, 0x9A28,
    0x01D8, 0x3E86,
    0x01DA, 0xB57D,
    0x01DC, 0x3CE0,
    0x01DE, 0x7B1A,
    0x01E0, 0x84FC,
    0x01E2, 0xB0F3,
    0x01E4, 0x4FB3,
    0x01E6, 0x3E1E,
    0x01E8, 0x93E1,
    0x01EA, 0xE813,
    0x01EC, 0x12FF,
    0x01EE, 0x3311,
    0x01F0, 0x5C9C,
    0x01F2, 0x039C,
    0x01F4, 0xA54C,
    0x01F6, 0xFE07,
    0x01F8, 0x4C54,
    0x01FA, 0x8D74,
    0x01FC, 0xEDDD,
    0x01FE, 0xA336,
    0x0200, 0x4821,
    0x0202, 0x1037,
    0x0204, 0xC56D,
    0x0206, 0x6FDD,
    0x0208, 0x18F0,
    0x020A, 0x3899,
    0x020C, 0xCAA9,
    0x020E, 0x008C,
    0x0210, 0x20F7,
    0x0212, 0x6B93,
    0x0214, 0x5DF4,
    0x0216, 0x3526,
    0x0218, 0x33B3,
    0x021A, 0x4C03,
    0x021C, 0xCD5A,
    0x021E, 0xFD0C,
    0x0220, 0x311D,
    0x0222, 0x789B,
    0x0224, 0xEB2C,
    0x0226, 0xB33E,
    0x0228, 0x3CF9,
    0x022A, 0x5B1D,
    0x022C, 0xDE2C,
    0x022E, 0x479C,
    0x0230, 0xCE9B,
    0x0232, 0x320C,
    0x0234, 0xFF1E,
    0x0236, 0x62BB,
    0x0238, 0xDDD6,
    0x023A, 0x6BBA,
    0x023C, 0x4D83,
    0x023E, 0xD94F,
    0x0240, 0xCDCB,
    0x0242, 0x2190,
    0x0244, 0x8715,
    0x0246, 0x8CA0,
    0x0248, 0xA9F4,
    0x024A, 0xF775,
    0x024C, 0xCCB4,
    0x024E, 0xB267,
    0x0250, 0x2211,
    0x0252, 0xF74B,
    0x0254, 0x24C6,
    0x0256, 0x04B4,
    0x0258, 0xE6EB,
    0x025A, 0x9931,
    0x025C, 0x6698,
    0x025E, 0xA374,
    0x0260, 0xCCCE,
    0x0262, 0x8FB5,
    0x0264, 0x26B8,
    0x0266, 0x1996,
    0x0268, 0x67E8,
    0x026A, 0x548F,
    0x026C, 0xF6D7,
    0x026E, 0x070E,
    0x0270, 0x09E0,
    0x0272, 0x69A9,
    0x0274, 0x3EC3,
    0x0276, 0x195C,
    0x0278, 0xB809,
    0x027A, 0xA38A,
    0x027C, 0x1502,
    0x027E, 0x809D,
    0x0280, 0x47C7,
    0x0282, 0x5E6F,
    0x0284, 0xFF12,
    0x0286, 0xE2CF,
    0x0288, 0x29ED,
    0x028A, 0xFA1D,
    0x028C, 0x0B29,
    0x028E, 0x0258,
    0x0290, 0x416D,
    0x0292, 0xC8BB,
    0x0294, 0x1D12,
    0x0296, 0x2D69,
    0x0298, 0x77BB,
    0x029A, 0xBD1C,
    0x029C, 0x82CB,
    0x029E, 0x8ECB,
    0x02A0, 0x3160,
    0x02A2, 0xB3AD,
    0x02A4, 0x3512,
    0x02A6, 0x23E1,
    0x02A8, 0xFCED,
    0x02AA, 0x248E,
    0x02AC, 0xC536,
    0x02AE, 0x1E71,
    0x02B0, 0x1FA9,
    0x02B2, 0xC4F3,
    0x02B4, 0x7B0D,
    0x02B6, 0x090D,
    0x02B8, 0x3610,
    0x02BA, 0x3ACD,
    0x02BC, 0x0095,
    0x02BE, 0x2B0F,
    0x02C0, 0x6888,
    0x02C2, 0x7739,
    0x02C4, 0xE5D4,
    0x02C6, 0xE961,
    0x02C8, 0x0E1D,
    0x02CA, 0x6B2D,
    0x02CC, 0x6EED,
    0x02CE, 0x14CC,
    0x02D0, 0x4A39,
    0x02D2, 0x44AD,
    0x02D4, 0xF517,
    0x02D6, 0x9CDD,
    0x02D8, 0xADCB,
    0x02DA, 0x797B,
    0x02DC, 0x0BBE,
    0x02DE, 0x1ED1,
    0x02E0, 0x9C32,
    0x02E2, 0xD70E,
    0x02E4, 0x4801,
    0x02E6, 0x962B,
    0x02E8, 0xDABD,
    0x02EA, 0xA99B,
    0x02EC, 0x5C74,
    0x02EE, 0x258A,
    0x02F0, 0xA79A,
    0x02F2, 0x36E8,
    0x02F4, 0xE46B,
    0x02F6, 0xE3C2,
    0x02F8, 0x960D,
    0x02FA, 0xD687,
    0x02FC, 0x4C1B,
    0x02FE, 0xE10A,
    0x0300, 0xA36D,
    0x0302, 0xFC77,
    0x0304, 0x089A,
    0x0306, 0x2B61,
    0x0308, 0x5091,
    0x030A, 0x7C3F,
    0x030C, 0xBECF,
    0x030E, 0x6A4B,
    0x0310, 0x666D,
    0x0312, 0x6BE7,
    0x0314, 0x1C1E,
    0x0316, 0x5CD5,
    0x0318, 0x2D27,
    0x031A, 0x0849,
    0x031C, 0x20E6,
    0x031E, 0xE466,
    0x0320, 0x08CD,
    0x0322, 0x8CF5,
    0x0324, 0xD359,
    0x0326, 0x7B65,
    0x0328, 0x4E2B,
    0x032A, 0x9BED,
    0x032C, 0xF6F2,
    0x032E, 0x57D2,
    0x0330, 0x48D8,
    0x0332, 0xBAE5,
    0x0334, 0x16C5,
    0x0336, 0x4EBF,
    0x0338, 0xF09F,
    0x033A, 0x65EC,
    0x033C, 0x11CA,
    0x033E, 0xD42F,
    0x0340, 0x95C0,
    0x0342, 0x5944,
    0x0344, 0x6E5D,
    0x0346, 0x46C2,
    0x0348, 0x5E1D,
    0x034A, 0x8FA9,
    0x034C, 0xB357,
    0x034E, 0x6FA0,
    0x0350, 0x8BEC,
    0x0352, 0x8DEA,
    0x0354, 0x4150,
    0x0356, 0x9358,
    0x0358, 0x68A0,
    0x035A, 0xEEE1,
    0x035C, 0x6601,
    0x035E, 0x5E70,
    0x0360, 0xCC11,
    0x0362, 0x95DF,
    0x0364, 0x0CE2,
    0x0366, 0xC4B7,
    0x0368, 0xD5C1,
    0x036A, 0x4A69,
    0x036C, 0x1BA5,
    0x036E, 0x946F,
    0x0370, 0x88CC,
    0x0372, 0x9F1B,
    0x0374, 0xDF19,
    0x0376, 0x7DCD,
    0x0378, 0x323E,
    0x037A, 0x0FE6,
    0x037C, 0xBA45,
    0x037E, 0x08B4,
    0x0380, 0xFCE4,
    0x0382, 0x695E,
    0x0384, 0xCE18,
    0x0386, 0x4D93,
    0x0388, 0x474B,
    0x038A, 0xAFCA,
    0x038C, 0xDDFA,
    0x038E, 0xD03D,
    0x0390, 0xC736,
    0x0392, 0x457D,
    0x0394, 0x80D0,
    0x0396, 0xDEC4,
    0x0398, 0xC3C5,
    0x039A, 0x510E,
    0x039C, 0x17F5,
    0x039E, 0xF36F,
    0x03A0, 0xA741,
    0x03A2, 0xB099,
    0x03A4, 0xEEE9,
    0x03A6, 0x2CE6,
    0x03A8, 0x4F5B,
    0x03AA, 0xE4FF,
    0x03AC, 0xBF96,
    0x03AE, 0xC019,
    0x03B0, 0x87F7,
    0x03B2, 0xA08C,
    0x03B4, 0x56A6,
    0x03B6, 0x2B0C,
    0x03B8, 0x27AE,
    0x03BA, 0xE8CB,
    0x03BC, 0xAF10,
    0x03BE, 0x72BC,
    0x03C0, 0x2269,
    0x03C2, 0x6960,
    0x03C4, 0x3751,
    0x03C6, 0x1425,
    0x03C8, 0x7B68,
    0x03CA, 0xE25A,
    0x03CC, 0xE5CA,
    0x03CE, 0xC4E8,
    0x03D0, 0xEA32,
    0x03D2, 0x568A,
    0x03D4, 0xC8BE,
    0x03D6, 0x8DF2,
    0x03D8, 0xCA84,
    0x03DA, 0x3D7D,
    0x03DC, 0x60F8,
    0x03DE, 0xD630,
    0x03E0, 0x3EF1,
    0x03E2, 0x0422,
    0x03E4, 0x9DF9,
    0x03E6, 0x4B38,
    0x03E8, 0xF03E,
    0x03EA, 0x5A9D,
    0x03EC, 0x8CC0,
    0x03EE, 0xC05F,
    0x03F0, 0x91F3,
    0x03F2, 0x122E,
    0x03F4, 0x0883,
    0x03F6, 0xD26E,
    0x03F8, 0x76B5,
    0x03FA, 0xB0A4,
    0x03FC, 0x82DF,
    0x03FE, 0x7E1F,
    0x0400, 0x3438,
    0x0402, 0x2677,
    0x0404, 0xC106,
    0x0406, 0xFF6A,
    0x0408, 0xEEBB,
    0x040A, 0xD914,
    0x040C, 0x3EC1,
    0x040E, 0x7FF9,
    0x0410, 0xB165,
    0x0412, 0x6BD4,
    0x0414, 0x5245,
    0x0416, 0xF29C,
    0x0418, 0x922D,
    0x041A, 0x88B3,
    0x041C, 0x0933,
    0x041E, 0x23AA,
    0x0420, 0xCF01,
    0x0422, 0xB381,
    0x0424, 0x5A7D,
    0x0426, 0xDDD3,
    0x0428, 0xA1CC,
    0x042A, 0x1DC8,
    0x042C, 0x6782,
    0x042E, 0x79E2,
    0x0430, 0xCC60,
    0x0432, 0x36F3,
    0x0434, 0x90E5,
    0x0436, 0xD2EE,
    0x0438, 0x98CF,
    0x043A, 0x57BA,
    0x043C, 0x982F,
    0x043E, 0x81B5,
    0x0440, 0x194C,
    0x0442, 0xB572,
    0x0444, 0x5259,
    0x0446, 0x84BF,
    0x0448, 0xF1D6,
    0x044A, 0xF184,
    0x044C, 0xC123,
    0x044E, 0xA678,
    0x0450, 0x185B,
    0x0452, 0x160F,
    0x0454, 0x1265,
    0x0456, 0x21C9,
    0x0458, 0xD014,
    0x045A, 0x4E32,
    0x045C, 0xDAB2,
    0x045E, 0xCAEA,
    0x0460, 0x87D3,
    0x0462, 0x8D19,
    0x0464, 0xFA4B,
    0x0466, 0x3F95,
    0x0468, 0x13B3,
    0x046A, 0xB64A,
    0x046C, 0xA7E8,
    0x046E, 0x5B7F,
    0x0470, 0xF8A3,
    0x0472, 0x27AA,
    0x0474, 0xB99C,
    0x0476, 0x21F1,
    0x0478, 0x3A04,
    0x047A, 0xD6A3,
    0x047C, 0x2965,
    0x047E, 0xF721,
    0x0480, 0xFB9E,
    0x0482, 0xEE04,
    0x0484, 0x8989,
    0x0486, 0x35E6,
    0x0488, 0x776F,
    0x048A, 0x21B1,
    0x048C, 0xA0AD,
    0x048E, 0x5DCF,
    0x0490, 0x8066,
    0x0492, 0xB54C,
    0x0494, 0xC1B2,
    0x0496, 0x1D7A,
    0x0498, 0x0083,
    0x049A, 0x7D1E,
    0x049C, 0xF08F,
    0x049E, 0xFB78,
    0x04A0, 0xA2CA,
    0x04A2, 0xC573,
    0x04A4, 0x7F37,
    0x04A6, 0x31F6,
    0x04A8, 0xDC21,
    0x04AA, 0x2917,
    0x04AC, 0xA5A4,
    0x04AE, 0x1CB2,
    0x04B0, 0x15FC,
    0x04B2, 0xCCC1,
    0x04B4, 0x2E1D,
    0x04B6, 0x2F07,
    0x04B8, 0xF47A,
    0x04BA, 0xDE29,
    0x04BC, 0xF5FC,
    0x04BE, 0x76E2,
    0x04C0, 0x4C53,
    0x04C2, 0x5F6F,
    0x04C4, 0x588B,
    0x04C6, 0x0712,
    0x04C8, 0xAE20,
    0x04CA, 0x33F4,
    0x04CC, 0x481F,
    0x04CE, 0x7C31,
    0x04D0, 0x6B3E,
    0x04D2, 0x5EAE,
    0x04D4, 0x187A,
    0x04D6, 0xB8CF,
    0x04D8, 0xCC6D,
    0x04DA, 0x273E,
    0x04DC, 0x3DB4,
    0x04DE, 0xD60C,
    0x04E0, 0x3DF9,
    0x04E2, 0xAE02,
    0x04E4, 0x6D05,
    0x04E6, 0xC9FB,
    0x04E8, 0x0963,
    0x04EA, 0x80E7,
    0x04EC, 0x0A25,
    0x04EE, 0xE8B9,
    0x04F0, 0x4BD7,
    0x04F2, 0x5D6D,
    0x04F4, 0x49AC,
    0x04F6, 0x9867,
    0x04F8, 0x7C48,
    0x04FA, 0x86BB,
    0x04FC, 0x37B6,
    0x04FE, 0x8468,
    0x0500, 0x90D2,
    0x0502, 0x0055,
    0x0504, 0xC001,
    0x0506, 0xD7C1,
    0x0508, 0xD0F8,
    0x050A, 0x0859,
    0x050C, 0x65A0,
    0x050E, 0x410D,
    0x0510, 0xC20C,
    0x0512, 0x4594,
    0x0514, 0x9E3C,
    0x0516, 0x9FD2,
    0x0518, 0x383C,
    0x051A, 0xF974,
    0x051C, 0xBA69,
    0x051E, 0x1CFC,
    0x0520, 0xE6E4,
    0x0522, 0x10AE,
    0x0524, 0x1B9F,
    0x0526, 0xE78C,
    0x0528, 0x7D1F,
    0x052A, 0xBF6E,
    0x052C, 0xF337,
    0x052E, 0x9964,
    0x0530, 0x4DE8,
    0x0532, 0x7DED,
    0x0534, 0x24C1,
    0x0536, 0x1AD9,
    0x0538, 0xB246,
    0x053A, 0xE9AC,
    0x053C, 0x0C54,
    0x053E, 0xFE23,
    0x0540, 0xDD9C,
    0x0542, 0x6370,
    0x0544, 0x97F5,
    0x0546, 0x33D5,
    0x0548, 0xB67C,
    0x054A, 0x5CD1,
    0x054C, 0xF8E2,
    0x054E, 0x83D1,
    0x0550, 0x7C55,
    0x0552, 0x8CD6,
    0x0554, 0x1E4A,
    0x0556, 0x5B11,
    0x0558, 0x7BE1,
    0x055A, 0x57FB,
    0x055C, 0xFE8E,
    0x055E, 0xC38F,
    0x0560, 0x2EE1,
    0x0562, 0x8BB9,
    0x0564, 0x275D,
    0x0566, 0x45E0,
    0x0568, 0xB6E3,
    0x056A, 0xABF1,
    0x056C, 0x5A22,
    0x056E, 0x8DC8,
    0x0570, 0xD91E,
    0x0572, 0xB8A0,
    0x0574, 0x0E50,
    0x0576, 0x2E02,
    0x0578, 0x0527,
    0x057A, 0xE79C,
    0x057C, 0x01B8,
    0x057E, 0x309B,
    0x0580, 0x9BB8,
    0x0582, 0x9FDE,
    0x0584, 0xC147,
    0x0586, 0xFDBF,
    0x0588, 0xEED4,
    0x058A, 0xE946,
    0x058C, 0x6E38,
    0x058E, 0xB3DD,
    0x0590, 0x98C6,
    0x0592, 0xD2CC,
    0x0594, 0x657A,
    0x0596, 0x94C5,
    0x0598, 0x518F,
    0x059A, 0x03D6,
    0x059C, 0xE40E,
    0x059E, 0x954E,
    0x05A0, 0xC86A,
    0x05A2, 0x2086,
    0x05A4, 0x422C,
    0x05A6, 0x6B77,
    0x05A8, 0xC16F,
    0x05AA, 0x36F5,
    0x05AC, 0x3790,
    0x05AE, 0xD0D9,
    0x05B0, 0xEA28,
    0x05B2, 0xC854,
    0x05B4, 0x3361,
    0x05B6, 0x59E9,
    0x05B8, 0xC1DF,
    0x05BA, 0x5F75,
    0x05BC, 0x3ECD,
    0x05BE, 0x4BE4,
    0x05C0, 0x5192,
    0x05C2, 0x578C,
    0x05C4, 0xC9C7,
    0x05C6, 0x667F,
    0x05C8, 0x710E,
    0x05CA, 0x1E22,
    0x05CC, 0xACAD,
    0x05CE, 0xE486,
    0x05D0, 0x7277,
    0x05D2, 0xF2EC,
    0x05D4, 0xCF3B,
    0x05D6, 0x034E,
    0x05D8, 0x82F8,
    0x05DA, 0xBB57,
    0x05DC, 0xCB7D,
    0x05DE, 0xFE20,
    0x05E0, 0x2713,
    0x05E2, 0x5C0D,
    0x05E4, 0xDF67,
    0x05E6, 0xA4A2,
    0x05E8, 0x8FF2,
    0x05EA, 0x281B,
    0x05EC, 0x87FD,
    0x05EE, 0x7C85,
    0x05F0, 0x41CF,
    0x05F2, 0xAEFE,
    0x05F4, 0x0973,
    0x05F6, 0xFE14,
    0x05F8, 0xE276,
    0x05FA, 0x801E,
    0x05FC, 0xD075,
    0x05FE, 0x097F,
    0x0600, 0x18E4,
    0x0602, 0xDFDC,
    0x0604, 0x768B,
    0x0606, 0xB966,
    0x0608, 0x7D75,
    0x060A, 0xA24E,
    0x060C, 0xDE56,
    0x060E, 0x0851,
    0x0610, 0xD7C7,
    0x0612, 0xA1C3,
    0x0614, 0xFC96,
    0x0616, 0xF590,
    0x0618, 0x757D,
    0x061A, 0x500C,
    0x061C, 0x1F46,
    0x061E, 0x285A,
    0x0620, 0xA065,
    0x0622, 0xC2C0,
    0x0624, 0x7DD7,
    0x0626, 0xEBCC,
    0x0628, 0x06E8,
    0x062A, 0x5C42,
    0x062C, 0x97CA,
    0x062E, 0x476D,
    0x0630, 0x429A,
    0x0632, 0xE994,
    0x0634, 0x4A55,
    0x0636, 0x0321,
    0x0638, 0xC6BB,
    0x063A, 0xAB09,
    0x063C, 0x0863,
    0x063E, 0xC8F2,
    0x0640, 0x479A,
    0x0642, 0xC27A,
    0x0644, 0xD57F,
    0x0646, 0x71B9,
    0x0648, 0xF711,
    0x064A, 0x8FA3,
    0x064C, 0x8812,
    0x064E, 0xC340,
    0x0650, 0xDC31,
    0x0652, 0x0B4B,
    0x0654, 0x56AB,
    0x0656, 0x59F3,
    0x0658, 0xBF48,
    0x065A, 0xC009,
    0x065C, 0xDF31,
    0x065E, 0xE6C8,
    0x0660, 0xA648,
    0x0662, 0x28F0,
    0x0664, 0xE0AE,
    0x0666, 0x091A,
    0x0668, 0x3305,
    0x066A, 0xEAB2,
    0x066C, 0x658C,
    0x066E, 0x7ABE,
    0x0670, 0x505D,
    0x0672, 0xB4C4,
    0x0674, 0xB1AA,
    0x0676, 0xB540,
    0x0678, 0x5C00,
    0x067A, 0xD572,
    0x067C, 0x4D3D,
    0x067E, 0x5330,
    0x0680, 0x683C,
    0x0682, 0x7E8F,
    0x0684, 0xC468,
    0x0686, 0x4355,
    0x0688, 0xB5DD,
    0x068A, 0xBFC7,
    0x068C, 0xE271,
    0x068E, 0xBE06,
    0x0690, 0x243C,
    0x0692, 0x153C,
    0x0694, 0x0874,
    0x0696, 0x5DF5,
    0x0698, 0x458A,
    0x069A, 0x92E0,
    0x069C, 0xD2BA,
    0x069E, 0x1B8C,
    0x06A0, 0x8F2E,
    0x06A2, 0x0CA9,
    0x06A4, 0xA277,
    0x06A6, 0x499A,
    0x06A8, 0xBBF6,
    0x06AA, 0x7E57,
    0x06AC, 0x1FD9,
    0x06AE, 0x5E73,
    0x06B0, 0xA3D0,
    0x06B2, 0xB4D8,
    0x06B4, 0xBA3C,
    0x06B6, 0x6948,
    0x06B8, 0xF883,
    0x06BA, 0xB6B5,
    0x06BC, 0xA499,
    0x06BE, 0xDF48,
    0x06C0, 0xB349,
    0x06C2, 0xD214,
    0x06C4, 0xAA72,
    0x06C6, 0x8FC5,
    0x06C8, 0xF457,
    0x06CA, 0xAC68,
    0x06CC, 0x43CB,
    0x06CE, 0xDE06,
    0x06D0, 0x2495,
    0x06D2, 0xFA75,
    0x06D4, 0x20E1,
    0x06D6, 0x9134,
    0x06D8, 0x136D,
    0x06DA, 0xE158,
    0x06DC, 0x010A,
    0x06DE, 0x1D16,
    0x06E0, 0x694D,
    0x06E2, 0x4D7F,
    0x06E4, 0x5A06,
    0x06E6, 0xC39C,
    0x06E8, 0x984C,
    0x06EA, 0xEA8B,
    0x06EC, 0xA471,
    0x06EE, 0x7397,
    0x06F0, 0x6161,
    0x06F2, 0x3D97,
    0x06F4, 0x2240,
    0x06F6, 0xFC6C,
    0x06F8, 0x66FE,
    0x06FA, 0x36F4,
    0x06FC, 0xF500,
    0x06FE, 0x71F9,
    0x0700, 0xAE28,
    0x0702, 0xD3A6,
    0x0704, 0x8C58,
    0x0706, 0xC6AB,
    0x0708, 0x8674,
    0x070A, 0xD333,
    0x070C, 0x556F,
    0x070E, 0xA1D0,
    0x0710, 0x3EA3,
    0x0712, 0x4B41,
    0x0714, 0xEF74,
    0x0716, 0x4C9A,
    0x0718, 0x5EFC,
    0x071A, 0x981E,
    0x071C, 0x3D64,
    0x071E, 0x9AC6,
    0x0720, 0x5069,
    0x0722, 0xBB69,
    0x0724, 0x89AF,
    0x0726, 0x55FA,
    0x0728, 0xC015,
    0x072A, 0x3D45,
    0x072C, 0xAEE1,
    0x072E, 0xF6BB,
    0x0730, 0x5EF9,
    0x0732, 0x8302,
    0x0734, 0x1C39,
    0x0736, 0xBD83,
    0x0738, 0x39B2,
    0x073A, 0x39A4,
    0x073C, 0x0338,
    0x073E, 0xF661,
    0x0740, 0xB961,
    0x0742, 0x5473,
    0x0744, 0x5714,
    0x0746, 0x649A,
    0x0748, 0xA3D6,
    0x074A, 0x6BEF,
    0x074C, 0x4054,
    0x074E, 0x32E3,
    0x0750, 0x81B3,
    0x0752, 0x1ADE,
    0x0754, 0x6942,
    0x0756, 0x491F,
    0x0758, 0x7658,
    0x075A, 0x7F5B,
    0x075C, 0x5D34,
    0x075E, 0xCC10,
    0x0760, 0xBFC6,
    0x0762, 0x93DB,
    0x0764, 0x5901,
    0x0766, 0x7F9E,
    0x0768, 0x88F2,
    0x076A, 0x62D5,
    0x076C, 0x63C3,
    0x076E, 0xC411,
    0x0770, 0x46A1,
    0x0772, 0x22B8,
    0x0774, 0x32C2,
    0x0776, 0x8551,
    0x0778, 0x7F24,
    0x077A, 0x022E,
    0x077C, 0xAA5C,
    0x077E, 0x56DA,
    0x0780, 0x996E,
    0x0782, 0xA694,
    0x0784, 0x3607,
    0x0786, 0xD2F1,
    0x0788, 0x815B,
    0x078A, 0x6C1F,
    0x078C, 0x530F,
    0x078E, 0xB791,
    0x0790, 0xFE3A,
    0x0792, 0x9CC1,
    0x0794, 0xDB58,
    0x0796, 0xEE7D,
    0x0798, 0xEA41,
    0x079A, 0xA8B5,
    0x079C, 0xF883,
    0x079E, 0x2A53,
    0x07A0, 0xB5DF,
    0x07A2, 0x1597,
    0x07A4, 0x76FE,
    0x07A6, 0xEA38,
    0x07A8, 0x6308,
    0x07AA, 0x559C,
    0x07AC, 0xACB2,
    0x07AE, 0xB4F2,
    0x07B0, 0x11C0,
    0x07B2, 0x2B12,
    0x07B4, 0xBA79,
    0x07B6, 0xC7C4,
    0x07B8, 0x9C96,
    0x07BA, 0xE637,
    0x07BC, 0x03BD,
    0x07BE, 0xEA73,
    0x07C0, 0x473B,
    0x07C2, 0x931C,
    0x07C4, 0xE3D5,
    0x07C6, 0x1688,
    0x07C8, 0x6539,
    0x07CA, 0xF7C6,
    0x07CC, 0x4F35,
    0x07CE, 0x9356,
    0x07D0, 0xD27E,
    0x07D2, 0xB7B9,
    0x07D4, 0xBF47,
    0x07D6, 0xEB95,
    0x07D8, 0x4EC5,
    0x07DA, 0xDCA5,
    0x07DC, 0x9986,
    0x07DE, 0x34AB,
    0x07E0, 0x0FFD,
    0x07E2, 0x24FD,
    0x07E4, 0x8012,
    0x07E6, 0x3929,
    0x07E8, 0x3AAE,
    0x07EA, 0xAC4E,
    0x07EC, 0x9073,
    0x07EE, 0x33B2,
    0x07F0, 0xB3AF,
    0x07F2, 0x31D5,
    0x07F4, 0xD74A,
    0x07F6, 0x3C72,
    0x07F8, 0x59CE,
    0x07FA, 0x080F,
    0x07FC, 0x3CC9,
    0x07FE, 0x7AE7,
    0x0800, 0xF926,
    0x0802, 0x8011,
    0x0804, 0x5697,
    0x0806, 0xDDD2,
    0x0808, 0xB8C8,
    0x080A, 0x50A1,
    0x080C, 0xDFF3,
    0x080E, 0x6FDE,
    0x0810, 0x156F,
    0x0812, 0x5472,
    0x0814, 0xEFED,
    0x0816, 0xE08C,
    0x0818, 0x29C6,
    0x081A, 0x8706,
    0x081C, 0x1142,
    0x081E, 0xA038,
    0x0820, 0x5C55,
    0x0822, 0x2ECB,
    0x0824, 0x458A,
    0x0826, 0x0131,
    0x0828, 0x0B44,
    0x082A, 0x01FB,
    0x082C, 0x5310,
    0x082E, 0x5D21,
    0x0830, 0x2BBE,
    0x0832, 0x3533,
    0x0834, 0xA3B7,
    0x0836, 0xED5E,
    0x0838, 0xB47D,
    0x083A, 0x194A,
    0x083C, 0x4BD0,
    0x083E, 0xCE89,
    0x0840, 0xDEF0,
    0x0842, 0x28D9,
    0x0844, 0xAE7A,
    0x0846, 0xB69D,
    0x0848, 0x6579,
    0x084A, 0x24F4,
    0x084C, 0x81E5,
    0x084E, 0xABFE,
    0x0850, 0x9A11,
    0x0852, 0xEB5A,
    0x0854, 0x704B,
    0x0856, 0xA855,
    0x0858, 0xDF9C,
    0x085A, 0xDCF2,
    0x085C, 0xDA21,
    0x085E, 0x6E8E,
    0x0860, 0xC5BB,
    0x0862, 0x83CC,
    0x0864, 0x4F1D,
    0x0866, 0x9ACC,
    0x0868, 0x0CB3,
    0x086A, 0xF043,
    0x086C, 0xE920,
    0x086E, 0xC94F,
    0x0870, 0x00DE,
    0x0872, 0x5247,
    0x0874, 0xFC38,
    0x0876, 0xB39A,
    0x0878, 0x7EDC,
    0x087A, 0xE748,
    0x087C, 0xD2BD,
    0x087E, 0x6813,
    0x0880, 0x6896,
    0x0882, 0x8ADA,
    0x0884, 0x169F,
    0x0886, 0xC1E9,
    0x0888, 0x65B1,
    0x088A, 0x1C66,
    0x088C, 0xE526,
    0x088E, 0x8D65,
    0x0890, 0x752A,
    0x0892, 0x35CD,
    0x0894, 0x9F0E,
    0x0896, 0x254A,
    0x0898, 0xCEB6,
    0x089A, 0xC2B2,
    0x089C, 0xE768,
    0x089E, 0x2AFA,
    0x08A0, 0x9CF1,
    0x08A2, 0xC818,
    0x08A4, 0xAAE0,
    0x08A6, 0x2CBA,
    0x08A8, 0xFE06,
    0x08AA, 0xEA16,
    0x08AC, 0x7FB9,
    0x08AE, 0x5A2D,
    0x08B0, 0x0BA9,
    0x08B2, 0x86DA,
    0x08B4, 0x62FA,
    0x08B6, 0x5B9E,
    0x08B8, 0x8BB3,
    0x08BA, 0xD729,
    0x08BC, 0x2459,
    0x08BE, 0x9B71,
    0x08C0, 0x5E21,
    0x08C2, 0xFCCC,
    0x08C4, 0x7A0C,
    0x08C6, 0x6DC4,
    0x08C8, 0x5D77,
    0x08CA, 0x31BF,
    0x08CC, 0x94FA,
    0x08CE, 0x688C,
    0x08D0, 0x1AA4,
    0x08D2, 0x8B82,
    0x08D4, 0x7495,
    0x08D6, 0x280D,
    0x08D8, 0x46D2,
    0x08DA, 0x5042,
    0x08DC, 0x05A5,
    0x08DE, 0x2090,
    0x08E0, 0x4BC8,
    0x08E2, 0xBAA1,
    0x08E4, 0xCE43,
    0x08E6, 0xD966,
    0x08E8, 0x3050,
    0x08EA, 0x5C3A,
    0x08EC, 0x35CD,
    0x08EE, 0x2FCC,
    0x08F0, 0xF00B,
    0x08F2, 0xC9EE,
    0x08F4, 0x25C6,
    0x08F6, 0xE5AD,
    0x08F8, 0x9F5A,
    0x08FA, 0x9872,
    0x08FC, 0x129A,
    0x08FE, 0xBB55,
    0x0900, 0xC0F2,
    0x0902, 0xFE86,
    0x0904, 0xCC55,
    0x0906, 0xF5B2,
    0x0908, 0xB1C0,
    0x090A, 0x1F6B,
    0x090C, 0x3315,
    0x090E, 0x2237,
    0x0910, 0x3F16,
    0x0912, 0xC312,
    0x0914, 0x46E6,
    0x0916, 0x4F9A,
    0x0918, 0xAE42,
    0x091A, 0xDD3A,
    0x091C, 0x7B0F,
    0x091E, 0xE550,
    0x0920, 0xE9A4,
    0x0922, 0xB489,
    0x0924, 0x9E34,
    0x0926, 0xA07F,
    0x0928, 0x483A,
    0x092A, 0x5672,
    0x092C, 0xFE48,
    0x092E, 0x9A40,
    0x0930, 0x5753,
    0x0932, 0x8146,
    0x0934, 0x3554,
    0x0936, 0x1D2A,
    0x0938, 0x0C72,
    0x093A, 0x0D01,
    0x093C, 0x28E4,
    0x093E, 0xBDF8,
    0x0940, 0xF86B,
    0x0942, 0xF966,
    0x0944, 0xD130,
    0x0946, 0x7674,
    0x0948, 0x8A3F,
    0x094A, 0x237F,
    0x094C, 0xD866,
    0x094E, 0x2155,
    0x0950, 0x6872,
    0x0952, 0xEF90,
    0x0954, 0x79EC,
    0x0956, 0x347B,
    0x0958, 0xD726,
    0x095A, 0xED01,
    0x095C, 0xC299,
    0x095E, 0x4D9D,
    0x0960, 0xA017,
    0x0962, 0x894D,
    0x0964, 0xA052,
    0x0966, 0x9AB2,
    0x0968, 0x34C2,
    0x096A, 0x7EF9,
    0x096C, 0x0B59,
    0x096E, 0xFF39,
    0x0970, 0x457E,
    0x0972, 0xD4A9,
    0x0974, 0xFCB4,
    0x0976, 0x0B90,
    0x0978, 0xA493,
    0x097A, 0x5BFD,
    0x097C, 0x1305,
    0x097E, 0xF574,
    0x0980, 0xBEC3,
    0x0982, 0x8885,
    0x0984, 0x979E,
    0x0986, 0x05FD,
    0x0988, 0x4C9E,
    0x098A, 0xC049,
    0x098C, 0xBA8E,
    0x098E, 0xE797,
    0x0990, 0xDFAA,
    0x0992, 0xC77A,
    0x0994, 0x10DB,
    0x0996, 0x2467,
    0x0998, 0x756D,
    0x099A, 0x7189,
    0x099C, 0x2E3E,
    0x099E, 0xD000,
    0x09A0, 0xEB60,
    0x09A2, 0x47CF,
    0x09A4, 0x709A,
    0x09A6, 0x589E,
    0x09A8, 0x508F,
    0x09AA, 0x7E97,
    0x09AC, 0x6813,
    0x09AE, 0xCBC8,
    0x09B0, 0x0DBB,
    0x09B2, 0xE21B,
    0x09B4, 0x5BAC,
    0x09B6, 0x6299,
    0x09B8, 0xC85F,
    0x09BA, 0x8DCE,
    0x09BC, 0xDDD6,
    0x09BE, 0xE5EE,
    0x09C0, 0xAED4,
    0x09C2, 0xC5DC,
    0x09C4, 0xD95A,
    0x09C6, 0xF52D,
    0x09C8, 0xDC06,
    0x09CA, 0x14D4,
    0x09CC, 0x1EBE,
    0x09CE, 0xB541,
    0x09D0, 0x51EE,
    0x09D2, 0x5713,
    0x09D4, 0xE7BC,
    0x09D6, 0xAA2C,
    0x09D8, 0xF613,
    0x09DA, 0x3392,
    0x09DC, 0x8E5F,
    0x09DE, 0x1669,
    0x09E0, 0x285D,
    0x09E2, 0xB40B,
    0x09E4, 0xA947,
    0x09E6, 0xF879,
    0x09E8, 0x2F1B,
    0x09EA, 0x343B,
    0x09EC, 0x2934,
    0x09EE, 0xD937,
    0x09F0, 0xE072,
    0x09F2, 0x80E6,
    0x09F4, 0xBDB5,
    0x09F6, 0xE81C,
    0x09F8, 0x637A,
    0x09FA, 0xF4D8,
    0x09FC, 0x13A4,
    0x09FE, 0x2072,
    0x0A00, 0xC092,
    0x0A02, 0x510F,
    0x0A04, 0xE99E,
    0x0A06, 0x9FF5,
    0x0A08, 0x64FA,
    0x0A0A, 0xE3BE,
    0x0A0C, 0x9EE5,
    0x0A0E, 0xBC0E,
    0x0A10, 0x7E24,
    0x0A12, 0xF12D,
    0x0A14, 0xA006,
    0x0A16, 0xF075,
    0x0A18, 0x5397,
    0x0A1A, 0x9490,
    0x0A1C, 0x00FA,
    0x0A1E, 0xAB8A,
    0x0A20, 0x1180,
    0x0A22, 0x4CE9,
    0x0A24, 0x4C21,
    0x0A26, 0x2A3B,
    0x0A28, 0x915A,
    0x0A2A, 0x921D,
    0x0A2C, 0xD655,
    0x0A2E, 0xEED7,
    0x0A30, 0x9291,
    0x0A32, 0x82C2,
    0x0A34, 0xF35A,
    0x0A36, 0x2F14,
    0x0A38, 0x024C,
    0x0A3A, 0x794A,
    0x0A3C, 0xEAD3,
    0x0A3E, 0xF103,
    0x0A40, 0x7067,
    0x0A42, 0x9C46,
    0x0A44, 0x7E9C,
    0x0A46, 0xD5E5,
    0x0A48, 0x57DF,
    0x0A4A, 0x7A4A,
    0x0A4C, 0x7E11,
    0x0A4E, 0xAF53,
    0x0A50, 0xDD95,
    0x0A52, 0x2770,
    0x0A54, 0x3AB5,
    0x0A56, 0x2C04,
    0x0A58, 0x0B66,
    0x0A5A, 0xB733,
    0x0A5C, 0xA011,
    0x0A5E, 0xCEBA,
    0x0A60, 0x47FC,
    0x0A62, 0x9D49,
    0x0A64, 0xBBB1,
    0x0A66, 0x4C57,
    0x0A68, 0x0FB0,
    0x0A6A, 0x089D,
    0x0A6C, 0x013F,
    0x0A6E, 0xCB2D,
    0x0A70, 0xB68C,
    0x0A72, 0xAF68,
    0x0A74, 0x386D,
    0x0A76, 0x736E,
    0x0A78, 0xE8ED,
    0x0A7A, 0xB2C2,
    0x0A7C, 0xD956,
    0x0A7E, 0x2BFB,
    0x0A80, 0xE0D8,
    0x0A82, 0x8556,
    0x0A84, 0x2EEC,
    0x0A86, 0x2C3E,
    0x0A88, 0x72F5,
    0x0A8A, 0x1041,
    0x0A8C, 0x6731,
    0x0A8E, 0x5109,
    0x0A90, 0xEAA1,
    0x0A92, 0x3769,
    0x0A94, 0xDBEB,
    0x0A96, 0x1231,
    0x0A98, 0xF240,
    0x0A9A, 0xCCB5,
    0x0A9C, 0x11B7,
    0x0A9E, 0xFA00,
    0x0AA0, 0x2053,
    0x0AA2, 0x7175,
    0x0AA4, 0x4768,
    0x0AA6, 0xE5C9,
    0x0AA8, 0xB0F9,
    0x0AAA, 0xBBED,
    0x0AAC, 0x6B86,
    0x0AAE, 0xA80D,
    0x0AB0, 0x86C0,
    0x0AB2, 0x504A,
    0x0AB4, 0x8FB2,
    0x0AB6, 0x241E,
    0x0AB8, 0x2846,
    0x0ABA, 0xE2FA,
    0x0ABC, 0x3BBA,
    0x0ABE, 0xFE7E,
    0x0AC0, 0x570C,
    0x0AC2, 0x5C79,
    0x0AC4, 0xE760,
    0x0AC6, 0xB907,
    0x0AC8, 0x56E7,
    0x0ACA, 0xF28D,
    0x0ACC, 0x14CA,
    0x0ACE, 0xCC96,
    0x0AD0, 0x08E8,
    0x0AD2, 0xCAF4,
    0x0AD4, 0x6A20,
    0x0AD6, 0x4596,
    0x0AD8, 0xB98D,
    0x0ADA, 0x76DC,
    0x0ADC, 0x5D7E,
    0x0ADE, 0x8B4E,
    0x0AE0, 0xCBA3,
    0x0AE2, 0x1CD4,
    0x0AE4, 0xA79F,
    0x0AE6, 0x84A1,
    0x0AE8, 0x740C,
    0x0AEA, 0xADAC,
    0x0AEC, 0xF4E2,
    0x0AEE, 0xD075,
    0x0AF0, 0xD7A6,
    0x0AF2, 0x5662,
    0x0AF4, 0x11F6,
    0x0AF6, 0x5E30,
    0x0AF8, 0xB948,
    0x0AFA, 0x68DB,
    0x0AFC, 0x83CA,
    0x0AFE, 0xFD26,
    0x0B00, 0xF5C3,
    0x0B02, 0x4AC7,
    0x0B04, 0x5B70,
    0x0B06, 0xBBA6,
    0x0B08, 0x94F2,
    0x0B0A, 0x7A2B,
    0x0B0C, 0x1531,
    0x0B0E, 0xF7D2,
    0x0B10, 0x7629,
    0x0B12, 0x8F0F,
    0x0B14, 0xCD5F,
    0x0B16, 0xFFD7,
    0x0B18, 0x6FBF,
    0x0B1A, 0xF67A,
    0x0B1C, 0x1E4D,
    0x0B1E, 0x4747,
    0x0B20, 0x0C22,
    0x0B22, 0x56D2,
    0x0B24, 0x14D3,
    0x0B26, 0x0478,
    0x0B28, 0x563C,
    0x0B2A, 0x628A,
    0x0B2C, 0xC093,
    0x0B2E, 0x6FC7,
    0x0B30, 0xDCA6,
    0x0B32, 0x04A7,
    0x0B34, 0x084C,
    0x0B36, 0x0D03,
    0x0B38, 0xF932,
    0x0B3A, 0xED35,
    0x0B3C, 0x54B7,
    0x0B3E, 0xBB3E,
    0x0B40, 0x995B,
    0x0B42, 0xF6F5,
    0x0B44, 0xFD9B,
    0x0B46, 0xF3BF,
    0x0B48, 0x8C34,
    0x0B4A, 0x128E,
    0x0B4C, 0x5A63,
    0x0B4E, 0xF890,
    0x0B50, 0x4B75,
    0x0B52, 0xD7AD,
    0x0B54, 0x4191,
    0x0B56, 0xC5E3,
    0x0B58, 0xA121,
    0x0B5A, 0x5049,
    0x0B5C, 0x05F3,
    0x0B5E, 0x650D,
    0x0B60, 0x7478,
    0x0B62, 0x027C,
    0x0B64, 0xE327,
    0x0B66, 0x3405,
    0x0B68, 0x797C,
    0x0B6A, 0x519D,
    0x0B6C, 0xD18A,
    0x0B6E, 0x2267,
    0x0B70, 0x0FA2,
    0x0B72, 0xB074,
    0x0B74, 0x24FE,
    0x0B76, 0xA652,
    0x0B78, 0xF287,
    0x0B7A, 0xBC2F,
    0x0B7C, 0x3BFA,
    0x0B7E, 0x7E01,
    0x0B80, 0xBEFF,
    0x0B82, 0xE338,
    0x0B84, 0xAA77,
    0x0B86, 0x8146,
    0x0B88, 0x42FB,
    0x0B8A, 0x2E1C,
    0x0B8C, 0xD04E,
    0x0B8E, 0xF957,
    0x0B90, 0x7935,
    0x0B92, 0xED19,
    0x0B94, 0xB867,
    0x0B96, 0x9A37,
    0x0B98, 0xE097,
    0x0B9A, 0x783E,
    0x0B9C, 0xFC6B,
    0x0B9E, 0xC664,
    0x0BA0, 0x6D3A,
    0x0BA2, 0xAE04,
    0x0BA4, 0x30FA,
    0x0BA6, 0x1D70,
    0x0BA8, 0x25D4,
    0x0BAA, 0xA388,
    0x0BAC, 0xF208,
    0x0BAE, 0xE7C8,
    0x0BB0, 0xD4E6,
    0x0BB2, 0xA14D,
    0x0BB4, 0x38F4,
    0x0BB6, 0x5901,
    0x0BB8, 0xDBB4,
    0x0BBA, 0x5FDC,
    0x0BBC, 0x9809,
    0x0BBE, 0x8981,
    0x0BC0, 0x20B0,
    0x0BC2, 0xCE90,
    0x0BC4, 0x4809,
    0x0BC6, 0xB13E,
    0x0BC8, 0x7C51,
    0x0BCA, 0xCC6C,
    0x0BCC, 0x77A0,
    0x0BCE, 0x1275,
    0x0BD0, 0xAF83,
    0x0BD2, 0xB843,
    0x0BD4, 0xCB54,
    0x0BD6, 0x233F,
    0x0BD8, 0x030E,
    0x0BDA, 0xEECE,
    0x0BDC, 0x0ACA,
    0x0BDE, 0x7E0B,
    0x0BE0, 0x2C47,
    0x0BE2, 0x6D5E,
    0x0BE4, 0x250B,
    0x0BE6, 0x568A,
    0x0BE8, 0xEE97,
    0x0BEA, 0xD0A1,
    0x0BEC, 0xE5A3,
    0x0BEE, 0x78FA,
    0x0BF0, 0xAC53,
    0x0BF2, 0x5293,
    0x0BF4, 0x0B02,
    0x0BF6, 0xCF05,
    0x0BF8, 0xC170,
    0x0BFA, 0x8786,
    0x0BFC, 0x7B9C,
    0x0BFE, 0x8470,
    0x0C00, 0xCB07,
    0x0C02, 0x1768,
    0x0C04, 0xA8F0,
    0x0C06, 0x71E0,
    0x0C08, 0xA9C5,
    0x0C0A, 0xB959,
    0x0C0C, 0x019A,
    0x0C0E, 0xD03C,
    0x0C10, 0x41F9,
    0x0C12, 0x5414,
    0x0C14, 0x3BD0,
    0x0C16, 0xA82F,
    0x0C18, 0xE5FE,
    0x0C1A, 0xEA2A,
    0x0C1C, 0x485A,
    0x0C1E, 0x8348,
    0x0C20, 0xB5CB,
    0x0C22, 0x98B1,
    0x0C24, 0x5C61,
    0x0C26, 0xA744,
    0x0C28, 0x802D,
    0x0C2A, 0xB853,
    0x0C2C, 0x26B6,
    0x0C2E, 0xE38A,
    0x0C30, 0x1DBB,
    0x0C32, 0xA10B,
    0x0C34, 0xF54C,
    0x0C36, 0x6867,
    0x0C38, 0x30CA,
    0x0C3A, 0x3F0F,
    0x0C3C, 0x9143,
    0x0C3E, 0x0EFA,
    0x0C40, 0xE81F,
    0x0C42, 0xAA4F,
    0x0C44, 0x4A7D,
    0x0C46, 0x2844,
    0x0C48, 0xCE1E,
    0x0C4A, 0x052C,
    0x0C4C, 0xF051,
    0x0C4E, 0xE944,
    0x0C50, 0x3705,
    0x0C52, 0x9140,
    0x0C54, 0x5C94,
    0x0C56, 0x26D7,
    0x0C58, 0x819D,
    0x0C5A, 0x40D5,
    0x0C5C, 0x1C3E,
    0x0C5E, 0xEDD9,
    0x0C60, 0x77DB,
    0x0C62, 0xB025,
    0x0C64, 0xB811,
    0x0C66, 0x6D27,
    0x0C68, 0xCB8C,
    0x0C6A, 0x5F00,
    0xFCFC, 0x4000,
};

/*05_OceanChangjiang_UW_JN5_Fdsum_4096x3072_30.1fps_3056Mbps*/
static u16 cj_hhuwide_preview_setting[] = {
    0xFCFC, 0x4000,
    0x6170, 0xFFFF,
    0x6180, 0x0000,
    0x6190, 0x0000,
    0x6200, 0xFFFF,
    0x6202, 0xFFFF,
    0x6204, 0x0000,
    0x6206, 0x0000,
    0x6208, 0x0000,
    0xA100, 0xFFFF,
    0xA102, 0x0000,
    0xA104, 0x0000,
    0xFCFC, 0x4001,
    0x0100, 0xFFFF,
    0x0102, 0xFFFF,
    0x0104, 0x0000,
    0x0106, 0x0000,
    0x0108, 0x0000,
    0xFCFC, 0x4000,
    0x8100, 0xFFFF,
    0x8104, 0x0000,
    0x8108, 0x0000,
    0x0B30, 0x01FF,
    0xFCFC, 0x2000,
    0x7806, 0x0001,
    0x7808, 0x2408,
    0xFCFC, 0x4000,
    0x0344, 0x0000,
    0x0348, 0x201F,
    0x0346, 0x0000,
    0x034A, 0x181F,
    0x034C, 0x1000,
    0x034E, 0x0C00,
    0x0350, 0x0008,
    0x0352, 0x0008,
    0x0340, 0x1908,
    0x0342, 0x12B0,
    0x0136, 0x1800,
    0x013E, 0x0000,
    0x0304, 0x0003,
    0x0306, 0x00E6,
    0x030C, 0x0000,
    0x030E, 0x0003,
    0x0310, 0x00B2,
    0x0312, 0x0000,
    0x031A, 0x0003,
    0x031C, 0x0028,
    0x031E, 0x0002,
    0x0202, 0x0014,
    0x0226, 0x0014,
    0x022C, 0x0014,
    0x0702, 0x0000,
    0x0704, 0x0000,
    0x0114, 0x0301,
    0x0118, 0x0004,
    0x011A, 0x0001,
    0x011C, 0x0100,
    0xFCFC, 0x2000,
    0xB176, 0x0602,
    0xB178, 0x0000,
    0x7996, 0x0101,
    0x7994, 0x2020,
    0xFCFC, 0x4000,
    0x0900, 0x2222,
    0x0380, 0x0002,
    0x0382, 0x0002,
    0x0384, 0x0002,
    0x0386, 0x0002,
    0x040C, 0x0000,
    0x0400, 0x1010,
    0x0408, 0x0100,
    0x040A, 0x0100,
    0xFCFC, 0x2000,
    0xD1F6, 0x3A00,
    0xD20C, 0x0908,
    0xD314, 0x2002,
    0xD27A, 0x0500,
    0xD3F0, 0xB01C,
    0xD410, 0x4802,
    0xD426, 0xD204,
    0xD43C, 0x0140,
    0xD412, 0xD204,
    0xD428, 0xEA0A,
    0xD43E, 0x0140,
    0xFCFC, 0x4000,
    0x0260, 0x0101,
    0x0262, 0x0000,
    0x0264, 0x0306,
    0x0266, 0x0700,
    0x0112, 0x0A0A,
    0x0270, 0x2B2B,
    0x0272, 0x2B10,
    0x0274, 0x302B,
    0xFCFC, 0x2001,
    0x44C6, 0x0000,
    0xFCFC, 0x4000,
    0x0B02, 0x0102,
    0x0720, 0x0001,
    0x0722, 0x0800,
    0x0724, 0x0000,
    0x0728, 0x0000,
    0x072A, 0x0000,
    0x072C, 0x0000,
    0x072E, 0x0000,
    0xFCFC, 0x2001,
    0x3132, 0x0200,
    0xFCFC, 0x4000,
    0x021E, 0x0000,
    0x0228, 0x0100,
    0xFCFC, 0x2001,
    0x31D0, 0x0000,
    0x5A70, 0x0000,
    0xFCFC, 0x2000,
    0xDC94, 0x0103,
    0xEF80, 0x0000,
    0x23F0, 0x0001,
    0xF288, 0x0000,
    0xFCFC, 0x2001,
    0x2A30, 0x01FF,
    0x4270, 0x0000,
    0x29BA, 0x2000,
    0x29A8, 0x0100,
    0xFCFC, 0x4000,
    0x0B04, 0x0001,
    0x0B06, 0x0101,
    0x0B08, 0x0100,
    0x0B0A, 0x0101,
    0x0B0C, 0x0100,
    0xFCFC, 0x2000,
    0xC4E0, 0x0100,
    0xC4F6, 0x0000,
    0xC4E2, 0x0000,
    0xC53C, 0x0500,
    0xC544, 0x0005,
    0xC53E, 0x0000,
    0xB23C, 0x6060,
    0xB242, 0x6060,
    0xC554, 0x0010,
    0xC556, 0x0000,
    0xFCFC, 0x2001,
    0x2920, 0x0100,
    0x31F8, 0x0000,
    0x31FA, 0x0000,
    0xFCFC, 0x2000,
    0xD856, 0x0507,
    0xD6D4, 0x0000,
    0x799A, 0x0000,
    0xD8A2, 0x0100,
    0xFCFC, 0x4000,
    0x020A, 0x0000,
    0xFCFC, 0x2000,
    0x78C0, 0x0101,
    0x22C2, 0x0600,
    0x22C4, 0xFF1F,
    0x22EC, 0x1F00,
    0x2306, 0xFF3F,
    0x2314, 0xFF00,
    0x2354, 0x0300,
    0xFCFC, 0x4000,
    0x0936, 0x0000,
    0x0C40, 0x0000,
    0xFCFC, 0x2000,
    0x68DE, 0x0000,
    0xFCFC, 0x2001,
    0x2540, 0x0200,
    0x25E0, 0x0100,
    0x25E2, 0x0000,
    0xFCFC, 0x2000,
    0xD718, 0x0002,
    0xBF30, 0x0000,
    0xFCFC, 0x2001,
    0x3C42, 0x0000,
    0x3C46, 0xEB05,
    0x3C52, 0x4006,
    0xFCFC, 0x2000,
    0xD326, 0x0110,
    0xD3EC, 0xB01C,
    0xFCFC, 0x2001,
    0x195E, 0x0100,
    0x1966, 0x0000,
    0xFCFC, 0x4000,
    0x0086, 0x1400,
    0xFCFC, 0x2000,
    0xE980, 0x9E04,
    0xC4D8, 0x2000,
    0x795A, 0x2000,
    0x7970, 0x2000,
    0xFCFC, 0x2002,
    0x849E, 0x0000,
    0x84A0, 0x0000,
    0x84A2, 0x0005,
    0xFCFC, 0x2001,
    0x2BB2, 0x1000,
    0x2D32, 0x0010,
    0xFCFC, 0x2000,
    0x703C, 0x0101,
    0x7046, 0x7F02,
    0x7058, 0x8002,
    0x71D4, 0x3F00,
    0x71D6, 0x3D00,
    0x71D8, 0x84F3,
    0x71DA, 0x0040,
    0x7048, 0x1F02,
    0x705A, 0x2002,
    0x7274, 0x0B00,
    0x7276, 0x0B00,
    0x7278, 0x36D2,
    0x727A, 0x0040,
    0x727C, 0x0000,
    0x727E, 0x0000,
    0x7280, 0x0000,
    0x7282, 0x0000,
    0x703E, 0x0100,
    0x704A, 0x000A,
    0x705C, 0x010A,
    0x7314, 0x2E00,
    0x7316, 0x3000,
    0x7318, 0x9EFD,
    0x731A, 0x0040,
    0xBEDC, 0xC526,
    0xBEDE, 0x903E,
    0xBEE0, 0xC00F,
    0xBEE2, 0x0008,
    0xBEE4, 0x0C00,
    0xBEE6, 0x8000,
    0xFCFC, 0x2001,
    0x2A54, 0x0000,
    0x2A56, 0x0400,
    0x2A42, 0x0100,
    0x2A44, 0x3907,
    0x2A46, 0x0000,
    0xFCFC, 0x2000,
    0xD704, 0x0278,
    0x7A0E, 0x0F00,
    0x7A6E, 0x1900,
    0x7A86, 0x1900,
    0x8C9E, 0x3500,
    0x8CCE, 0x9600,
    0x7A10, 0x0F00,
    0x7A70, 0x1900,
    0x7A88, 0x1900,
    0x8CA0, 0x3500,
    0x8CD0, 0x9600,
    0xB224, 0x0103,
    0xB226, 0x0000,
    0xB220, 0x0103,
    0x7A12, 0x0F00,
    0x7A72, 0x1900,
    0x7A8A, 0x1900,
    0x8CA2, 0x7000,
    0x8CD2, 0xBE00,
    0x7EE6, 0x2C00,
    0x7EF2, 0x2C00,
    0x7EFE, 0x6400,
    0x7F0A, 0x5800,
    0x8D0E, 0x0000,
    0x9032, 0x0000,
    0x903E, 0x0000,
    0x7A14, 0x0F00,
    0x7A74, 0x1900,
    0x7A8C, 0x1900,
    0x8CA4, 0x3500,
    0x7F0E, 0x5800,
    0x8CD6, 0x9600,
    0x7BDA, 0x4C00,
    0xD49C, 0x2100,
    0xD4D0, 0x0A00,
    0xD4A8, 0x0000,
    0xD4D6, 0x1A00,
    0xD4E2, 0x3200,
    0xD4BC, 0x3F00,
    0xD4B0, 0x7003,
    0xD4C8, 0x0100,
    0xD624, 0x0000,
    0xD62E, 0x0000,
    0xD638, 0x0000,
    0xD4EA, 0x0100,
    0xD554, 0xC400,
    0xD556, 0xFA00,
    0xD560, 0x5203,
    0xD562, 0x8803,
    0xD4DA, 0x0000,
    0xD4E6, 0x0100,
    0xD4C0, 0x1400,
    0xD4B4, 0x0100,
    0xD4CC, 0x0000,
    0xD5BC, 0x0000,
    0xD5BE, 0x0000,
    0xD5C8, 0x0000,
    0xD5CA, 0x0000,
    0xD4D2, 0x0000,
    0xD4DE, 0x0100,
    0xD4B8, 0x1400,
    0xD4AC, 0x0100,
    0xD4C4, 0x0000,
    0xD4EC, 0x0000,
    0xD4EE, 0x0000,
    0xD4F8, 0x0000,
    0xD4FA, 0x0000,
    0xBF78, 0x5333,
    0xD896, 0x0000,
    0xFCFC, 0x2001,
    0x1C24, 0x0002,
    0x1C26, 0x8001,
    0x1C28, 0x8004,
    0x1C2A, 0x2010,
    0x1C2C, 0x2010,
    0x1C2E, 0x0005,
    0x1C30, 0x00A0,
    0x1C32, 0x2810,
    0x1C34, 0x2810,
    0x1C4E, 0x8001,
    0x1C50, 0x8004,
    0x1C52, 0x0010,
    0x1C54, 0x0010,
    0x1C56, 0x0005,
    0x1C58, 0x00A0,
    0x1C5A, 0x2810,
    0x1C5C, 0x2810,
    0x1C5E, 0x0000,
    0x1C60, 0x0000,
    0x1C62, 0x0000,
    0x1C64, 0x0000,
    0x1C66, 0x0000,
    0x1C68, 0x0000,
    0x1C6A, 0x0000,
    0x1C6C, 0x0000,
    0x1C76, 0x8001,
    0x1C78, 0x8004,
    0x1C7A, 0x2010,
    0x1C7C, 0x2010,
    0x1C7E, 0x0005,
    0x1C80, 0x00A0,
    0x1C82, 0x2810,
    0x1C84, 0x2810,
    0x1C86, 0x0000,
    0x1C88, 0x0000,
    0x1C8A, 0x0000,
    0x1C8C, 0x0000,
    0x1C8E, 0x0000,
    0x1C90, 0x0000,
    0x1C92, 0x0000,
    0x1C94, 0x0000,
    0x1C9E, 0x8001,
    0x1CA0, 0x8004,
    0x1CA2, 0x2010,
    0x1CA4, 0x2010,
    0x1CA6, 0x0005,
    0x1CA8, 0x00A0,
    0x1CAA, 0x2810,
    0x1CAC, 0x2810,
    0x1CC6, 0x8001,
    0x1CC8, 0x8004,
    0x1CCA, 0x2010,
    0x1CCC, 0x2010,
    0x1CCE, 0x0005,
    0x1CD0, 0x00A0,
    0x1CD2, 0x2810,
    0x1CD4, 0x2810,
    0x1CEE, 0x8001,
    0x1CF0, 0x8004,
    0x1CF2, 0x0010,
    0x1CF4, 0x0010,
    0x1CF6, 0x0005,
    0x1CF8, 0x00A0,
    0x1CFA, 0x2810,
    0x1CFC, 0x2810,
    0x1CFE, 0x0000,
    0x1D00, 0x0000,
    0x1D02, 0x0000,
    0x1D04, 0x0000,
    0x1D06, 0x0000,
    0x1D08, 0x0000,
    0x1D0A, 0x0000,
    0x1D0C, 0x0000,
    0x1D16, 0x8001,
    0x1D18, 0x8004,
    0x1D1A, 0x2010,
    0x1D1C, 0x2010,
    0x1D1E, 0x0005,
    0x1D20, 0x00A0,
    0x1D22, 0x2810,
    0x1D24, 0x2810,
    0x1D26, 0x0000,
    0x1D28, 0x0000,
    0x1D2A, 0x0000,
    0x1D2C, 0x0000,
    0x1D2E, 0x0000,
    0x1D30, 0x0000,
    0x1D32, 0x0000,
    0x1D34, 0x0000,
    0x1D3E, 0x8001,
    0x1D40, 0x8004,
    0x1D42, 0x2010,
    0x1D44, 0x2010,
    0x1D46, 0x0005,
    0x1D48, 0x00A0,
    0x1D4A, 0x2810,
    0x1D4C, 0x2810,
    0xFCFC, 0x2000,
    0xB21E, 0x0000,
    0xB222, 0xC000,
    0xB20C, 0x2E00,
    0xB21A, 0x0402,
    0xB378, 0x0100,
    0xDD70, 0x0000,
    0xDE38, 0x0000,
    0xFCFC, 0x2002,
    0xA574, 0x0155,
    0xA59C, 0xA2FD,
    0xA59E, 0xFEFE,
    0xA576, 0x4000,
    0xA588, 0x0E00,
    0xA578, 0x8000,
    0xA58A, 0x2000,
    0xA57A, 0xA000,
    0xA58C, 0x2800,
    0xA57C, 0x4001,
    0xA58E, 0x1400,
    0xA57E, 0x8002,
    0xA590, 0x2200,
    0xA580, 0x0005,
    0xA592, 0x2800,
    0xA582, 0x000A,
    0xA594, 0x2C00,
    0xA584, 0xA00F,
    0xA596, 0x2E00,
    0xA586, 0x4011,
    0xA598, 0x3200,
    0xA59A, 0x3500,
    0xA548, 0x00EA,
    0xA570, 0x0000,
    0xA54A, 0x0000,
    0xA54C, 0x0000,
    0xA54E, 0x0000,
    0xA550, 0x0000,
    0xA552, 0x0000,
    0xA554, 0x0000,
    0xA556, 0x0000,
    0xA55C, 0x0000,
    0xA55E, 0x0000,
    0xA560, 0x0000,
    0xA562, 0x0000,
    0xA564, 0x0000,
    0xA566, 0x0000,
    0xA568, 0x0000,
    0xA56A, 0x0000,
    0xFCFC, 0x2001,
    0x1D96, 0x0000,
    0x1D98, 0x0000,
    0x1DA6, 0x0000,
    0x1DA8, 0x0000,
    0x1D72, 0x0000,
    0x1D74, 0x0000,
    0x1D82, 0x0000,
    0x1D84, 0x0000,
    0x1D92, 0x0000,
    0x1D94, 0x0000,
    0x1DA2, 0x0000,
    0x1DA4, 0x0000,
    0x1D76, 0x0000,
    0x1D78, 0x0000,
    0x1D86, 0x0000,
    0x1D88, 0x0000,
    0x1E16, 0x0C00,
    0x1E18, 0x0C00,
    0x1E26, 0x0C00,
    0x1E28, 0x0C00,
    0x1DF2, 0x0800,
    0x1DF4, 0x0800,
    0x1E02, 0x0800,
    0x1E04, 0x0800,
    0x1E12, 0x0C00,
    0x1E14, 0x0C00,
    0x1E22, 0x0C00,
    0x1E24, 0x0C00,
    0x1DF6, 0x0800,
    0x1DF8, 0x0800,
    0x1E06, 0x0800,
    0x1E08, 0x0800,
    0xFCFC, 0x2000,
    0x82BA, 0x3300,
    0x82A2, 0x1400,
    0xFCFC, 0x2001,
    0x427C, 0x2000,
    0x4280, 0x1000,
    0x4362, 0x0100,
    0x43AA, 0x0000,
    0x43AC, 0x0000,
    0x43C6, 0x0114,
    0x43B4, 0x0000,
    0x43B6, 0x0000,
    0x4396, 0x0B00,
    0x4398, 0x0B00,
    0x437E, 0xE400,
    0xFCFC, 0x2000,
    0xB322, 0x0101,
    0xB324, 0x0100,
    0xB330, 0x2828,
    0xB34A, 0x2828,
    0xB360, 0x2828,
    0xFCFC, 0x2001,
    0x4292, 0x0000,
    0x4364, 0x0000,
    0x4366, 0x0000,
    0x4370, 0x0000,
    0x4290, 0x0100,
    0xFCFC, 0x2002,
    0x84C4, 0x012D,
    0x84A4, 0x0000,
    0xFCFC, 0x2000,
    0xD684, 0x80F3,
    0xB268, 0x80F3,
    0xF09A, 0x00FF,
    0xF2E0, 0x0000,
    0xF372, 0x0000,
    0xF0AA, 0xFFFF,
    0xF0AC, 0xFFFF,
    0xF2EA, 0x4000,
    0xDADA, 0x0001,
    0xDB3C, 0xD2FD,
    0xDADC, 0x0000,
    0xDB0C, 0x1F1F,
    0xDB3E, 0x12D2,
    0xDADE, 0x0000,
    0xDB0E, 0x0080,
    0xDB40, 0x12D2,
    0xDAE0, 0xA000,
    0xDB10, 0x0040,
    0xDB42, 0x12D2,
    0xDAE2, 0x0001,
    0xDB12, 0x0020,
    0xDB44, 0x12D2,
    0xDAE4, 0x0005,
    0xDB14, 0x0040,
    0xDB46, 0x12D2,
    0xDAE6, 0x4011,
    0xDB16, 0x0060,
    0xDBCC, 0x0000,
    0xDB6C, 0x0000,
    0xDB9C, 0x0000,
    0xDBCE, 0x0000,
    0xDB6E, 0x0000,
    0xDB9E, 0x0000,
    0xDBD0, 0x0000,
    0xDB70, 0x0000,
    0xDBA0, 0x0000,
    0xDBD2, 0x0000,
    0xDB72, 0x0000,
    0xDBA2, 0x0000,
    0xDBD4, 0x0000,
    0xDB74, 0x0000,
    0xDBA4, 0x0000,
    0xDBD6, 0x0000,
    0xDB76, 0x0000,
    0xDBA6, 0x0000,
    0xF370, 0x0203,
    0xF3E4, 0x0301,
    0xF3F4, 0xC800,
    0xF3F6, 0xD610,
    0xF014, 0x0700,
    0xB270, 0x8708,
    0xB266, 0xC004,
    0xD682, 0xC004,
    0xBF16, 0x0BAA,
    0xF698, 0x0101,
    0xDC8C, 0x3F0B,
    0xFCFC, 0x4000,
    0x0808, 0x0201,
    0x0E00, 0x0003,
};

/*05_OceanChangjiang_UW_JN5_Fdsum_4096x3072_30.1fps_3056Mbps*/
static u16 cj_hhuwide_capture_setting[] = {
    0xFCFC, 0x4000,
    0x6170, 0xFFFF,
    0x6180, 0x0000,
    0x6190, 0x0000,
    0x6200, 0xFFFF,
    0x6202, 0xFFFF,
    0x6204, 0x0000,
    0x6206, 0x0000,
    0x6208, 0x0000,
    0xA100, 0xFFFF,
    0xA102, 0x0000,
    0xA104, 0x0000,
    0xFCFC, 0x4001,
    0x0100, 0xFFFF,
    0x0102, 0xFFFF,
    0x0104, 0x0000,
    0x0106, 0x0000,
    0x0108, 0x0000,
    0xFCFC, 0x4000,
    0x8100, 0xFFFF,
    0x8104, 0x0000,
    0x8108, 0x0000,
    0x0B30, 0x01FF,
    0xFCFC, 0x2000,
    0x7806, 0x0001,
    0x7808, 0x2408,
    0xFCFC, 0x4000,
    0x0344, 0x0000,
    0x0348, 0x201F,
    0x0346, 0x0000,
    0x034A, 0x181F,
    0x034C, 0x1000,
    0x034E, 0x0C00,
    0x0350, 0x0008,
    0x0352, 0x0008,
    0x0340, 0x1908,
    0x0342, 0x12B0,
    0x0136, 0x1800,
    0x013E, 0x0000,
    0x0304, 0x0003,
    0x0306, 0x00E6,
    0x030C, 0x0000,
    0x030E, 0x0003,
    0x0310, 0x00B2,
    0x0312, 0x0000,
    0x031A, 0x0003,
    0x031C, 0x0028,
    0x031E, 0x0002,
    0x0202, 0x0014,
    0x0226, 0x0014,
    0x022C, 0x0014,
    0x0702, 0x0000,
    0x0704, 0x0000,
    0x0114, 0x0301,
    0x0118, 0x0004,
    0x011A, 0x0001,
    0x011C, 0x0100,
    0xFCFC, 0x2000,
    0xB176, 0x0602,
    0xB178, 0x0000,
    0x7996, 0x0101,
    0x7994, 0x2020,
    0xFCFC, 0x4000,
    0x0900, 0x2222,
    0x0380, 0x0002,
    0x0382, 0x0002,
    0x0384, 0x0002,
    0x0386, 0x0002,
    0x040C, 0x0000,
    0x0400, 0x1010,
    0x0408, 0x0100,
    0x040A, 0x0100,
    0xFCFC, 0x2000,
    0xD1F6, 0x3A00,
    0xD20C, 0x0908,
    0xD314, 0x2002,
    0xD27A, 0x0500,
    0xD3F0, 0xB01C,
    0xD410, 0x4802,
    0xD426, 0xD204,
    0xD43C, 0x0140,
    0xD412, 0xD204,
    0xD428, 0xEA0A,
    0xD43E, 0x0140,
    0xFCFC, 0x4000,
    0x0260, 0x0101,
    0x0262, 0x0000,
    0x0264, 0x0306,
    0x0266, 0x0700,
    0x0112, 0x0A0A,
    0x0270, 0x2B2B,
    0x0272, 0x2B10,
    0x0274, 0x302B,
    0xFCFC, 0x2001,
    0x44C6, 0x0000,
    0xFCFC, 0x4000,
    0x0B02, 0x0102,
    0x0720, 0x0001,
    0x0722, 0x0800,
    0x0724, 0x0000,
    0x0728, 0x0000,
    0x072A, 0x0000,
    0x072C, 0x0000,
    0x072E, 0x0000,
    0xFCFC, 0x2001,
    0x3132, 0x0200,
    0xFCFC, 0x4000,
    0x021E, 0x0000,
    0x0228, 0x0100,
    0xFCFC, 0x2001,
    0x31D0, 0x0000,
    0x5A70, 0x0000,
    0xFCFC, 0x2000,
    0xDC94, 0x0103,
    0xEF80, 0x0000,
    0x23F0, 0x0001,
    0xF288, 0x0000,
    0xFCFC, 0x2001,
    0x2A30, 0x01FF,
    0x4270, 0x0000,
    0x29BA, 0x2000,
    0x29A8, 0x0100,
    0xFCFC, 0x4000,
    0x0B04, 0x0001,
    0x0B06, 0x0101,
    0x0B08, 0x0100,
    0x0B0A, 0x0101,
    0x0B0C, 0x0100,
    0xFCFC, 0x2000,
    0xC4E0, 0x0100,
    0xC4F6, 0x0000,
    0xC4E2, 0x0000,
    0xC53C, 0x0500,
    0xC544, 0x0005,
    0xC53E, 0x0000,
    0xB23C, 0x6060,
    0xB242, 0x6060,
    0xC554, 0x0010,
    0xC556, 0x0000,
    0xFCFC, 0x2001,
    0x2920, 0x0100,
    0x31F8, 0x0000,
    0x31FA, 0x0000,
    0xFCFC, 0x2000,
    0xD856, 0x0507,
    0xD6D4, 0x0000,
    0x799A, 0x0000,
    0xD8A2, 0x0100,
    0xFCFC, 0x4000,
    0x020A, 0x0000,
    0xFCFC, 0x2000,
    0x78C0, 0x0101,
    0x22C2, 0x0600,
    0x22C4, 0xFF1F,
    0x22EC, 0x1F00,
    0x2306, 0xFF3F,
    0x2314, 0xFF00,
    0x2354, 0x0300,
    0xFCFC, 0x4000,
    0x0936, 0x0000,
    0x0C40, 0x0000,
    0xFCFC, 0x2000,
    0x68DE, 0x0000,
    0xFCFC, 0x2001,
    0x2540, 0x0200,
    0x25E0, 0x0100,
    0x25E2, 0x0000,
    0xFCFC, 0x2000,
    0xD718, 0x0002,
    0xBF30, 0x0000,
    0xFCFC, 0x2001,
    0x3C42, 0x0000,
    0x3C46, 0xEB05,
    0x3C52, 0x4006,
    0xFCFC, 0x2000,
    0xD326, 0x0110,
    0xD3EC, 0xB01C,
    0xFCFC, 0x2001,
    0x195E, 0x0100,
    0x1966, 0x0000,
    0xFCFC, 0x4000,
    0x0086, 0x1400,
    0xFCFC, 0x2000,
    0xE980, 0x9E04,
    0xC4D8, 0x2000,
    0x795A, 0x2000,
    0x7970, 0x2000,
    0xFCFC, 0x2002,
    0x849E, 0x0000,
    0x84A0, 0x0000,
    0x84A2, 0x0005,
    0xFCFC, 0x2001,
    0x2BB2, 0x1000,
    0x2D32, 0x0010,
    0xFCFC, 0x2000,
    0x703C, 0x0101,
    0x7046, 0x7F02,
    0x7058, 0x8002,
    0x71D4, 0x3F00,
    0x71D6, 0x3D00,
    0x71D8, 0x84F3,
    0x71DA, 0x0040,
    0x7048, 0x1F02,
    0x705A, 0x2002,
    0x7274, 0x0B00,
    0x7276, 0x0B00,
    0x7278, 0x36D2,
    0x727A, 0x0040,
    0x727C, 0x0000,
    0x727E, 0x0000,
    0x7280, 0x0000,
    0x7282, 0x0000,
    0x703E, 0x0100,
    0x704A, 0x000A,
    0x705C, 0x010A,
    0x7314, 0x2E00,
    0x7316, 0x3000,
    0x7318, 0x9EFD,
    0x731A, 0x0040,
    0xBEDC, 0xC526,
    0xBEDE, 0x903E,
    0xBEE0, 0xC00F,
    0xBEE2, 0x0008,
    0xBEE4, 0x0C00,
    0xBEE6, 0x8000,
    0xFCFC, 0x2001,
    0x2A54, 0x0000,
    0x2A56, 0x0400,
    0x2A42, 0x0100,
    0x2A44, 0x3907,
    0x2A46, 0x0000,
    0xFCFC, 0x2000,
    0xD704, 0x0278,
    0x7A0E, 0x0F00,
    0x7A6E, 0x1900,
    0x7A86, 0x1900,
    0x8C9E, 0x3500,
    0x8CCE, 0x9600,
    0x7A10, 0x0F00,
    0x7A70, 0x1900,
    0x7A88, 0x1900,
    0x8CA0, 0x3500,
    0x8CD0, 0x9600,
    0xB224, 0x0103,
    0xB226, 0x0000,
    0xB220, 0x0103,
    0x7A12, 0x0F00,
    0x7A72, 0x1900,
    0x7A8A, 0x1900,
    0x8CA2, 0x7000,
    0x8CD2, 0xBE00,
    0x7EE6, 0x2C00,
    0x7EF2, 0x2C00,
    0x7EFE, 0x6400,
    0x7F0A, 0x5800,
    0x8D0E, 0x0000,
    0x9032, 0x0000,
    0x903E, 0x0000,
    0x7A14, 0x0F00,
    0x7A74, 0x1900,
    0x7A8C, 0x1900,
    0x8CA4, 0x3500,
    0x7F0E, 0x5800,
    0x8CD6, 0x9600,
    0x7BDA, 0x4C00,
    0xD49C, 0x2100,
    0xD4D0, 0x0A00,
    0xD4A8, 0x0000,
    0xD4D6, 0x1A00,
    0xD4E2, 0x3200,
    0xD4BC, 0x3F00,
    0xD4B0, 0x7003,
    0xD4C8, 0x0100,
    0xD624, 0x0000,
    0xD62E, 0x0000,
    0xD638, 0x0000,
    0xD4EA, 0x0100,
    0xD554, 0xC400,
    0xD556, 0xFA00,
    0xD560, 0x5203,
    0xD562, 0x8803,
    0xD4DA, 0x0000,
    0xD4E6, 0x0100,
    0xD4C0, 0x1400,
    0xD4B4, 0x0100,
    0xD4CC, 0x0000,
    0xD5BC, 0x0000,
    0xD5BE, 0x0000,
    0xD5C8, 0x0000,
    0xD5CA, 0x0000,
    0xD4D2, 0x0000,
    0xD4DE, 0x0100,
    0xD4B8, 0x1400,
    0xD4AC, 0x0100,
    0xD4C4, 0x0000,
    0xD4EC, 0x0000,
    0xD4EE, 0x0000,
    0xD4F8, 0x0000,
    0xD4FA, 0x0000,
    0xBF78, 0x5333,
    0xD896, 0x0000,
    0xFCFC, 0x2001,
    0x1C24, 0x0002,
    0x1C26, 0x8001,
    0x1C28, 0x8004,
    0x1C2A, 0x2010,
    0x1C2C, 0x2010,
    0x1C2E, 0x0005,
    0x1C30, 0x00A0,
    0x1C32, 0x2810,
    0x1C34, 0x2810,
    0x1C4E, 0x8001,
    0x1C50, 0x8004,
    0x1C52, 0x0010,
    0x1C54, 0x0010,
    0x1C56, 0x0005,
    0x1C58, 0x00A0,
    0x1C5A, 0x2810,
    0x1C5C, 0x2810,
    0x1C5E, 0x0000,
    0x1C60, 0x0000,
    0x1C62, 0x0000,
    0x1C64, 0x0000,
    0x1C66, 0x0000,
    0x1C68, 0x0000,
    0x1C6A, 0x0000,
    0x1C6C, 0x0000,
    0x1C76, 0x8001,
    0x1C78, 0x8004,
    0x1C7A, 0x2010,
    0x1C7C, 0x2010,
    0x1C7E, 0x0005,
    0x1C80, 0x00A0,
    0x1C82, 0x2810,
    0x1C84, 0x2810,
    0x1C86, 0x0000,
    0x1C88, 0x0000,
    0x1C8A, 0x0000,
    0x1C8C, 0x0000,
    0x1C8E, 0x0000,
    0x1C90, 0x0000,
    0x1C92, 0x0000,
    0x1C94, 0x0000,
    0x1C9E, 0x8001,
    0x1CA0, 0x8004,
    0x1CA2, 0x2010,
    0x1CA4, 0x2010,
    0x1CA6, 0x0005,
    0x1CA8, 0x00A0,
    0x1CAA, 0x2810,
    0x1CAC, 0x2810,
    0x1CC6, 0x8001,
    0x1CC8, 0x8004,
    0x1CCA, 0x2010,
    0x1CCC, 0x2010,
    0x1CCE, 0x0005,
    0x1CD0, 0x00A0,
    0x1CD2, 0x2810,
    0x1CD4, 0x2810,
    0x1CEE, 0x8001,
    0x1CF0, 0x8004,
    0x1CF2, 0x0010,
    0x1CF4, 0x0010,
    0x1CF6, 0x0005,
    0x1CF8, 0x00A0,
    0x1CFA, 0x2810,
    0x1CFC, 0x2810,
    0x1CFE, 0x0000,
    0x1D00, 0x0000,
    0x1D02, 0x0000,
    0x1D04, 0x0000,
    0x1D06, 0x0000,
    0x1D08, 0x0000,
    0x1D0A, 0x0000,
    0x1D0C, 0x0000,
    0x1D16, 0x8001,
    0x1D18, 0x8004,
    0x1D1A, 0x2010,
    0x1D1C, 0x2010,
    0x1D1E, 0x0005,
    0x1D20, 0x00A0,
    0x1D22, 0x2810,
    0x1D24, 0x2810,
    0x1D26, 0x0000,
    0x1D28, 0x0000,
    0x1D2A, 0x0000,
    0x1D2C, 0x0000,
    0x1D2E, 0x0000,
    0x1D30, 0x0000,
    0x1D32, 0x0000,
    0x1D34, 0x0000,
    0x1D3E, 0x8001,
    0x1D40, 0x8004,
    0x1D42, 0x2010,
    0x1D44, 0x2010,
    0x1D46, 0x0005,
    0x1D48, 0x00A0,
    0x1D4A, 0x2810,
    0x1D4C, 0x2810,
    0xFCFC, 0x2000,
    0xB21E, 0x0000,
    0xB222, 0xC000,
    0xB20C, 0x2E00,
    0xB21A, 0x0402,
    0xB378, 0x0100,
    0xDD70, 0x0000,
    0xDE38, 0x0000,
    0xFCFC, 0x2002,
    0xA574, 0x0155,
    0xA59C, 0xA2FD,
    0xA59E, 0xFEFE,
    0xA576, 0x4000,
    0xA588, 0x0E00,
    0xA578, 0x8000,
    0xA58A, 0x2000,
    0xA57A, 0xA000,
    0xA58C, 0x2800,
    0xA57C, 0x4001,
    0xA58E, 0x1400,
    0xA57E, 0x8002,
    0xA590, 0x2200,
    0xA580, 0x0005,
    0xA592, 0x2800,
    0xA582, 0x000A,
    0xA594, 0x2C00,
    0xA584, 0xA00F,
    0xA596, 0x2E00,
    0xA586, 0x4011,
    0xA598, 0x3200,
    0xA59A, 0x3500,
    0xA548, 0x00EA,
    0xA570, 0x0000,
    0xA54A, 0x0000,
    0xA54C, 0x0000,
    0xA54E, 0x0000,
    0xA550, 0x0000,
    0xA552, 0x0000,
    0xA554, 0x0000,
    0xA556, 0x0000,
    0xA55C, 0x0000,
    0xA55E, 0x0000,
    0xA560, 0x0000,
    0xA562, 0x0000,
    0xA564, 0x0000,
    0xA566, 0x0000,
    0xA568, 0x0000,
    0xA56A, 0x0000,
    0xFCFC, 0x2001,
    0x1D96, 0x0000,
    0x1D98, 0x0000,
    0x1DA6, 0x0000,
    0x1DA8, 0x0000,
    0x1D72, 0x0000,
    0x1D74, 0x0000,
    0x1D82, 0x0000,
    0x1D84, 0x0000,
    0x1D92, 0x0000,
    0x1D94, 0x0000,
    0x1DA2, 0x0000,
    0x1DA4, 0x0000,
    0x1D76, 0x0000,
    0x1D78, 0x0000,
    0x1D86, 0x0000,
    0x1D88, 0x0000,
    0x1E16, 0x0C00,
    0x1E18, 0x0C00,
    0x1E26, 0x0C00,
    0x1E28, 0x0C00,
    0x1DF2, 0x0800,
    0x1DF4, 0x0800,
    0x1E02, 0x0800,
    0x1E04, 0x0800,
    0x1E12, 0x0C00,
    0x1E14, 0x0C00,
    0x1E22, 0x0C00,
    0x1E24, 0x0C00,
    0x1DF6, 0x0800,
    0x1DF8, 0x0800,
    0x1E06, 0x0800,
    0x1E08, 0x0800,
    0xFCFC, 0x2000,
    0x82BA, 0x3300,
    0x82A2, 0x1400,
    0xFCFC, 0x2001,
    0x427C, 0x2000,
    0x4280, 0x1000,
    0x4362, 0x0100,
    0x43AA, 0x0000,
    0x43AC, 0x0000,
    0x43C6, 0x0114,
    0x43B4, 0x0000,
    0x43B6, 0x0000,
    0x4396, 0x0B00,
    0x4398, 0x0B00,
    0x437E, 0xE400,
    0xFCFC, 0x2000,
    0xB322, 0x0101,
    0xB324, 0x0100,
    0xB330, 0x2828,
    0xB34A, 0x2828,
    0xB360, 0x2828,
    0xFCFC, 0x2001,
    0x4292, 0x0000,
    0x4364, 0x0000,
    0x4366, 0x0000,
    0x4370, 0x0000,
    0x4290, 0x0100,
    0xFCFC, 0x2002,
    0x84C4, 0x012D,
    0x84A4, 0x0000,
    0xFCFC, 0x2000,
    0xD684, 0x80F3,
    0xB268, 0x80F3,
    0xF09A, 0x00FF,
    0xF2E0, 0x0000,
    0xF372, 0x0000,
    0xF0AA, 0xFFFF,
    0xF0AC, 0xFFFF,
    0xF2EA, 0x4000,
    0xDADA, 0x0001,
    0xDB3C, 0xD2FD,
    0xDADC, 0x0000,
    0xDB0C, 0x1F1F,
    0xDB3E, 0x12D2,
    0xDADE, 0x0000,
    0xDB0E, 0x0080,
    0xDB40, 0x12D2,
    0xDAE0, 0xA000,
    0xDB10, 0x0040,
    0xDB42, 0x12D2,
    0xDAE2, 0x0001,
    0xDB12, 0x0020,
    0xDB44, 0x12D2,
    0xDAE4, 0x0005,
    0xDB14, 0x0040,
    0xDB46, 0x12D2,
    0xDAE6, 0x4011,
    0xDB16, 0x0060,
    0xDBCC, 0x0000,
    0xDB6C, 0x0000,
    0xDB9C, 0x0000,
    0xDBCE, 0x0000,
    0xDB6E, 0x0000,
    0xDB9E, 0x0000,
    0xDBD0, 0x0000,
    0xDB70, 0x0000,
    0xDBA0, 0x0000,
    0xDBD2, 0x0000,
    0xDB72, 0x0000,
    0xDBA2, 0x0000,
    0xDBD4, 0x0000,
    0xDB74, 0x0000,
    0xDBA4, 0x0000,
    0xDBD6, 0x0000,
    0xDB76, 0x0000,
    0xDBA6, 0x0000,
    0xF370, 0x0203,
    0xF3E4, 0x0301,
    0xF3F4, 0xC800,
    0xF3F6, 0xD610,
    0xF014, 0x0700,
    0xB270, 0x8708,
    0xB266, 0xC004,
    0xD682, 0xC004,
    0xBF16, 0x0BAA,
    0xF698, 0x0101,
    0xDC8C, 0x3F0B,
    0xFCFC, 0x4000,
    0x0808, 0x0201,
    0x0E00, 0x0003,
};

/*09_OceanChangjiang_UW_JN5_Fdsum_4096x2304_30fps_3056Mbps*/
static u16 cj_hhuwide_normal_video_setting[] = {
    0xFCFC, 0x4000,
    0x6170, 0xFFFF,
    0x6180, 0x0000,
    0x6190, 0x0000,
    0x6200, 0xFFFF,
    0x6202, 0xFFFF,
    0x6204, 0x0000,
    0x6206, 0x0000,
    0x6208, 0x0000,
    0xA100, 0xFFFF,
    0xA102, 0x0000,
    0xA104, 0x0000,
    0xFCFC, 0x4001,
    0x0100, 0xFFFF,
    0x0102, 0xFFFF,
    0x0104, 0x0000,
    0x0106, 0x0000,
    0x0108, 0x0000,
    0xFCFC, 0x4000,
    0x8100, 0xFFFF,
    0x8104, 0x0000,
    0x8108, 0x0000,
    0x0B30, 0x01FF,
    0xFCFC, 0x2000,
    0x7806, 0x0001,
    0x7808, 0x2408,
    0xFCFC, 0x4000,
    0x0344, 0x0000,
    0x0348, 0x201F,
    0x0346, 0x0300,
    0x034A, 0x151F,
    0x034C, 0x1000,
    0x034E, 0x0900,
    0x0350, 0x0008,
    0x0352, 0x0008,
    0x0340, 0x1908,
    0x0342, 0x12B0,
    0x0136, 0x1800,
    0x013E, 0x0000,
    0x0304, 0x0003,
    0x0306, 0x00E6,
    0x030C, 0x0000,
    0x030E, 0x0003,
    0x0310, 0x00B2,
    0x0312, 0x0000,
    0x031A, 0x0003,
    0x031C, 0x0028,
    0x031E, 0x0002,
    0x0202, 0x0014,
    0x0226, 0x0014,
    0x022C, 0x0014,
    0x0702, 0x0000,
    0x0704, 0x0000,
    0x0114, 0x0301,
    0x0118, 0x0004,
    0x011A, 0x0001,
    0x011C, 0x0100,
    0xFCFC, 0x2000,
    0xB176, 0x0602,
    0xB178, 0x0000,
    0x7996, 0x0101,
    0x7994, 0x2020,
    0xFCFC, 0x4000,
    0x0900, 0x2222,
    0x0380, 0x0002,
    0x0382, 0x0002,
    0x0384, 0x0002,
    0x0386, 0x0002,
    0x040C, 0x0000,
    0x0400, 0x1010,
    0x0408, 0x0100,
    0x040A, 0x0100,
    0xFCFC, 0x2000,
    0xD1F6, 0x3A00,
    0xD20C, 0x0908,
    0xD314, 0x2002,
    0xD27A, 0x0500,
    0xD3F0, 0xB01C,
    0xD410, 0x4802,
    0xD426, 0xD204,
    0xD43C, 0x0140,
    0xD412, 0xD204,
    0xD428, 0xEA0A,
    0xD43E, 0x0140,
    0xFCFC, 0x4000,
    0x0260, 0x0101,
    0x0262, 0x0000,
    0x0264, 0x0306,
    0x0266, 0x0700,
    0x0112, 0x0A0A,
    0x0270, 0x2B2B,
    0x0272, 0x2B10,
    0x0274, 0x302B,
    0xFCFC, 0x2001,
    0x44C6, 0x0000,
    0xFCFC, 0x4000,
    0x0B02, 0x0102,
    0x0720, 0x0001,
    0x0722, 0x0800,
    0x0724, 0x0000,
    0x0728, 0x0000,
    0x072A, 0x0000,
    0x072C, 0x0000,
    0x072E, 0x0000,
    0xFCFC, 0x2001,
    0x3132, 0x0200,
    0xFCFC, 0x4000,
    0x021E, 0x0000,
    0x0228, 0x0100,
    0xFCFC, 0x2001,
    0x31D0, 0x0000,
    0x5A70, 0x0000,
    0xFCFC, 0x2000,
    0xDC94, 0x0103,
    0xEF80, 0x0000,
    0x23F0, 0x0001,
    0xF288, 0x0000,
    0xFCFC, 0x2001,
    0x2A30, 0x01FF,
    0x4270, 0x0000,
    0x29BA, 0x2000,
    0x29A8, 0x0100,
    0xFCFC, 0x4000,
    0x0B04, 0x0001,
    0x0B06, 0x0101,
    0x0B08, 0x0100,
    0x0B0A, 0x0101,
    0x0B0C, 0x0100,
    0xFCFC, 0x2000,
    0xC4E0, 0x0100,
    0xC4F6, 0x0000,
    0xC4E2, 0x0000,
    0xC53C, 0x0500,
    0xC544, 0x0005,
    0xC53E, 0x0000,
    0xB23C, 0x6060,
    0xB242, 0x6060,
    0xC554, 0x0010,
    0xC556, 0x0000,
    0xFCFC, 0x2001,
    0x2920, 0x0100,
    0x31F8, 0x0000,
    0x31FA, 0x0000,
    0xFCFC, 0x2000,
    0xD856, 0x0507,
    0xD6D4, 0x0000,
    0x799A, 0x0000,
    0xD8A2, 0x0100,
    0xFCFC, 0x4000,
    0x020A, 0x0000,
    0xFCFC, 0x2000,
    0x78C0, 0x0101,
    0x22C2, 0x0600,
    0x22C4, 0xFF1F,
    0x22EC, 0x1F00,
    0x2306, 0xFF3F,
    0x2314, 0xFF00,
    0x2354, 0x0300,
    0xFCFC, 0x4000,
    0x0936, 0x0000,
    0x0C40, 0x0000,
    0xFCFC, 0x2000,
    0x68DE, 0x0000,
    0xFCFC, 0x2001,
    0x2540, 0x0200,
    0x25E0, 0x0100,
    0x25E2, 0x0000,
    0xFCFC, 0x2000,
    0xD718, 0x0002,
    0xBF30, 0x0000,
    0xFCFC, 0x2001,
    0x3C42, 0x0000,
    0x3C46, 0xEB05,
    0x3C52, 0x4006,
    0xFCFC, 0x2000,
    0xD326, 0x0110,
    0xD3EC, 0xB01C,
    0xFCFC, 0x2001,
    0x195E, 0x0100,
    0x1966, 0x0000,
    0xFCFC, 0x4000,
    0x0086, 0x1400,
    0xFCFC, 0x2000,
    0xE980, 0x9E04,
    0xC4D8, 0x2000,
    0x795A, 0x2000,
    0x7970, 0x2000,
    0xFCFC, 0x2002,
    0x849E, 0x0000,
    0x84A0, 0x0000,
    0x84A2, 0x0005,
    0xFCFC, 0x2001,
    0x2BB2, 0x1000,
    0x2D32, 0x0010,
    0xFCFC, 0x2000,
    0x703C, 0x0101,
    0x7046, 0x7F02,
    0x7058, 0x8002,
    0x71D4, 0x3F00,
    0x71D6, 0x3D00,
    0x71D8, 0x84F3,
    0x71DA, 0x0040,
    0x7048, 0x1F02,
    0x705A, 0x2002,
    0x7274, 0x0B00,
    0x7276, 0x0B00,
    0x7278, 0x36D2,
    0x727A, 0x0040,
    0x727C, 0x0000,
    0x727E, 0x0000,
    0x7280, 0x0000,
    0x7282, 0x0000,
    0x703E, 0x0100,
    0x704A, 0x000A,
    0x705C, 0x010A,
    0x7314, 0x2E00,
    0x7316, 0x3000,
    0x7318, 0x9EFD,
    0x731A, 0x0040,
    0xBEDC, 0xC526,
    0xBEDE, 0x903E,
    0xBEE0, 0xC00F,
    0xBEE2, 0x0008,
    0xBEE4, 0x0C00,
    0xBEE6, 0x8000,
    0xFCFC, 0x2001,
    0x2A54, 0x0000,
    0x2A56, 0x0400,
    0x2A42, 0x0100,
    0x2A44, 0x3907,
    0x2A46, 0x0000,
    0xFCFC, 0x2000,
    0xD704, 0x0278,
    0x7A0E, 0x0F00,
    0x7A6E, 0x1900,
    0x7A86, 0x1900,
    0x8C9E, 0x3500,
    0x8CCE, 0x9600,
    0x7A10, 0x0F00,
    0x7A70, 0x1900,
    0x7A88, 0x1900,
    0x8CA0, 0x3500,
    0x8CD0, 0x9600,
    0xB224, 0x0103,
    0xB226, 0x0000,
    0xB220, 0x0103,
    0x7A12, 0x0F00,
    0x7A72, 0x1900,
    0x7A8A, 0x1900,
    0x8CA2, 0x7000,
    0x8CD2, 0xBE00,
    0x7EE6, 0x2C00,
    0x7EF2, 0x2C00,
    0x7EFE, 0x6400,
    0x7F0A, 0x5800,
    0x8D0E, 0x0000,
    0x9032, 0x0000,
    0x903E, 0x0000,
    0x7A14, 0x0F00,
    0x7A74, 0x1900,
    0x7A8C, 0x1900,
    0x8CA4, 0x3500,
    0x7F0E, 0x5800,
    0x8CD6, 0x9600,
    0x7BDA, 0x4C00,
    0xD49C, 0x2100,
    0xD4D0, 0x0A00,
    0xD4A8, 0x0000,
    0xD4D6, 0x1A00,
    0xD4E2, 0x3200,
    0xD4BC, 0x3F00,
    0xD4B0, 0x7003,
    0xD4C8, 0x0100,
    0xD624, 0x0000,
    0xD62E, 0x0000,
    0xD638, 0x0000,
    0xD4EA, 0x0100,
    0xD554, 0xC400,
    0xD556, 0xFA00,
    0xD560, 0x5203,
    0xD562, 0x8803,
    0xD4DA, 0x0000,
    0xD4E6, 0x0100,
    0xD4C0, 0x1400,
    0xD4B4, 0x0100,
    0xD4CC, 0x0000,
    0xD5BC, 0x0000,
    0xD5BE, 0x0000,
    0xD5C8, 0x0000,
    0xD5CA, 0x0000,
    0xD4D2, 0x0000,
    0xD4DE, 0x0100,
    0xD4B8, 0x1400,
    0xD4AC, 0x0100,
    0xD4C4, 0x0000,
    0xD4EC, 0x0000,
    0xD4EE, 0x0000,
    0xD4F8, 0x0000,
    0xD4FA, 0x0000,
    0xBF78, 0x5333,
    0xD896, 0x0000,
    0xFCFC, 0x2001,
    0x1C24, 0x0002,
    0x1C26, 0x8001,
    0x1C28, 0x8004,
    0x1C2A, 0x2010,
    0x1C2C, 0x2010,
    0x1C2E, 0x0005,
    0x1C30, 0x00A0,
    0x1C32, 0x2810,
    0x1C34, 0x2810,
    0x1C4E, 0x8001,
    0x1C50, 0x8004,
    0x1C52, 0x0010,
    0x1C54, 0x0010,
    0x1C56, 0x0005,
    0x1C58, 0x00A0,
    0x1C5A, 0x2810,
    0x1C5C, 0x2810,
    0x1C5E, 0x0000,
    0x1C60, 0x0000,
    0x1C62, 0x0000,
    0x1C64, 0x0000,
    0x1C66, 0x0000,
    0x1C68, 0x0000,
    0x1C6A, 0x0000,
    0x1C6C, 0x0000,
    0x1C76, 0x8001,
    0x1C78, 0x8004,
    0x1C7A, 0x2010,
    0x1C7C, 0x2010,
    0x1C7E, 0x0005,
    0x1C80, 0x00A0,
    0x1C82, 0x2810,
    0x1C84, 0x2810,
    0x1C86, 0x0000,
    0x1C88, 0x0000,
    0x1C8A, 0x0000,
    0x1C8C, 0x0000,
    0x1C8E, 0x0000,
    0x1C90, 0x0000,
    0x1C92, 0x0000,
    0x1C94, 0x0000,
    0x1C9E, 0x8001,
    0x1CA0, 0x8004,
    0x1CA2, 0x2010,
    0x1CA4, 0x2010,
    0x1CA6, 0x0005,
    0x1CA8, 0x00A0,
    0x1CAA, 0x2810,
    0x1CAC, 0x2810,
    0x1CC6, 0x8001,
    0x1CC8, 0x8004,
    0x1CCA, 0x2010,
    0x1CCC, 0x2010,
    0x1CCE, 0x0005,
    0x1CD0, 0x00A0,
    0x1CD2, 0x2810,
    0x1CD4, 0x2810,
    0x1CEE, 0x8001,
    0x1CF0, 0x8004,
    0x1CF2, 0x0010,
    0x1CF4, 0x0010,
    0x1CF6, 0x0005,
    0x1CF8, 0x00A0,
    0x1CFA, 0x2810,
    0x1CFC, 0x2810,
    0x1CFE, 0x0000,
    0x1D00, 0x0000,
    0x1D02, 0x0000,
    0x1D04, 0x0000,
    0x1D06, 0x0000,
    0x1D08, 0x0000,
    0x1D0A, 0x0000,
    0x1D0C, 0x0000,
    0x1D16, 0x8001,
    0x1D18, 0x8004,
    0x1D1A, 0x2010,
    0x1D1C, 0x2010,
    0x1D1E, 0x0005,
    0x1D20, 0x00A0,
    0x1D22, 0x2810,
    0x1D24, 0x2810,
    0x1D26, 0x0000,
    0x1D28, 0x0000,
    0x1D2A, 0x0000,
    0x1D2C, 0x0000,
    0x1D2E, 0x0000,
    0x1D30, 0x0000,
    0x1D32, 0x0000,
    0x1D34, 0x0000,
    0x1D3E, 0x8001,
    0x1D40, 0x8004,
    0x1D42, 0x2010,
    0x1D44, 0x2010,
    0x1D46, 0x0005,
    0x1D48, 0x00A0,
    0x1D4A, 0x2810,
    0x1D4C, 0x2810,
    0xFCFC, 0x2000,
    0xB21E, 0x0000,
    0xB222, 0xC000,
    0xB20C, 0x2E00,
    0xB21A, 0x0402,
    0xB378, 0x0100,
    0xDD70, 0x0000,
    0xDE38, 0x0000,
    0xFCFC, 0x2002,
    0xA574, 0x0155,
    0xA59C, 0xA2FD,
    0xA59E, 0xFEFE,
    0xA576, 0x4000,
    0xA588, 0x0E00,
    0xA578, 0x8000,
    0xA58A, 0x2000,
    0xA57A, 0xA000,
    0xA58C, 0x2800,
    0xA57C, 0x4001,
    0xA58E, 0x1400,
    0xA57E, 0x8002,
    0xA590, 0x2200,
    0xA580, 0x0005,
    0xA592, 0x2800,
    0xA582, 0x000A,
    0xA594, 0x2C00,
    0xA584, 0xA00F,
    0xA596, 0x2E00,
    0xA586, 0x4011,
    0xA598, 0x3200,
    0xA59A, 0x3500,
    0xA548, 0x00EA,
    0xA570, 0x0000,
    0xA54A, 0x0000,
    0xA54C, 0x0000,
    0xA54E, 0x0000,
    0xA550, 0x0000,
    0xA552, 0x0000,
    0xA554, 0x0000,
    0xA556, 0x0000,
    0xA55C, 0x0000,
    0xA55E, 0x0000,
    0xA560, 0x0000,
    0xA562, 0x0000,
    0xA564, 0x0000,
    0xA566, 0x0000,
    0xA568, 0x0000,
    0xA56A, 0x0000,
    0xFCFC, 0x2001,
    0x1D96, 0x0000,
    0x1D98, 0x0000,
    0x1DA6, 0x0000,
    0x1DA8, 0x0000,
    0x1D72, 0x0000,
    0x1D74, 0x0000,
    0x1D82, 0x0000,
    0x1D84, 0x0000,
    0x1D92, 0x0000,
    0x1D94, 0x0000,
    0x1DA2, 0x0000,
    0x1DA4, 0x0000,
    0x1D76, 0x0000,
    0x1D78, 0x0000,
    0x1D86, 0x0000,
    0x1D88, 0x0000,
    0x1E16, 0x0C00,
    0x1E18, 0x0C00,
    0x1E26, 0x0C00,
    0x1E28, 0x0C00,
    0x1DF2, 0x0800,
    0x1DF4, 0x0800,
    0x1E02, 0x0800,
    0x1E04, 0x0800,
    0x1E12, 0x0C00,
    0x1E14, 0x0C00,
    0x1E22, 0x0C00,
    0x1E24, 0x0C00,
    0x1DF6, 0x0800,
    0x1DF8, 0x0800,
    0x1E06, 0x0800,
    0x1E08, 0x0800,
    0xFCFC, 0x2000,
    0x82BA, 0x3300,
    0x82A2, 0x1400,
    0xFCFC, 0x2001,
    0x427C, 0x2000,
    0x4280, 0x1000,
    0x4362, 0x0100,
    0x43AA, 0x0000,
    0x43AC, 0x0000,
    0x43C6, 0x0114,
    0x43B4, 0x0000,
    0x43B6, 0x0000,
    0x4396, 0x0B00,
    0x4398, 0x0B00,
    0x437E, 0xE400,
    0xFCFC, 0x2000,
    0xB322, 0x0101,
    0xB324, 0x0100,
    0xB330, 0x2828,
    0xB34A, 0x2828,
    0xB360, 0x2828,
    0xFCFC, 0x2001,
    0x4292, 0x0000,
    0x4364, 0x0000,
    0x4366, 0x0000,
    0x4370, 0x0000,
    0x4290, 0x0100,
    0xFCFC, 0x2002,
    0x84C4, 0x012D,
    0x84A4, 0x0000,
    0xFCFC, 0x2000,
    0xD684, 0x80F3,
    0xB268, 0x80F3,
    0xF09A, 0x00FF,
    0xF2E0, 0x0000,
    0xF372, 0x0000,
    0xF0AA, 0xFFFF,
    0xF0AC, 0xFFFF,
    0xF2EA, 0x4000,
    0xDADA, 0x0001,
    0xDB3C, 0xD2FD,
    0xDADC, 0x0000,
    0xDB0C, 0x1F1F,
    0xDB3E, 0x12D2,
    0xDADE, 0x0000,
    0xDB0E, 0x0080,
    0xDB40, 0x12D2,
    0xDAE0, 0xA000,
    0xDB10, 0x0040,
    0xDB42, 0x12D2,
    0xDAE2, 0x0001,
    0xDB12, 0x0020,
    0xDB44, 0x12D2,
    0xDAE4, 0x0005,
    0xDB14, 0x0040,
    0xDB46, 0x12D2,
    0xDAE6, 0x4011,
    0xDB16, 0x0060,
    0xDBCC, 0x0000,
    0xDB6C, 0x0000,
    0xDB9C, 0x0000,
    0xDBCE, 0x0000,
    0xDB6E, 0x0000,
    0xDB9E, 0x0000,
    0xDBD0, 0x0000,
    0xDB70, 0x0000,
    0xDBA0, 0x0000,
    0xDBD2, 0x0000,
    0xDB72, 0x0000,
    0xDBA2, 0x0000,
    0xDBD4, 0x0000,
    0xDB74, 0x0000,
    0xDBA4, 0x0000,
    0xDBD6, 0x0000,
    0xDB76, 0x0000,
    0xDBA6, 0x0000,
    0xF370, 0x0203,
    0xF3E4, 0x0301,
    0xF3F4, 0xC800,
    0xF3F6, 0xD610,
    0xF014, 0x0700,
    0xB270, 0x8708,
    0xB266, 0xC004,
    0xD682, 0xC004,
    0xBF16, 0x0BAA,
    0xF698, 0x0100,
    0xDC8C, 0x3F0B,
    0xFCFC, 0x4000,
    0x0808, 0x0201,
    0x0E00, 0x0003,
};

/* 09_OceanChangjiang_UW_JN5_Fdsum_4096x2304_60fps_3056Mbps */
static u16 cj_hhuwide_hs_video_setting[] = {
    0xFCFC, 0x4000,
    0x6170, 0xFFFF,
    0x6180, 0x0000,
    0x6190, 0x0000,
    0x6200, 0xFFFF,
    0x6202, 0xFFFF,
    0x6204, 0x0000,
    0x6206, 0x0000,
    0x6208, 0x0000,
    0xA100, 0xFFFF,
    0xA102, 0x0000,
    0xA104, 0x0000,
    0xFCFC, 0x4001,
    0x0100, 0xFFFF,
    0x0102, 0xFFFF,
    0x0104, 0x0000,
    0x0106, 0x0000,
    0x0108, 0x0000,
    0xFCFC, 0x4000,
    0x8100, 0xFFFF,
    0x8104, 0x0000,
    0x8108, 0x0000,
    0x0B30, 0x01FF,
    0xFCFC, 0x2000,
    0x7806, 0x0001,
    0x7808, 0x2408,
    0xFCFC, 0x4000,
    0x0344, 0x0000,
    0x0348, 0x201F,
    0x0346, 0x0300,
    0x034A, 0x151F,
    0x034C, 0x1000,
    0x034E, 0x0900,
    0x0350, 0x0008,
    0x0352, 0x0008,
    0x0340, 0x0C84,
    0x0342, 0x12B0,
    0x0136, 0x1800,
    0x013E, 0x0000,
    0x0304, 0x0003,
    0x0306, 0x00E6,
    0x030C, 0x0000,
    0x030E, 0x0003,
    0x0310, 0x00B2,
    0x0312, 0x0000,
    0x031A, 0x0003,
    0x031C, 0x0028,
    0x031E, 0x0002,
    0x0202, 0x0014,
    0x0226, 0x0014,
    0x022C, 0x0014,
    0x0702, 0x0000,
    0x0704, 0x0000,
    0x0114, 0x0301,
    0x0118, 0x0004,
    0x011A, 0x0001,
    0x011C, 0x0100,
    0xFCFC, 0x2000,
    0xB176, 0x0602,
    0xB178, 0x0000,
    0x7996, 0x0101,
    0x7994, 0x2020,
    0xFCFC, 0x4000,
    0x0900, 0x2222,
    0x0380, 0x0002,
    0x0382, 0x0002,
    0x0384, 0x0002,
    0x0386, 0x0002,
    0x040C, 0x0000,
    0x0400, 0x1010,
    0x0408, 0x0100,
    0x040A, 0x0100,
    0xFCFC, 0x2000,
    0xD1F6, 0x3A00,
    0xD20C, 0x0908,
    0xD314, 0x2002,
    0xD27A, 0x0500,
    0xD3F0, 0xB01C,
    0xD410, 0x4802,
    0xD426, 0xD204,
    0xD43C, 0x0140,
    0xD412, 0xD204,
    0xD428, 0xEA0A,
    0xD43E, 0x0140,
    0xFCFC, 0x4000,
    0x0260, 0x0101,
    0x0262, 0x0000,
    0x0264, 0x0306,
    0x0266, 0x0700,
    0x0112, 0x0A0A,
    0x0270, 0x2B2B,
    0x0272, 0x2B10,
    0x0274, 0x302B,
    0xFCFC, 0x2001,
    0x44C6, 0x0000,
    0xFCFC, 0x4000,
    0x0B02, 0x0102,
    0x0720, 0x0001,
    0x0722, 0x0800,
    0x0724, 0x0000,
    0x0728, 0x0000,
    0x072A, 0x0000,
    0x072C, 0x0000,
    0x072E, 0x0000,
    0xFCFC, 0x2001,
    0x3132, 0x0200,
    0xFCFC, 0x4000,
    0x021E, 0x0000,
    0x0228, 0x0100,
    0xFCFC, 0x2001,
    0x31D0, 0x0000,
    0x5A70, 0x0000,
    0xFCFC, 0x2000,
    0xDC94, 0x0103,
    0xEF80, 0x0000,
    0x23F0, 0x0001,
    0xF288, 0x0000,
    0xFCFC, 0x2001,
    0x2A30, 0x01FF,
    0x4270, 0x0000,
    0x29BA, 0x2000,
    0x29A8, 0x0100,
    0xFCFC, 0x4000,
    0x0B04, 0x0001,
    0x0B06, 0x0101,
    0x0B08, 0x0100,
    0x0B0A, 0x0101,
    0x0B0C, 0x0100,
    0xFCFC, 0x2000,
    0xC4E0, 0x0100,
    0xC4F6, 0x0000,
    0xC4E2, 0x0000,
    0xC53C, 0x0500,
    0xC544, 0x0005,
    0xC53E, 0x0000,
    0xB23C, 0x6060,
    0xB242, 0x6060,
    0xC554, 0x0010,
    0xC556, 0x0000,
    0xFCFC, 0x2001,
    0x2920, 0x0100,
    0x31F8, 0x0000,
    0x31FA, 0x0000,
    0xFCFC, 0x2000,
    0xD856, 0x0507,
    0xD6D4, 0x0000,
    0x799A, 0x0000,
    0xD8A2, 0x0100,
    0xFCFC, 0x4000,
    0x020A, 0x0000,
    0xFCFC, 0x2000,
    0x78C0, 0x0101,
    0x22C2, 0x0600,
    0x22C4, 0xFF1F,
    0x22EC, 0x1F00,
    0x2306, 0xFF3F,
    0x2314, 0xFF00,
    0x2354, 0x0300,
    0xFCFC, 0x4000,
    0x0936, 0x0000,
    0x0C40, 0x0000,
    0xFCFC, 0x2000,
    0x68DE, 0x0000,
    0xFCFC, 0x2001,
    0x2540, 0x0200,
    0x25E0, 0x0100,
    0x25E2, 0x0000,
    0xFCFC, 0x2000,
    0xD718, 0x0002,
    0xBF30, 0x0000,
    0xFCFC, 0x2001,
    0x3C42, 0x0000,
    0x3C46, 0xEB05,
    0x3C52, 0x4006,
    0xFCFC, 0x2000,
    0xD326, 0x0110,
    0xD3EC, 0xB01C,
    0xFCFC, 0x2001,
    0x195E, 0x0100,
    0x1966, 0x0000,
    0xFCFC, 0x4000,
    0x0086, 0x1400,
    0xFCFC, 0x2000,
    0xE980, 0x9E04,
    0xC4D8, 0x2000,
    0x795A, 0x2000,
    0x7970, 0x2000,
    0xFCFC, 0x2002,
    0x849E, 0x0000,
    0x84A0, 0x0000,
    0x84A2, 0x0005,
    0xFCFC, 0x2001,
    0x2BB2, 0x1000,
    0x2D32, 0x0010,
    0xFCFC, 0x2000,
    0x703C, 0x0101,
    0x7046, 0x7F02,
    0x7058, 0x8002,
    0x71D4, 0x3F00,
    0x71D6, 0x3D00,
    0x71D8, 0x84F3,
    0x71DA, 0x0040,
    0x7048, 0x1F02,
    0x705A, 0x2002,
    0x7274, 0x0B00,
    0x7276, 0x0B00,
    0x7278, 0x36D2,
    0x727A, 0x0040,
    0x727C, 0x0000,
    0x727E, 0x0000,
    0x7280, 0x0000,
    0x7282, 0x0000,
    0x703E, 0x0100,
    0x704A, 0x000A,
    0x705C, 0x010A,
    0x7314, 0x2E00,
    0x7316, 0x3000,
    0x7318, 0x9EFD,
    0x731A, 0x0040,
    0xBEDC, 0xC526,
    0xBEDE, 0x903E,
    0xBEE0, 0xC00F,
    0xBEE2, 0x0008,
    0xBEE4, 0x0C00,
    0xBEE6, 0x8000,
    0xFCFC, 0x2001,
    0x2A54, 0x0000,
    0x2A56, 0x0400,
    0x2A42, 0x0100,
    0x2A44, 0x3907,
    0x2A46, 0x0000,
    0xFCFC, 0x2000,
    0xD704, 0x0278,
    0x7A0E, 0x0F00,
    0x7A6E, 0x1900,
    0x7A86, 0x1900,
    0x8C9E, 0x3500,
    0x8CCE, 0x9600,
    0x7A10, 0x0F00,
    0x7A70, 0x1900,
    0x7A88, 0x1900,
    0x8CA0, 0x3500,
    0x8CD0, 0x9600,
    0xB224, 0x0103,
    0xB226, 0x0000,
    0xB220, 0x0103,
    0x7A12, 0x0F00,
    0x7A72, 0x1900,
    0x7A8A, 0x1900,
    0x8CA2, 0x7000,
    0x8CD2, 0xBE00,
    0x7EE6, 0x2C00,
    0x7EF2, 0x2C00,
    0x7EFE, 0x6400,
    0x7F0A, 0x5800,
    0x8D0E, 0x0000,
    0x9032, 0x0000,
    0x903E, 0x0000,
    0x7A14, 0x0F00,
    0x7A74, 0x1900,
    0x7A8C, 0x1900,
    0x8CA4, 0x3500,
    0x7F0E, 0x5800,
    0x8CD6, 0x9600,
    0x7BDA, 0x4C00,
    0xD49C, 0x2100,
    0xD4D0, 0x0A00,
    0xD4A8, 0x0000,
    0xD4D6, 0x1A00,
    0xD4E2, 0x3200,
    0xD4BC, 0x3F00,
    0xD4B0, 0x7004,
    0xD4C8, 0x0100,
    0xD624, 0x0000,
    0xD62E, 0x0000,
    0xD638, 0x0000,
    0xD4EA, 0x0100,
    0xD554, 0xC400,
    0xD556, 0xFA00,
    0xD560, 0x5203,
    0xD562, 0x8803,
    0xD4DA, 0x0000,
    0xD4E6, 0x0100,
    0xD4C0, 0x1400,
    0xD4B4, 0x0100,
    0xD4CC, 0x0000,
    0xD5BC, 0x0000,
    0xD5BE, 0x0000,
    0xD5C8, 0x0000,
    0xD5CA, 0x0000,
    0xD4D2, 0x0000,
    0xD4DE, 0x0100,
    0xD4B8, 0x1400,
    0xD4AC, 0x0100,
    0xD4C4, 0x0000,
    0xD4EC, 0x0000,
    0xD4EE, 0x0000,
    0xD4F8, 0x0000,
    0xD4FA, 0x0000,
    0xBF78, 0x5333,
    0xD896, 0x0000,
    0xFCFC, 0x2001,
    0x1C24, 0x0002,
    0x1C26, 0x8001,
    0x1C28, 0x8004,
    0x1C2A, 0x2010,
    0x1C2C, 0x2010,
    0x1C2E, 0x0005,
    0x1C30, 0x00A0,
    0x1C32, 0x2810,
    0x1C34, 0x2810,
    0x1C4E, 0x8001,
    0x1C50, 0x8004,
    0x1C52, 0x0010,
    0x1C54, 0x0010,
    0x1C56, 0x0005,
    0x1C58, 0x00A0,
    0x1C5A, 0x2810,
    0x1C5C, 0x2810,
    0x1C5E, 0x0000,
    0x1C60, 0x0000,
    0x1C62, 0x0000,
    0x1C64, 0x0000,
    0x1C66, 0x0000,
    0x1C68, 0x0000,
    0x1C6A, 0x0000,
    0x1C6C, 0x0000,
    0x1C76, 0x8001,
    0x1C78, 0x8004,
    0x1C7A, 0x2010,
    0x1C7C, 0x2010,
    0x1C7E, 0x0005,
    0x1C80, 0x00A0,
    0x1C82, 0x2810,
    0x1C84, 0x2810,
    0x1C86, 0x0000,
    0x1C88, 0x0000,
    0x1C8A, 0x0000,
    0x1C8C, 0x0000,
    0x1C8E, 0x0000,
    0x1C90, 0x0000,
    0x1C92, 0x0000,
    0x1C94, 0x0000,
    0x1C9E, 0x8001,
    0x1CA0, 0x8004,
    0x1CA2, 0x2010,
    0x1CA4, 0x2010,
    0x1CA6, 0x0005,
    0x1CA8, 0x00A0,
    0x1CAA, 0x2810,
    0x1CAC, 0x2810,
    0x1CC6, 0x8001,
    0x1CC8, 0x8004,
    0x1CCA, 0x2010,
    0x1CCC, 0x2010,
    0x1CCE, 0x0005,
    0x1CD0, 0x00A0,
    0x1CD2, 0x2810,
    0x1CD4, 0x2810,
    0x1CEE, 0x8001,
    0x1CF0, 0x8004,
    0x1CF2, 0x0010,
    0x1CF4, 0x0010,
    0x1CF6, 0x0005,
    0x1CF8, 0x00A0,
    0x1CFA, 0x2810,
    0x1CFC, 0x2810,
    0x1CFE, 0x0000,
    0x1D00, 0x0000,
    0x1D02, 0x0000,
    0x1D04, 0x0000,
    0x1D06, 0x0000,
    0x1D08, 0x0000,
    0x1D0A, 0x0000,
    0x1D0C, 0x0000,
    0x1D16, 0x8001,
    0x1D18, 0x8004,
    0x1D1A, 0x2010,
    0x1D1C, 0x2010,
    0x1D1E, 0x0005,
    0x1D20, 0x00A0,
    0x1D22, 0x2810,
    0x1D24, 0x2810,
    0x1D26, 0x0000,
    0x1D28, 0x0000,
    0x1D2A, 0x0000,
    0x1D2C, 0x0000,
    0x1D2E, 0x0000,
    0x1D30, 0x0000,
    0x1D32, 0x0000,
    0x1D34, 0x0000,
    0x1D3E, 0x8001,
    0x1D40, 0x8004,
    0x1D42, 0x2010,
    0x1D44, 0x2010,
    0x1D46, 0x0005,
    0x1D48, 0x00A0,
    0x1D4A, 0x2810,
    0x1D4C, 0x2810,
    0xFCFC, 0x2000,
    0xB21E, 0x0000,
    0xB222, 0xC000,
    0xB20C, 0x2E00,
    0xB21A, 0x0402,
    0xB378, 0x0100,
    0xDD70, 0x0000,
    0xDE38, 0x0000,
    0xFCFC, 0x2002,
    0xA574, 0x0155,
    0xA59C, 0xA2FD,
    0xA59E, 0xFEFE,
    0xA576, 0x4000,
    0xA588, 0x0E00,
    0xA578, 0x8000,
    0xA58A, 0x2000,
    0xA57A, 0xA000,
    0xA58C, 0x2800,
    0xA57C, 0x4001,
    0xA58E, 0x1400,
    0xA57E, 0x8002,
    0xA590, 0x2200,
    0xA580, 0x0005,
    0xA592, 0x2800,
    0xA582, 0x000A,
    0xA594, 0x2C00,
    0xA584, 0xA00F,
    0xA596, 0x2E00,
    0xA586, 0x4011,
    0xA598, 0x3200,
    0xA59A, 0x3500,
    0xA548, 0x00EA,
    0xA570, 0x0000,
    0xA54A, 0x0000,
    0xA54C, 0x0000,
    0xA54E, 0x0000,
    0xA550, 0x0000,
    0xA552, 0x0000,
    0xA554, 0x0000,
    0xA556, 0x0000,
    0xA55C, 0x0000,
    0xA55E, 0x0000,
    0xA560, 0x0000,
    0xA562, 0x0000,
    0xA564, 0x0000,
    0xA566, 0x0000,
    0xA568, 0x0000,
    0xA56A, 0x0000,
    0xFCFC, 0x2001,
    0x1D96, 0x0000,
    0x1D98, 0x0000,
    0x1DA6, 0x0000,
    0x1DA8, 0x0000,
    0x1D72, 0x0000,
    0x1D74, 0x0000,
    0x1D82, 0x0000,
    0x1D84, 0x0000,
    0x1D92, 0x0000,
    0x1D94, 0x0000,
    0x1DA2, 0x0000,
    0x1DA4, 0x0000,
    0x1D76, 0x0000,
    0x1D78, 0x0000,
    0x1D86, 0x0000,
    0x1D88, 0x0000,
    0x1E16, 0x0400,
    0x1E18, 0x0400,
    0x1E26, 0x0400,
    0x1E28, 0x0400,
    0x1DF2, 0x0600,
    0x1DF4, 0x0600,
    0x1E02, 0x0600,
    0x1E04, 0x0600,
    0x1E12, 0x0400,
    0x1E14, 0x0400,
    0x1E22, 0x0400,
    0x1E24, 0x0400,
    0x1DF6, 0x0600,
    0x1DF8, 0x0600,
    0x1E06, 0x0600,
    0x1E08, 0x0600,
    0xFCFC, 0x2000,
    0x82BA, 0x3300,
    0x82A2, 0x1400,
    0xFCFC, 0x2001,
    0x427C, 0x2000,
    0x4280, 0x1000,
    0x4362, 0x0100,
    0x43AA, 0x0000,
    0x43AC, 0x0000,
    0x43C6, 0x0114,
    0x43B4, 0x0000,
    0x43B6, 0x0000,
    0x4396, 0x0B00,
    0x4398, 0x0B00,
    0x437E, 0xE400,
    0xFCFC, 0x2000,
    0xB322, 0x0101,
    0xB324, 0x0100,
    0xB330, 0x2828,
    0xB34A, 0x2828,
    0xB360, 0x2828,
    0xFCFC, 0x2001,
    0x4292, 0x0000,
    0x4364, 0x0000,
    0x4366, 0x0000,
    0x4370, 0x0000,
    0x4290, 0x0100,
    0xFCFC, 0x2002,
    0x84C4, 0x012D,
    0x84A4, 0x0000,
    0xFCFC, 0x2000,
    0xD684, 0x80F3,
    0xB268, 0x80F3,
    0xF09A, 0x00FF,
    0xF2E0, 0x0000,
    0xF372, 0x0000,
    0xF0AA, 0xFFFF,
    0xF0AC, 0xFFFF,
    0xF2EA, 0x4000,
    0xDADA, 0x0001,
    0xDB3C, 0xD2FD,
    0xDADC, 0x0000,
    0xDB0C, 0x1F1F,
    0xDB3E, 0x12D2,
    0xDADE, 0x0000,
    0xDB0E, 0x0080,
    0xDB40, 0x12D2,
    0xDAE0, 0xA000,
    0xDB10, 0x0040,
    0xDB42, 0x12D2,
    0xDAE2, 0x0001,
    0xDB12, 0x0020,
    0xDB44, 0x12D2,
    0xDAE4, 0x0005,
    0xDB14, 0x0040,
    0xDB46, 0x12D2,
    0xDAE6, 0x4011,
    0xDB16, 0x0060,
    0xDBCC, 0x0000,
    0xDB6C, 0x0000,
    0xDB9C, 0x0000,
    0xDBCE, 0x0000,
    0xDB6E, 0x0000,
    0xDB9E, 0x0000,
    0xDBD0, 0x0000,
    0xDB70, 0x0000,
    0xDBA0, 0x0000,
    0xDBD2, 0x0000,
    0xDB72, 0x0000,
    0xDBA2, 0x0000,
    0xDBD4, 0x0000,
    0xDB74, 0x0000,
    0xDBA4, 0x0000,
    0xDBD6, 0x0000,
    0xDB76, 0x0000,
    0xDBA6, 0x0000,
    0xF370, 0x0203,
    0xF3E4, 0x0301,
    0xF3F4, 0xC800,
    0xF3F6, 0xD610,
    0xF014, 0x0700,
    0xB270, 0x8708,
    0xB266, 0xC004,
    0xD682, 0xC004,
    0xBF16, 0x0BAA,
    0xF698, 0x0100,
    0xDC8C, 0x3F0B,
    0xFCFC, 0x4000,
    0x0808, 0x0201,
    0x0E00, 0x0003,
};

/* not use, 09_OceanChangjiang_UW_JN5_Fdsum_4096x2304_60fps_3056Mbps */
static u16 cj_hhuwide_slim_video_setting[] = {
    0xFCFC, 0x4000,
    0x6170, 0xFFFF,
    0x6180, 0x0000,
    0x6190, 0x0000,
    0x6200, 0xFFFF,
    0x6202, 0xFFFF,
    0x6204, 0x0000,
    0x6206, 0x0000,
    0x6208, 0x0000,
    0xA100, 0xFFFF,
    0xA102, 0x0000,
    0xA104, 0x0000,
    0xFCFC, 0x4001,
    0x0100, 0xFFFF,
    0x0102, 0xFFFF,
    0x0104, 0x0000,
    0x0106, 0x0000,
    0x0108, 0x0000,
    0xFCFC, 0x4000,
    0x8100, 0xFFFF,
    0x8104, 0x0000,
    0x8108, 0x0000,
    0x0B30, 0x01FF,
    0xFCFC, 0x2000,
    0x7806, 0x0001,
    0x7808, 0x2408,
    0xFCFC, 0x4000,
    0x0344, 0x0000,
    0x0348, 0x201F,
    0x0346, 0x0300,
    0x034A, 0x151F,
    0x034C, 0x1000,
    0x034E, 0x0900,
    0x0350, 0x0008,
    0x0352, 0x0008,
    0x0340, 0x0C84,
    0x0342, 0x12B0,
    0x0136, 0x1800,
    0x013E, 0x0000,
    0x0304, 0x0003,
    0x0306, 0x00E6,
    0x030C, 0x0000,
    0x030E, 0x0003,
    0x0310, 0x00B2,
    0x0312, 0x0000,
    0x031A, 0x0003,
    0x031C, 0x0028,
    0x031E, 0x0002,
    0x0202, 0x0014,
    0x0226, 0x0014,
    0x022C, 0x0014,
    0x0702, 0x0000,
    0x0704, 0x0000,
    0x0114, 0x0301,
    0x0118, 0x0004,
    0x011A, 0x0001,
    0x011C, 0x0100,
    0xFCFC, 0x2000,
    0xB176, 0x0602,
    0xB178, 0x0000,
    0x7996, 0x0101,
    0x7994, 0x2020,
    0xFCFC, 0x4000,
    0x0900, 0x2222,
    0x0380, 0x0002,
    0x0382, 0x0002,
    0x0384, 0x0002,
    0x0386, 0x0002,
    0x040C, 0x0000,
    0x0400, 0x1010,
    0x0408, 0x0100,
    0x040A, 0x0100,
    0xFCFC, 0x2000,
    0xD1F6, 0x3A00,
    0xD20C, 0x0908,
    0xD314, 0x2002,
    0xD27A, 0x0500,
    0xD3F0, 0xB01C,
    0xD410, 0x4802,
    0xD426, 0xD204,
    0xD43C, 0x0140,
    0xD412, 0xD204,
    0xD428, 0xEA0A,
    0xD43E, 0x0140,
    0xFCFC, 0x4000,
    0x0260, 0x0101,
    0x0262, 0x0000,
    0x0264, 0x0306,
    0x0266, 0x0700,
    0x0112, 0x0A0A,
    0x0270, 0x2B2B,
    0x0272, 0x2B10,
    0x0274, 0x302B,
    0xFCFC, 0x2001,
    0x44C6, 0x0000,
    0xFCFC, 0x4000,
    0x0B02, 0x0102,
    0x0720, 0x0001,
    0x0722, 0x0800,
    0x0724, 0x0000,
    0x0728, 0x0000,
    0x072A, 0x0000,
    0x072C, 0x0000,
    0x072E, 0x0000,
    0xFCFC, 0x2001,
    0x3132, 0x0200,
    0xFCFC, 0x4000,
    0x021E, 0x0000,
    0x0228, 0x0100,
    0xFCFC, 0x2001,
    0x31D0, 0x0000,
    0x5A70, 0x0000,
    0xFCFC, 0x2000,
    0xDC94, 0x0103,
    0xEF80, 0x0000,
    0x23F0, 0x0001,
    0xF288, 0x0000,
    0xFCFC, 0x2001,
    0x2A30, 0x01FF,
    0x4270, 0x0000,
    0x29BA, 0x2000,
    0x29A8, 0x0100,
    0xFCFC, 0x4000,
    0x0B04, 0x0001,
    0x0B06, 0x0101,
    0x0B08, 0x0100,
    0x0B0A, 0x0101,
    0x0B0C, 0x0100,
    0xFCFC, 0x2000,
    0xC4E0, 0x0100,
    0xC4F6, 0x0000,
    0xC4E2, 0x0000,
    0xC53C, 0x0500,
    0xC544, 0x0005,
    0xC53E, 0x0000,
    0xB23C, 0x6060,
    0xB242, 0x6060,
    0xC554, 0x0010,
    0xC556, 0x0000,
    0xFCFC, 0x2001,
    0x2920, 0x0100,
    0x31F8, 0x0000,
    0x31FA, 0x0000,
    0xFCFC, 0x2000,
    0xD856, 0x0507,
    0xD6D4, 0x0000,
    0x799A, 0x0000,
    0xD8A2, 0x0100,
    0xFCFC, 0x4000,
    0x020A, 0x0000,
    0xFCFC, 0x2000,
    0x78C0, 0x0101,
    0x22C2, 0x0600,
    0x22C4, 0xFF1F,
    0x22EC, 0x1F00,
    0x2306, 0xFF3F,
    0x2314, 0xFF00,
    0x2354, 0x0300,
    0xFCFC, 0x4000,
    0x0936, 0x0000,
    0x0C40, 0x0000,
    0xFCFC, 0x2000,
    0x68DE, 0x0000,
    0xFCFC, 0x2001,
    0x2540, 0x0200,
    0x25E0, 0x0100,
    0x25E2, 0x0000,
    0xFCFC, 0x2000,
    0xD718, 0x0002,
    0xBF30, 0x0000,
    0xFCFC, 0x2001,
    0x3C42, 0x0000,
    0x3C46, 0xEB05,
    0x3C52, 0x4006,
    0xFCFC, 0x2000,
    0xD326, 0x0110,
    0xD3EC, 0xB01C,
    0xFCFC, 0x2001,
    0x195E, 0x0100,
    0x1966, 0x0000,
    0xFCFC, 0x4000,
    0x0086, 0x1400,
    0xFCFC, 0x2000,
    0xE980, 0x9E04,
    0xC4D8, 0x2000,
    0x795A, 0x2000,
    0x7970, 0x2000,
    0xFCFC, 0x2002,
    0x849E, 0x0000,
    0x84A0, 0x0000,
    0x84A2, 0x0005,
    0xFCFC, 0x2001,
    0x2BB2, 0x1000,
    0x2D32, 0x0010,
    0xFCFC, 0x2000,
    0x703C, 0x0101,
    0x7046, 0x7F02,
    0x7058, 0x8002,
    0x71D4, 0x3F00,
    0x71D6, 0x3D00,
    0x71D8, 0x84F3,
    0x71DA, 0x0040,
    0x7048, 0x1F02,
    0x705A, 0x2002,
    0x7274, 0x0B00,
    0x7276, 0x0B00,
    0x7278, 0x36D2,
    0x727A, 0x0040,
    0x727C, 0x0000,
    0x727E, 0x0000,
    0x7280, 0x0000,
    0x7282, 0x0000,
    0x703E, 0x0100,
    0x704A, 0x000A,
    0x705C, 0x010A,
    0x7314, 0x2E00,
    0x7316, 0x3000,
    0x7318, 0x9EFD,
    0x731A, 0x0040,
    0xBEDC, 0xC526,
    0xBEDE, 0x903E,
    0xBEE0, 0xC00F,
    0xBEE2, 0x0008,
    0xBEE4, 0x0C00,
    0xBEE6, 0x8000,
    0xFCFC, 0x2001,
    0x2A54, 0x0000,
    0x2A56, 0x0400,
    0x2A42, 0x0100,
    0x2A44, 0x3907,
    0x2A46, 0x0000,
    0xFCFC, 0x2000,
    0xD704, 0x0278,
    0x7A0E, 0x0F00,
    0x7A6E, 0x1900,
    0x7A86, 0x1900,
    0x8C9E, 0x3500,
    0x8CCE, 0x9600,
    0x7A10, 0x0F00,
    0x7A70, 0x1900,
    0x7A88, 0x1900,
    0x8CA0, 0x3500,
    0x8CD0, 0x9600,
    0xB224, 0x0103,
    0xB226, 0x0000,
    0xB220, 0x0103,
    0x7A12, 0x0F00,
    0x7A72, 0x1900,
    0x7A8A, 0x1900,
    0x8CA2, 0x7000,
    0x8CD2, 0xBE00,
    0x7EE6, 0x2C00,
    0x7EF2, 0x2C00,
    0x7EFE, 0x6400,
    0x7F0A, 0x5800,
    0x8D0E, 0x0000,
    0x9032, 0x0000,
    0x903E, 0x0000,
    0x7A14, 0x0F00,
    0x7A74, 0x1900,
    0x7A8C, 0x1900,
    0x8CA4, 0x3500,
    0x7F0E, 0x5800,
    0x8CD6, 0x9600,
    0x7BDA, 0x4C00,
    0xD49C, 0x2100,
    0xD4D0, 0x0A00,
    0xD4A8, 0x0000,
    0xD4D6, 0x1A00,
    0xD4E2, 0x3200,
    0xD4BC, 0x3F00,
    0xD4B0, 0x7004,
    0xD4C8, 0x0100,
    0xD624, 0x0000,
    0xD62E, 0x0000,
    0xD638, 0x0000,
    0xD4EA, 0x0100,
    0xD554, 0xC400,
    0xD556, 0xFA00,
    0xD560, 0x5203,
    0xD562, 0x8803,
    0xD4DA, 0x0000,
    0xD4E6, 0x0100,
    0xD4C0, 0x1400,
    0xD4B4, 0x0100,
    0xD4CC, 0x0000,
    0xD5BC, 0x0000,
    0xD5BE, 0x0000,
    0xD5C8, 0x0000,
    0xD5CA, 0x0000,
    0xD4D2, 0x0000,
    0xD4DE, 0x0100,
    0xD4B8, 0x1400,
    0xD4AC, 0x0100,
    0xD4C4, 0x0000,
    0xD4EC, 0x0000,
    0xD4EE, 0x0000,
    0xD4F8, 0x0000,
    0xD4FA, 0x0000,
    0xBF78, 0x5333,
    0xD896, 0x0000,
    0xFCFC, 0x2001,
    0x1C24, 0x0002,
    0x1C26, 0x8001,
    0x1C28, 0x8004,
    0x1C2A, 0x2010,
    0x1C2C, 0x2010,
    0x1C2E, 0x0005,
    0x1C30, 0x00A0,
    0x1C32, 0x2810,
    0x1C34, 0x2810,
    0x1C4E, 0x8001,
    0x1C50, 0x8004,
    0x1C52, 0x0010,
    0x1C54, 0x0010,
    0x1C56, 0x0005,
    0x1C58, 0x00A0,
    0x1C5A, 0x2810,
    0x1C5C, 0x2810,
    0x1C5E, 0x0000,
    0x1C60, 0x0000,
    0x1C62, 0x0000,
    0x1C64, 0x0000,
    0x1C66, 0x0000,
    0x1C68, 0x0000,
    0x1C6A, 0x0000,
    0x1C6C, 0x0000,
    0x1C76, 0x8001,
    0x1C78, 0x8004,
    0x1C7A, 0x2010,
    0x1C7C, 0x2010,
    0x1C7E, 0x0005,
    0x1C80, 0x00A0,
    0x1C82, 0x2810,
    0x1C84, 0x2810,
    0x1C86, 0x0000,
    0x1C88, 0x0000,
    0x1C8A, 0x0000,
    0x1C8C, 0x0000,
    0x1C8E, 0x0000,
    0x1C90, 0x0000,
    0x1C92, 0x0000,
    0x1C94, 0x0000,
    0x1C9E, 0x8001,
    0x1CA0, 0x8004,
    0x1CA2, 0x2010,
    0x1CA4, 0x2010,
    0x1CA6, 0x0005,
    0x1CA8, 0x00A0,
    0x1CAA, 0x2810,
    0x1CAC, 0x2810,
    0x1CC6, 0x8001,
    0x1CC8, 0x8004,
    0x1CCA, 0x2010,
    0x1CCC, 0x2010,
    0x1CCE, 0x0005,
    0x1CD0, 0x00A0,
    0x1CD2, 0x2810,
    0x1CD4, 0x2810,
    0x1CEE, 0x8001,
    0x1CF0, 0x8004,
    0x1CF2, 0x0010,
    0x1CF4, 0x0010,
    0x1CF6, 0x0005,
    0x1CF8, 0x00A0,
    0x1CFA, 0x2810,
    0x1CFC, 0x2810,
    0x1CFE, 0x0000,
    0x1D00, 0x0000,
    0x1D02, 0x0000,
    0x1D04, 0x0000,
    0x1D06, 0x0000,
    0x1D08, 0x0000,
    0x1D0A, 0x0000,
    0x1D0C, 0x0000,
    0x1D16, 0x8001,
    0x1D18, 0x8004,
    0x1D1A, 0x2010,
    0x1D1C, 0x2010,
    0x1D1E, 0x0005,
    0x1D20, 0x00A0,
    0x1D22, 0x2810,
    0x1D24, 0x2810,
    0x1D26, 0x0000,
    0x1D28, 0x0000,
    0x1D2A, 0x0000,
    0x1D2C, 0x0000,
    0x1D2E, 0x0000,
    0x1D30, 0x0000,
    0x1D32, 0x0000,
    0x1D34, 0x0000,
    0x1D3E, 0x8001,
    0x1D40, 0x8004,
    0x1D42, 0x2010,
    0x1D44, 0x2010,
    0x1D46, 0x0005,
    0x1D48, 0x00A0,
    0x1D4A, 0x2810,
    0x1D4C, 0x2810,
    0xFCFC, 0x2000,
    0xB21E, 0x0000,
    0xB222, 0xC000,
    0xB20C, 0x2E00,
    0xB21A, 0x0402,
    0xB378, 0x0100,
    0xDD70, 0x0000,
    0xDE38, 0x0000,
    0xFCFC, 0x2002,
    0xA574, 0x0155,
    0xA59C, 0xA2FD,
    0xA59E, 0xFEFE,
    0xA576, 0x4000,
    0xA588, 0x0E00,
    0xA578, 0x8000,
    0xA58A, 0x2000,
    0xA57A, 0xA000,
    0xA58C, 0x2800,
    0xA57C, 0x4001,
    0xA58E, 0x1400,
    0xA57E, 0x8002,
    0xA590, 0x2200,
    0xA580, 0x0005,
    0xA592, 0x2800,
    0xA582, 0x000A,
    0xA594, 0x2C00,
    0xA584, 0xA00F,
    0xA596, 0x2E00,
    0xA586, 0x4011,
    0xA598, 0x3200,
    0xA59A, 0x3500,
    0xA548, 0x00EA,
    0xA570, 0x0000,
    0xA54A, 0x0000,
    0xA54C, 0x0000,
    0xA54E, 0x0000,
    0xA550, 0x0000,
    0xA552, 0x0000,
    0xA554, 0x0000,
    0xA556, 0x0000,
    0xA55C, 0x0000,
    0xA55E, 0x0000,
    0xA560, 0x0000,
    0xA562, 0x0000,
    0xA564, 0x0000,
    0xA566, 0x0000,
    0xA568, 0x0000,
    0xA56A, 0x0000,
    0xFCFC, 0x2001,
    0x1D96, 0x0000,
    0x1D98, 0x0000,
    0x1DA6, 0x0000,
    0x1DA8, 0x0000,
    0x1D72, 0x0000,
    0x1D74, 0x0000,
    0x1D82, 0x0000,
    0x1D84, 0x0000,
    0x1D92, 0x0000,
    0x1D94, 0x0000,
    0x1DA2, 0x0000,
    0x1DA4, 0x0000,
    0x1D76, 0x0000,
    0x1D78, 0x0000,
    0x1D86, 0x0000,
    0x1D88, 0x0000,
    0x1E16, 0x0400,
    0x1E18, 0x0400,
    0x1E26, 0x0400,
    0x1E28, 0x0400,
    0x1DF2, 0x0600,
    0x1DF4, 0x0600,
    0x1E02, 0x0600,
    0x1E04, 0x0600,
    0x1E12, 0x0400,
    0x1E14, 0x0400,
    0x1E22, 0x0400,
    0x1E24, 0x0400,
    0x1DF6, 0x0600,
    0x1DF8, 0x0600,
    0x1E06, 0x0600,
    0x1E08, 0x0600,
    0xFCFC, 0x2000,
    0x82BA, 0x3300,
    0x82A2, 0x1400,
    0xFCFC, 0x2001,
    0x427C, 0x2000,
    0x4280, 0x1000,
    0x4362, 0x0100,
    0x43AA, 0x0000,
    0x43AC, 0x0000,
    0x43C6, 0x0114,
    0x43B4, 0x0000,
    0x43B6, 0x0000,
    0x4396, 0x0B00,
    0x4398, 0x0B00,
    0x437E, 0xE400,
    0xFCFC, 0x2000,
    0xB322, 0x0101,
    0xB324, 0x0100,
    0xB330, 0x2828,
    0xB34A, 0x2828,
    0xB360, 0x2828,
    0xFCFC, 0x2001,
    0x4292, 0x0000,
    0x4364, 0x0000,
    0x4366, 0x0000,
    0x4370, 0x0000,
    0x4290, 0x0100,
    0xFCFC, 0x2002,
    0x84C4, 0x012D,
    0x84A4, 0x0000,
    0xFCFC, 0x2000,
    0xD684, 0x80F3,
    0xB268, 0x80F3,
    0xF09A, 0x00FF,
    0xF2E0, 0x0000,
    0xF372, 0x0000,
    0xF0AA, 0xFFFF,
    0xF0AC, 0xFFFF,
    0xF2EA, 0x4000,
    0xDADA, 0x0001,
    0xDB3C, 0xD2FD,
    0xDADC, 0x0000,
    0xDB0C, 0x1F1F,
    0xDB3E, 0x12D2,
    0xDADE, 0x0000,
    0xDB0E, 0x0080,
    0xDB40, 0x12D2,
    0xDAE0, 0xA000,
    0xDB10, 0x0040,
    0xDB42, 0x12D2,
    0xDAE2, 0x0001,
    0xDB12, 0x0020,
    0xDB44, 0x12D2,
    0xDAE4, 0x0005,
    0xDB14, 0x0040,
    0xDB46, 0x12D2,
    0xDAE6, 0x4011,
    0xDB16, 0x0060,
    0xDBCC, 0x0000,
    0xDB6C, 0x0000,
    0xDB9C, 0x0000,
    0xDBCE, 0x0000,
    0xDB6E, 0x0000,
    0xDB9E, 0x0000,
    0xDBD0, 0x0000,
    0xDB70, 0x0000,
    0xDBA0, 0x0000,
    0xDBD2, 0x0000,
    0xDB72, 0x0000,
    0xDBA2, 0x0000,
    0xDBD4, 0x0000,
    0xDB74, 0x0000,
    0xDBA4, 0x0000,
    0xDBD6, 0x0000,
    0xDB76, 0x0000,
    0xDBA6, 0x0000,
    0xF370, 0x0203,
    0xF3E4, 0x0301,
    0xF3F4, 0xC800,
    0xF3F6, 0xD610,
    0xF014, 0x0700,
    0xB270, 0x8708,
    0xB266, 0xC004,
    0xD682, 0xC004,
    0xBF16, 0x0BAA,
    0xF698, 0x0100,
    0xDC8C, 0x3F0B,
    0xFCFC, 0x4000,
    0x0808, 0x0201,
    0x0E00, 0x0003,
};

/* 04_OceanDX4_05_JN5_Fdsum_12.5Mp_AEB_4096x3072_60fps_3056Msps */
static u16 cj_hhuwide_custom1_setting[] = {
    0xFCFC, 0x4000,
    0x6170, 0xFFFF,
    0x6180, 0x0000,
    0x6190, 0x0000,
    0x6200, 0xFFFF,
    0x6202, 0xFFFF,
    0x6204, 0x0000,
    0x6206, 0x0000,
    0x6208, 0x0000,
    0xA100, 0xFFFF,
    0xA102, 0x0000,
    0xA104, 0x0000,
    0xFCFC, 0x4001,
    0x0100, 0xFFFF,
    0x0102, 0xFFFF,
    0x0104, 0x0000,
    0x0106, 0x0000,
    0x0108, 0x0000,
    0xFCFC, 0x4000,
    0x8100, 0xFFFF,
    0x8104, 0x0000,
    0x8108, 0x0000,
    0x0B30, 0x01FF,
    0xFCFC, 0x2000,
    0x7806, 0x0001,
    0x7808, 0x2408,
    0xFCFC, 0x4000,
    0x0344, 0x0000,
    0x0348, 0x201F,
    0x0346, 0x0000,
    0x034A, 0x181F,
    0x034C, 0x1000,
    0x034E, 0x0C00,
    0x0350, 0x0008,
    0x0352, 0x0008,
    0x0340, 0x0C84,
    0x0342, 0x12B0,
    0x0136, 0x1800,
    0x013E, 0x0000,
    0x0304, 0x0003,
    0x0306, 0x00E6,
    0x030C, 0x0000,
    0x030E, 0x0003,
    0x0310, 0x00B2,
    0x0312, 0x0000,
    0x031A, 0x0003,
    0x031C, 0x0028,
    0x031E, 0x0002,
    0x0202, 0x0014,
    0x0226, 0x0014,
    0x022C, 0x0014,
    0x0702, 0x0000,
    0x0704, 0x0000,
    0x0114, 0x0301,
    0x0118, 0x0004,
    0x011A, 0x0001,
    0x011C, 0x0100,
    0xFCFC, 0x2000,
    0xB176, 0x0602,
    0xB178, 0x0000,
    0x7996, 0x0101,
    0x7994, 0x2020,
    0xFCFC, 0x4000,
    0x0900, 0x2222,
    0x0380, 0x0002,
    0x0382, 0x0002,
    0x0384, 0x0002,
    0x0386, 0x0002,
    0x040C, 0x0000,
    0x0400, 0x1010,
    0x0408, 0x0100,
    0x040A, 0x0100,
    0xFCFC, 0x2000,
    0xD1F6, 0x3A00,
    0xD20C, 0x0908,
    0xD314, 0x2002,
    0xD27A, 0x0500,
    0xD3F0, 0xB01C,
    0xD410, 0x4802,
    0xD426, 0xD204,
    0xD43C, 0x0140,
    0xD412, 0xD204,
    0xD428, 0xEA0A,
    0xD43E, 0x0140,
    0xFCFC, 0x4000,
    0x0260, 0x0001,
    0x0262, 0x0000,
    0x0264, 0x0006,
    0x0266, 0x0700,
    0x0112, 0x0A0A,
    0x0270, 0x2B2B,
    0x0272, 0x2B10,
    0x0274, 0x302B,
    0xFCFC, 0x2001,
    0x44C6, 0x0000,
    0xFCFC, 0x4000,
    0x0B02, 0x0102,
    0x0720, 0x0001,
    0x0722, 0x0800,
    0x0724, 0x0000,
    0x0728, 0x0000,
    0x072A, 0x0000,
    0x072C, 0x0000,
    0x072E, 0x0000,
    0xFCFC, 0x2001,
    0x3132, 0x0200,
    0xFCFC, 0x4000,
    0x021E, 0x0000,
    0x0228, 0x0100,
    0xFCFC, 0x2001,
    0x31D0, 0x0000,
    0x5A70, 0x0000,
    0xFCFC, 0x2000,
    0xDC94, 0x0103,
    0xEF80, 0x0000,
    0x23F0, 0x0001,
    0xF288, 0x0000,
    0xFCFC, 0x2001,
    0x2A30, 0x01FF,
    0x4270, 0x0000,
    0x29BA, 0x2000,
    0x29A8, 0x0100,
    0xFCFC, 0x4000,
    0x0B04, 0x0001,
    0x0B06, 0x0101,
    0x0B08, 0x0100,
    0x0B0A, 0x0101,
    0x0B0C, 0x0100,
    0xFCFC, 0x2000,
    0xC4E0, 0x0100,
    0xC4F6, 0x0000,
    0xC4E2, 0x0000,
    0xC53C, 0x0500,
    0xC544, 0x0005,
    0xC53E, 0x0000,
    0xB23C, 0x6060,
    0xB242, 0x6060,
    0xC554, 0x0010,
    0xC556, 0x0000,
    0xFCFC, 0x2001,
    0x2920, 0x0100,
    0x31F8, 0x0000,
    0x31FA, 0x0000,
    0xFCFC, 0x2000,
    0xD856, 0x0507,
    0xD6D4, 0x0000,
    0x799A, 0x0000,
    0xD8A2, 0x0100,
    0xFCFC, 0x4000,
    0x020A, 0x0000,
    0xFCFC, 0x2000,
    0x78C0, 0x0101,
    0x22C2, 0x0600,
    0x22C4, 0xFF1F,
    0x22EC, 0x1F00,
    0x2306, 0xFF3F,
    0x2314, 0xFF00,
    0x2354, 0x0300,
    0xFCFC, 0x4000,
    0x0936, 0x0000,
    0x0C40, 0x0000,
    0xFCFC, 0x2000,
    0x68DE, 0x0000,
    0xFCFC, 0x2001,
    0x2540, 0x0200,
    0x25E0, 0x0100,
    0x25E2, 0x0000,
    0xFCFC, 0x2000,
    0xD718, 0x0002,
    0xBF30, 0x0000,
    0xFCFC, 0x2001,
    0x3C42, 0x0000,
    0x3C46, 0xEB05,
    0x3C52, 0x4006,
    0xFCFC, 0x2000,
    0xD326, 0x0110,
    0xD3EC, 0xB01C,
    0xFCFC, 0x2001,
    0x195E, 0x0100,
    0x1966, 0x0000,
    0xFCFC, 0x4000,
    0x0086, 0x1400,
    0xFCFC, 0x2000,
    0xE980, 0x9E04,
    0xC4D8, 0x2000,
    0x795A, 0x2000,
    0x7970, 0x2000,
    0xFCFC, 0x2002,
    0x849E, 0x0000,
    0x84A0, 0x0000,
    0x84A2, 0x0005,
    0xFCFC, 0x2001,
    0x2BB2, 0x1000,
    0x2D32, 0x0010,
    0xFCFC, 0x2000,
    0x703C, 0x0101,
    0x7046, 0x7F02,
    0x7058, 0x8002,
    0x71D4, 0x3F00,
    0x71D6, 0x3D00,
    0x71D8, 0x84F3,
    0x71DA, 0x0040,
    0x7048, 0x1F02,
    0x705A, 0x2002,
    0x7274, 0x0B00,
    0x7276, 0x0B00,
    0x7278, 0x36D2,
    0x727A, 0x0040,
    0x727C, 0x0000,
    0x727E, 0x0000,
    0x7280, 0x0000,
    0x7282, 0x0000,
    0x703E, 0x0100,
    0x704A, 0x000A,
    0x705C, 0x010A,
    0x7314, 0x2E00,
    0x7316, 0x3000,
    0x7318, 0x9EFD,
    0x731A, 0x0040,
    0xBEDC, 0xC526,
    0xBEDE, 0x903E,
    0xBEE0, 0xC00F,
    0xBEE2, 0x0008,
    0xBEE4, 0x0C00,
    0xBEE6, 0x8000,
    0xFCFC, 0x2001,
    0x2A54, 0x0000,
    0x2A56, 0x0400,
    0x2A42, 0x0100,
    0x2A44, 0x3907,
    0x2A46, 0x0000,
    0xFCFC, 0x2000,
    0xD704, 0x0278,
    0x7A0E, 0x0F00,
    0x7A6E, 0x1900,
    0x7A86, 0x1900,
    0x8C9E, 0x3500,
    0x8CCE, 0x9600,
    0x7A10, 0x0F00,
    0x7A70, 0x1900,
    0x7A88, 0x1900,
    0x8CA0, 0x3500,
    0x8CD0, 0x9600,
    0xB224, 0x0103,
    0xB226, 0x0000,
    0xB220, 0x0103,
    0x7A12, 0x0F00,
    0x7A72, 0x1900,
    0x7A8A, 0x1900,
    0x8CA2, 0x7000,
    0x8CD2, 0xBE00,
    0x7EE6, 0x2C00,
    0x7EF2, 0x2C00,
    0x7EFE, 0x6400,
    0x7F0A, 0x5800,
    0x8D0E, 0x0000,
    0x9032, 0x0000,
    0x903E, 0x0000,
    0x7A14, 0x0F00,
    0x7A74, 0x1900,
    0x7A8C, 0x1900,
    0x8CA4, 0x3500,
    0x7F0E, 0x5800,
    0x8CD6, 0x9600,
    0x7BDA, 0x4C00,
    0xD49C, 0x2100,
    0xD4D0, 0x0A00,
    0xD4A8, 0x0000,
    0xD4D6, 0x1A00,
    0xD4E2, 0x3200,
    0xD4BC, 0x3F00,
    0xD4B0, 0x7003,
    0xD4C8, 0x0100,
    0xD624, 0x0000,
    0xD62E, 0x0000,
    0xD638, 0x0000,
    0xD4EA, 0x0100,
    0xD554, 0xC400,
    0xD556, 0xFA00,
    0xD560, 0x5203,
    0xD562, 0x8803,
    0xD4DA, 0x0000,
    0xD4E6, 0x0100,
    0xD4C0, 0x1400,
    0xD4B4, 0x0100,
    0xD4CC, 0x0000,
    0xD5BC, 0x0000,
    0xD5BE, 0x0000,
    0xD5C8, 0x0000,
    0xD5CA, 0x0000,
    0xD4D2, 0x0000,
    0xD4DE, 0x0100,
    0xD4B8, 0x1400,
    0xD4AC, 0x0100,
    0xD4C4, 0x0000,
    0xD4EC, 0x0000,
    0xD4EE, 0x0000,
    0xD4F8, 0x0000,
    0xD4FA, 0x0000,
    0xBF78, 0x5333,
    0xD896, 0x0000,
    0xFCFC, 0x2001,
    0x1C24, 0x0002,
    0x1C26, 0x8001,
    0x1C28, 0x8004,
    0x1C2A, 0x2010,
    0x1C2C, 0x2010,
    0x1C2E, 0x0005,
    0x1C30, 0x00A0,
    0x1C32, 0x2810,
    0x1C34, 0x2810,
    0x1C4E, 0x8001,
    0x1C50, 0x8004,
    0x1C52, 0x0010,
    0x1C54, 0x0010,
    0x1C56, 0x0005,
    0x1C58, 0x00A0,
    0x1C5A, 0x2810,
    0x1C5C, 0x2810,
    0x1C5E, 0x0000,
    0x1C60, 0x0000,
    0x1C62, 0x0000,
    0x1C64, 0x0000,
    0x1C66, 0x0000,
    0x1C68, 0x0000,
    0x1C6A, 0x0000,
    0x1C6C, 0x0000,
    0x1C76, 0x8001,
    0x1C78, 0x8004,
    0x1C7A, 0x2010,
    0x1C7C, 0x2010,
    0x1C7E, 0x0005,
    0x1C80, 0x00A0,
    0x1C82, 0x2810,
    0x1C84, 0x2810,
    0x1C86, 0x0000,
    0x1C88, 0x0000,
    0x1C8A, 0x0000,
    0x1C8C, 0x0000,
    0x1C8E, 0x0000,
    0x1C90, 0x0000,
    0x1C92, 0x0000,
    0x1C94, 0x0000,
    0x1C9E, 0x8001,
    0x1CA0, 0x8004,
    0x1CA2, 0x2010,
    0x1CA4, 0x2010,
    0x1CA6, 0x0005,
    0x1CA8, 0x00A0,
    0x1CAA, 0x2810,
    0x1CAC, 0x2810,
    0x1CC6, 0x8001,
    0x1CC8, 0x8004,
    0x1CCA, 0x2010,
    0x1CCC, 0x2010,
    0x1CCE, 0x0005,
    0x1CD0, 0x00A0,
    0x1CD2, 0x2810,
    0x1CD4, 0x2810,
    0x1CEE, 0x8001,
    0x1CF0, 0x8004,
    0x1CF2, 0x0010,
    0x1CF4, 0x0010,
    0x1CF6, 0x0005,
    0x1CF8, 0x00A0,
    0x1CFA, 0x2810,
    0x1CFC, 0x2810,
    0x1CFE, 0x0000,
    0x1D00, 0x0000,
    0x1D02, 0x0000,
    0x1D04, 0x0000,
    0x1D06, 0x0000,
    0x1D08, 0x0000,
    0x1D0A, 0x0000,
    0x1D0C, 0x0000,
    0x1D16, 0x8001,
    0x1D18, 0x8004,
    0x1D1A, 0x2010,
    0x1D1C, 0x2010,
    0x1D1E, 0x0005,
    0x1D20, 0x00A0,
    0x1D22, 0x2810,
    0x1D24, 0x2810,
    0x1D26, 0x0000,
    0x1D28, 0x0000,
    0x1D2A, 0x0000,
    0x1D2C, 0x0000,
    0x1D2E, 0x0000,
    0x1D30, 0x0000,
    0x1D32, 0x0000,
    0x1D34, 0x0000,
    0x1D3E, 0x8001,
    0x1D40, 0x8004,
    0x1D42, 0x2010,
    0x1D44, 0x2010,
    0x1D46, 0x0005,
    0x1D48, 0x00A0,
    0x1D4A, 0x2810,
    0x1D4C, 0x2810,
    0xFCFC, 0x2000,
    0xB21E, 0x0000,
    0xB222, 0xC000,
    0xB20C, 0x2E00,
    0xB21A, 0x0402,
    0xB378, 0x0100,
    0xDD70, 0x0000,
    0xDE38, 0x0000,
    0xFCFC, 0x2002,
    0xA574, 0x0155,
    0xA59C, 0xA2FD,
    0xA59E, 0xFEFE,
    0xA576, 0x4000,
    0xA588, 0x0E00,
    0xA578, 0x8000,
    0xA58A, 0x2000,
    0xA57A, 0xA000,
    0xA58C, 0x2800,
    0xA57C, 0x4001,
    0xA58E, 0x1400,
    0xA57E, 0x8002,
    0xA590, 0x2200,
    0xA580, 0x0005,
    0xA592, 0x2800,
    0xA582, 0x000A,
    0xA594, 0x2C00,
    0xA584, 0xA00F,
    0xA596, 0x2E00,
    0xA586, 0x4011,
    0xA598, 0x3200,
    0xA59A, 0x3500,
    0xA548, 0x00EA,
    0xA570, 0x0000,
    0xA54A, 0x0000,
    0xA54C, 0x0000,
    0xA54E, 0x0000,
    0xA550, 0x0000,
    0xA552, 0x0000,
    0xA554, 0x0000,
    0xA556, 0x0000,
    0xA55C, 0x0000,
    0xA55E, 0x0000,
    0xA560, 0x0000,
    0xA562, 0x0000,
    0xA564, 0x0000,
    0xA566, 0x0000,
    0xA568, 0x0000,
    0xA56A, 0x0000,
    0xFCFC, 0x2001,
    0x1D96, 0x0000,
    0x1D98, 0x0000,
    0x1DA6, 0x0000,
    0x1DA8, 0x0000,
    0x1D72, 0x0000,
    0x1D74, 0x0000,
    0x1D82, 0x0000,
    0x1D84, 0x0000,
    0x1D92, 0x0000,
    0x1D94, 0x0000,
    0x1DA2, 0x0000,
    0x1DA4, 0x0000,
    0x1D76, 0x0000,
    0x1D78, 0x0000,
    0x1D86, 0x0000,
    0x1D88, 0x0000,
    0x1E16, 0x0C00,
    0x1E18, 0x0C00,
    0x1E26, 0x0C00,
    0x1E28, 0x0C00,
    0x1DF2, 0x0900,
    0x1DF4, 0x0900,
    0x1E02, 0x0900,
    0x1E04, 0x0900,
    0x1E12, 0x0C00,
    0x1E14, 0x0C00,
    0x1E22, 0x0C00,
    0x1E24, 0x0C00,
    0x1DF6, 0x0900,
    0x1DF8, 0x0900,
    0x1E06, 0x0900,
    0x1E08, 0x0900,
    0xFCFC, 0x2000,
    0x82BA, 0x3300,
    0x82A2, 0x1400,
    0xFCFC, 0x2001,
    0x427C, 0x2000,
    0x4280, 0x1000,
    0x4362, 0x0100,
    0x43AA, 0x0000,
    0x43AC, 0x0000,
    0x43C6, 0x0114,
    0x43B4, 0x0000,
    0x43B6, 0x0000,
    0x4396, 0x0B00,
    0x4398, 0x0B00,
    0x437E, 0xE400,
    0xFCFC, 0x2000,
    0xB322, 0x0101,
    0xB324, 0x0100,
    0xB330, 0x2828,
    0xB34A, 0x2828,
    0xB360, 0x2828,
    0xFCFC, 0x2001,
    0x4292, 0x0000,
    0x4364, 0x0000,
    0x4366, 0x0000,
    0x4370, 0x0000,
    0x4290, 0x0100,
    0xFCFC, 0x2002,
    0x84C4, 0x012D,
    0x84A4, 0x0000,
    0xFCFC, 0x2000,
    0xD684, 0x80F3,
    0xB268, 0x80F3,
    0xF09A, 0x00FF,
    0xF2E0, 0x0000,
    0xF372, 0x0000,
    0xF0AA, 0xFFFF,
    0xF0AC, 0xFFFF,
    0xF2EA, 0x4000,
    0xDADA, 0x0001,
    0xDB3C, 0xD2FD,
    0xDADC, 0x0000,
    0xDB0C, 0x1F1F,
    0xDB3E, 0x12D2,
    0xDADE, 0x0000,
    0xDB0E, 0x0080,
    0xDB40, 0x12D2,
    0xDAE0, 0xA000,
    0xDB10, 0x0040,
    0xDB42, 0x12D2,
    0xDAE2, 0x0001,
    0xDB12, 0x0020,
    0xDB44, 0x12D2,
    0xDAE4, 0x0005,
    0xDB14, 0x0040,
    0xDB46, 0x12D2,
    0xDAE6, 0x4011,
    0xDB16, 0x0060,
    0xDBCC, 0x0000,
    0xDB6C, 0x0000,
    0xDB9C, 0x0000,
    0xDBCE, 0x0000,
    0xDB6E, 0x0000,
    0xDB9E, 0x0000,
    0xDBD0, 0x0000,
    0xDB70, 0x0000,
    0xDBA0, 0x0000,
    0xDBD2, 0x0000,
    0xDB72, 0x0000,
    0xDBA2, 0x0000,
    0xDBD4, 0x0000,
    0xDB74, 0x0000,
    0xDBA4, 0x0000,
    0xDBD6, 0x0000,
    0xDB76, 0x0000,
    0xDBA6, 0x0000,
    0xF370, 0x0203,
    0xF3E4, 0x0301,
    0xF3F4, 0xC800,
    0xF3F6, 0xD610,
    0xF014, 0x0700,
    0xB270, 0x8708,
    0xB266, 0xC004,
    0xD682, 0xC004,
    0xBF16, 0x0BAA,
    0xF698, 0x0100,
    0xDC8C, 0x3F0B,
    0xFCFC, 0x4000,
    0x0808, 0x0201,
    0x0E00, 0x0203,
};

/*not use*/
/* 01_WD4_OceanChangjiang_UW_JN5_Full_RMSC_Bypass_8192x6144_15.1fps_3056Mbps */
static u16 cj_hhuwide_custom2_setting[] = {
    0xFCFC, 0x4000,
    0x6170, 0xFFFF,
    0x6180, 0x0000,
    0x6190, 0x0000,
    0x6200, 0xFFFF,
    0x6202, 0xFFFF,
    0x6204, 0x0000,
    0x6206, 0x0000,
    0x6208, 0x0000,
    0xA100, 0xFFFF,
    0xA102, 0x0000,
    0xA104, 0x0000,
    0xFCFC, 0x4001,
    0x0100, 0xFFFF,
    0x0102, 0xFFFF,
    0x0104, 0x0000,
    0x0106, 0x0000,
    0x0108, 0x0000,
    0xFCFC, 0x4000,
    0x8100, 0xFFFF,
    0x8104, 0x0000,
    0x8108, 0x0000,
    0x0B30, 0x01FF,
    0xFCFC, 0x2000,
    0x7806, 0x0001,
    0x7808, 0x2408,
    0xFCFC, 0x4000,
    0x0344, 0x0000,
    0x0348, 0x201F,
    0x0346, 0x0000,
    0x034A, 0x181F,
    0x034C, 0x2000,
    0x034E, 0x1800,
    0x0350, 0x0010,
    0x0352, 0x0010,
    0x0340, 0x18CA,
    0x0342, 0x2580,
    0x0136, 0x1800,
    0x013E, 0x0000,
    0x0304, 0x0003,
    0x0306, 0x00E6,
    0x030C, 0x0000,
    0x030E, 0x0003,
    0x0310, 0x00B2,
    0x0312, 0x0000,
    0x031A, 0x0003,
    0x031C, 0x0028,
    0x031E, 0x0002,
    0x0202, 0x0014,
    0x0226, 0x0014,
    0x022C, 0x0014,
    0x0702, 0x0000,
    0x0704, 0x0000,
    0x0114, 0x0301,
    0x0118, 0x0004,
    0x011A, 0x0001,
    0x011C, 0x0100,
    0xFCFC, 0x2000,
    0xB176, 0x0600,
    0xB178, 0x0000,
    0x7996, 0x0100,
    0x7994, 0x2020,
    0xFCFC, 0x4000,
    0x0900, 0x0011,
    0x0380, 0x0001,
    0x0382, 0x0001,
    0x0384, 0x0001,
    0x0386, 0x0001,
    0x040C, 0x0000,
    0x0400, 0x1010,
    0x0408, 0x0100,
    0x040A, 0x0100,
    0xFCFC, 0x2000,
    0xD1F6, 0x3A00,
    0xD20C, 0x0908,
    0xD314, 0x2002,
    0xD27A, 0x0500,
    0xD3F0, 0xB01C,
    0xD410, 0x4802,
    0xD426, 0xD204,
    0xD43C, 0x0140,
    0xD412, 0xD204,
    0xD428, 0xEA0A,
    0xD43E, 0x0140,
    0xFCFC, 0x4000,
    0x0260, 0x0101,
    0x0262, 0x0000,
    0x0264, 0x0306,
    0x0266, 0x0700,
    0x0112, 0x0A0A,
    0x0270, 0x2B2B,
    0x0272, 0x2B10,
    0x0274, 0x302B,
    0xFCFC, 0x2001,
    0x44C6, 0x0000,
    0xFCFC, 0x4000,
    0x0B02, 0x0101,
    0x0720, 0x0001,
    0x0722, 0x0800,
    0x0724, 0x0000,
    0x0728, 0x0000,
    0x072A, 0x0000,
    0x072C, 0x0000,
    0x072E, 0x0000,
    0xFCFC, 0x2001,
    0x3132, 0x0100,
    0xFCFC, 0x4000,
    0x021E, 0x0000,
    0x0228, 0x0100,
    0xFCFC, 0x2001,
    0x31D0, 0x0000,
    0x5A70, 0x0000,
    0xFCFC, 0x2000,
    0xDC94, 0x0100,
    0xEF80, 0x0000,
    0x23F0, 0x0001,
    0xF288, 0x0000,
    0xFCFC, 0x2001,
    0x2A30, 0x01FF,
    0x4270, 0x0000,
    0x29BA, 0xFF00,
    0x29A8, 0x0200,
    0xFCFC, 0x4000,
    0x0B04, 0x0001,
    0x0B06, 0x0101,
    0x0B08, 0x0100,
    0x0B0A, 0x0101,
    0x0B0C, 0x0100,
    0xFCFC, 0x2000,
    0xC4E0, 0x0100,
    0xC4F6, 0x0000,
    0xC4E2, 0x0200,
    0xC53C, 0x0100,
    0xC544, 0x0005,
    0xC53E, 0x0000,
    0xB23C, 0x6060,
    0xB242, 0x6060,
    0xC554, 0x530D,
    0xC556, 0x0000,
    0xFCFC, 0x2001,
    0x2920, 0x0100,
    0x31F8, 0x0100,
    0x31FA, 0x0004,
    0xFCFC, 0x2000,
    0xD856, 0x0507,
    0xD6D4, 0x0000,
    0x799A, 0x0000,
    0xD8A2, 0x0100,
    0xFCFC, 0x4000,
    0x020A, 0x0000,
    0xFCFC, 0x2000,
    0x78C0, 0x0101,
    0x22C2, 0x0600,
    0x22C4, 0xFF1F,
    0x22EC, 0x1F00,
    0x2306, 0xFF3F,
    0x2314, 0xFF00,
    0x2354, 0x0300,
    0xFCFC, 0x4000,
    0x0936, 0x0000,
    0x0C40, 0x0000,
    0xFCFC, 0x2000,
    0x68DE, 0x0000,
    0xFCFC, 0x2001,
    0x2540, 0x0200,
    0x25E0, 0x0100,
    0x25E2, 0xCD00,
    0xFCFC, 0x2000,
    0xD718, 0x0002,
    0xBF30, 0x0000,
    0xFCFC, 0x2001,
    0x3C42, 0x0000,
    0x3C46, 0xEB05,
    0x3C52, 0x4006,
    0xFCFC, 0x2000,
    0xD326, 0x0120,
    0xD3EC, 0xB11C,
    0xFCFC, 0x2001,
    0x195E, 0x0100,
    0x1966, 0x0000,
    0xFCFC, 0x4000,
    0x0086, 0x0200,
    0xFCFC, 0x2000,
    0xE980, 0x0005,
    0xC4D8, 0x2000,
    0x795A, 0x1000,
    0x7970, 0x1000,
    0xFCFC, 0x2002,
    0x849E, 0x0000,
    0x84A0, 0x0000,
    0x84A2, 0x0005,
    0xFCFC, 0x2001,
    0x2BB2, 0x1000,
    0x2D32, 0x0010,
    0xFCFC, 0x2000,
    0x703C, 0x0001,
    0x7046, 0x7F02,
    0x7058, 0x8002,
    0x71D4, 0x3F00,
    0x71D6, 0x3D00,
    0x71D8, 0x84F3,
    0x71DA, 0x0040,
    0x7048, 0x2F00,
    0x705A, 0x3000,
    0x7274, 0x0D00,
    0x7276, 0x0C00,
    0x7278, 0x36D2,
    0x727A, 0x0040,
    0x727C, 0x0000,
    0x727E, 0x0000,
    0x7280, 0x0000,
    0x7282, 0x0000,
    0x703E, 0x0000,
    0x704A, 0x0004,
    0x705C, 0x0004,
    0x7314, 0x0000,
    0x7316, 0x0000,
    0x7318, 0x0000,
    0x731A, 0x0000,
    0xBEDC, 0xC526,
    0xBEDE, 0x903E,
    0xBEE0, 0xC00F,
    0xBEE2, 0x0008,
    0xBEE4, 0x0C00,
    0xBEE6, 0x8000,
    0xFCFC, 0x2001,
    0x2A54, 0x0000,
    0x2A56, 0x0800,
    0x2A42, 0x0100,
    0x2A44, 0xB004,
    0x2A46, 0x0000,
    0xFCFC, 0x2000,
    0xD704, 0x0278,
    0x7A0E, 0x1E00,
    0x7A6E, 0x2800,
    0x7A86, 0x2800,
    0x8C9E, 0x5000,
    0x8CCE, 0x2C01,
    0x7A10, 0x0F00,
    0x7A70, 0x1900,
    0x7A88, 0x1900,
    0x8CA0, 0x3500,
    0x8CD0, 0x9600,
    0xB224, 0x0103,
    0xB226, 0x0000,
    0xB220, 0x0000,
    0x7A12, 0x0F00,
    0x7A72, 0x1900,
    0x7A8A, 0x1900,
    0x8CA2, 0x3500,
    0x8CD2, 0x9600,
    0x7EE6, 0x2C00,
    0x7EF2, 0x2C00,
    0x7EFE, 0x6400,
    0x7F0A, 0x5800,
    0x8D0E, 0x0000,
    0x9032, 0x0000,
    0x903E, 0x0000,
    0x7A14, 0x0F00,
    0x7A74, 0x1900,
    0x7A8C, 0x1900,
    0x8CA4, 0x3500,
    0x7F0E, 0x5800,
    0x8CD6, 0x9600,
    0x7BDA, 0x3C00,
    0xD49C, 0x2100,
    0xD4D0, 0x1600,
    0xD4A8, 0x0300,
    0xD4D6, 0x0000,
    0xD4E2, 0x0100,
    0xD4BC, 0x1400,
    0xD4B0, 0x0100,
    0xD4C8, 0x0000,
    0xD624, 0x0000,
    0xD62E, 0x0000,
    0xD638, 0x0000,
    0xD4EA, 0x0100,
    0xD554, 0x0000,
    0xD556, 0x0000,
    0xD560, 0x0000,
    0xD562, 0x0000,
    0xD4DA, 0x0000,
    0xD4E6, 0x0100,
    0xD4C0, 0x1400,
    0xD4B4, 0x0100,
    0xD4CC, 0x0000,
    0xD5BC, 0x0000,
    0xD5BE, 0x0000,
    0xD5C8, 0x0000,
    0xD5CA, 0x0000,
    0xD4D2, 0x2000,
    0xD4DE, 0x0000,
    0xD4B8, 0x3500,
    0xD4AC, 0x7003,
    0xD4C4, 0x0100,
    0xD4EC, 0xBE00,
    0xD4EE, 0xBE00,
    0xD4F8, 0xF001,
    0xD4FA, 0xF001,
    0xBF78, 0x5333,
    0xD896, 0x0000,
    0xFCFC, 0x2001,
    0x1C24, 0x0002,
    0x1C26, 0x0001,
    0x1C28, 0xFF03,
    0x1C2A, 0x0010,
    0x1C2C, 0xD70F,
    0x1C2E, 0x0004,
    0x1C30, 0x0010,
    0x1C32, 0xD70F,
    0x1C34, 0xC20F,
    0x1C4E, 0x0001,
    0x1C50, 0xFF03,
    0x1C52, 0x0010,
    0x1C54, 0xD70F,
    0x1C56, 0x0004,
    0x1C58, 0x0010,
    0x1C5A, 0xD70F,
    0x1C5C, 0xC20F,
    0x1C5E, 0x0000,
    0x1C60, 0x0000,
    0x1C62, 0x0000,
    0x1C64, 0x0000,
    0x1C66, 0x0000,
    0x1C68, 0x0000,
    0x1C6A, 0x0000,
    0x1C6C, 0x0000,
    0x1C76, 0x0001,
    0x1C78, 0xFF03,
    0x1C7A, 0x0010,
    0x1C7C, 0xD70F,
    0x1C7E, 0x0004,
    0x1C80, 0x0010,
    0x1C82, 0xD70F,
    0x1C84, 0xC20F,
    0x1C86, 0x0000,
    0x1C88, 0x0000,
    0x1C8A, 0x0000,
    0x1C8C, 0x0000,
    0x1C8E, 0x0000,
    0x1C90, 0x0000,
    0x1C92, 0x0000,
    0x1C94, 0x0000,
    0x1C9E, 0x0001,
    0x1CA0, 0xFF03,
    0x1CA2, 0x0010,
    0x1CA4, 0xD70F,
    0x1CA6, 0x0004,
    0x1CA8, 0x0010,
    0x1CAA, 0xD70F,
    0x1CAC, 0xC20F,
    0x1CC6, 0x0000,
    0x1CC8, 0x0000,
    0x1CCA, 0x0000,
    0x1CCC, 0x0000,
    0x1CCE, 0x0000,
    0x1CD0, 0x0000,
    0x1CD2, 0x0000,
    0x1CD4, 0x0000,
    0x1CEE, 0x0000,
    0x1CF0, 0x0000,
    0x1CF2, 0x0000,
    0x1CF4, 0x0000,
    0x1CF6, 0x0000,
    0x1CF8, 0x0000,
    0x1CFA, 0x0000,
    0x1CFC, 0x0000,
    0x1CFE, 0x0000,
    0x1D00, 0x0000,
    0x1D02, 0x0000,
    0x1D04, 0x0000,
    0x1D06, 0x0000,
    0x1D08, 0x0000,
    0x1D0A, 0x0000,
    0x1D0C, 0x0000,
    0x1D16, 0x0000,
    0x1D18, 0x0000,
    0x1D1A, 0x0000,
    0x1D1C, 0x0000,
    0x1D1E, 0x0000,
    0x1D20, 0x0000,
    0x1D22, 0x0000,
    0x1D24, 0x0000,
    0x1D26, 0x0000,
    0x1D28, 0x0000,
    0x1D2A, 0x0000,
    0x1D2C, 0x0000,
    0x1D2E, 0x0000,
    0x1D30, 0x0000,
    0x1D32, 0x0000,
    0x1D34, 0x0000,
    0x1D3E, 0x0000,
    0x1D40, 0x0000,
    0x1D42, 0x0000,
    0x1D44, 0x0000,
    0x1D46, 0x0000,
    0x1D48, 0x0000,
    0x1D4A, 0x0000,
    0x1D4C, 0x0000,
    0xFCFC, 0x2000,
    0xB21E, 0x0000,
    0xB222, 0xC000,
    0xB20C, 0x2E00,
    0xB21A, 0x0402,
    0xB378, 0x0100,
    0xDD70, 0x0000,
    0xDE38, 0x0000,
    0xFCFC, 0x2002,
    0xA574, 0x0155,
    0xA59C, 0xA2FD,
    0xA59E, 0xFEFE,
    0xA576, 0x4000,
    0xA588, 0x0800,
    0xA578, 0x8000,
    0xA58A, 0x2100,
    0xA57A, 0x0001,
    0xA58C, 0x2900,
    0xA57C, 0x0002,
    0xA58E, 0x2E00,
    0xA57E, 0x0002,
    0xA590, 0x2E00,
    0xA580, 0x0002,
    0xA592, 0x2E00,
    0xA582, 0x0002,
    0xA594, 0x2E00,
    0xA584, 0x0002,
    0xA596, 0x2E00,
    0xA586, 0x0002,
    0xA598, 0x2E00,
    0xA59A, 0x3000,
    0xA548, 0x00EA,
    0xA570, 0x0000,
    0xA54A, 0x0000,
    0xA54C, 0x0000,
    0xA54E, 0x0000,
    0xA550, 0x0000,
    0xA552, 0x0000,
    0xA554, 0x0000,
    0xA556, 0x0000,
    0xA55C, 0x0000,
    0xA55E, 0x0000,
    0xA560, 0x0000,
    0xA562, 0x0000,
    0xA564, 0x0000,
    0xA566, 0x0000,
    0xA568, 0x0000,
    0xA56A, 0x0000,
    0xFCFC, 0x2001,
    0x1D96, 0x0000,
    0x1D98, 0x0000,
    0x1DA6, 0x0000,
    0x1DA8, 0x0000,
    0x1D72, 0x0000,
    0x1D74, 0x0000,
    0x1D82, 0x0000,
    0x1D84, 0x0000,
    0x1D92, 0x0000,
    0x1D94, 0x0000,
    0x1DA2, 0x0000,
    0x1DA4, 0x0000,
    0x1D76, 0x0000,
    0x1D78, 0x0000,
    0x1D86, 0x0000,
    0x1D88, 0x0000,
    0x1E16, 0x1400,
    0x1E18, 0x1400,
    0x1E26, 0x1400,
    0x1E28, 0x1400,
    0x1DF2, 0x1400,
    0x1DF4, 0x1400,
    0x1E02, 0x1400,
    0x1E04, 0x1400,
    0x1E12, 0x1400,
    0x1E14, 0x1400,
    0x1E22, 0x1400,
    0x1E24, 0x1400,
    0x1DF6, 0x1400,
    0x1DF8, 0x1400,
    0x1E06, 0x1400,
    0x1E08, 0x1400,
    0xFCFC, 0x2000,
    0x82BA, 0x3600,
    0x82A2, 0x1200,
    0xFCFC, 0x2001,
    0x427C, 0x2000,
    0x4280, 0x1000,
    0x4362, 0x0100,
    0x43AA, 0x0000,
    0x43AC, 0x0000,
    0x43C6, 0x010A,
    0x43B4, 0x0000,
    0x43B6, 0x0000,
    0x4396, 0x0C00,
    0x4398, 0x0E00,
    0x437E, 0xA400,
    0xFCFC, 0x2000,
    0xB322, 0x0101,
    0xB324, 0x0100,
    0xB330, 0x2828,
    0xB34A, 0x2828,
    0xB360, 0x2828,
    0xFCFC, 0x2001,
    0x4292, 0x0000,
    0x4364, 0x0000,
    0x4366, 0x0000,
    0x4370, 0x0000,
    0x4290, 0x0100,
    0xFCFC, 0x2002,
    0x84C4, 0x002D,
    0x84A4, 0x0000,
    0xFCFC, 0x2000,
    0xD684, 0x4004,
    0xB268, 0x4004,
    0xF09A, 0x00FF,
    0xF2E0, 0x0000,
    0xF372, 0x0000,
    0xF0AA, 0xFFFF,
    0xF0AC, 0xFFFF,
    0xF2EA, 0x4000,
    0xDADA, 0x0001,
    0xDB3C, 0x12D2,
    0xDADC, 0x0000,
    0xDB0C, 0x0000,
    0xDB3E, 0x12D2,
    0xDADE, 0x3000,
    0xDB0E, 0x0080,
    0xDB40, 0x12D2,
    0xDAE0, 0x8001,
    0xDB10, 0x0000,
    0xDB42, 0x0000,
    0xDAE2, 0x0000,
    0xDB12, 0x0000,
    0xDB44, 0x0000,
    0xDAE4, 0x0000,
    0xDB14, 0x0000,
    0xDB46, 0x0000,
    0xDAE6, 0x0000,
    0xDB16, 0x0000,
    0xDBCC, 0x0000,
    0xDB6C, 0x0000,
    0xDB9C, 0x0000,
    0xDBCE, 0x0000,
    0xDB6E, 0x0000,
    0xDB9E, 0x0000,
    0xDBD0, 0x0000,
    0xDB70, 0x0000,
    0xDBA0, 0x0000,
    0xDBD2, 0x0000,
    0xDB72, 0x0000,
    0xDBA2, 0x0000,
    0xDBD4, 0x0000,
    0xDB74, 0x0000,
    0xDBA4, 0x0000,
    0xDBD6, 0x0000,
    0xDB76, 0x0000,
    0xDBA6, 0x0000,
    0xF370, 0x0203,
    0xF3E4, 0x0301,
    0xF3F4, 0xC800,
    0xF3F6, 0xD710,
    0xF014, 0x0600,
    0xB270, 0x8708,
    0xB266, 0xC004,
    0xD682, 0xC004,
    0xBF16, 0x0BAA,
    0xF698, 0x0100,
    0xDC8C, 0x3F2B,
    0xFCFC, 0x4000,
    0x0808, 0x0201,
    0x0E00, 0x0003,
};

/* 01_WD4_OceanChangjiang_UW_JN5_Full_RMSC_Bypass_8192x6144_15.1fps_3056Mbps */
static u16 cj_hhuwide_custom3_setting[] = {
    0xFCFC, 0x4000,
    0x6170, 0xFFFF,
    0x6180, 0x0000,
    0x6190, 0x0000,
    0x6200, 0xFFFF,
    0x6202, 0xFFFF,
    0x6204, 0x0000,
    0x6206, 0x0000,
    0x6208, 0x0000,
    0xA100, 0xFFFF,
    0xA102, 0x0000,
    0xA104, 0x0000,
    0xFCFC, 0x4001,
    0x0100, 0xFFFF,
    0x0102, 0xFFFF,
    0x0104, 0x0000,
    0x0106, 0x0000,
    0x0108, 0x0000,
    0xFCFC, 0x4000,
    0x8100, 0xFFFF,
    0x8104, 0x0000,
    0x8108, 0x0000,
    0x0B30, 0x01FF,
    0xFCFC, 0x2000,
    0x7806, 0x0001,
    0x7808, 0x2408,
    0xFCFC, 0x4000,
    0x0344, 0x0000,
    0x0348, 0x201F,
    0x0346, 0x0000,
    0x034A, 0x181F,
    0x034C, 0x2000,
    0x034E, 0x1800,
    0x0350, 0x0010,
    0x0352, 0x0010,
    0x0340, 0x18CA,
    0x0342, 0x2580,
    0x0136, 0x1800,
    0x013E, 0x0000,
    0x0304, 0x0003,
    0x0306, 0x00E6,
    0x030C, 0x0000,
    0x030E, 0x0003,
    0x0310, 0x00B2,
    0x0312, 0x0000,
    0x031A, 0x0003,
    0x031C, 0x0028,
    0x031E, 0x0002,
    0x0202, 0x0014,
    0x0226, 0x0014,
    0x022C, 0x0014,
    0x0702, 0x0000,
    0x0704, 0x0000,
    0x0114, 0x0301,
    0x0118, 0x0004,
    0x011A, 0x0001,
    0x011C, 0x0100,
    0xFCFC, 0x2000,
    0xB176, 0x0600,
    0xB178, 0x0000,
    0x7996, 0x0100,
    0x7994, 0x2020,
    0xFCFC, 0x4000,
    0x0900, 0x0011,
    0x0380, 0x0001,
    0x0382, 0x0001,
    0x0384, 0x0001,
    0x0386, 0x0001,
    0x040C, 0x0000,
    0x0400, 0x1010,
    0x0408, 0x0100,
    0x040A, 0x0100,
    0xFCFC, 0x2000,
    0xD1F6, 0x3A00,
    0xD20C, 0x0908,
    0xD314, 0x2002,
    0xD27A, 0x0500,
    0xD3F0, 0xB01C,
    0xD410, 0x4802,
    0xD426, 0xD204,
    0xD43C, 0x0140,
    0xD412, 0xD204,
    0xD428, 0xEA0A,
    0xD43E, 0x0140,
    0xFCFC, 0x4000,
    0x0260, 0x0101,
    0x0262, 0x0000,
    0x0264, 0x0306,
    0x0266, 0x0700,
    0x0112, 0x0A0A,
    0x0270, 0x2B2B,
    0x0272, 0x2B10,
    0x0274, 0x302B,
    0xFCFC, 0x2001,
    0x44C6, 0x0000,
    0xFCFC, 0x4000,
    0x0B02, 0x0101,
    0x0720, 0x0001,
    0x0722, 0x0800,
    0x0724, 0x0000,
    0x0728, 0x0000,
    0x072A, 0x0000,
    0x072C, 0x0000,
    0x072E, 0x0000,
    0xFCFC, 0x2001,
    0x3132, 0x0100,
    0xFCFC, 0x4000,
    0x021E, 0x0000,
    0x0228, 0x0100,
    0xFCFC, 0x2001,
    0x31D0, 0x0000,
    0x5A70, 0x0000,
    0xFCFC, 0x2000,
    0xDC94, 0x0100,
    0xEF80, 0x0000,
    0x23F0, 0x0001,
    0xF288, 0x0000,
    0xFCFC, 0x2001,
    0x2A30, 0x01FF,
    0x4270, 0x0000,
    0x29BA, 0xFF00,
    0x29A8, 0x0200,
    0xFCFC, 0x4000,
    0x0B04, 0x0001,
    0x0B06, 0x0101,
    0x0B08, 0x0100,
    0x0B0A, 0x0101,
    0x0B0C, 0x0100,
    0xFCFC, 0x2000,
    0xC4E0, 0x0100,
    0xC4F6, 0x0000,
    0xC4E2, 0x0200,
    0xC53C, 0x0100,
    0xC544, 0x0005,
    0xC53E, 0x0000,
    0xB23C, 0x6060,
    0xB242, 0x6060,
    0xC554, 0x530D,
    0xC556, 0x0000,
    0xFCFC, 0x2001,
    0x2920, 0x0100,
    0x31F8, 0x0100,
    0x31FA, 0x0004,
    0xFCFC, 0x2000,
    0xD856, 0x0507,
    0xD6D4, 0x0000,
    0x799A, 0x0000,
    0xD8A2, 0x0100,
    0xFCFC, 0x4000,
    0x020A, 0x0000,
    0xFCFC, 0x2000,
    0x78C0, 0x0101,
    0x22C2, 0x0600,
    0x22C4, 0xFF1F,
    0x22EC, 0x1F00,
    0x2306, 0xFF3F,
    0x2314, 0xFF00,
    0x2354, 0x0300,
    0xFCFC, 0x4000,
    0x0936, 0x0000,
    0x0C40, 0x0000,
    0xFCFC, 0x2000,
    0x68DE, 0x0000,
    0xFCFC, 0x2001,
    0x2540, 0x0200,
    0x25E0, 0x0100,
    0x25E2, 0xCD00,
    0xFCFC, 0x2000,
    0xD718, 0x0002,
    0xBF30, 0x0000,
    0xFCFC, 0x2001,
    0x3C42, 0x0000,
    0x3C46, 0xEB05,
    0x3C52, 0x4006,
    0xFCFC, 0x2000,
    0xD326, 0x0120,
    0xD3EC, 0xB11C,
    0xFCFC, 0x2001,
    0x195E, 0x0100,
    0x1966, 0x0000,
    0xFCFC, 0x4000,
    0x0086, 0x0200,
    0xFCFC, 0x2000,
    0xE980, 0x0005,
    0xC4D8, 0x2000,
    0x795A, 0x1000,
    0x7970, 0x1000,
    0xFCFC, 0x2002,
    0x849E, 0x0000,
    0x84A0, 0x0000,
    0x84A2, 0x0005,
    0xFCFC, 0x2001,
    0x2BB2, 0x1000,
    0x2D32, 0x0010,
    0xFCFC, 0x2000,
    0x703C, 0x0001,
    0x7046, 0x7F02,
    0x7058, 0x8002,
    0x71D4, 0x3F00,
    0x71D6, 0x3D00,
    0x71D8, 0x84F3,
    0x71DA, 0x0040,
    0x7048, 0x2F00,
    0x705A, 0x3000,
    0x7274, 0x0D00,
    0x7276, 0x0C00,
    0x7278, 0x36D2,
    0x727A, 0x0040,
    0x727C, 0x0000,
    0x727E, 0x0000,
    0x7280, 0x0000,
    0x7282, 0x0000,
    0x703E, 0x0000,
    0x704A, 0x0004,
    0x705C, 0x0004,
    0x7314, 0x0000,
    0x7316, 0x0000,
    0x7318, 0x0000,
    0x731A, 0x0000,
    0xBEDC, 0xC526,
    0xBEDE, 0x903E,
    0xBEE0, 0xC00F,
    0xBEE2, 0x0008,
    0xBEE4, 0x0C00,
    0xBEE6, 0x8000,
    0xFCFC, 0x2001,
    0x2A54, 0x0000,
    0x2A56, 0x0800,
    0x2A42, 0x0100,
    0x2A44, 0xB004,
    0x2A46, 0x0000,
    0xFCFC, 0x2000,
    0xD704, 0x0278,
    0x7A0E, 0x1E00,
    0x7A6E, 0x2800,
    0x7A86, 0x2800,
    0x8C9E, 0x5000,
    0x8CCE, 0x2C01,
    0x7A10, 0x0F00,
    0x7A70, 0x1900,
    0x7A88, 0x1900,
    0x8CA0, 0x3500,
    0x8CD0, 0x9600,
    0xB224, 0x0103,
    0xB226, 0x0000,
    0xB220, 0x0000,
    0x7A12, 0x0F00,
    0x7A72, 0x1900,
    0x7A8A, 0x1900,
    0x8CA2, 0x3500,
    0x8CD2, 0x9600,
    0x7EE6, 0x2C00,
    0x7EF2, 0x2C00,
    0x7EFE, 0x6400,
    0x7F0A, 0x5800,
    0x8D0E, 0x0000,
    0x9032, 0x0000,
    0x903E, 0x0000,
    0x7A14, 0x0F00,
    0x7A74, 0x1900,
    0x7A8C, 0x1900,
    0x8CA4, 0x3500,
    0x7F0E, 0x5800,
    0x8CD6, 0x9600,
    0x7BDA, 0x3C00,
    0xD49C, 0x2100,
    0xD4D0, 0x1600,
    0xD4A8, 0x0300,
    0xD4D6, 0x0000,
    0xD4E2, 0x0100,
    0xD4BC, 0x1400,
    0xD4B0, 0x0100,
    0xD4C8, 0x0000,
    0xD624, 0x0000,
    0xD62E, 0x0000,
    0xD638, 0x0000,
    0xD4EA, 0x0100,
    0xD554, 0x0000,
    0xD556, 0x0000,
    0xD560, 0x0000,
    0xD562, 0x0000,
    0xD4DA, 0x0000,
    0xD4E6, 0x0100,
    0xD4C0, 0x1400,
    0xD4B4, 0x0100,
    0xD4CC, 0x0000,
    0xD5BC, 0x0000,
    0xD5BE, 0x0000,
    0xD5C8, 0x0000,
    0xD5CA, 0x0000,
    0xD4D2, 0x2000,
    0xD4DE, 0x0000,
    0xD4B8, 0x3500,
    0xD4AC, 0x7003,
    0xD4C4, 0x0100,
    0xD4EC, 0xBE00,
    0xD4EE, 0xBE00,
    0xD4F8, 0xF001,
    0xD4FA, 0xF001,
    0xBF78, 0x5333,
    0xD896, 0x0000,
    0xFCFC, 0x2001,
    0x1C24, 0x0002,
    0x1C26, 0x0001,
    0x1C28, 0xFF03,
    0x1C2A, 0x0010,
    0x1C2C, 0xD70F,
    0x1C2E, 0x0004,
    0x1C30, 0x0010,
    0x1C32, 0xD70F,
    0x1C34, 0xC20F,
    0x1C4E, 0x0001,
    0x1C50, 0xFF03,
    0x1C52, 0x0010,
    0x1C54, 0xD70F,
    0x1C56, 0x0004,
    0x1C58, 0x0010,
    0x1C5A, 0xD70F,
    0x1C5C, 0xC20F,
    0x1C5E, 0x0000,
    0x1C60, 0x0000,
    0x1C62, 0x0000,
    0x1C64, 0x0000,
    0x1C66, 0x0000,
    0x1C68, 0x0000,
    0x1C6A, 0x0000,
    0x1C6C, 0x0000,
    0x1C76, 0x0001,
    0x1C78, 0xFF03,
    0x1C7A, 0x0010,
    0x1C7C, 0xD70F,
    0x1C7E, 0x0004,
    0x1C80, 0x0010,
    0x1C82, 0xD70F,
    0x1C84, 0xC20F,
    0x1C86, 0x0000,
    0x1C88, 0x0000,
    0x1C8A, 0x0000,
    0x1C8C, 0x0000,
    0x1C8E, 0x0000,
    0x1C90, 0x0000,
    0x1C92, 0x0000,
    0x1C94, 0x0000,
    0x1C9E, 0x0001,
    0x1CA0, 0xFF03,
    0x1CA2, 0x0010,
    0x1CA4, 0xD70F,
    0x1CA6, 0x0004,
    0x1CA8, 0x0010,
    0x1CAA, 0xD70F,
    0x1CAC, 0xC20F,
    0x1CC6, 0x0000,
    0x1CC8, 0x0000,
    0x1CCA, 0x0000,
    0x1CCC, 0x0000,
    0x1CCE, 0x0000,
    0x1CD0, 0x0000,
    0x1CD2, 0x0000,
    0x1CD4, 0x0000,
    0x1CEE, 0x0000,
    0x1CF0, 0x0000,
    0x1CF2, 0x0000,
    0x1CF4, 0x0000,
    0x1CF6, 0x0000,
    0x1CF8, 0x0000,
    0x1CFA, 0x0000,
    0x1CFC, 0x0000,
    0x1CFE, 0x0000,
    0x1D00, 0x0000,
    0x1D02, 0x0000,
    0x1D04, 0x0000,
    0x1D06, 0x0000,
    0x1D08, 0x0000,
    0x1D0A, 0x0000,
    0x1D0C, 0x0000,
    0x1D16, 0x0000,
    0x1D18, 0x0000,
    0x1D1A, 0x0000,
    0x1D1C, 0x0000,
    0x1D1E, 0x0000,
    0x1D20, 0x0000,
    0x1D22, 0x0000,
    0x1D24, 0x0000,
    0x1D26, 0x0000,
    0x1D28, 0x0000,
    0x1D2A, 0x0000,
    0x1D2C, 0x0000,
    0x1D2E, 0x0000,
    0x1D30, 0x0000,
    0x1D32, 0x0000,
    0x1D34, 0x0000,
    0x1D3E, 0x0000,
    0x1D40, 0x0000,
    0x1D42, 0x0000,
    0x1D44, 0x0000,
    0x1D46, 0x0000,
    0x1D48, 0x0000,
    0x1D4A, 0x0000,
    0x1D4C, 0x0000,
    0xFCFC, 0x2000,
    0xB21E, 0x0000,
    0xB222, 0xC000,
    0xB20C, 0x2E00,
    0xB21A, 0x0402,
    0xB378, 0x0100,
    0xDD70, 0x0000,
    0xDE38, 0x0000,
    0xFCFC, 0x2002,
    0xA574, 0x0155,
    0xA59C, 0xA2FD,
    0xA59E, 0xFEFE,
    0xA576, 0x4000,
    0xA588, 0x0800,
    0xA578, 0x8000,
    0xA58A, 0x2100,
    0xA57A, 0x0001,
    0xA58C, 0x2900,
    0xA57C, 0x0002,
    0xA58E, 0x2E00,
    0xA57E, 0x0002,
    0xA590, 0x2E00,
    0xA580, 0x0002,
    0xA592, 0x2E00,
    0xA582, 0x0002,
    0xA594, 0x2E00,
    0xA584, 0x0002,
    0xA596, 0x2E00,
    0xA586, 0x0002,
    0xA598, 0x2E00,
    0xA59A, 0x3000,
    0xA548, 0x00EA,
    0xA570, 0x0000,
    0xA54A, 0x0000,
    0xA54C, 0x0000,
    0xA54E, 0x0000,
    0xA550, 0x0000,
    0xA552, 0x0000,
    0xA554, 0x0000,
    0xA556, 0x0000,
    0xA55C, 0x0000,
    0xA55E, 0x0000,
    0xA560, 0x0000,
    0xA562, 0x0000,
    0xA564, 0x0000,
    0xA566, 0x0000,
    0xA568, 0x0000,
    0xA56A, 0x0000,
    0xFCFC, 0x2001,
    0x1D96, 0x0000,
    0x1D98, 0x0000,
    0x1DA6, 0x0000,
    0x1DA8, 0x0000,
    0x1D72, 0x0000,
    0x1D74, 0x0000,
    0x1D82, 0x0000,
    0x1D84, 0x0000,
    0x1D92, 0x0000,
    0x1D94, 0x0000,
    0x1DA2, 0x0000,
    0x1DA4, 0x0000,
    0x1D76, 0x0000,
    0x1D78, 0x0000,
    0x1D86, 0x0000,
    0x1D88, 0x0000,
    0x1E16, 0x1400,
    0x1E18, 0x1400,
    0x1E26, 0x1400,
    0x1E28, 0x1400,
    0x1DF2, 0x1400,
    0x1DF4, 0x1400,
    0x1E02, 0x1400,
    0x1E04, 0x1400,
    0x1E12, 0x1400,
    0x1E14, 0x1400,
    0x1E22, 0x1400,
    0x1E24, 0x1400,
    0x1DF6, 0x1400,
    0x1DF8, 0x1400,
    0x1E06, 0x1400,
    0x1E08, 0x1400,
    0xFCFC, 0x2000,
    0x82BA, 0x3600,
    0x82A2, 0x1200,
    0xFCFC, 0x2001,
    0x427C, 0x2000,
    0x4280, 0x1000,
    0x4362, 0x0100,
    0x43AA, 0x0000,
    0x43AC, 0x0000,
    0x43C6, 0x010A,
    0x43B4, 0x0000,
    0x43B6, 0x0000,
    0x4396, 0x0C00,
    0x4398, 0x0E00,
    0x437E, 0xA400,
    0xFCFC, 0x2000,
    0xB322, 0x0101,
    0xB324, 0x0100,
    0xB330, 0x2828,
    0xB34A, 0x2828,
    0xB360, 0x2828,
    0xFCFC, 0x2001,
    0x4292, 0x0000,
    0x4364, 0x0000,
    0x4366, 0x0000,
    0x4370, 0x0000,
    0x4290, 0x0100,
    0xFCFC, 0x2002,
    0x84C4, 0x002D,
    0x84A4, 0x0000,
    0xFCFC, 0x2000,
    0xD684, 0x4004,
    0xB268, 0x4004,
    0xF09A, 0x00FF,
    0xF2E0, 0x0000,
    0xF372, 0x0000,
    0xF0AA, 0xFFFF,
    0xF0AC, 0xFFFF,
    0xF2EA, 0x4000,
    0xDADA, 0x0001,
    0xDB3C, 0x12D2,
    0xDADC, 0x0000,
    0xDB0C, 0x0000,
    0xDB3E, 0x12D2,
    0xDADE, 0x3000,
    0xDB0E, 0x0080,
    0xDB40, 0x12D2,
    0xDAE0, 0x8001,
    0xDB10, 0x0000,
    0xDB42, 0x0000,
    0xDAE2, 0x0000,
    0xDB12, 0x0000,
    0xDB44, 0x0000,
    0xDAE4, 0x0000,
    0xDB14, 0x0000,
    0xDB46, 0x0000,
    0xDAE6, 0x0000,
    0xDB16, 0x0000,
    0xDBCC, 0x0000,
    0xDB6C, 0x0000,
    0xDB9C, 0x0000,
    0xDBCE, 0x0000,
    0xDB6E, 0x0000,
    0xDB9E, 0x0000,
    0xDBD0, 0x0000,
    0xDB70, 0x0000,
    0xDBA0, 0x0000,
    0xDBD2, 0x0000,
    0xDB72, 0x0000,
    0xDBA2, 0x0000,
    0xDBD4, 0x0000,
    0xDB74, 0x0000,
    0xDBA4, 0x0000,
    0xDBD6, 0x0000,
    0xDB76, 0x0000,
    0xDBA6, 0x0000,
    0xF370, 0x0203,
    0xF3E4, 0x0301,
    0xF3F4, 0xC800,
    0xF3F6, 0xD710,
    0xF014, 0x0600,
    0xB270, 0x8708,
    0xB266, 0xC004,
    0xD682, 0xC004,
    0xBF16, 0x0BAA,
    0xF698, 0x0100,
    0xDC8C, 0x3F2B,
    0xFCFC, 0x4000,
    0x0808, 0x0201,
    0x0E00, 0x0003,
};

/* 13_1_OceanChangjiang_UW_JN5_A2A2_1632x1224_30fps_1672Mbps */
static u16 cj_hhuwide_custom4_setting[] = {
    0xFCFC, 0x4000,
    0x6170, 0xFFFF,
    0x6180, 0x0000,
    0x6190, 0x0000,
    0x6200, 0xFFFF,
    0x6202, 0xFFFF,
    0x6204, 0x0000,
    0x6206, 0x0000,
    0x6208, 0x0000,
    0xA100, 0xFFFF,
    0xA102, 0x0000,
    0xA104, 0x0000,
    0xFCFC, 0x4001,
    0x0100, 0xFFFF,
    0x0102, 0xFFFF,
    0x0104, 0x0000,
    0x0106, 0x0000,
    0x0108, 0x0000,
    0xFCFC, 0x4000,
    0x8100, 0xFFFF,
    0x8104, 0x0000,
    0x8108, 0x0000,
    0x0B30, 0x01FF,
    0xFCFC, 0x2000,
    0x7806, 0x0001,
    0x7808, 0x2408,
    0xFCFC, 0x4000,
    0x0344, 0x0340,
    0x0348, 0x1CDF,
    0x0346, 0x0270,
    0x034A, 0x15AF,
    0x034C, 0x0660,
    0x034E, 0x04C8,
    0x0350, 0x0004,
    0x0352, 0x0004,
    0x0340, 0x1908,
    0x0342, 0x12B0,
    0x0136, 0x1800,
    0x013E, 0x0000,
    0x0304, 0x0003,
    0x0306, 0x00E6,
    0x030C, 0x0000,
    0x030E, 0x0003,
    0x0310, 0x00D1,
    0x0312, 0x0001,
    0x031A, 0x0003,
    0x031C, 0x0028,
    0x031E, 0x0002,
    0x0202, 0x0014,
    0x0226, 0x0014,
    0x022C, 0x0014,
    0x0702, 0x0000,
    0x0704, 0x0000,
    0x0114, 0x0301,
    0x0118, 0x0004,
    0x011A, 0x0001,
    0x011C, 0x0100,
    0xFCFC, 0x2000,
    0xB176, 0x0602,
    0xB178, 0x0000,
    0x7996, 0x0101,
    0x7994, 0x2020,
    0xFCFC, 0x4000,
    0x0900, 0x3344,
    0x0380, 0x0002,
    0x0382, 0x0006,
    0x0384, 0x0002,
    0x0386, 0x0006,
    0x040C, 0x0000,
    0x0400, 0x1010,
    0x0408, 0x0100,
    0x040A, 0x0100,
    0xFCFC, 0x2000,
    0xD1F6, 0x3A00,
    0xD20C, 0x0910,
    0xD314, 0x2002,
    0xD27A, 0x0700,
    0xD3F0, 0xB01C,
    0xD410, 0x4802,
    0xD426, 0xD204,
    0xD43C, 0x0140,
    0xD412, 0xD204,
    0xD428, 0xEA0A,
    0xD43E, 0x0140,
    0xFCFC, 0x4000,
    0x0260, 0x0101,
    0x0262, 0x0000,
    0x0264, 0x0306,
    0x0266, 0x0700,
    0x0112, 0x0A0A,
    0x0270, 0x2B2B,
    0x0272, 0x2B10,
    0x0274, 0x302B,
    0xFCFC, 0x2001,
    0x44C6, 0x0000,
    0xFCFC, 0x4000,
    0x0B02, 0x0102,
    0x0720, 0x0001,
    0x0722, 0x0800,
    0x0724, 0x0000,
    0x0728, 0x0000,
    0x072A, 0x0000,
    0x072C, 0x0000,
    0x072E, 0x0000,
    0xFCFC, 0x2001,
    0x3132, 0x0200,
    0xFCFC, 0x4000,
    0x021E, 0x0000,
    0x0228, 0x0100,
    0xFCFC, 0x2001,
    0x31D0, 0x0000,
    0x5A70, 0x0000,
    0xFCFC, 0x2000,
    0xDC94, 0x0103,
    0xEF80, 0x0000,
    0x23F0, 0x0001,
    0xF288, 0x0000,
    0xFCFC, 0x2001,
    0x2A30, 0x01FF,
    0x4270, 0x0000,
    0x29BA, 0x2000,
    0x29A8, 0x0100,
    0xFCFC, 0x4000,
    0x0B04, 0x0001,
    0x0B06, 0x0101,
    0x0B08, 0x0100,
    0x0B0A, 0x0101,
    0x0B0C, 0x0100,
    0xFCFC, 0x2000,
    0xC4E0, 0x0100,
    0xC4F6, 0x0000,
    0xC4E2, 0x0000,
    0xC53C, 0x0500,
    0xC544, 0x0005,
    0xC53E, 0x0000,
    0xB23C, 0x6060,
    0xB242, 0x6060,
    0xC554, 0x0010,
    0xC556, 0x0000,
    0xFCFC, 0x2001,
    0x2920, 0x0100,
    0x31F8, 0x0000,
    0x31FA, 0x0000,
    0xFCFC, 0x2000,
    0xD856, 0x0507,
    0xD6D4, 0x0000,
    0x799A, 0x0000,
    0xD8A2, 0x0100,
    0xFCFC, 0x4000,
    0x020A, 0x0000,
    0xFCFC, 0x2000,
    0x78C0, 0x0101,
    0x22C2, 0x0600,
    0x22C4, 0xFF1F,
    0x22EC, 0x1F00,
    0x2306, 0xFF3F,
    0x2314, 0xFF00,
    0x2354, 0x0300,
    0xFCFC, 0x4000,
    0x0936, 0x0000,
    0x0C40, 0x0000,
    0xFCFC, 0x2000,
    0x68DE, 0x0000,
    0xFCFC, 0x2001,
    0x2540, 0x0200,
    0x25E0, 0x0100,
    0x25E2, 0x0000,
    0xFCFC, 0x2000,
    0xD718, 0x0002,
    0xBF30, 0x0000,
    0xFCFC, 0x2001,
    0x3C42, 0x0000,
    0x3C46, 0xEB05,
    0x3C52, 0x4006,
    0xFCFC, 0x2000,
    0xD326, 0x0110,
    0xD3EC, 0xB01C,
    0xFCFC, 0x2001,
    0x195E, 0x0100,
    0x1966, 0x0000,
    0xFCFC, 0x4000,
    0x0086, 0x1400,
    0xFCFC, 0x2000,
    0xE980, 0x9E04,
    0xC4D8, 0x2000,
    0x795A, 0x2000,
    0x7970, 0x2000,
    0xFCFC, 0x2002,
    0x849E, 0x0000,
    0x84A0, 0x0000,
    0x84A2, 0x0005,
    0xFCFC, 0x2001,
    0x2BB2, 0x1000,
    0x2D32, 0x0010,
    0xFCFC, 0x2000,
    0x703C, 0x0101,
    0x7046, 0x7F02,
    0x7058, 0x8002,
    0x71D4, 0x3F00,
    0x71D6, 0x3D00,
    0x71D8, 0x84F3,
    0x71DA, 0x0040,
    0x7048, 0x3F01,
    0x705A, 0x4001,
    0x7274, 0x0B00,
    0x7276, 0x0B00,
    0x7278, 0x36D2,
    0x727A, 0x0040,
    0x727C, 0x0000,
    0x727E, 0x00D0,
    0x7280, 0x12D2,
    0x7282, 0x0040,
    0x703E, 0x0100,
    0x704A, 0x000A,
    0x705C, 0x010A,
    0x7314, 0x2E00,
    0x7316, 0x3000,
    0x7318, 0x9EFD,
    0x731A, 0x0040,
    0xBEDC, 0xC526,
    0xBEDE, 0x907E,
    0xBEE0, 0xC00F,
    0xBEE2, 0x0008,
    0xBEE4, 0x2C00,
    0xBEE6, 0x8000,
    0xFCFC, 0x2001,
    0x2A54, 0x0000,
    0x2A56, 0x0400,
    0x2A42, 0x0100,
    0x2A44, 0x7901,
    0x2A46, 0x0000,
    0xFCFC, 0x2000,
    0xD704, 0x0278,
    0x7A0E, 0x0F00,
    0x7A6E, 0x1900,
    0x7A86, 0x1900,
    0x8C9E, 0x3500,
    0x8CCE, 0x9600,
    0x7A10, 0x0F00,
    0x7A70, 0x1900,
    0x7A88, 0x1900,
    0x8CA0, 0x3500,
    0x8CD0, 0x9600,
    0xB224, 0x0103,
    0xB226, 0x0000,
    0xB220, 0x0103,
    0x7A12, 0x0F00,
    0x7A72, 0x1900,
    0x7A8A, 0x1900,
    0x8CA2, 0x5000,
    0x8CD2, 0xBE00,
    0x7EE6, 0x2C00,
    0x7EF2, 0x2C00,
    0x7EFE, 0x6400,
    0x7F0A, 0x5800,
    0x8D0E, 0x0000,
    0x9032, 0x0000,
    0x903E, 0x0000,
    0x7A14, 0x0F00,
    0x7A74, 0x1900,
    0x7A8C, 0x1900,
    0x8CA4, 0x3500,
    0x7F0E, 0x5800,
    0x8CD6, 0x9600,
    0x7BDA, 0x3C00,
    0xD49C, 0x2100,
    0xD4D0, 0x0A00,
    0xD4A8, 0x0000,
    0xD4D6, 0x1A00,
    0xD4E2, 0x3200,
    0xD4BC, 0x3A00,
    0xD4B0, 0x9001,
    0xD4C8, 0x0100,
    0xD624, 0x0000,
    0xD62E, 0x0000,
    0xD638, 0x0000,
    0xD4EA, 0x0100,
    0xD554, 0xC400,
    0xD556, 0xFA00,
    0xD560, 0x5203,
    0xD562, 0x8803,
    0xD4DA, 0x0000,
    0xD4E6, 0x0100,
    0xD4C0, 0x1400,
    0xD4B4, 0x0100,
    0xD4CC, 0x0000,
    0xD5BC, 0x0000,
    0xD5BE, 0x0000,
    0xD5C8, 0x0000,
    0xD5CA, 0x0000,
    0xD4D2, 0x0000,
    0xD4DE, 0x0100,
    0xD4B8, 0x1400,
    0xD4AC, 0x0100,
    0xD4C4, 0x0000,
    0xD4EC, 0x0000,
    0xD4EE, 0x0000,
    0xD4F8, 0x0000,
    0xD4FA, 0x0000,
    0xBF78, 0x5333,
    0xD896, 0x0000,
    0xFCFC, 0x2001,
    0x1C24, 0x0002,
    0x1C26, 0x8001,
    0x1C28, 0x8004,
    0x1C2A, 0x2010,
    0x1C2C, 0x2010,
    0x1C2E, 0x0005,
    0x1C30, 0x00A0,
    0x1C32, 0x2810,
    0x1C34, 0x2810,
    0x1C4E, 0x8001,
    0x1C50, 0x8004,
    0x1C52, 0x0010,
    0x1C54, 0x0010,
    0x1C56, 0x0005,
    0x1C58, 0x00A0,
    0x1C5A, 0x2810,
    0x1C5C, 0x2810,
    0x1C5E, 0x0000,
    0x1C60, 0x0000,
    0x1C62, 0x0000,
    0x1C64, 0x0000,
    0x1C66, 0x0000,
    0x1C68, 0x0000,
    0x1C6A, 0x0000,
    0x1C6C, 0x0000,
    0x1C76, 0x8001,
    0x1C78, 0x8004,
    0x1C7A, 0x2010,
    0x1C7C, 0x2010,
    0x1C7E, 0x0005,
    0x1C80, 0x00A0,
    0x1C82, 0x2810,
    0x1C84, 0x2810,
    0x1C86, 0x0000,
    0x1C88, 0x0000,
    0x1C8A, 0x0000,
    0x1C8C, 0x0000,
    0x1C8E, 0x0000,
    0x1C90, 0x0000,
    0x1C92, 0x0000,
    0x1C94, 0x0000,
    0x1C9E, 0x8001,
    0x1CA0, 0x8004,
    0x1CA2, 0x2010,
    0x1CA4, 0x2010,
    0x1CA6, 0x0005,
    0x1CA8, 0x00A0,
    0x1CAA, 0x2810,
    0x1CAC, 0x2810,
    0x1CC6, 0x8001,
    0x1CC8, 0x8004,
    0x1CCA, 0x2010,
    0x1CCC, 0x2010,
    0x1CCE, 0x0005,
    0x1CD0, 0x00A0,
    0x1CD2, 0x2810,
    0x1CD4, 0x2810,
    0x1CEE, 0x8001,
    0x1CF0, 0x8004,
    0x1CF2, 0x0010,
    0x1CF4, 0x0010,
    0x1CF6, 0x0005,
    0x1CF8, 0x00A0,
    0x1CFA, 0x2810,
    0x1CFC, 0x2810,
    0x1CFE, 0x0000,
    0x1D00, 0x0000,
    0x1D02, 0x0000,
    0x1D04, 0x0000,
    0x1D06, 0x0000,
    0x1D08, 0x0000,
    0x1D0A, 0x0000,
    0x1D0C, 0x0000,
    0x1D16, 0x8001,
    0x1D18, 0x8004,
    0x1D1A, 0x2010,
    0x1D1C, 0x2010,
    0x1D1E, 0x0005,
    0x1D20, 0x00A0,
    0x1D22, 0x2810,
    0x1D24, 0x2810,
    0x1D26, 0x0000,
    0x1D28, 0x0000,
    0x1D2A, 0x0000,
    0x1D2C, 0x0000,
    0x1D2E, 0x0000,
    0x1D30, 0x0000,
    0x1D32, 0x0000,
    0x1D34, 0x0000,
    0x1D3E, 0x8001,
    0x1D40, 0x8004,
    0x1D42, 0x2010,
    0x1D44, 0x2010,
    0x1D46, 0x0005,
    0x1D48, 0x00A0,
    0x1D4A, 0x2810,
    0x1D4C, 0x2810,
    0xFCFC, 0x2000,
    0xB21E, 0x0000,
    0xB222, 0xC000,
    0xB20C, 0x2E00,
    0xB21A, 0x0402,
    0xB378, 0x0100,
    0xDD70, 0x0000,
    0xDE38, 0x0000,
    0xFCFC, 0x2002,
    0xA574, 0x0155,
    0xA59C, 0xA2FD,
    0xA59E, 0xFEFE,
    0xA576, 0x4000,
    0xA588, 0x0E00,
    0xA578, 0x8000,
    0xA58A, 0x2000,
    0xA57A, 0xA000,
    0xA58C, 0x2800,
    0xA57C, 0x4001,
    0xA58E, 0x1400,
    0xA57E, 0x8002,
    0xA590, 0x2200,
    0xA580, 0x0005,
    0xA592, 0x2800,
    0xA582, 0x000A,
    0xA594, 0x2C00,
    0xA584, 0xA00F,
    0xA596, 0x2E00,
    0xA586, 0x4011,
    0xA598, 0x3200,
    0xA59A, 0x3500,
    0xA548, 0x00EA,
    0xA570, 0x0000,
    0xA54A, 0x0000,
    0xA54C, 0x0000,
    0xA54E, 0x0000,
    0xA550, 0x0000,
    0xA552, 0x0000,
    0xA554, 0x0000,
    0xA556, 0x0000,
    0xA55C, 0x0000,
    0xA55E, 0x0000,
    0xA560, 0x0000,
    0xA562, 0x0000,
    0xA564, 0x0000,
    0xA566, 0x0000,
    0xA568, 0x0000,
    0xA56A, 0x0000,
    0xFCFC, 0x2001,
    0x1D96, 0x0000,
    0x1D98, 0x0000,
    0x1DA6, 0x0000,
    0x1DA8, 0x0000,
    0x1D72, 0x0000,
    0x1D74, 0x0000,
    0x1D82, 0x0000,
    0x1D84, 0x0000,
    0x1D92, 0x0000,
    0x1D94, 0x0000,
    0x1DA2, 0x0000,
    0x1DA4, 0x0000,
    0x1D76, 0x0000,
    0x1D78, 0x0000,
    0x1D86, 0x0000,
    0x1D88, 0x0000,
    0x1E16, 0x0600,
    0x1E18, 0x0600,
    0x1E26, 0x0600,
    0x1E28, 0x0600,
    0x1DF2, 0x0E00,
    0x1DF4, 0x0E00,
    0x1E02, 0x0E00,
    0x1E04, 0x0E00,
    0x1E12, 0x0600,
    0x1E14, 0x0600,
    0x1E22, 0x0600,
    0x1E24, 0x0600,
    0x1DF6, 0x0E00,
    0x1DF8, 0x0E00,
    0x1E06, 0x0E00,
    0x1E08, 0x0E00,
    0xFCFC, 0x2000,
    0x82BA, 0x3300,
    0x82A2, 0x1400,
    0xFCFC, 0x2001,
    0x427C, 0x2000,
    0x4280, 0x1000,
    0x4362, 0x0100,
    0x43AA, 0x0000,
    0x43AC, 0x0000,
    0x43C6, 0x0114,
    0x43B4, 0x0000,
    0x43B6, 0x0000,
    0x4396, 0x0B00,
    0x4398, 0x0B00,
    0x437E, 0xE400,
    0xFCFC, 0x2000,
    0xB322, 0x0101,
    0xB324, 0x0100,
    0xB330, 0x2828,
    0xB34A, 0x2828,
    0xB360, 0x2828,
    0xFCFC, 0x2001,
    0x4292, 0x0000,
    0x4364, 0x0000,
    0x4366, 0x0000,
    0x4370, 0x0000,
    0x4290, 0x0100,
    0xFCFC, 0x2002,
    0x84C4, 0x012D,
    0x84A4, 0x0000,
    0xFCFC, 0x2000,
    0xD684, 0x80F3,
    0xB268, 0x80F3,
    0xF09A, 0x00FF,
    0xF2E0, 0x0000,
    0xF372, 0x0000,
    0xF0AA, 0xFFFF,
    0xF0AC, 0xFFFF,
    0xF2EA, 0x4000,
    0xDADA, 0x0001,
    0xDB3C, 0xD2FD,
    0xDADC, 0x0000,
    0xDB0C, 0x1F1F,
    0xDB3E, 0x12D2,
    0xDADE, 0x0000,
    0xDB0E, 0x0080,
    0xDB40, 0x12D2,
    0xDAE0, 0xA000,
    0xDB10, 0x0040,
    0xDB42, 0x12D2,
    0xDAE2, 0x0001,
    0xDB12, 0x0020,
    0xDB44, 0x12D2,
    0xDAE4, 0x0005,
    0xDB14, 0x0040,
    0xDB46, 0x12D2,
    0xDAE6, 0x4011,
    0xDB16, 0x0060,
    0xDBCC, 0x0000,
    0xDB6C, 0x0000,
    0xDB9C, 0x0000,
    0xDBCE, 0x0000,
    0xDB6E, 0x0000,
    0xDB9E, 0x0000,
    0xDBD0, 0x0000,
    0xDB70, 0x0000,
    0xDBA0, 0x0000,
    0xDBD2, 0x0000,
    0xDB72, 0x0000,
    0xDBA2, 0x0000,
    0xDBD4, 0x0000,
    0xDB74, 0x0000,
    0xDBA4, 0x0000,
    0xDBD6, 0x0000,
    0xDB76, 0x0000,
    0xDBA6, 0x0000,
    0xF370, 0x0203,
    0xF3E4, 0x0301,
    0xF3F4, 0x0804,
    0xF3F6, 0xD210,
    0xF014, 0x0700,
    0xB270, 0x8708,
    0xB266, 0xC004,
    0xD682, 0xC004,
    0xBF16, 0x0BAA,
    0xF698, 0x0100,
    0xDC8C, 0x3F0B,
    0xFCFC, 0x4000,
    0x0808, 0x0201,
    0x0E00, 0x0003,
};

/* 09_OceanChangjiang_UW_JN5_Fdsum_LLP_1C30_2976x2232_30fps_3056Mbps		
    Mode :	09_OceanChangjiang_UW_JN5_Fdsum_LLP_1C30	
    Purpose :	Porting	
    PHY	DPHY	
    QPDC	QPDC_Off	
    DBPC	DBPC_Off	
    Qmosaic	QMSC_Off	
    Tail :	On (L/R only)	2976x558
    24	MHz	
    920	MHz	
    3056	Mbps/lane	
    4	lane	
    5984	px	
    4496	px	
    2976	px	
    2232	px	
    30	fps	
    Raw10		
    7216	px	
    4240	px	
    4250	line	
    2018	line	
    15.83	ms	
    Gr	First	
 */
static u16 cj_hhuwide_custom5_setting[] = {
    0xFCFC, 0x4000,
    0x6170, 0xFFFF,
    0x6180, 0x0000,
    0x6190, 0x0000,
    0x6200, 0xFFFF,
    0x6202, 0xFFFF,
    0x6204, 0x0000,
    0x6206, 0x0000,
    0x6208, 0x0000,
    0xA100, 0xFFFF,
    0xA102, 0x0000,
    0xA104, 0x0000,
    0xFCFC, 0x4001,
    0x0100, 0xFFFF,
    0x0102, 0xFFFF,
    0x0104, 0x0000,
    0x0106, 0x0000,
    0x0108, 0x0000,
    0xFCFC, 0x4000,
    0x8100, 0xFFFF,
    0x8104, 0x0000,
    0x8108, 0x0000,
    0x0B30, 0x01FF,
    0xFCFC, 0x2000,
    0x7806, 0x0001,
    0x7808, 0x2408,
    0xFCFC, 0x4000,
    0x0344, 0x0460,
    0x0348, 0x1BBF,
    0x0346, 0x0348,
    0x034A, 0x14D7,
    0x034C, 0x0BA0,
    0x034E, 0x08B8,
    0x0350, 0x0008,
    0x0352, 0x0008,
    0x0340, 0x109A,
    0x0342, 0x1C30,
    0x0136, 0x1800,
    0x013E, 0x0000,
    0x0304, 0x0003,
    0x0306, 0x00E6,
    0x030C, 0x0000,
    0x030E, 0x0003,
    0x0310, 0x00B2,
    0x0312, 0x0000,
    0x031A, 0x0003,
    0x031C, 0x0028,
    0x031E, 0x0002,
    0x0202, 0x0014,
    0x0226, 0x0014,
    0x022C, 0x0014,
    0x0702, 0x0000,
    0x0704, 0x0000,
    0x0114, 0x0301,
    0x0118, 0x0004,
    0x011A, 0x0001,
    0x011C, 0x0100,
    0xFCFC, 0x2000,
    0xB176, 0x0602,
    0xB178, 0x0000,
    0x7996, 0x0101,
    0x7994, 0x2020,
    0xFCFC, 0x4000,
    0x0900, 0x2222,
    0x0380, 0x0002,
    0x0382, 0x0002,
    0x0384, 0x0002,
    0x0386, 0x0002,
    0x040C, 0x0000,
    0x0400, 0x1010,
    0x0408, 0x0100,
    0x040A, 0x0100,
    0xFCFC, 0x2000,
    0xD1F6, 0x3A00,
    0xD20C, 0x0908,
    0xD314, 0x2002,
    0xD27A, 0x0500,
    0xD3F0, 0xB01C,
    0xD410, 0x4802,
    0xD426, 0xD204,
    0xD43C, 0x0140,
    0xD412, 0xD204,
    0xD428, 0xEA0A,
    0xD43E, 0x0140,
    0xFCFC, 0x4000,
    0x0260, 0x0101,
    0x0262, 0x0000,
    0x0264, 0x0306,
    0x0266, 0x0700,
    0x0112, 0x0A0A,
    0x0270, 0x2B2B,
    0x0272, 0x2B10,
    0x0274, 0x302B,
    0xFCFC, 0x2001,
    0x44C6, 0x0000,
    0xFCFC, 0x4000,
    0x0B02, 0x0102,
    0x0720, 0x0001,
    0x0722, 0x0800,
    0x0724, 0x0000,
    0x0728, 0x0000,
    0x072A, 0x0000,
    0x072C, 0x0000,
    0x072E, 0x0000,
    0xFCFC, 0x2001,
    0x3132, 0x0200,
    0xFCFC, 0x4000,
    0x021E, 0x0000,
    0x0228, 0x0100,
    0xFCFC, 0x2001,
    0x31D0, 0x0000,
    0x5A70, 0x0000,
    0xFCFC, 0x2000,
    0xDC94, 0x0103,
    0xEF80, 0x0000,
    0x23F0, 0x0001,
    0xF288, 0x0000,
    0xFCFC, 0x2001,
    0x2A30, 0x01FF,
    0x4270, 0x0000,
    0x29BA, 0x2000,
    0x29A8, 0x0100,
    0xFCFC, 0x4000,
    0x0B04, 0x0001,
    0x0B06, 0x0101,
    0x0B08, 0x0100,
    0x0B0A, 0x0101,
    0x0B0C, 0x0100,
    0xFCFC, 0x2000,
    0xC4E0, 0x0100,
    0xC4F6, 0x0000,
    0xC4E2, 0x0000,
    0xC53C, 0x0500,
    0xC544, 0x0005,
    0xC53E, 0x0000,
    0xB23C, 0x6060,
    0xB242, 0x6060,
    0xC554, 0x0010,
    0xC556, 0x0000,
    0xFCFC, 0x2001,
    0x2920, 0x0100,
    0x31F8, 0x0000,
    0x31FA, 0x0000,
    0xFCFC, 0x2000,
    0xD856, 0x0507,
    0xD6D4, 0x0000,
    0x799A, 0x0000,
    0xD8A2, 0x0100,
    0xFCFC, 0x4000,
    0x020A, 0x0000,
    0xFCFC, 0x2000,
    0x78C0, 0x0101,
    0x22C2, 0x0600,
    0x22C4, 0xFF1F,
    0x22EC, 0x1F00,
    0x2306, 0xFF3F,
    0x2314, 0xFF00,
    0x2354, 0x0300,
    0xFCFC, 0x4000,
    0x0936, 0x0000,
    0x0C40, 0x0000,
    0xFCFC, 0x2000,
    0x68DE, 0x0000,
    0xFCFC, 0x2001,
    0x2540, 0x0200,
    0x25E0, 0x0100,
    0x25E2, 0x0000,
    0xFCFC, 0x2000,
    0xD718, 0x0002,
    0xBF30, 0x0000,
    0xFCFC, 0x2001,
    0x3C42, 0x0000,
    0x3C46, 0xEB05,
    0x3C52, 0x4006,
    0xFCFC, 0x2000,
    0xD326, 0x0110,
    0xD3EC, 0xB01C,
    0xFCFC, 0x2001,
    0x195E, 0x0100,
    0x1966, 0x0000,
    0xFCFC, 0x4000,
    0x0086, 0x1400,
    0xFCFC, 0x2000,
    0xE980, 0x9E04,
    0xC4D8, 0x2000,
    0x795A, 0x2000,
    0x7970, 0x2000,
    0xFCFC, 0x2002,
    0x849E, 0x0000,
    0x84A0, 0x0000,
    0x84A2, 0x0005,
    0xFCFC, 0x2001,
    0x2BB2, 0x1000,
    0x2D32, 0x0010,
    0xFCFC, 0x2000,
    0x703C, 0x0101,
    0x7046, 0x7F02,
    0x7058, 0x8002,
    0x71D4, 0x3F00,
    0x71D6, 0x3D00,
    0x71D8, 0x84F3,
    0x71DA, 0x0040,
    0x7048, 0x1F02,
    0x705A, 0x2002,
    0x7274, 0x0B00,
    0x7276, 0x0B00,
    0x7278, 0x36D2,
    0x727A, 0x0040,
    0x727C, 0x0000,
    0x727E, 0x0000,
    0x7280, 0x0000,
    0x7282, 0x0000,
    0x703E, 0x0100,
    0x704A, 0x000A,
    0x705C, 0x010A,
    0x7314, 0x2E00,
    0x7316, 0x3000,
    0x7318, 0x9EFD,
    0x731A, 0x0040,
    0xBEDC, 0xC526,
    0xBEDE, 0x903E,
    0xBEE0, 0xC00F,
    0xBEE2, 0x0008,
    0xBEE4, 0x0C00,
    0xBEE6, 0x8000,
    0xFCFC, 0x2001,
    0x2A54, 0x0000,
    0x2A56, 0x0400,
    0x2A42, 0x0100,
    0x2A44, 0x3907,
    0x2A46, 0x0000,
    0xFCFC, 0x2000,
    0xD704, 0x0278,
    0x7A0E, 0x0F00,
    0x7A6E, 0x1900,
    0x7A86, 0x1900,
    0x8C9E, 0x3500,
    0x8CCE, 0x9600,
    0x7A10, 0x0F00,
    0x7A70, 0x1900,
    0x7A88, 0x1900,
    0x8CA0, 0x3500,
    0x8CD0, 0x9600,
    0xB224, 0x0103,
    0xB226, 0x0000,
    0xB220, 0x0103,
    0x7A12, 0x0F00,
    0x7A72, 0x1900,
    0x7A8A, 0x1900,
    0x8CA2, 0x7000,
    0x8CD2, 0xBE00,
    0x7EE6, 0x2C00,
    0x7EF2, 0x2C00,
    0x7EFE, 0x6400,
    0x7F0A, 0x5800,
    0x8D0E, 0x0000,
    0x9032, 0x0000,
    0x903E, 0x0000,
    0x7A14, 0x0F00,
    0x7A74, 0x1900,
    0x7A8C, 0x1900,
    0x8CA4, 0x3500,
    0x7F0E, 0x5800,
    0x8CD6, 0x9600,
    0x7BDA, 0x4C00,
    0xD49C, 0x2100,
    0xD4D0, 0x0A00,
    0xD4A8, 0x0000,
    0xD4D6, 0x1A00,
    0xD4E2, 0x3200,
    0xD4BC, 0x3F00,
    0xD4B0, 0x6002,
    0xD4C8, 0x0100,
    0xD624, 0x0000,
    0xD62E, 0x0000,
    0xD638, 0x0000,
    0xD4EA, 0x0100,
    0xD554, 0xC400,
    0xD556, 0xFA00,
    0xD560, 0x5203,
    0xD562, 0x8803,
    0xD4DA, 0x0000,
    0xD4E6, 0x0100,
    0xD4C0, 0x1400,
    0xD4B4, 0x0100,
    0xD4CC, 0x0000,
    0xD5BC, 0x0000,
    0xD5BE, 0x0000,
    0xD5C8, 0x0000,
    0xD5CA, 0x0000,
    0xD4D2, 0x0000,
    0xD4DE, 0x0100,
    0xD4B8, 0x1400,
    0xD4AC, 0x0100,
    0xD4C4, 0x0000,
    0xD4EC, 0x0000,
    0xD4EE, 0x0000,
    0xD4F8, 0x0000,
    0xD4FA, 0x0000,
    0xBF78, 0x5333,
    0xD896, 0x0000,
    0xFCFC, 0x2001,
    0x1C24, 0x0002,
    0x1C26, 0x8001,
    0x1C28, 0x8004,
    0x1C2A, 0x2010,
    0x1C2C, 0x2010,
    0x1C2E, 0x0005,
    0x1C30, 0x00A0,
    0x1C32, 0x2810,
    0x1C34, 0x2810,
    0x1C4E, 0x8001,
    0x1C50, 0x8004,
    0x1C52, 0x0010,
    0x1C54, 0x0010,
    0x1C56, 0x0005,
    0x1C58, 0x00A0,
    0x1C5A, 0x2810,
    0x1C5C, 0x2810,
    0x1C5E, 0x0000,
    0x1C60, 0x0000,
    0x1C62, 0x0000,
    0x1C64, 0x0000,
    0x1C66, 0x0000,
    0x1C68, 0x0000,
    0x1C6A, 0x0000,
    0x1C6C, 0x0000,
    0x1C76, 0x8001,
    0x1C78, 0x8004,
    0x1C7A, 0x2010,
    0x1C7C, 0x2010,
    0x1C7E, 0x0005,
    0x1C80, 0x00A0,
    0x1C82, 0x2810,
    0x1C84, 0x2810,
    0x1C86, 0x0000,
    0x1C88, 0x0000,
    0x1C8A, 0x0000,
    0x1C8C, 0x0000,
    0x1C8E, 0x0000,
    0x1C90, 0x0000,
    0x1C92, 0x0000,
    0x1C94, 0x0000,
    0x1C9E, 0x8001,
    0x1CA0, 0x8004,
    0x1CA2, 0x2010,
    0x1CA4, 0x2010,
    0x1CA6, 0x0005,
    0x1CA8, 0x00A0,
    0x1CAA, 0x2810,
    0x1CAC, 0x2810,
    0x1CC6, 0x8001,
    0x1CC8, 0x8004,
    0x1CCA, 0x2010,
    0x1CCC, 0x2010,
    0x1CCE, 0x0005,
    0x1CD0, 0x00A0,
    0x1CD2, 0x2810,
    0x1CD4, 0x2810,
    0x1CEE, 0x8001,
    0x1CF0, 0x8004,
    0x1CF2, 0x0010,
    0x1CF4, 0x0010,
    0x1CF6, 0x0005,
    0x1CF8, 0x00A0,
    0x1CFA, 0x2810,
    0x1CFC, 0x2810,
    0x1CFE, 0x0000,
    0x1D00, 0x0000,
    0x1D02, 0x0000,
    0x1D04, 0x0000,
    0x1D06, 0x0000,
    0x1D08, 0x0000,
    0x1D0A, 0x0000,
    0x1D0C, 0x0000,
    0x1D16, 0x8001,
    0x1D18, 0x8004,
    0x1D1A, 0x2010,
    0x1D1C, 0x2010,
    0x1D1E, 0x0005,
    0x1D20, 0x00A0,
    0x1D22, 0x2810,
    0x1D24, 0x2810,
    0x1D26, 0x0000,
    0x1D28, 0x0000,
    0x1D2A, 0x0000,
    0x1D2C, 0x0000,
    0x1D2E, 0x0000,
    0x1D30, 0x0000,
    0x1D32, 0x0000,
    0x1D34, 0x0000,
    0x1D3E, 0x8001,
    0x1D40, 0x8004,
    0x1D42, 0x2010,
    0x1D44, 0x2010,
    0x1D46, 0x0005,
    0x1D48, 0x00A0,
    0x1D4A, 0x2810,
    0x1D4C, 0x2810,
    0xFCFC, 0x2000,
    0xB21E, 0x0000,
    0xB222, 0xC000,
    0xB20C, 0x2E00,
    0xB21A, 0x0402,
    0xB378, 0x0100,
    0xDD70, 0x0000,
    0xDE38, 0x0000,
    0xFCFC, 0x2002,
    0xA574, 0x0155,
    0xA59C, 0xA2FD,
    0xA59E, 0xFEFE,
    0xA576, 0x4000,
    0xA588, 0x0E00,
    0xA578, 0x8000,
    0xA58A, 0x2000,
    0xA57A, 0xA000,
    0xA58C, 0x2800,
    0xA57C, 0x4001,
    0xA58E, 0x1400,
    0xA57E, 0x8002,
    0xA590, 0x2200,
    0xA580, 0x0005,
    0xA592, 0x2800,
    0xA582, 0x000A,
    0xA594, 0x2C00,
    0xA584, 0xA00F,
    0xA596, 0x2E00,
    0xA586, 0x4011,
    0xA598, 0x3200,
    0xA59A, 0x3500,
    0xA548, 0x00EA,
    0xA570, 0x0000,
    0xA54A, 0x0000,
    0xA54C, 0x0000,
    0xA54E, 0x0000,
    0xA550, 0x0000,
    0xA552, 0x0000,
    0xA554, 0x0000,
    0xA556, 0x0000,
    0xA55C, 0x0000,
    0xA55E, 0x0000,
    0xA560, 0x0000,
    0xA562, 0x0000,
    0xA564, 0x0000,
    0xA566, 0x0000,
    0xA568, 0x0000,
    0xA56A, 0x0000,
    0xFCFC, 0x2001,
    0x1D96, 0x0000,
    0x1D98, 0x0000,
    0x1DA6, 0x0000,
    0x1DA8, 0x0000,
    0x1D72, 0x0000,
    0x1D74, 0x0000,
    0x1D82, 0x0000,
    0x1D84, 0x0000,
    0x1D92, 0x0000,
    0x1D94, 0x0000,
    0x1DA2, 0x0000,
    0x1DA4, 0x0000,
    0x1D76, 0x0000,
    0x1D78, 0x0000,
    0x1D86, 0x0000,
    0x1D88, 0x0000,
    0x1E16, 0x0600,
    0x1E18, 0x0600,
    0x1E26, 0x0600,
    0x1E28, 0x0600,
    0x1DF2, 0x0000,
    0x1DF4, 0x0000,
    0x1E02, 0x0000,
    0x1E04, 0x0000,
    0x1E12, 0x0600,
    0x1E14, 0x0600,
    0x1E22, 0x0600,
    0x1E24, 0x0600,
    0x1DF6, 0x0000,
    0x1DF8, 0x0000,
    0x1E06, 0x0000,
    0x1E08, 0x0000,
    0xFCFC, 0x2000,
    0x82BA, 0x3300,
    0x82A2, 0x1400,
    0xFCFC, 0x2001,
    0x427C, 0x2000,
    0x4280, 0x1000,
    0x4362, 0x0100,
    0x43AA, 0x0000,
    0x43AC, 0x0000,
    0x43C6, 0x0114,
    0x43B4, 0x0000,
    0x43B6, 0x0000,
    0x4396, 0x0B00,
    0x4398, 0x0B00,
    0x437E, 0xE400,
    0xFCFC, 0x2000,
    0xB322, 0x0101,
    0xB324, 0x0100,
    0xB330, 0x2828,
    0xB34A, 0x2828,
    0xB360, 0x2828,
    0xFCFC, 0x2001,
    0x4292, 0x0000,
    0x4364, 0x0000,
    0x4366, 0x0000,
    0x4370, 0x0000,
    0x4290, 0x0100,
    0xFCFC, 0x2002,
    0x84C4, 0x012D,
    0x84A4, 0x0000,
    0xFCFC, 0x2000,
    0xD684, 0x80F3,
    0xB268, 0x80F3,
    0xF09A, 0x00FF,
    0xF2E0, 0x0000,
    0xF372, 0x0000,
    0xF0AA, 0xFFFF,
    0xF0AC, 0xFFFF,
    0xF2EA, 0x4000,
    0xDADA, 0x0001,
    0xDB3C, 0xD2FD,
    0xDADC, 0x0000,
    0xDB0C, 0x1F1F,
    0xDB3E, 0x12D2,
    0xDADE, 0x0000,
    0xDB0E, 0x0080,
    0xDB40, 0x12D2,
    0xDAE0, 0xA000,
    0xDB10, 0x0040,
    0xDB42, 0x12D2,
    0xDAE2, 0x0001,
    0xDB12, 0x0020,
    0xDB44, 0x12D2,
    0xDAE4, 0x0005,
    0xDB14, 0x0040,
    0xDB46, 0x12D2,
    0xDAE6, 0x4011,
    0xDB16, 0x0060,
    0xDBCC, 0x0000,
    0xDB6C, 0x0000,
    0xDB9C, 0x0000,
    0xDBCE, 0x0000,
    0xDB6E, 0x0000,
    0xDB9E, 0x0000,
    0xDBD0, 0x0000,
    0xDB70, 0x0000,
    0xDBA0, 0x0000,
    0xDBD2, 0x0000,
    0xDB72, 0x0000,
    0xDBA2, 0x0000,
    0xDBD4, 0x0000,
    0xDB74, 0x0000,
    0xDBA4, 0x0000,
    0xDBD6, 0x0000,
    0xDB76, 0x0000,
    0xDBA6, 0x0000,
    0xF370, 0x0203,
    0xF3E4, 0x0301,
    0xF3F4, 0x2805,
    0xF3F6, 0xD610,
    0xF014, 0x0700,
    0xB270, 0x8708,
    0xB266, 0xC004,
    0xD682, 0xC004,
    0xBF16, 0x0BAA,
    0xF698, 0x0100,
    0xDC8C, 0x3F0B,
    0xFCFC, 0x4000,
    0x0808, 0x0201,
    0x0E00, 0x0003,
};

/* 09_OceanChangjiang_UW_JN5_Fdsum_LLP_14F0_2976x2232_30fps_3056Mbps		
    Mode :	09_OceanChangjiang_UW_JN5_Fdsum_LLP_14F0	
    Purpose :	Porting	
    PHY	DPHY	
    QPDC	QPDC_Off	
    DBPC	DBPC_Off	
    Qmosaic	QMSC_Off	
    Tail :	On (L/R only)	2976x558
    24	MHz	
    920	MHz	
    3056	Mbps/lane	
    4	lane	
    5984	px	
    4496	px	
    2976	px	
    2232	px	
    30	fps	
    Raw10		
    5360	px	
    2384	px	
    5722	line	
    3490	line	
    20.33	ms	
    Gr	First	
*/
static u16 cj_hhuwide_custom6_setting[] = {
    0xFCFC, 0x4000,
    0x6170, 0xFFFF,
    0x6180, 0x0000,
    0x6190, 0x0000,
    0x6200, 0xFFFF,
    0x6202, 0xFFFF,
    0x6204, 0x0000,
    0x6206, 0x0000,
    0x6208, 0x0000,
    0xA100, 0xFFFF,
    0xA102, 0x0000,
    0xA104, 0x0000,
    0xFCFC, 0x4001,
    0x0100, 0xFFFF,
    0x0102, 0xFFFF,
    0x0104, 0x0000,
    0x0106, 0x0000,
    0x0108, 0x0000,
    0xFCFC, 0x4000,
    0x8100, 0xFFFF,
    0x8104, 0x0000,
    0x8108, 0x0000,
    0x0B30, 0x01FF,
    0xFCFC, 0x2000,
    0x7806, 0x0001,
    0x7808, 0x2408,
    0xFCFC, 0x4000,
    0x0344, 0x0460,
    0x0348, 0x1BBF,
    0x0346, 0x0348,
    0x034A, 0x14D7,
    0x034C, 0x0BA0,
    0x034E, 0x08B8,
    0x0350, 0x0008,
    0x0352, 0x0008,
    0x0340, 0x165A,
    0x0342, 0x14F0,
    0x0136, 0x1800,
    0x013E, 0x0000,
    0x0304, 0x0003,
    0x0306, 0x00E6,
    0x030C, 0x0000,
    0x030E, 0x0003,
    0x0310, 0x00B2,
    0x0312, 0x0000,
    0x031A, 0x0003,
    0x031C, 0x0028,
    0x031E, 0x0002,
    0x0202, 0x0014,
    0x0226, 0x0014,
    0x022C, 0x0014,
    0x0702, 0x0000,
    0x0704, 0x0000,
    0x0114, 0x0301,
    0x0118, 0x0004,
    0x011A, 0x0001,
    0x011C, 0x0100,
    0xFCFC, 0x2000,
    0xB176, 0x0602,
    0xB178, 0x0000,
    0x7996, 0x0101,
    0x7994, 0x2020,
    0xFCFC, 0x4000,
    0x0900, 0x2222,
    0x0380, 0x0002,
    0x0382, 0x0002,
    0x0384, 0x0002,
    0x0386, 0x0002,
    0x040C, 0x0000,
    0x0400, 0x1010,
    0x0408, 0x0100,
    0x040A, 0x0100,
    0xFCFC, 0x2000,
    0xD1F6, 0x3A00,
    0xD20C, 0x0908,
    0xD314, 0x2002,
    0xD27A, 0x0500,
    0xD3F0, 0xB01C,
    0xD410, 0x4802,
    0xD426, 0xD204,
    0xD43C, 0x0140,
    0xD412, 0xD204,
    0xD428, 0xEA0A,
    0xD43E, 0x0140,
    0xFCFC, 0x4000,
    0x0260, 0x0101,
    0x0262, 0x0000,
    0x0264, 0x0306,
    0x0266, 0x0700,
    0x0112, 0x0A0A,
    0x0270, 0x2B2B,
    0x0272, 0x2B10,
    0x0274, 0x302B,
    0xFCFC, 0x2001,
    0x44C6, 0x0000,
    0xFCFC, 0x4000,
    0x0B02, 0x0102,
    0x0720, 0x0001,
    0x0722, 0x0800,
    0x0724, 0x0000,
    0x0728, 0x0000,
    0x072A, 0x0000,
    0x072C, 0x0000,
    0x072E, 0x0000,
    0xFCFC, 0x2001,
    0x3132, 0x0200,
    0xFCFC, 0x4000,
    0x021E, 0x0000,
    0x0228, 0x0100,
    0xFCFC, 0x2001,
    0x31D0, 0x0000,
    0x5A70, 0x0000,
    0xFCFC, 0x2000,
    0xDC94, 0x0103,
    0xEF80, 0x0000,
    0x23F0, 0x0001,
    0xF288, 0x0000,
    0xFCFC, 0x2001,
    0x2A30, 0x01FF,
    0x4270, 0x0000,
    0x29BA, 0x2000,
    0x29A8, 0x0100,
    0xFCFC, 0x4000,
    0x0B04, 0x0001,
    0x0B06, 0x0101,
    0x0B08, 0x0100,
    0x0B0A, 0x0101,
    0x0B0C, 0x0100,
    0xFCFC, 0x2000,
    0xC4E0, 0x0100,
    0xC4F6, 0x0000,
    0xC4E2, 0x0000,
    0xC53C, 0x0500,
    0xC544, 0x0005,
    0xC53E, 0x0000,
    0xB23C, 0x6060,
    0xB242, 0x6060,
    0xC554, 0x0010,
    0xC556, 0x0000,
    0xFCFC, 0x2001,
    0x2920, 0x0100,
    0x31F8, 0x0000,
    0x31FA, 0x0000,
    0xFCFC, 0x2000,
    0xD856, 0x0507,
    0xD6D4, 0x0000,
    0x799A, 0x0000,
    0xD8A2, 0x0100,
    0xFCFC, 0x4000,
    0x020A, 0x0000,
    0xFCFC, 0x2000,
    0x78C0, 0x0101,
    0x22C2, 0x0600,
    0x22C4, 0xFF1F,
    0x22EC, 0x1F00,
    0x2306, 0xFF3F,
    0x2314, 0xFF00,
    0x2354, 0x0300,
    0xFCFC, 0x4000,
    0x0936, 0x0000,
    0x0C40, 0x0000,
    0xFCFC, 0x2000,
    0x68DE, 0x0000,
    0xFCFC, 0x2001,
    0x2540, 0x0200,
    0x25E0, 0x0100,
    0x25E2, 0x0000,
    0xFCFC, 0x2000,
    0xD718, 0x0002,
    0xBF30, 0x0000,
    0xFCFC, 0x2001,
    0x3C42, 0x0000,
    0x3C46, 0xEB05,
    0x3C52, 0x4006,
    0xFCFC, 0x2000,
    0xD326, 0x0110,
    0xD3EC, 0xB01C,
    0xFCFC, 0x2001,
    0x195E, 0x0100,
    0x1966, 0x0000,
    0xFCFC, 0x4000,
    0x0086, 0x1400,
    0xFCFC, 0x2000,
    0xE980, 0x9E04,
    0xC4D8, 0x2000,
    0x795A, 0x2000,
    0x7970, 0x2000,
    0xFCFC, 0x2002,
    0x849E, 0x0000,
    0x84A0, 0x0000,
    0x84A2, 0x0005,
    0xFCFC, 0x2001,
    0x2BB2, 0x1000,
    0x2D32, 0x0010,
    0xFCFC, 0x2000,
    0x703C, 0x0101,
    0x7046, 0x7F02,
    0x7058, 0x8002,
    0x71D4, 0x3F00,
    0x71D6, 0x3D00,
    0x71D8, 0x84F3,
    0x71DA, 0x0040,
    0x7048, 0x1F02,
    0x705A, 0x2002,
    0x7274, 0x0B00,
    0x7276, 0x0B00,
    0x7278, 0x36D2,
    0x727A, 0x0040,
    0x727C, 0x0000,
    0x727E, 0x0000,
    0x7280, 0x0000,
    0x7282, 0x0000,
    0x703E, 0x0100,
    0x704A, 0x000A,
    0x705C, 0x010A,
    0x7314, 0x2E00,
    0x7316, 0x3000,
    0x7318, 0x9EFD,
    0x731A, 0x0040,
    0xBEDC, 0xC526,
    0xBEDE, 0x903E,
    0xBEE0, 0xC00F,
    0xBEE2, 0x0008,
    0xBEE4, 0x0C00,
    0xBEE6, 0x8000,
    0xFCFC, 0x2001,
    0x2A54, 0x0000,
    0x2A56, 0x0400,
    0x2A42, 0x0100,
    0x2A44, 0x3907,
    0x2A46, 0x0000,
    0xFCFC, 0x2000,
    0xD704, 0x0278,
    0x7A0E, 0x0F00,
    0x7A6E, 0x1900,
    0x7A86, 0x1900,
    0x8C9E, 0x3500,
    0x8CCE, 0x9600,
    0x7A10, 0x0F00,
    0x7A70, 0x1900,
    0x7A88, 0x1900,
    0x8CA0, 0x3500,
    0x8CD0, 0x9600,
    0xB224, 0x0103,
    0xB226, 0x0000,
    0xB220, 0x0103,
    0x7A12, 0x0F00,
    0x7A72, 0x1900,
    0x7A8A, 0x1900,
    0x8CA2, 0x7000,
    0x8CD2, 0xBE00,
    0x7EE6, 0x2C00,
    0x7EF2, 0x2C00,
    0x7EFE, 0x6400,
    0x7F0A, 0x5800,
    0x8D0E, 0x0000,
    0x9032, 0x0000,
    0x903E, 0x0000,
    0x7A14, 0x0F00,
    0x7A74, 0x1900,
    0x7A8C, 0x1900,
    0x8CA4, 0x3500,
    0x7F0E, 0x5800,
    0x8CD6, 0x9600,
    0x7BDA, 0x4C00,
    0xD49C, 0x2100,
    0xD4D0, 0x0A00,
    0xD4A8, 0x0000,
    0xD4D6, 0x1A00,
    0xD4E2, 0x3200,
    0xD4BC, 0x3F00,
    0xD4B0, 0x0801,
    0xD4C8, 0x0100,
    0xD624, 0x0000,
    0xD62E, 0x0000,
    0xD638, 0x0000,
    0xD4EA, 0x0100,
    0xD554, 0xC400,
    0xD556, 0xFA00,
    0xD560, 0x5203,
    0xD562, 0x8803,
    0xD4DA, 0x0000,
    0xD4E6, 0x0100,
    0xD4C0, 0x1400,
    0xD4B4, 0x0100,
    0xD4CC, 0x0000,
    0xD5BC, 0x0000,
    0xD5BE, 0x0000,
    0xD5C8, 0x0000,
    0xD5CA, 0x0000,
    0xD4D2, 0x0000,
    0xD4DE, 0x0100,
    0xD4B8, 0x1400,
    0xD4AC, 0x0100,
    0xD4C4, 0x0000,
    0xD4EC, 0x0000,
    0xD4EE, 0x0000,
    0xD4F8, 0x0000,
    0xD4FA, 0x0000,
    0xBF78, 0x5333,
    0xD896, 0x0000,
    0xFCFC, 0x2001,
    0x1C24, 0x0002,
    0x1C26, 0x8001,
    0x1C28, 0x8004,
    0x1C2A, 0x2010,
    0x1C2C, 0x2010,
    0x1C2E, 0x0005,
    0x1C30, 0x00A0,
    0x1C32, 0x2810,
    0x1C34, 0x2810,
    0x1C4E, 0x8001,
    0x1C50, 0x8004,
    0x1C52, 0x0010,
    0x1C54, 0x0010,
    0x1C56, 0x0005,
    0x1C58, 0x00A0,
    0x1C5A, 0x2810,
    0x1C5C, 0x2810,
    0x1C5E, 0x0000,
    0x1C60, 0x0000,
    0x1C62, 0x0000,
    0x1C64, 0x0000,
    0x1C66, 0x0000,
    0x1C68, 0x0000,
    0x1C6A, 0x0000,
    0x1C6C, 0x0000,
    0x1C76, 0x8001,
    0x1C78, 0x8004,
    0x1C7A, 0x2010,
    0x1C7C, 0x2010,
    0x1C7E, 0x0005,
    0x1C80, 0x00A0,
    0x1C82, 0x2810,
    0x1C84, 0x2810,
    0x1C86, 0x0000,
    0x1C88, 0x0000,
    0x1C8A, 0x0000,
    0x1C8C, 0x0000,
    0x1C8E, 0x0000,
    0x1C90, 0x0000,
    0x1C92, 0x0000,
    0x1C94, 0x0000,
    0x1C9E, 0x8001,
    0x1CA0, 0x8004,
    0x1CA2, 0x2010,
    0x1CA4, 0x2010,
    0x1CA6, 0x0005,
    0x1CA8, 0x00A0,
    0x1CAA, 0x2810,
    0x1CAC, 0x2810,
    0x1CC6, 0x8001,
    0x1CC8, 0x8004,
    0x1CCA, 0x2010,
    0x1CCC, 0x2010,
    0x1CCE, 0x0005,
    0x1CD0, 0x00A0,
    0x1CD2, 0x2810,
    0x1CD4, 0x2810,
    0x1CEE, 0x8001,
    0x1CF0, 0x8004,
    0x1CF2, 0x0010,
    0x1CF4, 0x0010,
    0x1CF6, 0x0005,
    0x1CF8, 0x00A0,
    0x1CFA, 0x2810,
    0x1CFC, 0x2810,
    0x1CFE, 0x0000,
    0x1D00, 0x0000,
    0x1D02, 0x0000,
    0x1D04, 0x0000,
    0x1D06, 0x0000,
    0x1D08, 0x0000,
    0x1D0A, 0x0000,
    0x1D0C, 0x0000,
    0x1D16, 0x8001,
    0x1D18, 0x8004,
    0x1D1A, 0x2010,
    0x1D1C, 0x2010,
    0x1D1E, 0x0005,
    0x1D20, 0x00A0,
    0x1D22, 0x2810,
    0x1D24, 0x2810,
    0x1D26, 0x0000,
    0x1D28, 0x0000,
    0x1D2A, 0x0000,
    0x1D2C, 0x0000,
    0x1D2E, 0x0000,
    0x1D30, 0x0000,
    0x1D32, 0x0000,
    0x1D34, 0x0000,
    0x1D3E, 0x8001,
    0x1D40, 0x8004,
    0x1D42, 0x2010,
    0x1D44, 0x2010,
    0x1D46, 0x0005,
    0x1D48, 0x00A0,
    0x1D4A, 0x2810,
    0x1D4C, 0x2810,
    0xFCFC, 0x2000,
    0xB21E, 0x0000,
    0xB222, 0xC000,
    0xB20C, 0x2E00,
    0xB21A, 0x0402,
    0xB378, 0x0100,
    0xDD70, 0x0000,
    0xDE38, 0x0000,
    0xFCFC, 0x2002,
    0xA574, 0x0155,
    0xA59C, 0xA2FD,
    0xA59E, 0xFEFE,
    0xA576, 0x4000,
    0xA588, 0x0E00,
    0xA578, 0x8000,
    0xA58A, 0x2000,
    0xA57A, 0xA000,
    0xA58C, 0x2800,
    0xA57C, 0x4001,
    0xA58E, 0x1400,
    0xA57E, 0x8002,
    0xA590, 0x2200,
    0xA580, 0x0005,
    0xA592, 0x2800,
    0xA582, 0x000A,
    0xA594, 0x2C00,
    0xA584, 0xA00F,
    0xA596, 0x2E00,
    0xA586, 0x4011,
    0xA598, 0x3200,
    0xA59A, 0x3500,
    0xA548, 0x00EA,
    0xA570, 0x0000,
    0xA54A, 0x0000,
    0xA54C, 0x0000,
    0xA54E, 0x0000,
    0xA550, 0x0000,
    0xA552, 0x0000,
    0xA554, 0x0000,
    0xA556, 0x0000,
    0xA55C, 0x0000,
    0xA55E, 0x0000,
    0xA560, 0x0000,
    0xA562, 0x0000,
    0xA564, 0x0000,
    0xA566, 0x0000,
    0xA568, 0x0000,
    0xA56A, 0x0000,
    0xFCFC, 0x2001,
    0x1D96, 0x0000,
    0x1D98, 0x0000,
    0x1DA6, 0x0000,
    0x1DA8, 0x0000,
    0x1D72, 0x0000,
    0x1D74, 0x0000,
    0x1D82, 0x0000,
    0x1D84, 0x0000,
    0x1D92, 0x0000,
    0x1D94, 0x0000,
    0x1DA2, 0x0000,
    0x1DA4, 0x0000,
    0x1D76, 0x0000,
    0x1D78, 0x0000,
    0x1D86, 0x0000,
    0x1D88, 0x0000,
    0x1E16, 0x0B00,
    0x1E18, 0x0B00,
    0x1E26, 0x0B00,
    0x1E28, 0x0B00,
    0x1DF2, 0x0500,
    0x1DF4, 0x0500,
    0x1E02, 0x0500,
    0x1E04, 0x0500,
    0x1E12, 0x0B00,
    0x1E14, 0x0B00,
    0x1E22, 0x0B00,
    0x1E24, 0x0B00,
    0x1DF6, 0x0500,
    0x1DF8, 0x0500,
    0x1E06, 0x0500,
    0x1E08, 0x0500,
    0xFCFC, 0x2000,
    0x82BA, 0x3300,
    0x82A2, 0x1400,
    0xFCFC, 0x2001,
    0x427C, 0x2000,
    0x4280, 0x1000,
    0x4362, 0x0100,
    0x43AA, 0x0000,
    0x43AC, 0x0000,
    0x43C6, 0x0114,
    0x43B4, 0x0000,
    0x43B6, 0x0000,
    0x4396, 0x0B00,
    0x4398, 0x0B00,
    0x437E, 0xE400,
    0xFCFC, 0x2000,
    0xB322, 0x0101,
    0xB324, 0x0100,
    0xB330, 0x2828,
    0xB34A, 0x2828,
    0xB360, 0x2828,
    0xFCFC, 0x2001,
    0x4292, 0x0000,
    0x4364, 0x0000,
    0x4366, 0x0000,
    0x4370, 0x0000,
    0x4290, 0x0100,
    0xFCFC, 0x2002,
    0x84C4, 0x012D,
    0x84A4, 0x0000,
    0xFCFC, 0x2000,
    0xD684, 0x80F3,
    0xB268, 0x80F3,
    0xF09A, 0x00FF,
    0xF2E0, 0x0000,
    0xF372, 0x0000,
    0xF0AA, 0xFFFF,
    0xF0AC, 0xFFFF,
    0xF2EA, 0x4000,
    0xDADA, 0x0001,
    0xDB3C, 0xD2FD,
    0xDADC, 0x0000,
    0xDB0C, 0x1F1F,
    0xDB3E, 0x12D2,
    0xDADE, 0x0000,
    0xDB0E, 0x0080,
    0xDB40, 0x12D2,
    0xDAE0, 0xA000,
    0xDB10, 0x0040,
    0xDB42, 0x12D2,
    0xDAE2, 0x0001,
    0xDB12, 0x0020,
    0xDB44, 0x12D2,
    0xDAE4, 0x0005,
    0xDB14, 0x0040,
    0xDB46, 0x12D2,
    0xDAE6, 0x4011,
    0xDB16, 0x0060,
    0xDBCC, 0x0000,
    0xDB6C, 0x0000,
    0xDB9C, 0x0000,
    0xDBCE, 0x0000,
    0xDB6E, 0x0000,
    0xDB9E, 0x0000,
    0xDBD0, 0x0000,
    0xDB70, 0x0000,
    0xDBA0, 0x0000,
    0xDBD2, 0x0000,
    0xDB72, 0x0000,
    0xDBA2, 0x0000,
    0xDBD4, 0x0000,
    0xDB74, 0x0000,
    0xDBA4, 0x0000,
    0xDBD6, 0x0000,
    0xDB76, 0x0000,
    0xDBA6, 0x0000,
    0xF370, 0x0203,
    0xF3E4, 0x0301,
    0xF3F4, 0x2805,
    0xF3F6, 0xD610,
    0xF014, 0x0700,
    0xB270, 0x8708,
    0xB266, 0xC004,
    0xD682, 0xC004,
    0xBF16, 0x0BAA,
    0xF698, 0x0100,
    0xDC8C, 0x3F0B,
    0xFCFC, 0x4000,
    0x0808, 0x0201,
    0x0E00, 0x0003,
};

/* 07_OceanChangjiang_UW_JN5_Fdsum_DSG_split_4096x2304_30fps_3056Mbps		
    Mode :	07_OceanChangjiang_UW_JN5_Fdsum_DSG_split	
    Purpose :	Porting	
    PHY	DPHY	
    QPDC	QPDC_Off	
    DBPC	DBPC_Off	
    Qmosaic	QMSC_Off	
    Tail :	On (L/R only)	4096x576
    24	MHz	
    920	MHz	
    3056	Mbps/lane	
    4	lane	
    8224	px	
    4640	px	
    4096	px	
    2304	px	
    30.01	fps	
    Raw10		
    9568	px	
    5472	px	
    3204	line	
    900	line	
    9.36	ms	
    Gr	First	
 */
static u16 cj_hhuwide_custom7_setting[] = {
    0xFCFC, 0x4000,
    0x6170, 0xFFFF,
    0x6180, 0x0000,
    0x6190, 0x0000,
    0x6200, 0xFFFF,
    0x6202, 0xFFFF,
    0x6204, 0x0000,
    0x6206, 0x0000,
    0x6208, 0x0000,
    0xA100, 0xFFFF,
    0xA102, 0x0000,
    0xA104, 0x0000,
    0xFCFC, 0x4001,
    0x0100, 0xFFFF,
    0x0102, 0xFFFF,
    0x0104, 0x0000,
    0x0106, 0x0000,
    0x0108, 0x0000,
    0xFCFC, 0x4000,
    0x8100, 0xFFFF,
    0x8104, 0x0000,
    0x8108, 0x0000,
    0x0B30, 0x01FF,
    0xFCFC, 0x2000,
    0x7806, 0x0101,
    0x7808, 0x3F0C,
    0xFCFC, 0x4000,
    0x0344, 0x0000,
    0x0348, 0x201F,
    0x0346, 0x0300,
    0x034A, 0x151F,
    0x034C, 0x1000,
    0x034E, 0x0900,
    0x0350, 0x0008,
    0x0352, 0x0008,
    0x0340, 0x0C84,
    0x0342, 0x2560,
    0x0136, 0x1800,
    0x013E, 0x0000,
    0x0304, 0x0003,
    0x0306, 0x00E6,
    0x030C, 0x0000,
    0x030E, 0x0003,
    0x0310, 0x00B2,
    0x0312, 0x0000,
    0x031A, 0x0003,
    0x031C, 0x0028,
    0x031E, 0x0002,
    0x0202, 0x0014,
    0x0226, 0x0014,
    0x022C, 0x0014,
    0x0702, 0x0000,
    0x0704, 0x0000,
    0x0114, 0x0301,
    0x0118, 0x0004,
    0x011A, 0x0001,
    0x011C, 0x0100,
    0xFCFC, 0x2000,
    0xB176, 0x0602,
    0xB178, 0x0000,
    0x7996, 0x0100,
    0x7994, 0x2020,
    0xFCFC, 0x4000,
    0x0900, 0x2222,
    0x0380, 0x0002,
    0x0382, 0x0002,
    0x0384, 0x0002,
    0x0386, 0x0002,
    0x040C, 0x0000,
    0x0400, 0x1010,
    0x0408, 0x0100,
    0x040A, 0x0100,
    0xFCFC, 0x2000,
    0xD1F6, 0x3A00,
    0xD20C, 0x0908,
    0xD314, 0x2002,
    0xD27A, 0x0500,
    0xD3F0, 0xB01C,
    0xD410, 0x4802,
    0xD426, 0xD204,
    0xD43C, 0x0140,
    0xD412, 0xD204,
    0xD428, 0xEA0A,
    0xD43E, 0x0140,
    0xFCFC, 0x4000,
    0x0260, 0x0102,
    0x0262, 0x0000,
    0x0264, 0x0306,
    0x0266, 0x0700,
    0x0112, 0x0A0A,
    0x0270, 0x2B2B,
    0x0272, 0x2B10,
    0x0274, 0x302B,
    0xFCFC, 0x2001,
    0x44C6, 0x0000,
    0xFCFC, 0x4000,
    0x0B02, 0x0102,
    0x0720, 0x0001,
    0x0722, 0x2000,
    0x0724, 0x0000,
    0x0728, 0x0000,
    0x072A, 0x0000,
    0x072C, 0x0000,
    0x072E, 0x0000,
    0xFCFC, 0x2001,
    0x3132, 0x0200,
    0xFCFC, 0x4000,
    0x021E, 0x0600,
    0x0228, 0x0100,
    0xFCFC, 0x2001,
    0x31D0, 0x0000,
    0x5A70, 0x0100,
    0xFCFC, 0x2000,
    0xDC94, 0x0103,
    0xEF80, 0x0000,
    0x23F0, 0x0001,
    0xF288, 0x0000,
    0xFCFC, 0x2001,
    0x2A30, 0x01FF,
    0x4270, 0x0000,
    0x29BA, 0x2000,
    0x29A8, 0x0100,
    0xFCFC, 0x4000,
    0x0B04, 0x0001,
    0x0B06, 0x0101,
    0x0B08, 0x0100,
    0x0B0A, 0x0101,
    0x0B0C, 0x0100,
    0xFCFC, 0x2000,
    0xC4E0, 0x0100,
    0xC4F6, 0x0000,
    0xC4E2, 0x0000,
    0xC53C, 0x0500,
    0xC544, 0x0005,
    0xC53E, 0x0000,
    0xB23C, 0x6060,
    0xB242, 0x6060,
    0xC554, 0x0010,
    0xC556, 0x0000,
    0xFCFC, 0x2001,
    0x2920, 0x0100,
    0x31F8, 0x0000,
    0x31FA, 0x0000,
    0xFCFC, 0x2000,
    0xD856, 0x0507,
    0xD6D4, 0x0000,
    0x799A, 0x0000,
    0xD8A2, 0x0100,
    0xFCFC, 0x4000,
    0x020A, 0x0000,
    0xFCFC, 0x2000,
    0x78C0, 0x0101,
    0x22C2, 0x0600,
    0x22C4, 0xFF1F,
    0x22EC, 0x1F00,
    0x2306, 0xFF3F,
    0x2314, 0xFF00,
    0x2354, 0x0300,
    0xFCFC, 0x4000,
    0x0936, 0x0000,
    0x0C40, 0x0000,
    0xFCFC, 0x2000,
    0x68DE, 0x0000,
    0xFCFC, 0x2001,
    0x2540, 0x0200,
    0x25E0, 0x0100,
    0x25E2, 0x0000,
    0xFCFC, 0x2000,
    0xD718, 0x0002,
    0xBF30, 0x0000,
    0xFCFC, 0x2001,
    0x3C42, 0x0000,
    0x3C46, 0xEB05,
    0x3C52, 0x4006,
    0xFCFC, 0x2000,
    0xD326, 0x0110,
    0xD3EC, 0xB01C,
    0xFCFC, 0x2001,
    0x195E, 0x0101,
    0x1966, 0x0200,
    0xFCFC, 0x4000,
    0x0086, 0x0280,
    0xFCFC, 0x2000,
    0xE980, 0x9E04,
    0xC4D8, 0x1000,
    0x795A, 0x2000,
    0x7970, 0x2000,
    0xFCFC, 0x2002,
    0x849E, 0x0000,
    0x84A0, 0x0000,
    0x84A2, 0x0005,
    0xFCFC, 0x2001,
    0x2BB2, 0x1000,
    0x2D32, 0x0010,
    0xFCFC, 0x2000,
    0x703C, 0x0101,
    0x7046, 0x7F02,
    0x7058, 0x8002,
    0x71D4, 0x3F00,
    0x71D6, 0x3D00,
    0x71D8, 0x84F3,
    0x71DA, 0x0040,
    0x7048, 0x9F00,
    0x705A, 0xA000,
    0x7274, 0x00B0,
    0x7276, 0x0000,
    0x7278, 0x12D2,
    0x727A, 0x0040,
    0x727C, 0x0000,
    0x727E, 0x0000,
    0x7280, 0x0000,
    0x7282, 0x0000,
    0x703E, 0x0000,
    0x704A, 0x0004,
    0x705C, 0x0004,
    0x7314, 0x0000,
    0x7316, 0x0000,
    0x7318, 0x0000,
    0x731A, 0x0000,
    0xBEDC, 0xC526,
    0xBEDE, 0x903E,
    0xBEE0, 0xC00F,
    0xBEE2, 0x0008,
    0xBEE4, 0x0C00,
    0xBEE6, 0x8000,
    0xFCFC, 0x2001,
    0x2A54, 0x0000,
    0x2A56, 0x0400,
    0x2A42, 0x0100,
    0x2A44, 0xAC04,
    0x2A46, 0x0000,
    0xFCFC, 0x2000,
    0xD704, 0x0078,
    0x7A0E, 0x0F00,
    0x7A6E, 0x1900,
    0x7A86, 0x1900,
    0x8C9E, 0x3500,
    0x8CCE, 0x9600,
    0x7A10, 0x0F00,
    0x7A70, 0x1900,
    0x7A88, 0x1900,
    0x8CA0, 0x3500,
    0x8CD0, 0x9600,
    0xB224, 0x0103,
    0xB226, 0x0000,
    0xB220, 0x0103,
    0x7A12, 0x0F00,
    0x7A72, 0x1900,
    0x7A8A, 0x1900,
    0x8CA2, 0x5000,
    0x8CD2, 0xBE00,
    0x7EE6, 0x2C00,
    0x7EF2, 0x2C00,
    0x7EFE, 0x6400,
    0x7F0A, 0x5800,
    0x8D0E, 0x0000,
    0x9032, 0x0000,
    0x903E, 0x0000,
    0x7A14, 0x0F00,
    0x7A74, 0x1900,
    0x7A8C, 0x1900,
    0x8CA4, 0x3500,
    0x7F0E, 0x5800,
    0x8CD6, 0x9600,
    0x7BDA, 0x3C00,
    0xD49C, 0x2100,
    0xD4D0, 0x0A00,
    0xD4A8, 0x0000,
    0xD4D6, 0x1A00,
    0xD4E2, 0x3200,
    0xD4BC, 0x3A00,
    0xD4B0, 0xB002,
    0xD4C8, 0x0100,
    0xD624, 0x0000,
    0xD62E, 0x0000,
    0xD638, 0x0000,
    0xD4EA, 0x0100,
    0xD554, 0xC400,
    0xD556, 0xFA00,
    0xD560, 0x5203,
    0xD562, 0x8803,
    0xD4DA, 0x0000,
    0xD4E6, 0x0100,
    0xD4C0, 0x1400,
    0xD4B4, 0x0100,
    0xD4CC, 0x0000,
    0xD5BC, 0x0000,
    0xD5BE, 0x0000,
    0xD5C8, 0x0000,
    0xD5CA, 0x0000,
    0xD4D2, 0x0000,
    0xD4DE, 0x0100,
    0xD4B8, 0x1400,
    0xD4AC, 0x0100,
    0xD4C4, 0x0000,
    0xD4EC, 0x0000,
    0xD4EE, 0x0000,
    0xD4F8, 0x0000,
    0xD4FA, 0x0000,
    0xBF78, 0x5333,
    0xD896, 0x0000,
    0xFCFC, 0x2001,
    0x1C24, 0x0002,
    0x1C26, 0x8001,
    0x1C28, 0xFF04,
    0x1C2A, 0x2010,
    0x1C2C, 0x5610,
    0x1C2E, 0x0005,
    0x1C30, 0x00A0,
    0x1C32, 0xB610,
    0x1C34, 0x7011,
    0x1C4E, 0x8001,
    0x1C50, 0xFF04,
    0x1C52, 0x2810,
    0x1C54, 0x5110,
    0x1C56, 0x0005,
    0x1C58, 0xFF09,
    0x1C5A, 0x9710,
    0x1C5C, 0xDA10,
    0x1C5E, 0x000A,
    0x1C60, 0x00A0,
    0x1C62, 0xDA10,
    0x1C64, 0x7011,
    0x1C66, 0x0000,
    0x1C68, 0x0000,
    0x1C6A, 0x0000,
    0x1C6C, 0x0000,
    0x1C76, 0x8001,
    0x1C78, 0xFF04,
    0x1C7A, 0x2810,
    0x1C7C, 0x6610,
    0x1C7E, 0x0005,
    0x1C80, 0xFF09,
    0x1C82, 0x7210,
    0x1C84, 0xDD10,
    0x1C86, 0x000A,
    0x1C88, 0x00A0,
    0x1C8A, 0xDD10,
    0x1C8C, 0x7011,
    0x1C8E, 0x0000,
    0x1C90, 0x0000,
    0x1C92, 0x0000,
    0x1C94, 0x0000,
    0x1C9E, 0x8001,
    0x1CA0, 0xFF04,
    0x1CA2, 0x2010,
    0x1CA4, 0x5610,
    0x1CA6, 0x0005,
    0x1CA8, 0x00A0,
    0x1CAA, 0xC410,
    0x1CAC, 0x7011,
    0x1CC6, 0x8001,
    0x1CC8, 0xFF04,
    0x1CCA, 0x2010,
    0x1CCC, 0x5610,
    0x1CCE, 0x0005,
    0x1CD0, 0x00A0,
    0x1CD2, 0xB610,
    0x1CD4, 0x7011,
    0x1CEE, 0x8001,
    0x1CF0, 0xFF04,
    0x1CF2, 0x2810,
    0x1CF4, 0x5110,
    0x1CF6, 0x0005,
    0x1CF8, 0xFF09,
    0x1CFA, 0x9710,
    0x1CFC, 0xDA10,
    0x1CFE, 0x000A,
    0x1D00, 0x00A0,
    0x1D02, 0xDA10,
    0x1D04, 0x7011,
    0x1D06, 0x0000,
    0x1D08, 0x0000,
    0x1D0A, 0x0000,
    0x1D0C, 0x0000,
    0x1D16, 0x8001,
    0x1D18, 0xFF04,
    0x1D1A, 0x2810,
    0x1D1C, 0x6610,
    0x1D1E, 0x0005,
    0x1D20, 0xFF09,
    0x1D22, 0x7210,
    0x1D24, 0xDD10,
    0x1D26, 0x000A,
    0x1D28, 0x00A0,
    0x1D2A, 0xDD10,
    0x1D2C, 0x7011,
    0x1D2E, 0x0000,
    0x1D30, 0x0000,
    0x1D32, 0x0000,
    0x1D34, 0x0000,
    0x1D3E, 0x8001,
    0x1D40, 0xFF04,
    0x1D42, 0x2010,
    0x1D44, 0x5610,
    0x1D46, 0x0005,
    0x1D48, 0x00A0,
    0x1D4A, 0xC410,
    0x1D4C, 0x7011,
    0xFCFC, 0x2000,
    0xB21E, 0x0000,
    0xB222, 0xC000,
    0xB20C, 0x2E00,
    0xB21A, 0x0402,
    0xB378, 0x0100,
    0xDD70, 0x0000,
    0xDE38, 0x0000,
    0xFCFC, 0x2002,
    0xA574, 0x0155,
    0xA59C, 0xA2FD,
    0xA59E, 0xFEFE,
    0xA576, 0x4000,
    0xA588, 0x0E00,
    0xA578, 0x8000,
    0xA58A, 0x2000,
    0xA57A, 0xA000,
    0xA58C, 0x2800,
    0xA57C, 0x4001,
    0xA58E, 0x1400,
    0xA57E, 0x8002,
    0xA590, 0x2200,
    0xA580, 0x0005,
    0xA592, 0x2800,
    0xA582, 0x000A,
    0xA594, 0x2C00,
    0xA584, 0xA00F,
    0xA596, 0x2E00,
    0xA586, 0x4011,
    0xA598, 0x3200,
    0xA59A, 0x3500,
    0xA548, 0x00EA,
    0xA570, 0x0000,
    0xA54A, 0x0000,
    0xA54C, 0x0000,
    0xA54E, 0x0000,
    0xA550, 0x0000,
    0xA552, 0x0000,
    0xA554, 0x0000,
    0xA556, 0x0000,
    0xA55C, 0x0000,
    0xA55E, 0x0000,
    0xA560, 0x0000,
    0xA562, 0x0000,
    0xA564, 0x0000,
    0xA566, 0x0000,
    0xA568, 0x0000,
    0xA56A, 0x0000,
    0xFCFC, 0x2001,
    0x1D96, 0x0000,
    0x1D98, 0x0000,
    0x1DA6, 0x0000,
    0x1DA8, 0x0000,
    0x1D72, 0x0000,
    0x1D74, 0x0000,
    0x1D82, 0x0000,
    0x1D84, 0x0000,
    0x1D92, 0x0000,
    0x1D94, 0x0000,
    0x1DA2, 0x0000,
    0x1DA4, 0x0000,
    0x1D76, 0x0000,
    0x1D78, 0x0000,
    0x1D86, 0x0000,
    0x1D88, 0x0000,
    0x1E16, 0x0A00,
    0x1E18, 0x0A00,
    0x1E26, 0x0A00,
    0x1E28, 0x0A00,
    0x1DF2, 0x0A00,
    0x1DF4, 0x0A00,
    0x1E02, 0x0A00,
    0x1E04, 0x0A00,
    0x1E12, 0x0A00,
    0x1E14, 0x0A00,
    0x1E22, 0x0A00,
    0x1E24, 0x0A00,
    0x1DF6, 0x0A00,
    0x1DF8, 0x0A00,
    0x1E06, 0x0A00,
    0x1E08, 0x0A00,
    0xFCFC, 0x2000,
    0x82BA, 0x3300,
    0x82A2, 0x1400,
    0xFCFC, 0x2001,
    0x427C, 0x2000,
    0x4280, 0x1000,
    0x4362, 0x0100,
    0x43AA, 0x0000,
    0x43AC, 0x0000,
    0x43C6, 0x010A,
    0x43B4, 0x0000,
    0x43B6, 0x0000,
    0x4396, 0x0D00,
    0x4398, 0x0E00,
    0x437E, 0xA400,
    0xFCFC, 0x2000,
    0xB322, 0x0101,
    0xB324, 0x0100,
    0xB330, 0x2828,
    0xB34A, 0x2828,
    0xB360, 0x2828,
    0xFCFC, 0x2001,
    0x4292, 0x0000,
    0x4364, 0x0000,
    0x4366, 0x0000,
    0x4370, 0x0000,
    0x4290, 0x0100,
    0xFCFC, 0x2002,
    0x84C4, 0x002D,
    0x84A4, 0x0000,
    0xFCFC, 0x2000,
    0xD684, 0x80E3,
    0xB268, 0x80E3,
    0xF09A, 0x00FF,
    0xF2E0, 0x0000,
    0xF372, 0x0000,
    0xF0AA, 0xFFFF,
    0xF0AC, 0xFFFF,
    0xF2EA, 0x4000,
    0xDADA, 0x0001,
    0xDB3C, 0x36D2,
    0xDADC, 0x0000,
    0xDB0C, 0x0D00,
    0xDB3E, 0x36D2,
    0xDADE, 0xA000,
    0xDB0E, 0x0F00,
    0xDB40, 0x36D2,
    0xDAE0, 0x4001,
    0xDB10, 0x0D00,
    0xDB42, 0x0000,
    0xDAE2, 0x0000,
    0xDB12, 0x0000,
    0xDB44, 0x0000,
    0xDAE4, 0x0000,
    0xDB14, 0x0000,
    0xDB46, 0x0000,
    0xDAE6, 0x0000,
    0xDB16, 0x0000,
    0xDBCC, 0x0000,
    0xDB6C, 0x0000,
    0xDB9C, 0x0000,
    0xDBCE, 0x0000,
    0xDB6E, 0x0000,
    0xDB9E, 0x0000,
    0xDBD0, 0x0000,
    0xDB70, 0x0000,
    0xDBA0, 0x0000,
    0xDBD2, 0x0000,
    0xDB72, 0x0000,
    0xDBA2, 0x0000,
    0xDBD4, 0x0000,
    0xDB74, 0x0000,
    0xDBA4, 0x0000,
    0xDBD6, 0x0000,
    0xDB76, 0x0000,
    0xDBA6, 0x0000,
    0xF370, 0x0203,
    0xF3E4, 0x0301,
    0xF3F4, 0xC800,
    0xF3F6, 0xD610,
    0xF014, 0x0600,
    0xB270, 0x8708,
    0xB266, 0xC004,
    0xD682, 0xC004,
    0xBF16, 0x0BAA,
    0xF698, 0x0100,
    0xDC8C, 0x3F0B,
    0xFCFC, 0x4000,
    0x0808, 0x0201,
    0x0E00, 0x0003,
};

/* not use 05_OceanChangjiang_UW_JN5_Fdsum_4096x3072_30.1fps_3056Mbps */
static u16 cj_hhuwide_custom8_setting[] = {
    0xFCFC, 0x4000,
    0x6170, 0xFFFF,
    0x6180, 0x0000,
    0x6190, 0x0000,
    0x6200, 0xFFFF,
    0x6202, 0xFFFF,
    0x6204, 0x0000,
    0x6206, 0x0000,
    0x6208, 0x0000,
    0xA100, 0xFFFF,
    0xA102, 0x0000,
    0xA104, 0x0000,
    0xFCFC, 0x4001,
    0x0100, 0xFFFF,
    0x0102, 0xFFFF,
    0x0104, 0x0000,
    0x0106, 0x0000,
    0x0108, 0x0000,
    0xFCFC, 0x4000,
    0x8100, 0xFFFF,
    0x8104, 0x0000,
    0x8108, 0x0000,
    0x0B30, 0x01FF,
    0xFCFC, 0x2000,
    0x7806, 0x0001,
    0x7808, 0x2408,
    0xFCFC, 0x4000,
    0x0344, 0x0000,
    0x0348, 0x201F,
    0x0346, 0x0000,
    0x034A, 0x181F,
    0x034C, 0x1000,
    0x034E, 0x0C00,
    0x0350, 0x0008,
    0x0352, 0x0008,
    0x0340, 0x1908,
    0x0342, 0x12B0,
    0x0136, 0x1800,
    0x013E, 0x0000,
    0x0304, 0x0003,
    0x0306, 0x00E6,
    0x030C, 0x0000,
    0x030E, 0x0003,
    0x0310, 0x00B2,
    0x0312, 0x0000,
    0x031A, 0x0003,
    0x031C, 0x0028,
    0x031E, 0x0002,
    0x0202, 0x0014,
    0x0226, 0x0014,
    0x022C, 0x0014,
    0x0702, 0x0000,
    0x0704, 0x0000,
    0x0114, 0x0301,
    0x0118, 0x0004,
    0x011A, 0x0001,
    0x011C, 0x0100,
    0xFCFC, 0x2000,
    0xB176, 0x0602,
    0xB178, 0x0000,
    0x7996, 0x0101,
    0x7994, 0x2020,
    0xFCFC, 0x4000,
    0x0900, 0x2222,
    0x0380, 0x0002,
    0x0382, 0x0002,
    0x0384, 0x0002,
    0x0386, 0x0002,
    0x040C, 0x0000,
    0x0400, 0x1010,
    0x0408, 0x0100,
    0x040A, 0x0100,
    0xFCFC, 0x2000,
    0xD1F6, 0x3A00,
    0xD20C, 0x0908,
    0xD314, 0x2002,
    0xD27A, 0x0500,
    0xD3F0, 0xB01C,
    0xD410, 0x4802,
    0xD426, 0xD204,
    0xD43C, 0x0140,
    0xD412, 0xD204,
    0xD428, 0xEA0A,
    0xD43E, 0x0140,
    0xFCFC, 0x4000,
    0x0260, 0x0101,
    0x0262, 0x0000,
    0x0264, 0x0306,
    0x0266, 0x0700,
    0x0112, 0x0A0A,
    0x0270, 0x2B2B,
    0x0272, 0x2B10,
    0x0274, 0x302B,
    0xFCFC, 0x2001,
    0x44C6, 0x0000,
    0xFCFC, 0x4000,
    0x0B02, 0x0102,
    0x0720, 0x0001,
    0x0722, 0x0800,
    0x0724, 0x0000,
    0x0728, 0x0000,
    0x072A, 0x0000,
    0x072C, 0x0000,
    0x072E, 0x0000,
    0xFCFC, 0x2001,
    0x3132, 0x0200,
    0xFCFC, 0x4000,
    0x021E, 0x0000,
    0x0228, 0x0100,
    0xFCFC, 0x2001,
    0x31D0, 0x0000,
    0x5A70, 0x0000,
    0xFCFC, 0x2000,
    0xDC94, 0x0103,
    0xEF80, 0x0000,
    0x23F0, 0x0001,
    0xF288, 0x0000,
    0xFCFC, 0x2001,
    0x2A30, 0x01FF,
    0x4270, 0x0000,
    0x29BA, 0x2000,
    0x29A8, 0x0100,
    0xFCFC, 0x4000,
    0x0B04, 0x0001,
    0x0B06, 0x0101,
    0x0B08, 0x0100,
    0x0B0A, 0x0101,
    0x0B0C, 0x0100,
    0xFCFC, 0x2000,
    0xC4E0, 0x0100,
    0xC4F6, 0x0000,
    0xC4E2, 0x0000,
    0xC53C, 0x0500,
    0xC544, 0x0005,
    0xC53E, 0x0000,
    0xB23C, 0x6060,
    0xB242, 0x6060,
    0xC554, 0x0010,
    0xC556, 0x0000,
    0xFCFC, 0x2001,
    0x2920, 0x0100,
    0x31F8, 0x0000,
    0x31FA, 0x0000,
    0xFCFC, 0x2000,
    0xD856, 0x0507,
    0xD6D4, 0x0000,
    0x799A, 0x0000,
    0xD8A2, 0x0100,
    0xFCFC, 0x4000,
    0x020A, 0x0000,
    0xFCFC, 0x2000,
    0x78C0, 0x0101,
    0x22C2, 0x0600,
    0x22C4, 0xFF1F,
    0x22EC, 0x1F00,
    0x2306, 0xFF3F,
    0x2314, 0xFF00,
    0x2354, 0x0300,
    0xFCFC, 0x4000,
    0x0936, 0x0000,
    0x0C40, 0x0000,
    0xFCFC, 0x2000,
    0x68DE, 0x0000,
    0xFCFC, 0x2001,
    0x2540, 0x0200,
    0x25E0, 0x0100,
    0x25E2, 0x0000,
    0xFCFC, 0x2000,
    0xD718, 0x0002,
    0xBF30, 0x0000,
    0xFCFC, 0x2001,
    0x3C42, 0x0000,
    0x3C46, 0xEB05,
    0x3C52, 0x4006,
    0xFCFC, 0x2000,
    0xD326, 0x0110,
    0xD3EC, 0xB01C,
    0xFCFC, 0x2001,
    0x195E, 0x0100,
    0x1966, 0x0000,
    0xFCFC, 0x4000,
    0x0086, 0x1400,
    0xFCFC, 0x2000,
    0xE980, 0x9E04,
    0xC4D8, 0x2000,
    0x795A, 0x2000,
    0x7970, 0x2000,
    0xFCFC, 0x2002,
    0x849E, 0x0000,
    0x84A0, 0x0000,
    0x84A2, 0x0005,
    0xFCFC, 0x2001,
    0x2BB2, 0x1000,
    0x2D32, 0x0010,
    0xFCFC, 0x2000,
    0x703C, 0x0101,
    0x7046, 0x7F02,
    0x7058, 0x8002,
    0x71D4, 0x3F00,
    0x71D6, 0x3D00,
    0x71D8, 0x84F3,
    0x71DA, 0x0040,
    0x7048, 0x1F02,
    0x705A, 0x2002,
    0x7274, 0x0B00,
    0x7276, 0x0B00,
    0x7278, 0x36D2,
    0x727A, 0x0040,
    0x727C, 0x0000,
    0x727E, 0x0000,
    0x7280, 0x0000,
    0x7282, 0x0000,
    0x703E, 0x0100,
    0x704A, 0x000A,
    0x705C, 0x010A,
    0x7314, 0x2E00,
    0x7316, 0x3000,
    0x7318, 0x9EFD,
    0x731A, 0x0040,
    0xBEDC, 0xC526,
    0xBEDE, 0x903E,
    0xBEE0, 0xC00F,
    0xBEE2, 0x0008,
    0xBEE4, 0x0C00,
    0xBEE6, 0x8000,
    0xFCFC, 0x2001,
    0x2A54, 0x0000,
    0x2A56, 0x0400,
    0x2A42, 0x0100,
    0x2A44, 0x3907,
    0x2A46, 0x0000,
    0xFCFC, 0x2000,
    0xD704, 0x0278,
    0x7A0E, 0x0F00,
    0x7A6E, 0x1900,
    0x7A86, 0x1900,
    0x8C9E, 0x3500,
    0x8CCE, 0x9600,
    0x7A10, 0x0F00,
    0x7A70, 0x1900,
    0x7A88, 0x1900,
    0x8CA0, 0x3500,
    0x8CD0, 0x9600,
    0xB224, 0x0103,
    0xB226, 0x0000,
    0xB220, 0x0103,
    0x7A12, 0x0F00,
    0x7A72, 0x1900,
    0x7A8A, 0x1900,
    0x8CA2, 0x7000,
    0x8CD2, 0xBE00,
    0x7EE6, 0x2C00,
    0x7EF2, 0x2C00,
    0x7EFE, 0x6400,
    0x7F0A, 0x5800,
    0x8D0E, 0x0000,
    0x9032, 0x0000,
    0x903E, 0x0000,
    0x7A14, 0x0F00,
    0x7A74, 0x1900,
    0x7A8C, 0x1900,
    0x8CA4, 0x3500,
    0x7F0E, 0x5800,
    0x8CD6, 0x9600,
    0x7BDA, 0x4C00,
    0xD49C, 0x2100,
    0xD4D0, 0x0A00,
    0xD4A8, 0x0000,
    0xD4D6, 0x1A00,
    0xD4E2, 0x3200,
    0xD4BC, 0x3F00,
    0xD4B0, 0x7003,
    0xD4C8, 0x0100,
    0xD624, 0x0000,
    0xD62E, 0x0000,
    0xD638, 0x0000,
    0xD4EA, 0x0100,
    0xD554, 0xC400,
    0xD556, 0xFA00,
    0xD560, 0x5203,
    0xD562, 0x8803,
    0xD4DA, 0x0000,
    0xD4E6, 0x0100,
    0xD4C0, 0x1400,
    0xD4B4, 0x0100,
    0xD4CC, 0x0000,
    0xD5BC, 0x0000,
    0xD5BE, 0x0000,
    0xD5C8, 0x0000,
    0xD5CA, 0x0000,
    0xD4D2, 0x0000,
    0xD4DE, 0x0100,
    0xD4B8, 0x1400,
    0xD4AC, 0x0100,
    0xD4C4, 0x0000,
    0xD4EC, 0x0000,
    0xD4EE, 0x0000,
    0xD4F8, 0x0000,
    0xD4FA, 0x0000,
    0xBF78, 0x5333,
    0xD896, 0x0000,
    0xFCFC, 0x2001,
    0x1C24, 0x0002,
    0x1C26, 0x8001,
    0x1C28, 0x8004,
    0x1C2A, 0x2010,
    0x1C2C, 0x2010,
    0x1C2E, 0x0005,
    0x1C30, 0x00A0,
    0x1C32, 0x2810,
    0x1C34, 0x2810,
    0x1C4E, 0x8001,
    0x1C50, 0x8004,
    0x1C52, 0x0010,
    0x1C54, 0x0010,
    0x1C56, 0x0005,
    0x1C58, 0x00A0,
    0x1C5A, 0x2810,
    0x1C5C, 0x2810,
    0x1C5E, 0x0000,
    0x1C60, 0x0000,
    0x1C62, 0x0000,
    0x1C64, 0x0000,
    0x1C66, 0x0000,
    0x1C68, 0x0000,
    0x1C6A, 0x0000,
    0x1C6C, 0x0000,
    0x1C76, 0x8001,
    0x1C78, 0x8004,
    0x1C7A, 0x2010,
    0x1C7C, 0x2010,
    0x1C7E, 0x0005,
    0x1C80, 0x00A0,
    0x1C82, 0x2810,
    0x1C84, 0x2810,
    0x1C86, 0x0000,
    0x1C88, 0x0000,
    0x1C8A, 0x0000,
    0x1C8C, 0x0000,
    0x1C8E, 0x0000,
    0x1C90, 0x0000,
    0x1C92, 0x0000,
    0x1C94, 0x0000,
    0x1C9E, 0x8001,
    0x1CA0, 0x8004,
    0x1CA2, 0x2010,
    0x1CA4, 0x2010,
    0x1CA6, 0x0005,
    0x1CA8, 0x00A0,
    0x1CAA, 0x2810,
    0x1CAC, 0x2810,
    0x1CC6, 0x8001,
    0x1CC8, 0x8004,
    0x1CCA, 0x2010,
    0x1CCC, 0x2010,
    0x1CCE, 0x0005,
    0x1CD0, 0x00A0,
    0x1CD2, 0x2810,
    0x1CD4, 0x2810,
    0x1CEE, 0x8001,
    0x1CF0, 0x8004,
    0x1CF2, 0x0010,
    0x1CF4, 0x0010,
    0x1CF6, 0x0005,
    0x1CF8, 0x00A0,
    0x1CFA, 0x2810,
    0x1CFC, 0x2810,
    0x1CFE, 0x0000,
    0x1D00, 0x0000,
    0x1D02, 0x0000,
    0x1D04, 0x0000,
    0x1D06, 0x0000,
    0x1D08, 0x0000,
    0x1D0A, 0x0000,
    0x1D0C, 0x0000,
    0x1D16, 0x8001,
    0x1D18, 0x8004,
    0x1D1A, 0x2010,
    0x1D1C, 0x2010,
    0x1D1E, 0x0005,
    0x1D20, 0x00A0,
    0x1D22, 0x2810,
    0x1D24, 0x2810,
    0x1D26, 0x0000,
    0x1D28, 0x0000,
    0x1D2A, 0x0000,
    0x1D2C, 0x0000,
    0x1D2E, 0x0000,
    0x1D30, 0x0000,
    0x1D32, 0x0000,
    0x1D34, 0x0000,
    0x1D3E, 0x8001,
    0x1D40, 0x8004,
    0x1D42, 0x2010,
    0x1D44, 0x2010,
    0x1D46, 0x0005,
    0x1D48, 0x00A0,
    0x1D4A, 0x2810,
    0x1D4C, 0x2810,
    0xFCFC, 0x2000,
    0xB21E, 0x0000,
    0xB222, 0xC000,
    0xB20C, 0x2E00,
    0xB21A, 0x0402,
    0xB378, 0x0100,
    0xDD70, 0x0000,
    0xDE38, 0x0000,
    0xFCFC, 0x2002,
    0xA574, 0x0155,
    0xA59C, 0xA2FD,
    0xA59E, 0xFEFE,
    0xA576, 0x4000,
    0xA588, 0x0E00,
    0xA578, 0x8000,
    0xA58A, 0x2000,
    0xA57A, 0xA000,
    0xA58C, 0x2800,
    0xA57C, 0x4001,
    0xA58E, 0x1400,
    0xA57E, 0x8002,
    0xA590, 0x2200,
    0xA580, 0x0005,
    0xA592, 0x2800,
    0xA582, 0x000A,
    0xA594, 0x2C00,
    0xA584, 0xA00F,
    0xA596, 0x2E00,
    0xA586, 0x4011,
    0xA598, 0x3200,
    0xA59A, 0x3500,
    0xA548, 0x00EA,
    0xA570, 0x0000,
    0xA54A, 0x0000,
    0xA54C, 0x0000,
    0xA54E, 0x0000,
    0xA550, 0x0000,
    0xA552, 0x0000,
    0xA554, 0x0000,
    0xA556, 0x0000,
    0xA55C, 0x0000,
    0xA55E, 0x0000,
    0xA560, 0x0000,
    0xA562, 0x0000,
    0xA564, 0x0000,
    0xA566, 0x0000,
    0xA568, 0x0000,
    0xA56A, 0x0000,
    0xFCFC, 0x2001,
    0x1D96, 0x0000,
    0x1D98, 0x0000,
    0x1DA6, 0x0000,
    0x1DA8, 0x0000,
    0x1D72, 0x0000,
    0x1D74, 0x0000,
    0x1D82, 0x0000,
    0x1D84, 0x0000,
    0x1D92, 0x0000,
    0x1D94, 0x0000,
    0x1DA2, 0x0000,
    0x1DA4, 0x0000,
    0x1D76, 0x0000,
    0x1D78, 0x0000,
    0x1D86, 0x0000,
    0x1D88, 0x0000,
    0x1E16, 0x0C00,
    0x1E18, 0x0C00,
    0x1E26, 0x0C00,
    0x1E28, 0x0C00,
    0x1DF2, 0x0800,
    0x1DF4, 0x0800,
    0x1E02, 0x0800,
    0x1E04, 0x0800,
    0x1E12, 0x0C00,
    0x1E14, 0x0C00,
    0x1E22, 0x0C00,
    0x1E24, 0x0C00,
    0x1DF6, 0x0800,
    0x1DF8, 0x0800,
    0x1E06, 0x0800,
    0x1E08, 0x0800,
    0xFCFC, 0x2000,
    0x82BA, 0x3300,
    0x82A2, 0x1400,
    0xFCFC, 0x2001,
    0x427C, 0x2000,
    0x4280, 0x1000,
    0x4362, 0x0100,
    0x43AA, 0x0000,
    0x43AC, 0x0000,
    0x43C6, 0x0114,
    0x43B4, 0x0000,
    0x43B6, 0x0000,
    0x4396, 0x0B00,
    0x4398, 0x0B00,
    0x437E, 0xE400,
    0xFCFC, 0x2000,
    0xB322, 0x0101,
    0xB324, 0x0100,
    0xB330, 0x2828,
    0xB34A, 0x2828,
    0xB360, 0x2828,
    0xFCFC, 0x2001,
    0x4292, 0x0000,
    0x4364, 0x0000,
    0x4366, 0x0000,
    0x4370, 0x0000,
    0x4290, 0x0100,
    0xFCFC, 0x2002,
    0x84C4, 0x012D,
    0x84A4, 0x0000,
    0xFCFC, 0x2000,
    0xD684, 0x80F3,
    0xB268, 0x80F3,
    0xF09A, 0x00FF,
    0xF2E0, 0x0000,
    0xF372, 0x0000,
    0xF0AA, 0xFFFF,
    0xF0AC, 0xFFFF,
    0xF2EA, 0x4000,
    0xDADA, 0x0001,
    0xDB3C, 0xD2FD,
    0xDADC, 0x0000,
    0xDB0C, 0x1F1F,
    0xDB3E, 0x12D2,
    0xDADE, 0x0000,
    0xDB0E, 0x0080,
    0xDB40, 0x12D2,
    0xDAE0, 0xA000,
    0xDB10, 0x0040,
    0xDB42, 0x12D2,
    0xDAE2, 0x0001,
    0xDB12, 0x0020,
    0xDB44, 0x12D2,
    0xDAE4, 0x0005,
    0xDB14, 0x0040,
    0xDB46, 0x12D2,
    0xDAE6, 0x4011,
    0xDB16, 0x0060,
    0xDBCC, 0x0000,
    0xDB6C, 0x0000,
    0xDB9C, 0x0000,
    0xDBCE, 0x0000,
    0xDB6E, 0x0000,
    0xDB9E, 0x0000,
    0xDBD0, 0x0000,
    0xDB70, 0x0000,
    0xDBA0, 0x0000,
    0xDBD2, 0x0000,
    0xDB72, 0x0000,
    0xDBA2, 0x0000,
    0xDBD4, 0x0000,
    0xDB74, 0x0000,
    0xDBA4, 0x0000,
    0xDBD6, 0x0000,
    0xDB76, 0x0000,
    0xDBA6, 0x0000,
    0xF370, 0x0203,
    0xF3E4, 0x0301,
    0xF3F4, 0xC800,
    0xF3F6, 0xD610,
    0xF014, 0x0700,
    0xB270, 0x8708,
    0xB266, 0xC004,
    0xD682, 0xC004,
    0xBF16, 0x0BAA,
    0xF698, 0x0101,
    0xDC8C, 0x3F0B,
    0xFCFC, 0x4000,
    0x0808, 0x0201,
    0x0E00, 0x0003,
};

/* not use 05_OceanChangjiang_UW_JN5_Fdsum_4096x3072_30.1fps_3056Mbps */
static u16 cj_hhuwide_custom9_setting[] = {
    0xFCFC, 0x4000,
    0x6170, 0xFFFF,
    0x6180, 0x0000,
    0x6190, 0x0000,
    0x6200, 0xFFFF,
    0x6202, 0xFFFF,
    0x6204, 0x0000,
    0x6206, 0x0000,
    0x6208, 0x0000,
    0xA100, 0xFFFF,
    0xA102, 0x0000,
    0xA104, 0x0000,
    0xFCFC, 0x4001,
    0x0100, 0xFFFF,
    0x0102, 0xFFFF,
    0x0104, 0x0000,
    0x0106, 0x0000,
    0x0108, 0x0000,
    0xFCFC, 0x4000,
    0x8100, 0xFFFF,
    0x8104, 0x0000,
    0x8108, 0x0000,
    0x0B30, 0x01FF,
    0xFCFC, 0x2000,
    0x7806, 0x0001,
    0x7808, 0x2408,
    0xFCFC, 0x4000,
    0x0344, 0x0000,
    0x0348, 0x201F,
    0x0346, 0x0000,
    0x034A, 0x181F,
    0x034C, 0x1000,
    0x034E, 0x0C00,
    0x0350, 0x0008,
    0x0352, 0x0008,
    0x0340, 0x1908,
    0x0342, 0x12B0,
    0x0136, 0x1800,
    0x013E, 0x0000,
    0x0304, 0x0003,
    0x0306, 0x00E6,
    0x030C, 0x0000,
    0x030E, 0x0003,
    0x0310, 0x00B2,
    0x0312, 0x0000,
    0x031A, 0x0003,
    0x031C, 0x0028,
    0x031E, 0x0002,
    0x0202, 0x0014,
    0x0226, 0x0014,
    0x022C, 0x0014,
    0x0702, 0x0000,
    0x0704, 0x0000,
    0x0114, 0x0301,
    0x0118, 0x0004,
    0x011A, 0x0001,
    0x011C, 0x0100,
    0xFCFC, 0x2000,
    0xB176, 0x0602,
    0xB178, 0x0000,
    0x7996, 0x0101,
    0x7994, 0x2020,
    0xFCFC, 0x4000,
    0x0900, 0x2222,
    0x0380, 0x0002,
    0x0382, 0x0002,
    0x0384, 0x0002,
    0x0386, 0x0002,
    0x040C, 0x0000,
    0x0400, 0x1010,
    0x0408, 0x0100,
    0x040A, 0x0100,
    0xFCFC, 0x2000,
    0xD1F6, 0x3A00,
    0xD20C, 0x0908,
    0xD314, 0x2002,
    0xD27A, 0x0500,
    0xD3F0, 0xB01C,
    0xD410, 0x4802,
    0xD426, 0xD204,
    0xD43C, 0x0140,
    0xD412, 0xD204,
    0xD428, 0xEA0A,
    0xD43E, 0x0140,
    0xFCFC, 0x4000,
    0x0260, 0x0101,
    0x0262, 0x0000,
    0x0264, 0x0306,
    0x0266, 0x0700,
    0x0112, 0x0A0A,
    0x0270, 0x2B2B,
    0x0272, 0x2B10,
    0x0274, 0x302B,
    0xFCFC, 0x2001,
    0x44C6, 0x0000,
    0xFCFC, 0x4000,
    0x0B02, 0x0102,
    0x0720, 0x0001,
    0x0722, 0x0800,
    0x0724, 0x0000,
    0x0728, 0x0000,
    0x072A, 0x0000,
    0x072C, 0x0000,
    0x072E, 0x0000,
    0xFCFC, 0x2001,
    0x3132, 0x0200,
    0xFCFC, 0x4000,
    0x021E, 0x0000,
    0x0228, 0x0100,
    0xFCFC, 0x2001,
    0x31D0, 0x0000,
    0x5A70, 0x0000,
    0xFCFC, 0x2000,
    0xDC94, 0x0103,
    0xEF80, 0x0000,
    0x23F0, 0x0001,
    0xF288, 0x0000,
    0xFCFC, 0x2001,
    0x2A30, 0x01FF,
    0x4270, 0x0000,
    0x29BA, 0x2000,
    0x29A8, 0x0100,
    0xFCFC, 0x4000,
    0x0B04, 0x0001,
    0x0B06, 0x0101,
    0x0B08, 0x0100,
    0x0B0A, 0x0101,
    0x0B0C, 0x0100,
    0xFCFC, 0x2000,
    0xC4E0, 0x0100,
    0xC4F6, 0x0000,
    0xC4E2, 0x0000,
    0xC53C, 0x0500,
    0xC544, 0x0005,
    0xC53E, 0x0000,
    0xB23C, 0x6060,
    0xB242, 0x6060,
    0xC554, 0x0010,
    0xC556, 0x0000,
    0xFCFC, 0x2001,
    0x2920, 0x0100,
    0x31F8, 0x0000,
    0x31FA, 0x0000,
    0xFCFC, 0x2000,
    0xD856, 0x0507,
    0xD6D4, 0x0000,
    0x799A, 0x0000,
    0xD8A2, 0x0100,
    0xFCFC, 0x4000,
    0x020A, 0x0000,
    0xFCFC, 0x2000,
    0x78C0, 0x0101,
    0x22C2, 0x0600,
    0x22C4, 0xFF1F,
    0x22EC, 0x1F00,
    0x2306, 0xFF3F,
    0x2314, 0xFF00,
    0x2354, 0x0300,
    0xFCFC, 0x4000,
    0x0936, 0x0000,
    0x0C40, 0x0000,
    0xFCFC, 0x2000,
    0x68DE, 0x0000,
    0xFCFC, 0x2001,
    0x2540, 0x0200,
    0x25E0, 0x0100,
    0x25E2, 0x0000,
    0xFCFC, 0x2000,
    0xD718, 0x0002,
    0xBF30, 0x0000,
    0xFCFC, 0x2001,
    0x3C42, 0x0000,
    0x3C46, 0xEB05,
    0x3C52, 0x4006,
    0xFCFC, 0x2000,
    0xD326, 0x0110,
    0xD3EC, 0xB01C,
    0xFCFC, 0x2001,
    0x195E, 0x0100,
    0x1966, 0x0000,
    0xFCFC, 0x4000,
    0x0086, 0x1400,
    0xFCFC, 0x2000,
    0xE980, 0x9E04,
    0xC4D8, 0x2000,
    0x795A, 0x2000,
    0x7970, 0x2000,
    0xFCFC, 0x2002,
    0x849E, 0x0000,
    0x84A0, 0x0000,
    0x84A2, 0x0005,
    0xFCFC, 0x2001,
    0x2BB2, 0x1000,
    0x2D32, 0x0010,
    0xFCFC, 0x2000,
    0x703C, 0x0101,
    0x7046, 0x7F02,
    0x7058, 0x8002,
    0x71D4, 0x3F00,
    0x71D6, 0x3D00,
    0x71D8, 0x84F3,
    0x71DA, 0x0040,
    0x7048, 0x1F02,
    0x705A, 0x2002,
    0x7274, 0x0B00,
    0x7276, 0x0B00,
    0x7278, 0x36D2,
    0x727A, 0x0040,
    0x727C, 0x0000,
    0x727E, 0x0000,
    0x7280, 0x0000,
    0x7282, 0x0000,
    0x703E, 0x0100,
    0x704A, 0x000A,
    0x705C, 0x010A,
    0x7314, 0x2E00,
    0x7316, 0x3000,
    0x7318, 0x9EFD,
    0x731A, 0x0040,
    0xBEDC, 0xC526,
    0xBEDE, 0x903E,
    0xBEE0, 0xC00F,
    0xBEE2, 0x0008,
    0xBEE4, 0x0C00,
    0xBEE6, 0x8000,
    0xFCFC, 0x2001,
    0x2A54, 0x0000,
    0x2A56, 0x0400,
    0x2A42, 0x0100,
    0x2A44, 0x3907,
    0x2A46, 0x0000,
    0xFCFC, 0x2000,
    0xD704, 0x0278,
    0x7A0E, 0x0F00,
    0x7A6E, 0x1900,
    0x7A86, 0x1900,
    0x8C9E, 0x3500,
    0x8CCE, 0x9600,
    0x7A10, 0x0F00,
    0x7A70, 0x1900,
    0x7A88, 0x1900,
    0x8CA0, 0x3500,
    0x8CD0, 0x9600,
    0xB224, 0x0103,
    0xB226, 0x0000,
    0xB220, 0x0103,
    0x7A12, 0x0F00,
    0x7A72, 0x1900,
    0x7A8A, 0x1900,
    0x8CA2, 0x7000,
    0x8CD2, 0xBE00,
    0x7EE6, 0x2C00,
    0x7EF2, 0x2C00,
    0x7EFE, 0x6400,
    0x7F0A, 0x5800,
    0x8D0E, 0x0000,
    0x9032, 0x0000,
    0x903E, 0x0000,
    0x7A14, 0x0F00,
    0x7A74, 0x1900,
    0x7A8C, 0x1900,
    0x8CA4, 0x3500,
    0x7F0E, 0x5800,
    0x8CD6, 0x9600,
    0x7BDA, 0x4C00,
    0xD49C, 0x2100,
    0xD4D0, 0x0A00,
    0xD4A8, 0x0000,
    0xD4D6, 0x1A00,
    0xD4E2, 0x3200,
    0xD4BC, 0x3F00,
    0xD4B0, 0x7003,
    0xD4C8, 0x0100,
    0xD624, 0x0000,
    0xD62E, 0x0000,
    0xD638, 0x0000,
    0xD4EA, 0x0100,
    0xD554, 0xC400,
    0xD556, 0xFA00,
    0xD560, 0x5203,
    0xD562, 0x8803,
    0xD4DA, 0x0000,
    0xD4E6, 0x0100,
    0xD4C0, 0x1400,
    0xD4B4, 0x0100,
    0xD4CC, 0x0000,
    0xD5BC, 0x0000,
    0xD5BE, 0x0000,
    0xD5C8, 0x0000,
    0xD5CA, 0x0000,
    0xD4D2, 0x0000,
    0xD4DE, 0x0100,
    0xD4B8, 0x1400,
    0xD4AC, 0x0100,
    0xD4C4, 0x0000,
    0xD4EC, 0x0000,
    0xD4EE, 0x0000,
    0xD4F8, 0x0000,
    0xD4FA, 0x0000,
    0xBF78, 0x5333,
    0xD896, 0x0000,
    0xFCFC, 0x2001,
    0x1C24, 0x0002,
    0x1C26, 0x8001,
    0x1C28, 0x8004,
    0x1C2A, 0x2010,
    0x1C2C, 0x2010,
    0x1C2E, 0x0005,
    0x1C30, 0x00A0,
    0x1C32, 0x2810,
    0x1C34, 0x2810,
    0x1C4E, 0x8001,
    0x1C50, 0x8004,
    0x1C52, 0x0010,
    0x1C54, 0x0010,
    0x1C56, 0x0005,
    0x1C58, 0x00A0,
    0x1C5A, 0x2810,
    0x1C5C, 0x2810,
    0x1C5E, 0x0000,
    0x1C60, 0x0000,
    0x1C62, 0x0000,
    0x1C64, 0x0000,
    0x1C66, 0x0000,
    0x1C68, 0x0000,
    0x1C6A, 0x0000,
    0x1C6C, 0x0000,
    0x1C76, 0x8001,
    0x1C78, 0x8004,
    0x1C7A, 0x2010,
    0x1C7C, 0x2010,
    0x1C7E, 0x0005,
    0x1C80, 0x00A0,
    0x1C82, 0x2810,
    0x1C84, 0x2810,
    0x1C86, 0x0000,
    0x1C88, 0x0000,
    0x1C8A, 0x0000,
    0x1C8C, 0x0000,
    0x1C8E, 0x0000,
    0x1C90, 0x0000,
    0x1C92, 0x0000,
    0x1C94, 0x0000,
    0x1C9E, 0x8001,
    0x1CA0, 0x8004,
    0x1CA2, 0x2010,
    0x1CA4, 0x2010,
    0x1CA6, 0x0005,
    0x1CA8, 0x00A0,
    0x1CAA, 0x2810,
    0x1CAC, 0x2810,
    0x1CC6, 0x8001,
    0x1CC8, 0x8004,
    0x1CCA, 0x2010,
    0x1CCC, 0x2010,
    0x1CCE, 0x0005,
    0x1CD0, 0x00A0,
    0x1CD2, 0x2810,
    0x1CD4, 0x2810,
    0x1CEE, 0x8001,
    0x1CF0, 0x8004,
    0x1CF2, 0x0010,
    0x1CF4, 0x0010,
    0x1CF6, 0x0005,
    0x1CF8, 0x00A0,
    0x1CFA, 0x2810,
    0x1CFC, 0x2810,
    0x1CFE, 0x0000,
    0x1D00, 0x0000,
    0x1D02, 0x0000,
    0x1D04, 0x0000,
    0x1D06, 0x0000,
    0x1D08, 0x0000,
    0x1D0A, 0x0000,
    0x1D0C, 0x0000,
    0x1D16, 0x8001,
    0x1D18, 0x8004,
    0x1D1A, 0x2010,
    0x1D1C, 0x2010,
    0x1D1E, 0x0005,
    0x1D20, 0x00A0,
    0x1D22, 0x2810,
    0x1D24, 0x2810,
    0x1D26, 0x0000,
    0x1D28, 0x0000,
    0x1D2A, 0x0000,
    0x1D2C, 0x0000,
    0x1D2E, 0x0000,
    0x1D30, 0x0000,
    0x1D32, 0x0000,
    0x1D34, 0x0000,
    0x1D3E, 0x8001,
    0x1D40, 0x8004,
    0x1D42, 0x2010,
    0x1D44, 0x2010,
    0x1D46, 0x0005,
    0x1D48, 0x00A0,
    0x1D4A, 0x2810,
    0x1D4C, 0x2810,
    0xFCFC, 0x2000,
    0xB21E, 0x0000,
    0xB222, 0xC000,
    0xB20C, 0x2E00,
    0xB21A, 0x0402,
    0xB378, 0x0100,
    0xDD70, 0x0000,
    0xDE38, 0x0000,
    0xFCFC, 0x2002,
    0xA574, 0x0155,
    0xA59C, 0xA2FD,
    0xA59E, 0xFEFE,
    0xA576, 0x4000,
    0xA588, 0x0E00,
    0xA578, 0x8000,
    0xA58A, 0x2000,
    0xA57A, 0xA000,
    0xA58C, 0x2800,
    0xA57C, 0x4001,
    0xA58E, 0x1400,
    0xA57E, 0x8002,
    0xA590, 0x2200,
    0xA580, 0x0005,
    0xA592, 0x2800,
    0xA582, 0x000A,
    0xA594, 0x2C00,
    0xA584, 0xA00F,
    0xA596, 0x2E00,
    0xA586, 0x4011,
    0xA598, 0x3200,
    0xA59A, 0x3500,
    0xA548, 0x00EA,
    0xA570, 0x0000,
    0xA54A, 0x0000,
    0xA54C, 0x0000,
    0xA54E, 0x0000,
    0xA550, 0x0000,
    0xA552, 0x0000,
    0xA554, 0x0000,
    0xA556, 0x0000,
    0xA55C, 0x0000,
    0xA55E, 0x0000,
    0xA560, 0x0000,
    0xA562, 0x0000,
    0xA564, 0x0000,
    0xA566, 0x0000,
    0xA568, 0x0000,
    0xA56A, 0x0000,
    0xFCFC, 0x2001,
    0x1D96, 0x0000,
    0x1D98, 0x0000,
    0x1DA6, 0x0000,
    0x1DA8, 0x0000,
    0x1D72, 0x0000,
    0x1D74, 0x0000,
    0x1D82, 0x0000,
    0x1D84, 0x0000,
    0x1D92, 0x0000,
    0x1D94, 0x0000,
    0x1DA2, 0x0000,
    0x1DA4, 0x0000,
    0x1D76, 0x0000,
    0x1D78, 0x0000,
    0x1D86, 0x0000,
    0x1D88, 0x0000,
    0x1E16, 0x0C00,
    0x1E18, 0x0C00,
    0x1E26, 0x0C00,
    0x1E28, 0x0C00,
    0x1DF2, 0x0800,
    0x1DF4, 0x0800,
    0x1E02, 0x0800,
    0x1E04, 0x0800,
    0x1E12, 0x0C00,
    0x1E14, 0x0C00,
    0x1E22, 0x0C00,
    0x1E24, 0x0C00,
    0x1DF6, 0x0800,
    0x1DF8, 0x0800,
    0x1E06, 0x0800,
    0x1E08, 0x0800,
    0xFCFC, 0x2000,
    0x82BA, 0x3300,
    0x82A2, 0x1400,
    0xFCFC, 0x2001,
    0x427C, 0x2000,
    0x4280, 0x1000,
    0x4362, 0x0100,
    0x43AA, 0x0000,
    0x43AC, 0x0000,
    0x43C6, 0x0114,
    0x43B4, 0x0000,
    0x43B6, 0x0000,
    0x4396, 0x0B00,
    0x4398, 0x0B00,
    0x437E, 0xE400,
    0xFCFC, 0x2000,
    0xB322, 0x0101,
    0xB324, 0x0100,
    0xB330, 0x2828,
    0xB34A, 0x2828,
    0xB360, 0x2828,
    0xFCFC, 0x2001,
    0x4292, 0x0000,
    0x4364, 0x0000,
    0x4366, 0x0000,
    0x4370, 0x0000,
    0x4290, 0x0100,
    0xFCFC, 0x2002,
    0x84C4, 0x012D,
    0x84A4, 0x0000,
    0xFCFC, 0x2000,
    0xD684, 0x80F3,
    0xB268, 0x80F3,
    0xF09A, 0x00FF,
    0xF2E0, 0x0000,
    0xF372, 0x0000,
    0xF0AA, 0xFFFF,
    0xF0AC, 0xFFFF,
    0xF2EA, 0x4000,
    0xDADA, 0x0001,
    0xDB3C, 0xD2FD,
    0xDADC, 0x0000,
    0xDB0C, 0x1F1F,
    0xDB3E, 0x12D2,
    0xDADE, 0x0000,
    0xDB0E, 0x0080,
    0xDB40, 0x12D2,
    0xDAE0, 0xA000,
    0xDB10, 0x0040,
    0xDB42, 0x12D2,
    0xDAE2, 0x0001,
    0xDB12, 0x0020,
    0xDB44, 0x12D2,
    0xDAE4, 0x0005,
    0xDB14, 0x0040,
    0xDB46, 0x12D2,
    0xDAE6, 0x4011,
    0xDB16, 0x0060,
    0xDBCC, 0x0000,
    0xDB6C, 0x0000,
    0xDB9C, 0x0000,
    0xDBCE, 0x0000,
    0xDB6E, 0x0000,
    0xDB9E, 0x0000,
    0xDBD0, 0x0000,
    0xDB70, 0x0000,
    0xDBA0, 0x0000,
    0xDBD2, 0x0000,
    0xDB72, 0x0000,
    0xDBA2, 0x0000,
    0xDBD4, 0x0000,
    0xDB74, 0x0000,
    0xDBA4, 0x0000,
    0xDBD6, 0x0000,
    0xDB76, 0x0000,
    0xDBA6, 0x0000,
    0xF370, 0x0203,
    0xF3E4, 0x0301,
    0xF3F4, 0xC800,
    0xF3F6, 0xD610,
    0xF014, 0x0700,
    0xB270, 0x8708,
    0xB266, 0xC004,
    0xD682, 0xC004,
    0xBF16, 0x0BAA,
    0xF698, 0x0101,
    0xDC8C, 0x3F0B,
    0xFCFC, 0x4000,
    0x0808, 0x0201,
    0x0E00, 0x0003,
};

/* not use 05_OceanChangjiang_UW_JN5_Fdsum_4096x3072_30.1fps_3056Mbps */
static u16 cj_hhuwide_custom10_setting[] = {
    0xFCFC, 0x4000,
    0x6170, 0xFFFF,
    0x6180, 0x0000,
    0x6190, 0x0000,
    0x6200, 0xFFFF,
    0x6202, 0xFFFF,
    0x6204, 0x0000,
    0x6206, 0x0000,
    0x6208, 0x0000,
    0xA100, 0xFFFF,
    0xA102, 0x0000,
    0xA104, 0x0000,
    0xFCFC, 0x4001,
    0x0100, 0xFFFF,
    0x0102, 0xFFFF,
    0x0104, 0x0000,
    0x0106, 0x0000,
    0x0108, 0x0000,
    0xFCFC, 0x4000,
    0x8100, 0xFFFF,
    0x8104, 0x0000,
    0x8108, 0x0000,
    0x0B30, 0x01FF,
    0xFCFC, 0x2000,
    0x7806, 0x0001,
    0x7808, 0x2408,
    0xFCFC, 0x4000,
    0x0344, 0x0000,
    0x0348, 0x201F,
    0x0346, 0x0000,
    0x034A, 0x181F,
    0x034C, 0x1000,
    0x034E, 0x0C00,
    0x0350, 0x0008,
    0x0352, 0x0008,
    0x0340, 0x1908,
    0x0342, 0x12B0,
    0x0136, 0x1800,
    0x013E, 0x0000,
    0x0304, 0x0003,
    0x0306, 0x00E6,
    0x030C, 0x0000,
    0x030E, 0x0003,
    0x0310, 0x00B2,
    0x0312, 0x0000,
    0x031A, 0x0003,
    0x031C, 0x0028,
    0x031E, 0x0002,
    0x0202, 0x0014,
    0x0226, 0x0014,
    0x022C, 0x0014,
    0x0702, 0x0000,
    0x0704, 0x0000,
    0x0114, 0x0301,
    0x0118, 0x0004,
    0x011A, 0x0001,
    0x011C, 0x0100,
    0xFCFC, 0x2000,
    0xB176, 0x0602,
    0xB178, 0x0000,
    0x7996, 0x0101,
    0x7994, 0x2020,
    0xFCFC, 0x4000,
    0x0900, 0x2222,
    0x0380, 0x0002,
    0x0382, 0x0002,
    0x0384, 0x0002,
    0x0386, 0x0002,
    0x040C, 0x0000,
    0x0400, 0x1010,
    0x0408, 0x0100,
    0x040A, 0x0100,
    0xFCFC, 0x2000,
    0xD1F6, 0x3A00,
    0xD20C, 0x0908,
    0xD314, 0x2002,
    0xD27A, 0x0500,
    0xD3F0, 0xB01C,
    0xD410, 0x4802,
    0xD426, 0xD204,
    0xD43C, 0x0140,
    0xD412, 0xD204,
    0xD428, 0xEA0A,
    0xD43E, 0x0140,
    0xFCFC, 0x4000,
    0x0260, 0x0101,
    0x0262, 0x0000,
    0x0264, 0x0306,
    0x0266, 0x0700,
    0x0112, 0x0A0A,
    0x0270, 0x2B2B,
    0x0272, 0x2B10,
    0x0274, 0x302B,
    0xFCFC, 0x2001,
    0x44C6, 0x0000,
    0xFCFC, 0x4000,
    0x0B02, 0x0102,
    0x0720, 0x0001,
    0x0722, 0x0800,
    0x0724, 0x0000,
    0x0728, 0x0000,
    0x072A, 0x0000,
    0x072C, 0x0000,
    0x072E, 0x0000,
    0xFCFC, 0x2001,
    0x3132, 0x0200,
    0xFCFC, 0x4000,
    0x021E, 0x0000,
    0x0228, 0x0100,
    0xFCFC, 0x2001,
    0x31D0, 0x0000,
    0x5A70, 0x0000,
    0xFCFC, 0x2000,
    0xDC94, 0x0103,
    0xEF80, 0x0000,
    0x23F0, 0x0001,
    0xF288, 0x0000,
    0xFCFC, 0x2001,
    0x2A30, 0x01FF,
    0x4270, 0x0000,
    0x29BA, 0x2000,
    0x29A8, 0x0100,
    0xFCFC, 0x4000,
    0x0B04, 0x0001,
    0x0B06, 0x0101,
    0x0B08, 0x0100,
    0x0B0A, 0x0101,
    0x0B0C, 0x0100,
    0xFCFC, 0x2000,
    0xC4E0, 0x0100,
    0xC4F6, 0x0000,
    0xC4E2, 0x0000,
    0xC53C, 0x0500,
    0xC544, 0x0005,
    0xC53E, 0x0000,
    0xB23C, 0x6060,
    0xB242, 0x6060,
    0xC554, 0x0010,
    0xC556, 0x0000,
    0xFCFC, 0x2001,
    0x2920, 0x0100,
    0x31F8, 0x0000,
    0x31FA, 0x0000,
    0xFCFC, 0x2000,
    0xD856, 0x0507,
    0xD6D4, 0x0000,
    0x799A, 0x0000,
    0xD8A2, 0x0100,
    0xFCFC, 0x4000,
    0x020A, 0x0000,
    0xFCFC, 0x2000,
    0x78C0, 0x0101,
    0x22C2, 0x0600,
    0x22C4, 0xFF1F,
    0x22EC, 0x1F00,
    0x2306, 0xFF3F,
    0x2314, 0xFF00,
    0x2354, 0x0300,
    0xFCFC, 0x4000,
    0x0936, 0x0000,
    0x0C40, 0x0000,
    0xFCFC, 0x2000,
    0x68DE, 0x0000,
    0xFCFC, 0x2001,
    0x2540, 0x0200,
    0x25E0, 0x0100,
    0x25E2, 0x0000,
    0xFCFC, 0x2000,
    0xD718, 0x0002,
    0xBF30, 0x0000,
    0xFCFC, 0x2001,
    0x3C42, 0x0000,
    0x3C46, 0xEB05,
    0x3C52, 0x4006,
    0xFCFC, 0x2000,
    0xD326, 0x0110,
    0xD3EC, 0xB01C,
    0xFCFC, 0x2001,
    0x195E, 0x0100,
    0x1966, 0x0000,
    0xFCFC, 0x4000,
    0x0086, 0x1400,
    0xFCFC, 0x2000,
    0xE980, 0x9E04,
    0xC4D8, 0x2000,
    0x795A, 0x2000,
    0x7970, 0x2000,
    0xFCFC, 0x2002,
    0x849E, 0x0000,
    0x84A0, 0x0000,
    0x84A2, 0x0005,
    0xFCFC, 0x2001,
    0x2BB2, 0x1000,
    0x2D32, 0x0010,
    0xFCFC, 0x2000,
    0x703C, 0x0101,
    0x7046, 0x7F02,
    0x7058, 0x8002,
    0x71D4, 0x3F00,
    0x71D6, 0x3D00,
    0x71D8, 0x84F3,
    0x71DA, 0x0040,
    0x7048, 0x1F02,
    0x705A, 0x2002,
    0x7274, 0x0B00,
    0x7276, 0x0B00,
    0x7278, 0x36D2,
    0x727A, 0x0040,
    0x727C, 0x0000,
    0x727E, 0x0000,
    0x7280, 0x0000,
    0x7282, 0x0000,
    0x703E, 0x0100,
    0x704A, 0x000A,
    0x705C, 0x010A,
    0x7314, 0x2E00,
    0x7316, 0x3000,
    0x7318, 0x9EFD,
    0x731A, 0x0040,
    0xBEDC, 0xC526,
    0xBEDE, 0x903E,
    0xBEE0, 0xC00F,
    0xBEE2, 0x0008,
    0xBEE4, 0x0C00,
    0xBEE6, 0x8000,
    0xFCFC, 0x2001,
    0x2A54, 0x0000,
    0x2A56, 0x0400,
    0x2A42, 0x0100,
    0x2A44, 0x3907,
    0x2A46, 0x0000,
    0xFCFC, 0x2000,
    0xD704, 0x0278,
    0x7A0E, 0x0F00,
    0x7A6E, 0x1900,
    0x7A86, 0x1900,
    0x8C9E, 0x3500,
    0x8CCE, 0x9600,
    0x7A10, 0x0F00,
    0x7A70, 0x1900,
    0x7A88, 0x1900,
    0x8CA0, 0x3500,
    0x8CD0, 0x9600,
    0xB224, 0x0103,
    0xB226, 0x0000,
    0xB220, 0x0103,
    0x7A12, 0x0F00,
    0x7A72, 0x1900,
    0x7A8A, 0x1900,
    0x8CA2, 0x7000,
    0x8CD2, 0xBE00,
    0x7EE6, 0x2C00,
    0x7EF2, 0x2C00,
    0x7EFE, 0x6400,
    0x7F0A, 0x5800,
    0x8D0E, 0x0000,
    0x9032, 0x0000,
    0x903E, 0x0000,
    0x7A14, 0x0F00,
    0x7A74, 0x1900,
    0x7A8C, 0x1900,
    0x8CA4, 0x3500,
    0x7F0E, 0x5800,
    0x8CD6, 0x9600,
    0x7BDA, 0x4C00,
    0xD49C, 0x2100,
    0xD4D0, 0x0A00,
    0xD4A8, 0x0000,
    0xD4D6, 0x1A00,
    0xD4E2, 0x3200,
    0xD4BC, 0x3F00,
    0xD4B0, 0x7003,
    0xD4C8, 0x0100,
    0xD624, 0x0000,
    0xD62E, 0x0000,
    0xD638, 0x0000,
    0xD4EA, 0x0100,
    0xD554, 0xC400,
    0xD556, 0xFA00,
    0xD560, 0x5203,
    0xD562, 0x8803,
    0xD4DA, 0x0000,
    0xD4E6, 0x0100,
    0xD4C0, 0x1400,
    0xD4B4, 0x0100,
    0xD4CC, 0x0000,
    0xD5BC, 0x0000,
    0xD5BE, 0x0000,
    0xD5C8, 0x0000,
    0xD5CA, 0x0000,
    0xD4D2, 0x0000,
    0xD4DE, 0x0100,
    0xD4B8, 0x1400,
    0xD4AC, 0x0100,
    0xD4C4, 0x0000,
    0xD4EC, 0x0000,
    0xD4EE, 0x0000,
    0xD4F8, 0x0000,
    0xD4FA, 0x0000,
    0xBF78, 0x5333,
    0xD896, 0x0000,
    0xFCFC, 0x2001,
    0x1C24, 0x0002,
    0x1C26, 0x8001,
    0x1C28, 0x8004,
    0x1C2A, 0x2010,
    0x1C2C, 0x2010,
    0x1C2E, 0x0005,
    0x1C30, 0x00A0,
    0x1C32, 0x2810,
    0x1C34, 0x2810,
    0x1C4E, 0x8001,
    0x1C50, 0x8004,
    0x1C52, 0x0010,
    0x1C54, 0x0010,
    0x1C56, 0x0005,
    0x1C58, 0x00A0,
    0x1C5A, 0x2810,
    0x1C5C, 0x2810,
    0x1C5E, 0x0000,
    0x1C60, 0x0000,
    0x1C62, 0x0000,
    0x1C64, 0x0000,
    0x1C66, 0x0000,
    0x1C68, 0x0000,
    0x1C6A, 0x0000,
    0x1C6C, 0x0000,
    0x1C76, 0x8001,
    0x1C78, 0x8004,
    0x1C7A, 0x2010,
    0x1C7C, 0x2010,
    0x1C7E, 0x0005,
    0x1C80, 0x00A0,
    0x1C82, 0x2810,
    0x1C84, 0x2810,
    0x1C86, 0x0000,
    0x1C88, 0x0000,
    0x1C8A, 0x0000,
    0x1C8C, 0x0000,
    0x1C8E, 0x0000,
    0x1C90, 0x0000,
    0x1C92, 0x0000,
    0x1C94, 0x0000,
    0x1C9E, 0x8001,
    0x1CA0, 0x8004,
    0x1CA2, 0x2010,
    0x1CA4, 0x2010,
    0x1CA6, 0x0005,
    0x1CA8, 0x00A0,
    0x1CAA, 0x2810,
    0x1CAC, 0x2810,
    0x1CC6, 0x8001,
    0x1CC8, 0x8004,
    0x1CCA, 0x2010,
    0x1CCC, 0x2010,
    0x1CCE, 0x0005,
    0x1CD0, 0x00A0,
    0x1CD2, 0x2810,
    0x1CD4, 0x2810,
    0x1CEE, 0x8001,
    0x1CF0, 0x8004,
    0x1CF2, 0x0010,
    0x1CF4, 0x0010,
    0x1CF6, 0x0005,
    0x1CF8, 0x00A0,
    0x1CFA, 0x2810,
    0x1CFC, 0x2810,
    0x1CFE, 0x0000,
    0x1D00, 0x0000,
    0x1D02, 0x0000,
    0x1D04, 0x0000,
    0x1D06, 0x0000,
    0x1D08, 0x0000,
    0x1D0A, 0x0000,
    0x1D0C, 0x0000,
    0x1D16, 0x8001,
    0x1D18, 0x8004,
    0x1D1A, 0x2010,
    0x1D1C, 0x2010,
    0x1D1E, 0x0005,
    0x1D20, 0x00A0,
    0x1D22, 0x2810,
    0x1D24, 0x2810,
    0x1D26, 0x0000,
    0x1D28, 0x0000,
    0x1D2A, 0x0000,
    0x1D2C, 0x0000,
    0x1D2E, 0x0000,
    0x1D30, 0x0000,
    0x1D32, 0x0000,
    0x1D34, 0x0000,
    0x1D3E, 0x8001,
    0x1D40, 0x8004,
    0x1D42, 0x2010,
    0x1D44, 0x2010,
    0x1D46, 0x0005,
    0x1D48, 0x00A0,
    0x1D4A, 0x2810,
    0x1D4C, 0x2810,
    0xFCFC, 0x2000,
    0xB21E, 0x0000,
    0xB222, 0xC000,
    0xB20C, 0x2E00,
    0xB21A, 0x0402,
    0xB378, 0x0100,
    0xDD70, 0x0000,
    0xDE38, 0x0000,
    0xFCFC, 0x2002,
    0xA574, 0x0155,
    0xA59C, 0xA2FD,
    0xA59E, 0xFEFE,
    0xA576, 0x4000,
    0xA588, 0x0E00,
    0xA578, 0x8000,
    0xA58A, 0x2000,
    0xA57A, 0xA000,
    0xA58C, 0x2800,
    0xA57C, 0x4001,
    0xA58E, 0x1400,
    0xA57E, 0x8002,
    0xA590, 0x2200,
    0xA580, 0x0005,
    0xA592, 0x2800,
    0xA582, 0x000A,
    0xA594, 0x2C00,
    0xA584, 0xA00F,
    0xA596, 0x2E00,
    0xA586, 0x4011,
    0xA598, 0x3200,
    0xA59A, 0x3500,
    0xA548, 0x00EA,
    0xA570, 0x0000,
    0xA54A, 0x0000,
    0xA54C, 0x0000,
    0xA54E, 0x0000,
    0xA550, 0x0000,
    0xA552, 0x0000,
    0xA554, 0x0000,
    0xA556, 0x0000,
    0xA55C, 0x0000,
    0xA55E, 0x0000,
    0xA560, 0x0000,
    0xA562, 0x0000,
    0xA564, 0x0000,
    0xA566, 0x0000,
    0xA568, 0x0000,
    0xA56A, 0x0000,
    0xFCFC, 0x2001,
    0x1D96, 0x0000,
    0x1D98, 0x0000,
    0x1DA6, 0x0000,
    0x1DA8, 0x0000,
    0x1D72, 0x0000,
    0x1D74, 0x0000,
    0x1D82, 0x0000,
    0x1D84, 0x0000,
    0x1D92, 0x0000,
    0x1D94, 0x0000,
    0x1DA2, 0x0000,
    0x1DA4, 0x0000,
    0x1D76, 0x0000,
    0x1D78, 0x0000,
    0x1D86, 0x0000,
    0x1D88, 0x0000,
    0x1E16, 0x0C00,
    0x1E18, 0x0C00,
    0x1E26, 0x0C00,
    0x1E28, 0x0C00,
    0x1DF2, 0x0800,
    0x1DF4, 0x0800,
    0x1E02, 0x0800,
    0x1E04, 0x0800,
    0x1E12, 0x0C00,
    0x1E14, 0x0C00,
    0x1E22, 0x0C00,
    0x1E24, 0x0C00,
    0x1DF6, 0x0800,
    0x1DF8, 0x0800,
    0x1E06, 0x0800,
    0x1E08, 0x0800,
    0xFCFC, 0x2000,
    0x82BA, 0x3300,
    0x82A2, 0x1400,
    0xFCFC, 0x2001,
    0x427C, 0x2000,
    0x4280, 0x1000,
    0x4362, 0x0100,
    0x43AA, 0x0000,
    0x43AC, 0x0000,
    0x43C6, 0x0114,
    0x43B4, 0x0000,
    0x43B6, 0x0000,
    0x4396, 0x0B00,
    0x4398, 0x0B00,
    0x437E, 0xE400,
    0xFCFC, 0x2000,
    0xB322, 0x0101,
    0xB324, 0x0100,
    0xB330, 0x2828,
    0xB34A, 0x2828,
    0xB360, 0x2828,
    0xFCFC, 0x2001,
    0x4292, 0x0000,
    0x4364, 0x0000,
    0x4366, 0x0000,
    0x4370, 0x0000,
    0x4290, 0x0100,
    0xFCFC, 0x2002,
    0x84C4, 0x012D,
    0x84A4, 0x0000,
    0xFCFC, 0x2000,
    0xD684, 0x80F3,
    0xB268, 0x80F3,
    0xF09A, 0x00FF,
    0xF2E0, 0x0000,
    0xF372, 0x0000,
    0xF0AA, 0xFFFF,
    0xF0AC, 0xFFFF,
    0xF2EA, 0x4000,
    0xDADA, 0x0001,
    0xDB3C, 0xD2FD,
    0xDADC, 0x0000,
    0xDB0C, 0x1F1F,
    0xDB3E, 0x12D2,
    0xDADE, 0x0000,
    0xDB0E, 0x0080,
    0xDB40, 0x12D2,
    0xDAE0, 0xA000,
    0xDB10, 0x0040,
    0xDB42, 0x12D2,
    0xDAE2, 0x0001,
    0xDB12, 0x0020,
    0xDB44, 0x12D2,
    0xDAE4, 0x0005,
    0xDB14, 0x0040,
    0xDB46, 0x12D2,
    0xDAE6, 0x4011,
    0xDB16, 0x0060,
    0xDBCC, 0x0000,
    0xDB6C, 0x0000,
    0xDB9C, 0x0000,
    0xDBCE, 0x0000,
    0xDB6E, 0x0000,
    0xDB9E, 0x0000,
    0xDBD0, 0x0000,
    0xDB70, 0x0000,
    0xDBA0, 0x0000,
    0xDBD2, 0x0000,
    0xDB72, 0x0000,
    0xDBA2, 0x0000,
    0xDBD4, 0x0000,
    0xDB74, 0x0000,
    0xDBA4, 0x0000,
    0xDBD6, 0x0000,
    0xDB76, 0x0000,
    0xDBA6, 0x0000,
    0xF370, 0x0203,
    0xF3E4, 0x0301,
    0xF3F4, 0xC800,
    0xF3F6, 0xD610,
    0xF014, 0x0700,
    0xB270, 0x8708,
    0xB266, 0xC004,
    0xD682, 0xC004,
    0xBF16, 0x0BAA,
    0xF698, 0x0101,
    0xDC8C, 0x3F0B,
    0xFCFC, 0x4000,
    0x0808, 0x0201,
    0x0E00, 0x0003,
};

/* not use 05_OceanChangjiang_UW_JN5_Fdsum_4096x3072_30.1fps_3056Mbps */
static u16 cj_hhuwide_custom11_setting[] = {
    0xFCFC, 0x4000,
    0x6170, 0xFFFF,
    0x6180, 0x0000,
    0x6190, 0x0000,
    0x6200, 0xFFFF,
    0x6202, 0xFFFF,
    0x6204, 0x0000,
    0x6206, 0x0000,
    0x6208, 0x0000,
    0xA100, 0xFFFF,
    0xA102, 0x0000,
    0xA104, 0x0000,
    0xFCFC, 0x4001,
    0x0100, 0xFFFF,
    0x0102, 0xFFFF,
    0x0104, 0x0000,
    0x0106, 0x0000,
    0x0108, 0x0000,
    0xFCFC, 0x4000,
    0x8100, 0xFFFF,
    0x8104, 0x0000,
    0x8108, 0x0000,
    0x0B30, 0x01FF,
    0xFCFC, 0x2000,
    0x7806, 0x0001,
    0x7808, 0x2408,
    0xFCFC, 0x4000,
    0x0344, 0x0000,
    0x0348, 0x201F,
    0x0346, 0x0000,
    0x034A, 0x181F,
    0x034C, 0x1000,
    0x034E, 0x0C00,
    0x0350, 0x0008,
    0x0352, 0x0008,
    0x0340, 0x1908,
    0x0342, 0x12B0,
    0x0136, 0x1800,
    0x013E, 0x0000,
    0x0304, 0x0003,
    0x0306, 0x00E6,
    0x030C, 0x0000,
    0x030E, 0x0003,
    0x0310, 0x00B2,
    0x0312, 0x0000,
    0x031A, 0x0003,
    0x031C, 0x0028,
    0x031E, 0x0002,
    0x0202, 0x0014,
    0x0226, 0x0014,
    0x022C, 0x0014,
    0x0702, 0x0000,
    0x0704, 0x0000,
    0x0114, 0x0301,
    0x0118, 0x0004,
    0x011A, 0x0001,
    0x011C, 0x0100,
    0xFCFC, 0x2000,
    0xB176, 0x0602,
    0xB178, 0x0000,
    0x7996, 0x0101,
    0x7994, 0x2020,
    0xFCFC, 0x4000,
    0x0900, 0x2222,
    0x0380, 0x0002,
    0x0382, 0x0002,
    0x0384, 0x0002,
    0x0386, 0x0002,
    0x040C, 0x0000,
    0x0400, 0x1010,
    0x0408, 0x0100,
    0x040A, 0x0100,
    0xFCFC, 0x2000,
    0xD1F6, 0x3A00,
    0xD20C, 0x0908,
    0xD314, 0x2002,
    0xD27A, 0x0500,
    0xD3F0, 0xB01C,
    0xD410, 0x4802,
    0xD426, 0xD204,
    0xD43C, 0x0140,
    0xD412, 0xD204,
    0xD428, 0xEA0A,
    0xD43E, 0x0140,
    0xFCFC, 0x4000,
    0x0260, 0x0101,
    0x0262, 0x0000,
    0x0264, 0x0306,
    0x0266, 0x0700,
    0x0112, 0x0A0A,
    0x0270, 0x2B2B,
    0x0272, 0x2B10,
    0x0274, 0x302B,
    0xFCFC, 0x2001,
    0x44C6, 0x0000,
    0xFCFC, 0x4000,
    0x0B02, 0x0102,
    0x0720, 0x0001,
    0x0722, 0x0800,
    0x0724, 0x0000,
    0x0728, 0x0000,
    0x072A, 0x0000,
    0x072C, 0x0000,
    0x072E, 0x0000,
    0xFCFC, 0x2001,
    0x3132, 0x0200,
    0xFCFC, 0x4000,
    0x021E, 0x0000,
    0x0228, 0x0100,
    0xFCFC, 0x2001,
    0x31D0, 0x0000,
    0x5A70, 0x0000,
    0xFCFC, 0x2000,
    0xDC94, 0x0103,
    0xEF80, 0x0000,
    0x23F0, 0x0001,
    0xF288, 0x0000,
    0xFCFC, 0x2001,
    0x2A30, 0x01FF,
    0x4270, 0x0000,
    0x29BA, 0x2000,
    0x29A8, 0x0100,
    0xFCFC, 0x4000,
    0x0B04, 0x0001,
    0x0B06, 0x0101,
    0x0B08, 0x0100,
    0x0B0A, 0x0101,
    0x0B0C, 0x0100,
    0xFCFC, 0x2000,
    0xC4E0, 0x0100,
    0xC4F6, 0x0000,
    0xC4E2, 0x0000,
    0xC53C, 0x0500,
    0xC544, 0x0005,
    0xC53E, 0x0000,
    0xB23C, 0x6060,
    0xB242, 0x6060,
    0xC554, 0x0010,
    0xC556, 0x0000,
    0xFCFC, 0x2001,
    0x2920, 0x0100,
    0x31F8, 0x0000,
    0x31FA, 0x0000,
    0xFCFC, 0x2000,
    0xD856, 0x0507,
    0xD6D4, 0x0000,
    0x799A, 0x0000,
    0xD8A2, 0x0100,
    0xFCFC, 0x4000,
    0x020A, 0x0000,
    0xFCFC, 0x2000,
    0x78C0, 0x0101,
    0x22C2, 0x0600,
    0x22C4, 0xFF1F,
    0x22EC, 0x1F00,
    0x2306, 0xFF3F,
    0x2314, 0xFF00,
    0x2354, 0x0300,
    0xFCFC, 0x4000,
    0x0936, 0x0000,
    0x0C40, 0x0000,
    0xFCFC, 0x2000,
    0x68DE, 0x0000,
    0xFCFC, 0x2001,
    0x2540, 0x0200,
    0x25E0, 0x0100,
    0x25E2, 0x0000,
    0xFCFC, 0x2000,
    0xD718, 0x0002,
    0xBF30, 0x0000,
    0xFCFC, 0x2001,
    0x3C42, 0x0000,
    0x3C46, 0xEB05,
    0x3C52, 0x4006,
    0xFCFC, 0x2000,
    0xD326, 0x0110,
    0xD3EC, 0xB01C,
    0xFCFC, 0x2001,
    0x195E, 0x0100,
    0x1966, 0x0000,
    0xFCFC, 0x4000,
    0x0086, 0x1400,
    0xFCFC, 0x2000,
    0xE980, 0x9E04,
    0xC4D8, 0x2000,
    0x795A, 0x2000,
    0x7970, 0x2000,
    0xFCFC, 0x2002,
    0x849E, 0x0000,
    0x84A0, 0x0000,
    0x84A2, 0x0005,
    0xFCFC, 0x2001,
    0x2BB2, 0x1000,
    0x2D32, 0x0010,
    0xFCFC, 0x2000,
    0x703C, 0x0101,
    0x7046, 0x7F02,
    0x7058, 0x8002,
    0x71D4, 0x3F00,
    0x71D6, 0x3D00,
    0x71D8, 0x84F3,
    0x71DA, 0x0040,
    0x7048, 0x1F02,
    0x705A, 0x2002,
    0x7274, 0x0B00,
    0x7276, 0x0B00,
    0x7278, 0x36D2,
    0x727A, 0x0040,
    0x727C, 0x0000,
    0x727E, 0x0000,
    0x7280, 0x0000,
    0x7282, 0x0000,
    0x703E, 0x0100,
    0x704A, 0x000A,
    0x705C, 0x010A,
    0x7314, 0x2E00,
    0x7316, 0x3000,
    0x7318, 0x9EFD,
    0x731A, 0x0040,
    0xBEDC, 0xC526,
    0xBEDE, 0x903E,
    0xBEE0, 0xC00F,
    0xBEE2, 0x0008,
    0xBEE4, 0x0C00,
    0xBEE6, 0x8000,
    0xFCFC, 0x2001,
    0x2A54, 0x0000,
    0x2A56, 0x0400,
    0x2A42, 0x0100,
    0x2A44, 0x3907,
    0x2A46, 0x0000,
    0xFCFC, 0x2000,
    0xD704, 0x0278,
    0x7A0E, 0x0F00,
    0x7A6E, 0x1900,
    0x7A86, 0x1900,
    0x8C9E, 0x3500,
    0x8CCE, 0x9600,
    0x7A10, 0x0F00,
    0x7A70, 0x1900,
    0x7A88, 0x1900,
    0x8CA0, 0x3500,
    0x8CD0, 0x9600,
    0xB224, 0x0103,
    0xB226, 0x0000,
    0xB220, 0x0103,
    0x7A12, 0x0F00,
    0x7A72, 0x1900,
    0x7A8A, 0x1900,
    0x8CA2, 0x7000,
    0x8CD2, 0xBE00,
    0x7EE6, 0x2C00,
    0x7EF2, 0x2C00,
    0x7EFE, 0x6400,
    0x7F0A, 0x5800,
    0x8D0E, 0x0000,
    0x9032, 0x0000,
    0x903E, 0x0000,
    0x7A14, 0x0F00,
    0x7A74, 0x1900,
    0x7A8C, 0x1900,
    0x8CA4, 0x3500,
    0x7F0E, 0x5800,
    0x8CD6, 0x9600,
    0x7BDA, 0x4C00,
    0xD49C, 0x2100,
    0xD4D0, 0x0A00,
    0xD4A8, 0x0000,
    0xD4D6, 0x1A00,
    0xD4E2, 0x3200,
    0xD4BC, 0x3F00,
    0xD4B0, 0x7003,
    0xD4C8, 0x0100,
    0xD624, 0x0000,
    0xD62E, 0x0000,
    0xD638, 0x0000,
    0xD4EA, 0x0100,
    0xD554, 0xC400,
    0xD556, 0xFA00,
    0xD560, 0x5203,
    0xD562, 0x8803,
    0xD4DA, 0x0000,
    0xD4E6, 0x0100,
    0xD4C0, 0x1400,
    0xD4B4, 0x0100,
    0xD4CC, 0x0000,
    0xD5BC, 0x0000,
    0xD5BE, 0x0000,
    0xD5C8, 0x0000,
    0xD5CA, 0x0000,
    0xD4D2, 0x0000,
    0xD4DE, 0x0100,
    0xD4B8, 0x1400,
    0xD4AC, 0x0100,
    0xD4C4, 0x0000,
    0xD4EC, 0x0000,
    0xD4EE, 0x0000,
    0xD4F8, 0x0000,
    0xD4FA, 0x0000,
    0xBF78, 0x5333,
    0xD896, 0x0000,
    0xFCFC, 0x2001,
    0x1C24, 0x0002,
    0x1C26, 0x8001,
    0x1C28, 0x8004,
    0x1C2A, 0x2010,
    0x1C2C, 0x2010,
    0x1C2E, 0x0005,
    0x1C30, 0x00A0,
    0x1C32, 0x2810,
    0x1C34, 0x2810,
    0x1C4E, 0x8001,
    0x1C50, 0x8004,
    0x1C52, 0x0010,
    0x1C54, 0x0010,
    0x1C56, 0x0005,
    0x1C58, 0x00A0,
    0x1C5A, 0x2810,
    0x1C5C, 0x2810,
    0x1C5E, 0x0000,
    0x1C60, 0x0000,
    0x1C62, 0x0000,
    0x1C64, 0x0000,
    0x1C66, 0x0000,
    0x1C68, 0x0000,
    0x1C6A, 0x0000,
    0x1C6C, 0x0000,
    0x1C76, 0x8001,
    0x1C78, 0x8004,
    0x1C7A, 0x2010,
    0x1C7C, 0x2010,
    0x1C7E, 0x0005,
    0x1C80, 0x00A0,
    0x1C82, 0x2810,
    0x1C84, 0x2810,
    0x1C86, 0x0000,
    0x1C88, 0x0000,
    0x1C8A, 0x0000,
    0x1C8C, 0x0000,
    0x1C8E, 0x0000,
    0x1C90, 0x0000,
    0x1C92, 0x0000,
    0x1C94, 0x0000,
    0x1C9E, 0x8001,
    0x1CA0, 0x8004,
    0x1CA2, 0x2010,
    0x1CA4, 0x2010,
    0x1CA6, 0x0005,
    0x1CA8, 0x00A0,
    0x1CAA, 0x2810,
    0x1CAC, 0x2810,
    0x1CC6, 0x8001,
    0x1CC8, 0x8004,
    0x1CCA, 0x2010,
    0x1CCC, 0x2010,
    0x1CCE, 0x0005,
    0x1CD0, 0x00A0,
    0x1CD2, 0x2810,
    0x1CD4, 0x2810,
    0x1CEE, 0x8001,
    0x1CF0, 0x8004,
    0x1CF2, 0x0010,
    0x1CF4, 0x0010,
    0x1CF6, 0x0005,
    0x1CF8, 0x00A0,
    0x1CFA, 0x2810,
    0x1CFC, 0x2810,
    0x1CFE, 0x0000,
    0x1D00, 0x0000,
    0x1D02, 0x0000,
    0x1D04, 0x0000,
    0x1D06, 0x0000,
    0x1D08, 0x0000,
    0x1D0A, 0x0000,
    0x1D0C, 0x0000,
    0x1D16, 0x8001,
    0x1D18, 0x8004,
    0x1D1A, 0x2010,
    0x1D1C, 0x2010,
    0x1D1E, 0x0005,
    0x1D20, 0x00A0,
    0x1D22, 0x2810,
    0x1D24, 0x2810,
    0x1D26, 0x0000,
    0x1D28, 0x0000,
    0x1D2A, 0x0000,
    0x1D2C, 0x0000,
    0x1D2E, 0x0000,
    0x1D30, 0x0000,
    0x1D32, 0x0000,
    0x1D34, 0x0000,
    0x1D3E, 0x8001,
    0x1D40, 0x8004,
    0x1D42, 0x2010,
    0x1D44, 0x2010,
    0x1D46, 0x0005,
    0x1D48, 0x00A0,
    0x1D4A, 0x2810,
    0x1D4C, 0x2810,
    0xFCFC, 0x2000,
    0xB21E, 0x0000,
    0xB222, 0xC000,
    0xB20C, 0x2E00,
    0xB21A, 0x0402,
    0xB378, 0x0100,
    0xDD70, 0x0000,
    0xDE38, 0x0000,
    0xFCFC, 0x2002,
    0xA574, 0x0155,
    0xA59C, 0xA2FD,
    0xA59E, 0xFEFE,
    0xA576, 0x4000,
    0xA588, 0x0E00,
    0xA578, 0x8000,
    0xA58A, 0x2000,
    0xA57A, 0xA000,
    0xA58C, 0x2800,
    0xA57C, 0x4001,
    0xA58E, 0x1400,
    0xA57E, 0x8002,
    0xA590, 0x2200,
    0xA580, 0x0005,
    0xA592, 0x2800,
    0xA582, 0x000A,
    0xA594, 0x2C00,
    0xA584, 0xA00F,
    0xA596, 0x2E00,
    0xA586, 0x4011,
    0xA598, 0x3200,
    0xA59A, 0x3500,
    0xA548, 0x00EA,
    0xA570, 0x0000,
    0xA54A, 0x0000,
    0xA54C, 0x0000,
    0xA54E, 0x0000,
    0xA550, 0x0000,
    0xA552, 0x0000,
    0xA554, 0x0000,
    0xA556, 0x0000,
    0xA55C, 0x0000,
    0xA55E, 0x0000,
    0xA560, 0x0000,
    0xA562, 0x0000,
    0xA564, 0x0000,
    0xA566, 0x0000,
    0xA568, 0x0000,
    0xA56A, 0x0000,
    0xFCFC, 0x2001,
    0x1D96, 0x0000,
    0x1D98, 0x0000,
    0x1DA6, 0x0000,
    0x1DA8, 0x0000,
    0x1D72, 0x0000,
    0x1D74, 0x0000,
    0x1D82, 0x0000,
    0x1D84, 0x0000,
    0x1D92, 0x0000,
    0x1D94, 0x0000,
    0x1DA2, 0x0000,
    0x1DA4, 0x0000,
    0x1D76, 0x0000,
    0x1D78, 0x0000,
    0x1D86, 0x0000,
    0x1D88, 0x0000,
    0x1E16, 0x0C00,
    0x1E18, 0x0C00,
    0x1E26, 0x0C00,
    0x1E28, 0x0C00,
    0x1DF2, 0x0800,
    0x1DF4, 0x0800,
    0x1E02, 0x0800,
    0x1E04, 0x0800,
    0x1E12, 0x0C00,
    0x1E14, 0x0C00,
    0x1E22, 0x0C00,
    0x1E24, 0x0C00,
    0x1DF6, 0x0800,
    0x1DF8, 0x0800,
    0x1E06, 0x0800,
    0x1E08, 0x0800,
    0xFCFC, 0x2000,
    0x82BA, 0x3300,
    0x82A2, 0x1400,
    0xFCFC, 0x2001,
    0x427C, 0x2000,
    0x4280, 0x1000,
    0x4362, 0x0100,
    0x43AA, 0x0000,
    0x43AC, 0x0000,
    0x43C6, 0x0114,
    0x43B4, 0x0000,
    0x43B6, 0x0000,
    0x4396, 0x0B00,
    0x4398, 0x0B00,
    0x437E, 0xE400,
    0xFCFC, 0x2000,
    0xB322, 0x0101,
    0xB324, 0x0100,
    0xB330, 0x2828,
    0xB34A, 0x2828,
    0xB360, 0x2828,
    0xFCFC, 0x2001,
    0x4292, 0x0000,
    0x4364, 0x0000,
    0x4366, 0x0000,
    0x4370, 0x0000,
    0x4290, 0x0100,
    0xFCFC, 0x2002,
    0x84C4, 0x012D,
    0x84A4, 0x0000,
    0xFCFC, 0x2000,
    0xD684, 0x80F3,
    0xB268, 0x80F3,
    0xF09A, 0x00FF,
    0xF2E0, 0x0000,
    0xF372, 0x0000,
    0xF0AA, 0xFFFF,
    0xF0AC, 0xFFFF,
    0xF2EA, 0x4000,
    0xDADA, 0x0001,
    0xDB3C, 0xD2FD,
    0xDADC, 0x0000,
    0xDB0C, 0x1F1F,
    0xDB3E, 0x12D2,
    0xDADE, 0x0000,
    0xDB0E, 0x0080,
    0xDB40, 0x12D2,
    0xDAE0, 0xA000,
    0xDB10, 0x0040,
    0xDB42, 0x12D2,
    0xDAE2, 0x0001,
    0xDB12, 0x0020,
    0xDB44, 0x12D2,
    0xDAE4, 0x0005,
    0xDB14, 0x0040,
    0xDB46, 0x12D2,
    0xDAE6, 0x4011,
    0xDB16, 0x0060,
    0xDBCC, 0x0000,
    0xDB6C, 0x0000,
    0xDB9C, 0x0000,
    0xDBCE, 0x0000,
    0xDB6E, 0x0000,
    0xDB9E, 0x0000,
    0xDBD0, 0x0000,
    0xDB70, 0x0000,
    0xDBA0, 0x0000,
    0xDBD2, 0x0000,
    0xDB72, 0x0000,
    0xDBA2, 0x0000,
    0xDBD4, 0x0000,
    0xDB74, 0x0000,
    0xDBA4, 0x0000,
    0xDBD6, 0x0000,
    0xDB76, 0x0000,
    0xDBA6, 0x0000,
    0xF370, 0x0203,
    0xF3E4, 0x0301,
    0xF3F4, 0xC800,
    0xF3F6, 0xD610,
    0xF014, 0x0700,
    0xB270, 0x8708,
    0xB266, 0xC004,
    0xD682, 0xC004,
    0xBF16, 0x0BAA,
    0xF698, 0x0101,
    0xDC8C, 0x3F0B,
    0xFCFC, 0x4000,
    0x0808, 0x0201,
    0x0E00, 0x0003,
};

/* 07_OceanChangjiang_UW_JN5_Fdsum_DSG_split_4096x3072_30fps_3056Mbps		
    Mode :	07_OceanChangjiang_UW_JN5_Fdsum_DSG_split	
    Purpose :	Porting	
    PHY	DPHY	
    QPDC	QPDC_Off	
    DBPC	DBPC_Off	
    Qmosaic	QMSC_Off	
    Tail :	On (L/R only)	4096x768
    24	MHz	
    920	MHz	
    3056	Mbps/lane	
    4	lane	
    8224	px	
    6176	px	
    4096	px	
    3072	px	
    30.01	fps	
    Raw10		
    9568	px	
    5472	px	
    3204	line	
    132	line	
    1.37	ms	
    Gr	First	
*/
static u16 cj_hhuwide_custom12_setting[] = {
    0xFCFC, 0x4000,
    0x6170, 0xFFFF,
    0x6180, 0x0000,
    0x6190, 0x0000,
    0x6200, 0xFFFF,
    0x6202, 0xFFFF,
    0x6204, 0x0000,
    0x6206, 0x0000,
    0x6208, 0x0000,
    0xA100, 0xFFFF,
    0xA102, 0x0000,
    0xA104, 0x0000,
    0xFCFC, 0x4001,
    0x0100, 0xFFFF,
    0x0102, 0xFFFF,
    0x0104, 0x0000,
    0x0106, 0x0000,
    0x0108, 0x0000,
    0xFCFC, 0x4000,
    0x8100, 0xFFFF,
    0x8104, 0x0000,
    0x8108, 0x0000,
    0x0B30, 0x01FF,
    0xFCFC, 0x2000,
    0x7806, 0x0101,
    0x7808, 0x3F0C,
    0xFCFC, 0x4000,
    0x0344, 0x0000,
    0x0348, 0x201F,
    0x0346, 0x0000,
    0x034A, 0x181F,
    0x034C, 0x1000,
    0x034E, 0x0C00,
    0x0350, 0x0008,
    0x0352, 0x0008,
    0x0340, 0x0C84,
    0x0342, 0x2560,
    0x0136, 0x1800,
    0x013E, 0x0000,
    0x0304, 0x0003,
    0x0306, 0x00E6,
    0x030C, 0x0000,
    0x030E, 0x0003,
    0x0310, 0x00B2,
    0x0312, 0x0000,
    0x031A, 0x0003,
    0x031C, 0x0028,
    0x031E, 0x0002,
    0x0202, 0x0014,
    0x0226, 0x0014,
    0x022C, 0x0014,
    0x0702, 0x0000,
    0x0704, 0x0000,
    0x0114, 0x0301,
    0x0118, 0x0004,
    0x011A, 0x0001,
    0x011C, 0x0100,
    0xFCFC, 0x2000,
    0xB176, 0x0602,
    0xB178, 0x0000,
    0x7996, 0x0100,
    0x7994, 0x2020,
    0xFCFC, 0x4000,
    0x0900, 0x2222,
    0x0380, 0x0002,
    0x0382, 0x0002,
    0x0384, 0x0002,
    0x0386, 0x0002,
    0x040C, 0x0000,
    0x0400, 0x1010,
    0x0408, 0x0100,
    0x040A, 0x0100,
    0xFCFC, 0x2000,
    0xD1F6, 0x3A00,
    0xD20C, 0x0908,
    0xD314, 0x2002,
    0xD27A, 0x0500,
    0xD3F0, 0xB01C,
    0xD410, 0x4802,
    0xD426, 0xD204,
    0xD43C, 0x0140,
    0xD412, 0xD204,
    0xD428, 0xEA0A,
    0xD43E, 0x0140,
    0xFCFC, 0x4000,
    0x0260, 0x0102,
    0x0262, 0x0000,
    0x0264, 0x0306,
    0x0266, 0x0700,
    0x0112, 0x0A0A,
    0x0270, 0x2B2B,
    0x0272, 0x2B10,
    0x0274, 0x302B,
    0xFCFC, 0x2001,
    0x44C6, 0x0000,
    0xFCFC, 0x4000,
    0x0B02, 0x0102,
    0x0720, 0x0001,
    0x0722, 0x2000,
    0x0724, 0x0000,
    0x0728, 0x0000,
    0x072A, 0x0000,
    0x072C, 0x0000,
    0x072E, 0x0000,
    0xFCFC, 0x2001,
    0x3132, 0x0200,
    0xFCFC, 0x4000,
    0x021E, 0x0600,
    0x0228, 0x0100,
    0xFCFC, 0x2001,
    0x31D0, 0x0000,
    0x5A70, 0x0100,
    0xFCFC, 0x2000,
    0xDC94, 0x0103,
    0xEF80, 0x0000,
    0x23F0, 0x0001,
    0xF288, 0x0000,
    0xFCFC, 0x2001,
    0x2A30, 0x01FF,
    0x4270, 0x0000,
    0x29BA, 0x2000,
    0x29A8, 0x0100,
    0xFCFC, 0x4000,
    0x0B04, 0x0001,
    0x0B06, 0x0101,
    0x0B08, 0x0100,
    0x0B0A, 0x0101,
    0x0B0C, 0x0100,
    0xFCFC, 0x2000,
    0xC4E0, 0x0100,
    0xC4F6, 0x0000,
    0xC4E2, 0x0000,
    0xC53C, 0x0500,
    0xC544, 0x0005,
    0xC53E, 0x0000,
    0xB23C, 0x6060,
    0xB242, 0x6060,
    0xC554, 0x0010,
    0xC556, 0x0000,
    0xFCFC, 0x2001,
    0x2920, 0x0100,
    0x31F8, 0x0000,
    0x31FA, 0x0000,
    0xFCFC, 0x2000,
    0xD856, 0x0507,
    0xD6D4, 0x0000,
    0x799A, 0x0000,
    0xD8A2, 0x0100,
    0xFCFC, 0x4000,
    0x020A, 0x0000,
    0xFCFC, 0x2000,
    0x78C0, 0x0101,
    0x22C2, 0x0600,
    0x22C4, 0xFF1F,
    0x22EC, 0x1F00,
    0x2306, 0xFF3F,
    0x2314, 0xFF00,
    0x2354, 0x0300,
    0xFCFC, 0x4000,
    0x0936, 0x0000,
    0x0C40, 0x0000,
    0xFCFC, 0x2000,
    0x68DE, 0x0000,
    0xFCFC, 0x2001,
    0x2540, 0x0200,
    0x25E0, 0x0100,
    0x25E2, 0x0000,
    0xFCFC, 0x2000,
    0xD718, 0x0002,
    0xBF30, 0x0000,
    0xFCFC, 0x2001,
    0x3C42, 0x0000,
    0x3C46, 0xEB05,
    0x3C52, 0x4006,
    0xFCFC, 0x2000,
    0xD326, 0x0110,
    0xD3EC, 0xB01C,
    0xFCFC, 0x2001,
    0x195E, 0x0101,
    0x1966, 0x0200,
    0xFCFC, 0x4000,
    0x0086, 0x0280,
    0xFCFC, 0x2000,
    0xE980, 0x9E04,
    0xC4D8, 0x1000,
    0x795A, 0x2000,
    0x7970, 0x2000,
    0xFCFC, 0x2002,
    0x849E, 0x0000,
    0x84A0, 0x0000,
    0x84A2, 0x0005,
    0xFCFC, 0x2001,
    0x2BB2, 0x1000,
    0x2D32, 0x0010,
    0xFCFC, 0x2000,
    0x703C, 0x0101,
    0x7046, 0x7F02,
    0x7058, 0x8002,
    0x71D4, 0x3F00,
    0x71D6, 0x3D00,
    0x71D8, 0x84F3,
    0x71DA, 0x0040,
    0x7048, 0x9F00,
    0x705A, 0xA000,
    0x7274, 0x00B0,
    0x7276, 0x0000,
    0x7278, 0x12D2,
    0x727A, 0x0040,
    0x727C, 0x0000,
    0x727E, 0x0000,
    0x7280, 0x0000,
    0x7282, 0x0000,
    0x703E, 0x0000,
    0x704A, 0x0004,
    0x705C, 0x0004,
    0x7314, 0x0000,
    0x7316, 0x0000,
    0x7318, 0x0000,
    0x731A, 0x0000,
    0xBEDC, 0xC526,
    0xBEDE, 0x903E,
    0xBEE0, 0xC00F,
    0xBEE2, 0x0008,
    0xBEE4, 0x0C00,
    0xBEE6, 0x8000,
    0xFCFC, 0x2001,
    0x2A54, 0x0000,
    0x2A56, 0x0400,
    0x2A42, 0x0100,
    0x2A44, 0xAC04,
    0x2A46, 0x0000,
    0xFCFC, 0x2000,
    0xD704, 0x0078,
    0x7A0E, 0x0F00,
    0x7A6E, 0x1900,
    0x7A86, 0x1900,
    0x8C9E, 0x3500,
    0x8CCE, 0x9600,
    0x7A10, 0x0F00,
    0x7A70, 0x1900,
    0x7A88, 0x1900,
    0x8CA0, 0x3500,
    0x8CD0, 0x9600,
    0xB224, 0x0103,
    0xB226, 0x0000,
    0xB220, 0x0103,
    0x7A12, 0x0F00,
    0x7A72, 0x1900,
    0x7A8A, 0x1900,
    0x8CA2, 0x5000,
    0x8CD2, 0xBE00,
    0x7EE6, 0x2C00,
    0x7EF2, 0x2C00,
    0x7EFE, 0x6400,
    0x7F0A, 0x5800,
    0x8D0E, 0x0000,
    0x9032, 0x0000,
    0x903E, 0x0000,
    0x7A14, 0x0F00,
    0x7A74, 0x1900,
    0x7A8C, 0x1900,
    0x8CA4, 0x3500,
    0x7F0E, 0x5800,
    0x8CD6, 0x9600,
    0x7BDA, 0x3C00,
    0xD49C, 0x2100,
    0xD4D0, 0x0A00,
    0xD4A8, 0x0000,
    0xD4D6, 0x1A00,
    0xD4E2, 0x3200,
    0xD4BC, 0x3A00,
    0xD4B0, 0xA802,
    0xD4C8, 0x0100,
    0xD624, 0x0000,
    0xD62E, 0x0000,
    0xD638, 0x0000,
    0xD4EA, 0x0100,
    0xD554, 0xC400,
    0xD556, 0xFA00,
    0xD560, 0x5203,
    0xD562, 0x8803,
    0xD4DA, 0x0000,
    0xD4E6, 0x0100,
    0xD4C0, 0x1400,
    0xD4B4, 0x0100,
    0xD4CC, 0x0000,
    0xD5BC, 0x0000,
    0xD5BE, 0x0000,
    0xD5C8, 0x0000,
    0xD5CA, 0x0000,
    0xD4D2, 0x0000,
    0xD4DE, 0x0100,
    0xD4B8, 0x1400,
    0xD4AC, 0x0100,
    0xD4C4, 0x0000,
    0xD4EC, 0x0000,
    0xD4EE, 0x0000,
    0xD4F8, 0x0000,
    0xD4FA, 0x0000,
    0xBF78, 0x5333,
    0xD896, 0x0000,
    0xFCFC, 0x2001,
    0x1C24, 0x0002,
    0x1C26, 0x8001,
    0x1C28, 0xFF04,
    0x1C2A, 0x2010,
    0x1C2C, 0x5610,
    0x1C2E, 0x0005,
    0x1C30, 0x00A0,
    0x1C32, 0xB610,
    0x1C34, 0x7011,
    0x1C4E, 0x8001,
    0x1C50, 0xFF04,
    0x1C52, 0x2810,
    0x1C54, 0x5110,
    0x1C56, 0x0005,
    0x1C58, 0xFF09,
    0x1C5A, 0x9710,
    0x1C5C, 0xDA10,
    0x1C5E, 0x000A,
    0x1C60, 0x00A0,
    0x1C62, 0xDA10,
    0x1C64, 0x7011,
    0x1C66, 0x0000,
    0x1C68, 0x0000,
    0x1C6A, 0x0000,
    0x1C6C, 0x0000,
    0x1C76, 0x8001,
    0x1C78, 0xFF04,
    0x1C7A, 0x2810,
    0x1C7C, 0x6610,
    0x1C7E, 0x0005,
    0x1C80, 0xFF09,
    0x1C82, 0x7210,
    0x1C84, 0xDD10,
    0x1C86, 0x000A,
    0x1C88, 0x00A0,
    0x1C8A, 0xDD10,
    0x1C8C, 0x7011,
    0x1C8E, 0x0000,
    0x1C90, 0x0000,
    0x1C92, 0x0000,
    0x1C94, 0x0000,
    0x1C9E, 0x8001,
    0x1CA0, 0xFF04,
    0x1CA2, 0x2010,
    0x1CA4, 0x5610,
    0x1CA6, 0x0005,
    0x1CA8, 0x00A0,
    0x1CAA, 0xC410,
    0x1CAC, 0x7011,
    0x1CC6, 0x8001,
    0x1CC8, 0xFF04,
    0x1CCA, 0x2010,
    0x1CCC, 0x5610,
    0x1CCE, 0x0005,
    0x1CD0, 0x00A0,
    0x1CD2, 0xB610,
    0x1CD4, 0x7011,
    0x1CEE, 0x8001,
    0x1CF0, 0xFF04,
    0x1CF2, 0x2810,
    0x1CF4, 0x5110,
    0x1CF6, 0x0005,
    0x1CF8, 0xFF09,
    0x1CFA, 0x9710,
    0x1CFC, 0xDA10,
    0x1CFE, 0x000A,
    0x1D00, 0x00A0,
    0x1D02, 0xDA10,
    0x1D04, 0x7011,
    0x1D06, 0x0000,
    0x1D08, 0x0000,
    0x1D0A, 0x0000,
    0x1D0C, 0x0000,
    0x1D16, 0x8001,
    0x1D18, 0xFF04,
    0x1D1A, 0x2810,
    0x1D1C, 0x6610,
    0x1D1E, 0x0005,
    0x1D20, 0xFF09,
    0x1D22, 0x7210,
    0x1D24, 0xDD10,
    0x1D26, 0x000A,
    0x1D28, 0x00A0,
    0x1D2A, 0xDD10,
    0x1D2C, 0x7011,
    0x1D2E, 0x0000,
    0x1D30, 0x0000,
    0x1D32, 0x0000,
    0x1D34, 0x0000,
    0x1D3E, 0x8001,
    0x1D40, 0xFF04,
    0x1D42, 0x2010,
    0x1D44, 0x5610,
    0x1D46, 0x0005,
    0x1D48, 0x00A0,
    0x1D4A, 0xC410,
    0x1D4C, 0x7011,
    0xFCFC, 0x2000,
    0xB21E, 0x0000,
    0xB222, 0xC000,
    0xB20C, 0x2E00,
    0xB21A, 0x0402,
    0xB378, 0x0100,
    0xDD70, 0x0000,
    0xDE38, 0x0000,
    0xFCFC, 0x2002,
    0xA574, 0x0155,
    0xA59C, 0xA2FD,
    0xA59E, 0xFEFE,
    0xA576, 0x4000,
    0xA588, 0x0E00,
    0xA578, 0x8000,
    0xA58A, 0x2000,
    0xA57A, 0xA000,
    0xA58C, 0x2800,
    0xA57C, 0x4001,
    0xA58E, 0x1400,
    0xA57E, 0x8002,
    0xA590, 0x2200,
    0xA580, 0x0005,
    0xA592, 0x2800,
    0xA582, 0x000A,
    0xA594, 0x2C00,
    0xA584, 0xA00F,
    0xA596, 0x2E00,
    0xA586, 0x4011,
    0xA598, 0x3200,
    0xA59A, 0x3500,
    0xA548, 0x00EA,
    0xA570, 0x0000,
    0xA54A, 0x0000,
    0xA54C, 0x0000,
    0xA54E, 0x0000,
    0xA550, 0x0000,
    0xA552, 0x0000,
    0xA554, 0x0000,
    0xA556, 0x0000,
    0xA55C, 0x0000,
    0xA55E, 0x0000,
    0xA560, 0x0000,
    0xA562, 0x0000,
    0xA564, 0x0000,
    0xA566, 0x0000,
    0xA568, 0x0000,
    0xA56A, 0x0000,
    0xFCFC, 0x2001,
    0x1D96, 0x0000,
    0x1D98, 0x0000,
    0x1DA6, 0x0000,
    0x1DA8, 0x0000,
    0x1D72, 0x0000,
    0x1D74, 0x0000,
    0x1D82, 0x0000,
    0x1D84, 0x0000,
    0x1D92, 0x0000,
    0x1D94, 0x0000,
    0x1DA2, 0x0000,
    0x1DA4, 0x0000,
    0x1D76, 0x0000,
    0x1D78, 0x0000,
    0x1D86, 0x0000,
    0x1D88, 0x0000,
    0x1E16, 0x1000,
    0x1E18, 0x1000,
    0x1E26, 0x1000,
    0x1E28, 0x1000,
    0x1DF2, 0x1000,
    0x1DF4, 0x1000,
    0x1E02, 0x1000,
    0x1E04, 0x1000,
    0x1E12, 0x1000,
    0x1E14, 0x1000,
    0x1E22, 0x1000,
    0x1E24, 0x1000,
    0x1DF6, 0x1000,
    0x1DF8, 0x1000,
    0x1E06, 0x1000,
    0x1E08, 0x1000,
    0xFCFC, 0x2000,
    0x82BA, 0x3300,
    0x82A2, 0x1400,
    0xFCFC, 0x2001,
    0x427C, 0x2000,
    0x4280, 0x1000,
    0x4362, 0x0100,
    0x43AA, 0x0000,
    0x43AC, 0x0000,
    0x43C6, 0x010A,
    0x43B4, 0x0000,
    0x43B6, 0x0000,
    0x4396, 0x0D00,
    0x4398, 0x0E00,
    0x437E, 0xA400,
    0xFCFC, 0x2000,
    0xB322, 0x0101,
    0xB324, 0x0100,
    0xB330, 0x2828,
    0xB34A, 0x2828,
    0xB360, 0x2828,
    0xFCFC, 0x2001,
    0x4292, 0x0000,
    0x4364, 0x0000,
    0x4366, 0x0000,
    0x4370, 0x0000,
    0x4290, 0x0100,
    0xFCFC, 0x2002,
    0x84C4, 0x002D,
    0x84A4, 0x0000,
    0xFCFC, 0x2000,
    0xD684, 0x80E3,
    0xB268, 0x80E3,
    0xF09A, 0x00FF,
    0xF2E0, 0x0000,
    0xF372, 0x0000,
    0xF0AA, 0xFFFF,
    0xF0AC, 0xFFFF,
    0xF2EA, 0x4000,
    0xDADA, 0x0001,
    0xDB3C, 0x36D2,
    0xDADC, 0x0000,
    0xDB0C, 0x0D00,
    0xDB3E, 0x36D2,
    0xDADE, 0xA000,
    0xDB0E, 0x0F00,
    0xDB40, 0x36D2,
    0xDAE0, 0x4001,
    0xDB10, 0x0D00,
    0xDB42, 0x0000,
    0xDAE2, 0x0000,
    0xDB12, 0x0000,
    0xDB44, 0x0000,
    0xDAE4, 0x0000,
    0xDB14, 0x0000,
    0xDB46, 0x0000,
    0xDAE6, 0x0000,
    0xDB16, 0x0000,
    0xDBCC, 0x0000,
    0xDB6C, 0x0000,
    0xDB9C, 0x0000,
    0xDBCE, 0x0000,
    0xDB6E, 0x0000,
    0xDB9E, 0x0000,
    0xDBD0, 0x0000,
    0xDB70, 0x0000,
    0xDBA0, 0x0000,
    0xDBD2, 0x0000,
    0xDB72, 0x0000,
    0xDBA2, 0x0000,
    0xDBD4, 0x0000,
    0xDB74, 0x0000,
    0xDBA4, 0x0000,
    0xDBD6, 0x0000,
    0xDB76, 0x0000,
    0xDBA6, 0x0000,
    0xF370, 0x0203,
    0xF3E4, 0x0301,
    0xF3F4, 0xC800,
    0xF3F6, 0xD610,
    0xF014, 0x0600,
    0xB270, 0x8708,
    0xB266, 0xC004,
    0xD682, 0xC004,
    0xBF16, 0x0BAA,
    0xF698, 0x0100,
    0xDC8C, 0x3F0B,
    0xFCFC, 0x4000,
    0x0808, 0x0201,
    0x0E00, 0x0003,
};

/* 09_OceanChangjiang_UW_JN5_Fdsum_4096x2560_30fps_3056Mbps		
    Mode :	09_OceanChangjiang_UW_JN5_Fdsum	
    Purpose :	Porting	
    PHY	DPHY	
    QPDC	QPDC_Off	
    DBPC	DBPC_Off	
    Qmosaic	QMSC_Off	
    Tail :	On (L/R only)	4096x640
    24	MHz	
    920	MHz	
    3056	Mbps/lane	
    4	lane	
    8224	px	
    5152	px	
    4096	px	
    2560	px	
    30	fps	
    Raw10		
    4864	px	
    768	px	
    6304	line	
    3744	line	
    19.79	ms	
    Gr	First	
*/
static u16 cj_hhuwide_custom13_setting[] = {
    0xFCFC, 0x4000,
    0x6170, 0xFFFF,
    0x6180, 0x0000,
    0x6190, 0x0000,
    0x6200, 0xFFFF,
    0x6202, 0xFFFF,
    0x6204, 0x0000,
    0x6206, 0x0000,
    0x6208, 0x0000,
    0xA100, 0xFFFF,
    0xA102, 0x0000,
    0xA104, 0x0000,
    0xFCFC, 0x4001,
    0x0100, 0xFFFF,
    0x0102, 0xFFFF,
    0x0104, 0x0000,
    0x0106, 0x0000,
    0x0108, 0x0000,
    0xFCFC, 0x4000,
    0x8100, 0xFFFF,
    0x8104, 0x0000,
    0x8108, 0x0000,
    0x0B30, 0x01FF,
    0xFCFC, 0x2000,
    0x7806, 0x0001,
    0x7808, 0x2408,
    0xFCFC, 0x4000,
    0x0344, 0x0000,
    0x0348, 0x201F,
    0x0346, 0x0200,
    0x034A, 0x161F,
    0x034C, 0x1000,
    0x034E, 0x0A00,
    0x0350, 0x0008,
    0x0352, 0x0008,
    0x0340, 0x1908,
    0x0342, 0x12B0,
    0x0136, 0x1800,
    0x013E, 0x0000,
    0x0304, 0x0003,
    0x0306, 0x00E6,
    0x030C, 0x0000,
    0x030E, 0x0003,
    0x0310, 0x00B2,
    0x0312, 0x0000,
    0x031A, 0x0003,
    0x031C, 0x0028,
    0x031E, 0x0002,
    0x0202, 0x0014,
    0x0226, 0x0014,
    0x022C, 0x0014,
    0x0702, 0x0000,
    0x0704, 0x0000,
    0x0114, 0x0301,
    0x0118, 0x0004,
    0x011A, 0x0001,
    0x011C, 0x0100,
    0xFCFC, 0x2000,
    0xB176, 0x0602,
    0xB178, 0x0000,
    0x7996, 0x0101,
    0x7994, 0x2020,
    0xFCFC, 0x4000,
    0x0900, 0x2222,
    0x0380, 0x0002,
    0x0382, 0x0002,
    0x0384, 0x0002,
    0x0386, 0x0002,
    0x040C, 0x0000,
    0x0400, 0x1010,
    0x0408, 0x0100,
    0x040A, 0x0100,
    0xFCFC, 0x2000,
    0xD1F6, 0x3A00,
    0xD20C, 0x0908,
    0xD314, 0x2002,
    0xD27A, 0x0500,
    0xD3F0, 0xB01C,
    0xD410, 0x4802,
    0xD426, 0xD204,
    0xD43C, 0x0140,
    0xD412, 0xD204,
    0xD428, 0xEA0A,
    0xD43E, 0x0140,
    0xFCFC, 0x4000,
    0x0260, 0x0101,
    0x0262, 0x0000,
    0x0264, 0x0306,
    0x0266, 0x0700,
    0x0112, 0x0A0A,
    0x0270, 0x2B2B,
    0x0272, 0x2B10,
    0x0274, 0x302B,
    0xFCFC, 0x2001,
    0x44C6, 0x0000,
    0xFCFC, 0x4000,
    0x0B02, 0x0102,
    0x0720, 0x0001,
    0x0722, 0x0800,
    0x0724, 0x0000,
    0x0728, 0x0000,
    0x072A, 0x0000,
    0x072C, 0x0000,
    0x072E, 0x0000,
    0xFCFC, 0x2001,
    0x3132, 0x0200,
    0xFCFC, 0x4000,
    0x021E, 0x0000,
    0x0228, 0x0100,
    0xFCFC, 0x2001,
    0x31D0, 0x0000,
    0x5A70, 0x0000,
    0xFCFC, 0x2000,
    0xDC94, 0x0103,
    0xEF80, 0x0000,
    0x23F0, 0x0001,
    0xF288, 0x0000,
    0xFCFC, 0x2001,
    0x2A30, 0x01FF,
    0x4270, 0x0000,
    0x29BA, 0x2000,
    0x29A8, 0x0100,
    0xFCFC, 0x4000,
    0x0B04, 0x0001,
    0x0B06, 0x0101,
    0x0B08, 0x0100,
    0x0B0A, 0x0101,
    0x0B0C, 0x0100,
    0xFCFC, 0x2000,
    0xC4E0, 0x0100,
    0xC4F6, 0x0000,
    0xC4E2, 0x0000,
    0xC53C, 0x0500,
    0xC544, 0x0005,
    0xC53E, 0x0000,
    0xB23C, 0x6060,
    0xB242, 0x6060,
    0xC554, 0x0010,
    0xC556, 0x0000,
    0xFCFC, 0x2001,
    0x2920, 0x0100,
    0x31F8, 0x0000,
    0x31FA, 0x0000,
    0xFCFC, 0x2000,
    0xD856, 0x0507,
    0xD6D4, 0x0000,
    0x799A, 0x0000,
    0xD8A2, 0x0100,
    0xFCFC, 0x4000,
    0x020A, 0x0000,
    0xFCFC, 0x2000,
    0x78C0, 0x0101,
    0x22C2, 0x0600,
    0x22C4, 0xFF1F,
    0x22EC, 0x1F00,
    0x2306, 0xFF3F,
    0x2314, 0xFF00,
    0x2354, 0x0300,
    0xFCFC, 0x4000,
    0x0936, 0x0000,
    0x0C40, 0x0000,
    0xFCFC, 0x2000,
    0x68DE, 0x0000,
    0xFCFC, 0x2001,
    0x2540, 0x0200,
    0x25E0, 0x0100,
    0x25E2, 0x0000,
    0xFCFC, 0x2000,
    0xD718, 0x0002,
    0xBF30, 0x0000,
    0xFCFC, 0x2001,
    0x3C42, 0x0000,
    0x3C46, 0xEB05,
    0x3C52, 0x4006,
    0xFCFC, 0x2000,
    0xD326, 0x0110,
    0xD3EC, 0xB01C,
    0xFCFC, 0x2001,
    0x195E, 0x0100,
    0x1966, 0x0000,
    0xFCFC, 0x4000,
    0x0086, 0x1400,
    0xFCFC, 0x2000,
    0xE980, 0x9E04,
    0xC4D8, 0x2000,
    0x795A, 0x2000,
    0x7970, 0x2000,
    0xFCFC, 0x2002,
    0x849E, 0x0000,
    0x84A0, 0x0000,
    0x84A2, 0x0005,
    0xFCFC, 0x2001,
    0x2BB2, 0x1000,
    0x2D32, 0x0010,
    0xFCFC, 0x2000,
    0x703C, 0x0101,
    0x7046, 0x7F02,
    0x7058, 0x8002,
    0x71D4, 0x3F00,
    0x71D6, 0x3D00,
    0x71D8, 0x84F3,
    0x71DA, 0x0040,
    0x7048, 0x1F02,
    0x705A, 0x2002,
    0x7274, 0x0B00,
    0x7276, 0x0B00,
    0x7278, 0x36D2,
    0x727A, 0x0040,
    0x727C, 0x0000,
    0x727E, 0x0000,
    0x7280, 0x0000,
    0x7282, 0x0000,
    0x703E, 0x0100,
    0x704A, 0x000A,
    0x705C, 0x010A,
    0x7314, 0x2E00,
    0x7316, 0x3000,
    0x7318, 0x9EFD,
    0x731A, 0x0040,
    0xBEDC, 0xC526,
    0xBEDE, 0x903E,
    0xBEE0, 0xC00F,
    0xBEE2, 0x0008,
    0xBEE4, 0x0C00,
    0xBEE6, 0x8000,
    0xFCFC, 0x2001,
    0x2A54, 0x0000,
    0x2A56, 0x0400,
    0x2A42, 0x0100,
    0x2A44, 0x3907,
    0x2A46, 0x0000,
    0xFCFC, 0x2000,
    0xD704, 0x0278,
    0x7A0E, 0x0F00,
    0x7A6E, 0x1900,
    0x7A86, 0x1900,
    0x8C9E, 0x3500,
    0x8CCE, 0x9600,
    0x7A10, 0x0F00,
    0x7A70, 0x1900,
    0x7A88, 0x1900,
    0x8CA0, 0x3500,
    0x8CD0, 0x9600,
    0xB224, 0x0103,
    0xB226, 0x0000,
    0xB220, 0x0103,
    0x7A12, 0x0F00,
    0x7A72, 0x1900,
    0x7A8A, 0x1900,
    0x8CA2, 0x7000,
    0x8CD2, 0xBE00,
    0x7EE6, 0x2C00,
    0x7EF2, 0x2C00,
    0x7EFE, 0x6400,
    0x7F0A, 0x5800,
    0x8D0E, 0x0000,
    0x9032, 0x0000,
    0x903E, 0x0000,
    0x7A14, 0x0F00,
    0x7A74, 0x1900,
    0x7A8C, 0x1900,
    0x8CA4, 0x3500,
    0x7F0E, 0x5800,
    0x8CD6, 0x9600,
    0x7BDA, 0x4C00,
    0xD49C, 0x2100,
    0xD4D0, 0x0A00,
    0xD4A8, 0x0000,
    0xD4D6, 0x1A00,
    0xD4E2, 0x3200,
    0xD4BC, 0x3F00,
    0xD4B0, 0x7004,
    0xD4C8, 0x0100,
    0xD624, 0x0000,
    0xD62E, 0x0000,
    0xD638, 0x0000,
    0xD4EA, 0x0100,
    0xD554, 0xC400,
    0xD556, 0xFA00,
    0xD560, 0x5203,
    0xD562, 0x8803,
    0xD4DA, 0x0000,
    0xD4E6, 0x0100,
    0xD4C0, 0x1400,
    0xD4B4, 0x0100,
    0xD4CC, 0x0000,
    0xD5BC, 0x0000,
    0xD5BE, 0x0000,
    0xD5C8, 0x0000,
    0xD5CA, 0x0000,
    0xD4D2, 0x0000,
    0xD4DE, 0x0100,
    0xD4B8, 0x1400,
    0xD4AC, 0x0100,
    0xD4C4, 0x0000,
    0xD4EC, 0x0000,
    0xD4EE, 0x0000,
    0xD4F8, 0x0000,
    0xD4FA, 0x0000,
    0xBF78, 0x5333,
    0xD896, 0x0000,
    0xFCFC, 0x2001,
    0x1C24, 0x0002,
    0x1C26, 0x8001,
    0x1C28, 0x8004,
    0x1C2A, 0x2010,
    0x1C2C, 0x2010,
    0x1C2E, 0x0005,
    0x1C30, 0x00A0,
    0x1C32, 0x2810,
    0x1C34, 0x2810,
    0x1C4E, 0x8001,
    0x1C50, 0x8004,
    0x1C52, 0x0010,
    0x1C54, 0x0010,
    0x1C56, 0x0005,
    0x1C58, 0x00A0,
    0x1C5A, 0x2810,
    0x1C5C, 0x2810,
    0x1C5E, 0x0000,
    0x1C60, 0x0000,
    0x1C62, 0x0000,
    0x1C64, 0x0000,
    0x1C66, 0x0000,
    0x1C68, 0x0000,
    0x1C6A, 0x0000,
    0x1C6C, 0x0000,
    0x1C76, 0x8001,
    0x1C78, 0x8004,
    0x1C7A, 0x2010,
    0x1C7C, 0x2010,
    0x1C7E, 0x0005,
    0x1C80, 0x00A0,
    0x1C82, 0x2810,
    0x1C84, 0x2810,
    0x1C86, 0x0000,
    0x1C88, 0x0000,
    0x1C8A, 0x0000,
    0x1C8C, 0x0000,
    0x1C8E, 0x0000,
    0x1C90, 0x0000,
    0x1C92, 0x0000,
    0x1C94, 0x0000,
    0x1C9E, 0x8001,
    0x1CA0, 0x8004,
    0x1CA2, 0x2010,
    0x1CA4, 0x2010,
    0x1CA6, 0x0005,
    0x1CA8, 0x00A0,
    0x1CAA, 0x2810,
    0x1CAC, 0x2810,
    0x1CC6, 0x8001,
    0x1CC8, 0x8004,
    0x1CCA, 0x2010,
    0x1CCC, 0x2010,
    0x1CCE, 0x0005,
    0x1CD0, 0x00A0,
    0x1CD2, 0x2810,
    0x1CD4, 0x2810,
    0x1CEE, 0x8001,
    0x1CF0, 0x8004,
    0x1CF2, 0x0010,
    0x1CF4, 0x0010,
    0x1CF6, 0x0005,
    0x1CF8, 0x00A0,
    0x1CFA, 0x2810,
    0x1CFC, 0x2810,
    0x1CFE, 0x0000,
    0x1D00, 0x0000,
    0x1D02, 0x0000,
    0x1D04, 0x0000,
    0x1D06, 0x0000,
    0x1D08, 0x0000,
    0x1D0A, 0x0000,
    0x1D0C, 0x0000,
    0x1D16, 0x8001,
    0x1D18, 0x8004,
    0x1D1A, 0x2010,
    0x1D1C, 0x2010,
    0x1D1E, 0x0005,
    0x1D20, 0x00A0,
    0x1D22, 0x2810,
    0x1D24, 0x2810,
    0x1D26, 0x0000,
    0x1D28, 0x0000,
    0x1D2A, 0x0000,
    0x1D2C, 0x0000,
    0x1D2E, 0x0000,
    0x1D30, 0x0000,
    0x1D32, 0x0000,
    0x1D34, 0x0000,
    0x1D3E, 0x8001,
    0x1D40, 0x8004,
    0x1D42, 0x2010,
    0x1D44, 0x2010,
    0x1D46, 0x0005,
    0x1D48, 0x00A0,
    0x1D4A, 0x2810,
    0x1D4C, 0x2810,
    0xFCFC, 0x2000,
    0xB21E, 0x0000,
    0xB222, 0xC000,
    0xB20C, 0x2E00,
    0xB21A, 0x0402,
    0xB378, 0x0100,
    0xDD70, 0x0000,
    0xDE38, 0x0000,
    0xFCFC, 0x2002,
    0xA574, 0x0155,
    0xA59C, 0xA2FD,
    0xA59E, 0xFEFE,
    0xA576, 0x4000,
    0xA588, 0x0E00,
    0xA578, 0x8000,
    0xA58A, 0x2000,
    0xA57A, 0xA000,
    0xA58C, 0x2800,
    0xA57C, 0x4001,
    0xA58E, 0x1400,
    0xA57E, 0x8002,
    0xA590, 0x2200,
    0xA580, 0x0005,
    0xA592, 0x2800,
    0xA582, 0x000A,
    0xA594, 0x2C00,
    0xA584, 0xA00F,
    0xA596, 0x2E00,
    0xA586, 0x4011,
    0xA598, 0x3200,
    0xA59A, 0x3500,
    0xA548, 0x00EA,
    0xA570, 0x0000,
    0xA54A, 0x0000,
    0xA54C, 0x0000,
    0xA54E, 0x0000,
    0xA550, 0x0000,
    0xA552, 0x0000,
    0xA554, 0x0000,
    0xA556, 0x0000,
    0xA55C, 0x0000,
    0xA55E, 0x0000,
    0xA560, 0x0000,
    0xA562, 0x0000,
    0xA564, 0x0000,
    0xA566, 0x0000,
    0xA568, 0x0000,
    0xA56A, 0x0000,
    0xFCFC, 0x2001,
    0x1D96, 0x0000,
    0x1D98, 0x0000,
    0x1DA6, 0x0000,
    0x1DA8, 0x0000,
    0x1D72, 0x0000,
    0x1D74, 0x0000,
    0x1D82, 0x0000,
    0x1D84, 0x0000,
    0x1D92, 0x0000,
    0x1D94, 0x0000,
    0x1DA2, 0x0000,
    0x1DA4, 0x0000,
    0x1D76, 0x0000,
    0x1D78, 0x0000,
    0x1D86, 0x0000,
    0x1D88, 0x0000,
    0x1E16, 0x0400,
    0x1E18, 0x0400,
    0x1E26, 0x0400,
    0x1E28, 0x0400,
    0x1DF2, 0x0800,
    0x1DF4, 0x0800,
    0x1E02, 0x0800,
    0x1E04, 0x0800,
    0x1E12, 0x0400,
    0x1E14, 0x0400,
    0x1E22, 0x0400,
    0x1E24, 0x0400,
    0x1DF6, 0x0800,
    0x1DF8, 0x0800,
    0x1E06, 0x0800,
    0x1E08, 0x0800,
    0xFCFC, 0x2000,
    0x82BA, 0x3300,
    0x82A2, 0x1400,
    0xFCFC, 0x2001,
    0x427C, 0x2000,
    0x4280, 0x1000,
    0x4362, 0x0100,
    0x43AA, 0x0000,
    0x43AC, 0x0000,
    0x43C6, 0x0114,
    0x43B4, 0x0000,
    0x43B6, 0x0000,
    0x4396, 0x0B00,
    0x4398, 0x0B00,
    0x437E, 0xE400,
    0xFCFC, 0x2000,
    0xB322, 0x0101,
    0xB324, 0x0100,
    0xB330, 0x2828,
    0xB34A, 0x2828,
    0xB360, 0x2828,
    0xFCFC, 0x2001,
    0x4292, 0x0000,
    0x4364, 0x0000,
    0x4366, 0x0000,
    0x4370, 0x0000,
    0x4290, 0x0100,
    0xFCFC, 0x2002,
    0x84C4, 0x012D,
    0x84A4, 0x0000,
    0xFCFC, 0x2000,
    0xD684, 0x80F3,
    0xB268, 0x80F3,
    0xF09A, 0x00FF,
    0xF2E0, 0x0000,
    0xF372, 0x0000,
    0xF0AA, 0xFFFF,
    0xF0AC, 0xFFFF,
    0xF2EA, 0x4000,
    0xDADA, 0x0001,
    0xDB3C, 0xD2FD,
    0xDADC, 0x0000,
    0xDB0C, 0x1F1F,
    0xDB3E, 0x12D2,
    0xDADE, 0x0000,
    0xDB0E, 0x0080,
    0xDB40, 0x12D2,
    0xDAE0, 0xA000,
    0xDB10, 0x0040,
    0xDB42, 0x12D2,
    0xDAE2, 0x0001,
    0xDB12, 0x0020,
    0xDB44, 0x12D2,
    0xDAE4, 0x0005,
    0xDB14, 0x0040,
    0xDB46, 0x12D2,
    0xDAE6, 0x4011,
    0xDB16, 0x0060,
    0xDBCC, 0x0000,
    0xDB6C, 0x0000,
    0xDB9C, 0x0000,
    0xDBCE, 0x0000,
    0xDB6E, 0x0000,
    0xDB9E, 0x0000,
    0xDBD0, 0x0000,
    0xDB70, 0x0000,
    0xDBA0, 0x0000,
    0xDBD2, 0x0000,
    0xDB72, 0x0000,
    0xDBA2, 0x0000,
    0xDBD4, 0x0000,
    0xDB74, 0x0000,
    0xDBA4, 0x0000,
    0xDBD6, 0x0000,
    0xDB76, 0x0000,
    0xDBA6, 0x0000,
    0xF370, 0x0203,
    0xF3E4, 0x0301,
    0xF3F4, 0xC800,
    0xF3F6, 0xD610,
    0xF014, 0x0700,
    0xB270, 0x8708,
    0xB266, 0xC004,
    0xD682, 0xC004,
    0xBF16, 0x0BAA,
    0xF698, 0x0100,
    0xDC8C, 0x3F0B,
    0xFCFC, 0x4000,
    0x0808, 0x0201,
    0x0E00, 0x0003,
};

/* 07_OceanChangjiang_UW_JN5_Fdsum_DSG_split_4096x2560_30fps_3056Mbps		
    Mode :	07_OceanChangjiang_UW_JN5_Fdsum_DSG_split	
    Purpose :	Porting	
    PHY	DPHY	
    QPDC	QPDC_Off	
    DBPC	DBPC_Off	
    Qmosaic	QMSC_Off	
    Tail :	On (L/R only)	4096x640
    24	MHz	
    920	MHz	
    3056	Mbps/lane	
    4	lane	
    8224	px	
    5152	px	
    4096	px	
    2560	px	
    30.01	fps	
    Raw10		
    9568	px	
    5472	px	
    3204	line	
    644	line	
    6.7	ms	
    Gr	First	
*/
static u16 cj_hhuwide_custom14_setting[] = {
    0xFCFC, 0x4000,
    0x6170, 0xFFFF,
    0x6180, 0x0000,
    0x6190, 0x0000,
    0x6200, 0xFFFF,
    0x6202, 0xFFFF,
    0x6204, 0x0000,
    0x6206, 0x0000,
    0x6208, 0x0000,
    0xA100, 0xFFFF,
    0xA102, 0x0000,
    0xA104, 0x0000,
    0xFCFC, 0x4001,
    0x0100, 0xFFFF,
    0x0102, 0xFFFF,
    0x0104, 0x0000,
    0x0106, 0x0000,
    0x0108, 0x0000,
    0xFCFC, 0x4000,
    0x8100, 0xFFFF,
    0x8104, 0x0000,
    0x8108, 0x0000,
    0x0B30, 0x01FF,
    0xFCFC, 0x2000,
    0x7806, 0x0101,
    0x7808, 0x3F0C,
    0xFCFC, 0x4000,
    0x0344, 0x0000,
    0x0348, 0x201F,
    0x0346, 0x0200,
    0x034A, 0x161F,
    0x034C, 0x1000,
    0x034E, 0x0A00,
    0x0350, 0x0008,
    0x0352, 0x0008,
    0x0340, 0x0C84,
    0x0342, 0x2560,
    0x0136, 0x1800,
    0x013E, 0x0000,
    0x0304, 0x0003,
    0x0306, 0x00E6,
    0x030C, 0x0000,
    0x030E, 0x0003,
    0x0310, 0x00B2,
    0x0312, 0x0000,
    0x031A, 0x0003,
    0x031C, 0x0028,
    0x031E, 0x0002,
    0x0202, 0x0014,
    0x0226, 0x0014,
    0x022C, 0x0014,
    0x0702, 0x0000,
    0x0704, 0x0000,
    0x0114, 0x0301,
    0x0118, 0x0004,
    0x011A, 0x0001,
    0x011C, 0x0100,
    0xFCFC, 0x2000,
    0xB176, 0x0602,
    0xB178, 0x0000,
    0x7996, 0x0100,
    0x7994, 0x2020,
    0xFCFC, 0x4000,
    0x0900, 0x2222,
    0x0380, 0x0002,
    0x0382, 0x0002,
    0x0384, 0x0002,
    0x0386, 0x0002,
    0x040C, 0x0000,
    0x0400, 0x1010,
    0x0408, 0x0100,
    0x040A, 0x0100,
    0xFCFC, 0x2000,
    0xD1F6, 0x3A00,
    0xD20C, 0x0908,
    0xD314, 0x2002,
    0xD27A, 0x0500,
    0xD3F0, 0xB01C,
    0xD410, 0x4802,
    0xD426, 0xD204,
    0xD43C, 0x0140,
    0xD412, 0xD204,
    0xD428, 0xEA0A,
    0xD43E, 0x0140,
    0xFCFC, 0x4000,
    0x0260, 0x0102,
    0x0262, 0x0000,
    0x0264, 0x0306,
    0x0266, 0x0700,
    0x0112, 0x0A0A,
    0x0270, 0x2B2B,
    0x0272, 0x2B10,
    0x0274, 0x302B,
    0xFCFC, 0x2001,
    0x44C6, 0x0000,
    0xFCFC, 0x4000,
    0x0B02, 0x0102,
    0x0720, 0x0001,
    0x0722, 0x2000,
    0x0724, 0x0000,
    0x0728, 0x0000,
    0x072A, 0x0000,
    0x072C, 0x0000,
    0x072E, 0x0000,
    0xFCFC, 0x2001,
    0x3132, 0x0200,
    0xFCFC, 0x4000,
    0x021E, 0x0600,
    0x0228, 0x0100,
    0xFCFC, 0x2001,
    0x31D0, 0x0000,
    0x5A70, 0x0100,
    0xFCFC, 0x2000,
    0xDC94, 0x0103,
    0xEF80, 0x0000,
    0x23F0, 0x0001,
    0xF288, 0x0000,
    0xFCFC, 0x2001,
    0x2A30, 0x01FF,
    0x4270, 0x0000,
    0x29BA, 0x2000,
    0x29A8, 0x0100,
    0xFCFC, 0x4000,
    0x0B04, 0x0001,
    0x0B06, 0x0101,
    0x0B08, 0x0100,
    0x0B0A, 0x0101,
    0x0B0C, 0x0100,
    0xFCFC, 0x2000,
    0xC4E0, 0x0100,
    0xC4F6, 0x0000,
    0xC4E2, 0x0000,
    0xC53C, 0x0500,
    0xC544, 0x0005,
    0xC53E, 0x0000,
    0xB23C, 0x6060,
    0xB242, 0x6060,
    0xC554, 0x0010,
    0xC556, 0x0000,
    0xFCFC, 0x2001,
    0x2920, 0x0100,
    0x31F8, 0x0000,
    0x31FA, 0x0000,
    0xFCFC, 0x2000,
    0xD856, 0x0507,
    0xD6D4, 0x0000,
    0x799A, 0x0000,
    0xD8A2, 0x0100,
    0xFCFC, 0x4000,
    0x020A, 0x0000,
    0xFCFC, 0x2000,
    0x78C0, 0x0101,
    0x22C2, 0x0600,
    0x22C4, 0xFF1F,
    0x22EC, 0x1F00,
    0x2306, 0xFF3F,
    0x2314, 0xFF00,
    0x2354, 0x0300,
    0xFCFC, 0x4000,
    0x0936, 0x0000,
    0x0C40, 0x0000,
    0xFCFC, 0x2000,
    0x68DE, 0x0000,
    0xFCFC, 0x2001,
    0x2540, 0x0200,
    0x25E0, 0x0100,
    0x25E2, 0x0000,
    0xFCFC, 0x2000,
    0xD718, 0x0002,
    0xBF30, 0x0000,
    0xFCFC, 0x2001,
    0x3C42, 0x0000,
    0x3C46, 0xEB05,
    0x3C52, 0x4006,
    0xFCFC, 0x2000,
    0xD326, 0x0110,
    0xD3EC, 0xB01C,
    0xFCFC, 0x2001,
    0x195E, 0x0101,
    0x1966, 0x0200,
    0xFCFC, 0x4000,
    0x0086, 0x0280,
    0xFCFC, 0x2000,
    0xE980, 0x9E04,
    0xC4D8, 0x1000,
    0x795A, 0x2000,
    0x7970, 0x2000,
    0xFCFC, 0x2002,
    0x849E, 0x0000,
    0x84A0, 0x0000,
    0x84A2, 0x0005,
    0xFCFC, 0x2001,
    0x2BB2, 0x1000,
    0x2D32, 0x0010,
    0xFCFC, 0x2000,
    0x703C, 0x0101,
    0x7046, 0x7F02,
    0x7058, 0x8002,
    0x71D4, 0x3F00,
    0x71D6, 0x3D00,
    0x71D8, 0x84F3,
    0x71DA, 0x0040,
    0x7048, 0x9F00,
    0x705A, 0xA000,
    0x7274, 0x00B0,
    0x7276, 0x0000,
    0x7278, 0x12D2,
    0x727A, 0x0040,
    0x727C, 0x0000,
    0x727E, 0x0000,
    0x7280, 0x0000,
    0x7282, 0x0000,
    0x703E, 0x0000,
    0x704A, 0x0004,
    0x705C, 0x0004,
    0x7314, 0x0000,
    0x7316, 0x0000,
    0x7318, 0x0000,
    0x731A, 0x0000,
    0xBEDC, 0xC526,
    0xBEDE, 0x903E,
    0xBEE0, 0xC00F,
    0xBEE2, 0x0008,
    0xBEE4, 0x0C00,
    0xBEE6, 0x8000,
    0xFCFC, 0x2001,
    0x2A54, 0x0000,
    0x2A56, 0x0400,
    0x2A42, 0x0100,
    0x2A44, 0xAC04,
    0x2A46, 0x0000,
    0xFCFC, 0x2000,
    0xD704, 0x0078,
    0x7A0E, 0x0F00,
    0x7A6E, 0x1900,
    0x7A86, 0x1900,
    0x8C9E, 0x3500,
    0x8CCE, 0x9600,
    0x7A10, 0x0F00,
    0x7A70, 0x1900,
    0x7A88, 0x1900,
    0x8CA0, 0x3500,
    0x8CD0, 0x9600,
    0xB224, 0x0103,
    0xB226, 0x0000,
    0xB220, 0x0103,
    0x7A12, 0x0F00,
    0x7A72, 0x1900,
    0x7A8A, 0x1900,
    0x8CA2, 0x5000,
    0x8CD2, 0xBE00,
    0x7EE6, 0x2C00,
    0x7EF2, 0x2C00,
    0x7EFE, 0x6400,
    0x7F0A, 0x5800,
    0x8D0E, 0x0000,
    0x9032, 0x0000,
    0x903E, 0x0000,
    0x7A14, 0x0F00,
    0x7A74, 0x1900,
    0x7A8C, 0x1900,
    0x8CA4, 0x3500,
    0x7F0E, 0x5800,
    0x8CD6, 0x9600,
    0x7BDA, 0x3C00,
    0xD49C, 0x2100,
    0xD4D0, 0x0A00,
    0xD4A8, 0x0000,
    0xD4D6, 0x1A00,
    0xD4E2, 0x3200,
    0xD4BC, 0x3F00,
    0xD4B0, 0xAB02,
    0xD4C8, 0x0100,
    0xD624, 0x0000,
    0xD62E, 0x0000,
    0xD638, 0x0000,
    0xD4EA, 0x0100,
    0xD554, 0xC400,
    0xD556, 0xFA00,
    0xD560, 0x5203,
    0xD562, 0x8803,
    0xD4DA, 0x0000,
    0xD4E6, 0x0100,
    0xD4C0, 0x1400,
    0xD4B4, 0x0100,
    0xD4CC, 0x0000,
    0xD5BC, 0x0000,
    0xD5BE, 0x0000,
    0xD5C8, 0x0000,
    0xD5CA, 0x0000,
    0xD4D2, 0x0000,
    0xD4DE, 0x0100,
    0xD4B8, 0x1400,
    0xD4AC, 0x0100,
    0xD4C4, 0x0000,
    0xD4EC, 0x0000,
    0xD4EE, 0x0000,
    0xD4F8, 0x0000,
    0xD4FA, 0x0000,
    0xBF78, 0x5333,
    0xD896, 0x0000,
    0xFCFC, 0x2001,
    0x1C24, 0x0002,
    0x1C26, 0x8001,
    0x1C28, 0xFF04,
    0x1C2A, 0x2010,
    0x1C2C, 0x5610,
    0x1C2E, 0x0005,
    0x1C30, 0x00A0,
    0x1C32, 0xB610,
    0x1C34, 0x7011,
    0x1C4E, 0x8001,
    0x1C50, 0xFF04,
    0x1C52, 0x2810,
    0x1C54, 0x5110,
    0x1C56, 0x0005,
    0x1C58, 0xFF09,
    0x1C5A, 0x9710,
    0x1C5C, 0xDA10,
    0x1C5E, 0x000A,
    0x1C60, 0x00A0,
    0x1C62, 0xDA10,
    0x1C64, 0x7011,
    0x1C66, 0x0000,
    0x1C68, 0x0000,
    0x1C6A, 0x0000,
    0x1C6C, 0x0000,
    0x1C76, 0x8001,
    0x1C78, 0xFF04,
    0x1C7A, 0x2810,
    0x1C7C, 0x6610,
    0x1C7E, 0x0005,
    0x1C80, 0xFF09,
    0x1C82, 0x7210,
    0x1C84, 0xDD10,
    0x1C86, 0x000A,
    0x1C88, 0x00A0,
    0x1C8A, 0xDD10,
    0x1C8C, 0x7011,
    0x1C8E, 0x0000,
    0x1C90, 0x0000,
    0x1C92, 0x0000,
    0x1C94, 0x0000,
    0x1C9E, 0x8001,
    0x1CA0, 0xFF04,
    0x1CA2, 0x2010,
    0x1CA4, 0x5610,
    0x1CA6, 0x0005,
    0x1CA8, 0x00A0,
    0x1CAA, 0xC410,
    0x1CAC, 0x7011,
    0x1CC6, 0x8001,
    0x1CC8, 0xFF04,
    0x1CCA, 0x2010,
    0x1CCC, 0x5610,
    0x1CCE, 0x0005,
    0x1CD0, 0x00A0,
    0x1CD2, 0xB610,
    0x1CD4, 0x7011,
    0x1CEE, 0x8001,
    0x1CF0, 0xFF04,
    0x1CF2, 0x2810,
    0x1CF4, 0x5110,
    0x1CF6, 0x0005,
    0x1CF8, 0xFF09,
    0x1CFA, 0x9710,
    0x1CFC, 0xDA10,
    0x1CFE, 0x000A,
    0x1D00, 0x00A0,
    0x1D02, 0xDA10,
    0x1D04, 0x7011,
    0x1D06, 0x0000,
    0x1D08, 0x0000,
    0x1D0A, 0x0000,
    0x1D0C, 0x0000,
    0x1D16, 0x8001,
    0x1D18, 0xFF04,
    0x1D1A, 0x2810,
    0x1D1C, 0x6610,
    0x1D1E, 0x0005,
    0x1D20, 0xFF09,
    0x1D22, 0x7210,
    0x1D24, 0xDD10,
    0x1D26, 0x000A,
    0x1D28, 0x00A0,
    0x1D2A, 0xDD10,
    0x1D2C, 0x7011,
    0x1D2E, 0x0000,
    0x1D30, 0x0000,
    0x1D32, 0x0000,
    0x1D34, 0x0000,
    0x1D3E, 0x8001,
    0x1D40, 0xFF04,
    0x1D42, 0x2010,
    0x1D44, 0x5610,
    0x1D46, 0x0005,
    0x1D48, 0x00A0,
    0x1D4A, 0xC410,
    0x1D4C, 0x7011,
    0xFCFC, 0x2000,
    0xB21E, 0x0000,
    0xB222, 0xC000,
    0xB20C, 0x2E00,
    0xB21A, 0x0402,
    0xB378, 0x0100,
    0xDD70, 0x0000,
    0xDE38, 0x0000,
    0xFCFC, 0x2002,
    0xA574, 0x0155,
    0xA59C, 0xA2FD,
    0xA59E, 0xFEFE,
    0xA576, 0x4000,
    0xA588, 0x0E00,
    0xA578, 0x8000,
    0xA58A, 0x2000,
    0xA57A, 0xA000,
    0xA58C, 0x2800,
    0xA57C, 0x4001,
    0xA58E, 0x1400,
    0xA57E, 0x8002,
    0xA590, 0x2200,
    0xA580, 0x0005,
    0xA592, 0x2800,
    0xA582, 0x000A,
    0xA594, 0x2C00,
    0xA584, 0xA00F,
    0xA596, 0x2E00,
    0xA586, 0x4011,
    0xA598, 0x3200,
    0xA59A, 0x3500,
    0xA548, 0x00EA,
    0xA570, 0x0000,
    0xA54A, 0x0000,
    0xA54C, 0x0000,
    0xA54E, 0x0000,
    0xA550, 0x0000,
    0xA552, 0x0000,
    0xA554, 0x0000,
    0xA556, 0x0000,
    0xA55C, 0x0000,
    0xA55E, 0x0000,
    0xA560, 0x0000,
    0xA562, 0x0000,
    0xA564, 0x0000,
    0xA566, 0x0000,
    0xA568, 0x0000,
    0xA56A, 0x0000,
    0xFCFC, 0x2001,
    0x1D96, 0x0000,
    0x1D98, 0x0000,
    0x1DA6, 0x0000,
    0x1DA8, 0x0000,
    0x1D72, 0x0000,
    0x1D74, 0x0000,
    0x1D82, 0x0000,
    0x1D84, 0x0000,
    0x1D92, 0x0000,
    0x1D94, 0x0000,
    0x1DA2, 0x0000,
    0x1DA4, 0x0000,
    0x1D76, 0x0000,
    0x1D78, 0x0000,
    0x1D86, 0x0000,
    0x1D88, 0x0000,
    0x1E16, 0x0E00,
    0x1E18, 0x0E00,
    0x1E26, 0x0E00,
    0x1E28, 0x0E00,
    0x1DF2, 0x0E00,
    0x1DF4, 0x0E00,
    0x1E02, 0x0E00,
    0x1E04, 0x0E00,
    0x1E12, 0x1200,
    0x1E14, 0x1200,
    0x1E22, 0x1200,
    0x1E24, 0x1200,
    0x1DF6, 0x1200,
    0x1DF8, 0x1200,
    0x1E06, 0x1200,
    0x1E08, 0x1200,
    0xFCFC, 0x2000,
    0x82BA, 0x3300,
    0x82A2, 0x1400,
    0xFCFC, 0x2001,
    0x427C, 0x2000,
    0x4280, 0x1000,
    0x4362, 0x0100,
    0x43AA, 0x0000,
    0x43AC, 0x0000,
    0x43C6, 0x010A,
    0x43B4, 0x0000,
    0x43B6, 0x0000,
    0x4396, 0x0D00,
    0x4398, 0x0E00,
    0x437E, 0xA400,
    0xFCFC, 0x2000,
    0xB322, 0x0101,
    0xB324, 0x0100,
    0xB330, 0x2828,
    0xB34A, 0x2828,
    0xB360, 0x2828,
    0xFCFC, 0x2001,
    0x4292, 0x0000,
    0x4364, 0x0000,
    0x4366, 0x0000,
    0x4370, 0x0000,
    0x4290, 0x0100,
    0xFCFC, 0x2002,
    0x84C4, 0x002D,
    0x84A4, 0x0000,
    0xFCFC, 0x2000,
    0xD684, 0x80E3,
    0xB268, 0x80E3,
    0xF09A, 0x00FF,
    0xF2E0, 0x0000,
    0xF372, 0x0000,
    0xF0AA, 0xFFFF,
    0xF0AC, 0xFFFF,
    0xF2EA, 0x4000,
    0xDADA, 0x0001,
    0xDB3C, 0x36D2,
    0xDADC, 0x0000,
    0xDB0C, 0x0D00,
    0xDB3E, 0x36D2,
    0xDADE, 0xA000,
    0xDB0E, 0x0F00,
    0xDB40, 0x36D2,
    0xDAE0, 0x4001,
    0xDB10, 0x0D00,
    0xDB42, 0x0000,
    0xDAE2, 0x0000,
    0xDB12, 0x0000,
    0xDB44, 0x0000,
    0xDAE4, 0x0000,
    0xDB14, 0x0000,
    0xDB46, 0x0000,
    0xDAE6, 0x0000,
    0xDB16, 0x0000,
    0xDBCC, 0x0000,
    0xDB6C, 0x0000,
    0xDB9C, 0x0000,
    0xDBCE, 0x0000,
    0xDB6E, 0x0000,
    0xDB9E, 0x0000,
    0xDBD0, 0x0000,
    0xDB70, 0x0000,
    0xDBA0, 0x0000,
    0xDBD2, 0x0000,
    0xDB72, 0x0000,
    0xDBA2, 0x0000,
    0xDBD4, 0x0000,
    0xDB74, 0x0000,
    0xDBA4, 0x0000,
    0xDBD6, 0x0000,
    0xDB76, 0x0000,
    0xDBA6, 0x0000,
    0xF370, 0x0203,
    0xF3E4, 0x0301,
    0xF3F4, 0xC800,
    0xF3F6, 0xD610,
    0xF014, 0x0600,
    0xB270, 0x8708,
    0xB266, 0xC004,
    0xD682, 0xC004,
    0xBF16, 0x0BAA,
    0xF698, 0x0100,
    0xDC8C, 0x3F0B,
    0xFCFC, 0x4000,
    0x0808, 0x0201,
    0x0E00, 0x0003,
};

struct mode_setting_list_struct {
    u16 *mode_setting_table;
    u32 mode_setting_len;
};

static struct mode_setting_list_struct cj_mode[] = {
    {
        .mode_setting_table = cj_hhuwide_preview_setting,
        .mode_setting_len = ARRAY_SIZE(cj_hhuwide_preview_setting),
    },
    {
        .mode_setting_table = cj_hhuwide_capture_setting,
        .mode_setting_len = ARRAY_SIZE(cj_hhuwide_capture_setting),
    },
    {
        .mode_setting_table = cj_hhuwide_normal_video_setting,
        .mode_setting_len = ARRAY_SIZE(cj_hhuwide_normal_video_setting),
    },
    {
        .mode_setting_table = cj_hhuwide_hs_video_setting,
        .mode_setting_len = ARRAY_SIZE(cj_hhuwide_hs_video_setting),
    },
    {
        .mode_setting_table = cj_hhuwide_slim_video_setting,
        .mode_setting_len = ARRAY_SIZE(cj_hhuwide_slim_video_setting),
    },
    {
        .mode_setting_table = cj_hhuwide_custom1_setting,
        .mode_setting_len = ARRAY_SIZE(cj_hhuwide_custom1_setting),
    },
    {
        .mode_setting_table = cj_hhuwide_custom2_setting,
        .mode_setting_len = ARRAY_SIZE(cj_hhuwide_custom2_setting),
    },
    {
        .mode_setting_table = cj_hhuwide_custom3_setting,
        .mode_setting_len = ARRAY_SIZE(cj_hhuwide_custom3_setting),
    },
    {
        .mode_setting_table = cj_hhuwide_custom4_setting,
        .mode_setting_len = ARRAY_SIZE(cj_hhuwide_custom4_setting),
    },
    {
        .mode_setting_table = cj_hhuwide_custom5_setting,
        .mode_setting_len = ARRAY_SIZE(cj_hhuwide_custom5_setting),
    },
    {
        .mode_setting_table = cj_hhuwide_custom6_setting,
        .mode_setting_len = ARRAY_SIZE(cj_hhuwide_custom6_setting),
    },
    {
        .mode_setting_table = cj_hhuwide_custom7_setting,
        .mode_setting_len = ARRAY_SIZE(cj_hhuwide_custom7_setting),
    },
    {
        .mode_setting_table = cj_hhuwide_custom8_setting,
        .mode_setting_len = ARRAY_SIZE(cj_hhuwide_custom8_setting),
    },
    {
        .mode_setting_table = cj_hhuwide_custom9_setting,
        .mode_setting_len = ARRAY_SIZE(cj_hhuwide_custom9_setting),
    },
    {
        .mode_setting_table = cj_hhuwide_custom10_setting,
        .mode_setting_len = ARRAY_SIZE(cj_hhuwide_custom10_setting),
    },
    {
        .mode_setting_table = cj_hhuwide_custom11_setting,
        .mode_setting_len = ARRAY_SIZE(cj_hhuwide_custom11_setting),
    },
    {
        .mode_setting_table = cj_hhuwide_custom12_setting,
        .mode_setting_len = ARRAY_SIZE(cj_hhuwide_custom12_setting),
    },
    {
        .mode_setting_table = cj_hhuwide_custom13_setting,
        .mode_setting_len = ARRAY_SIZE(cj_hhuwide_custom13_setting),
    },
    {
        .mode_setting_table = cj_hhuwide_custom14_setting,
        .mode_setting_len = ARRAY_SIZE(cj_hhuwide_custom14_setting),
    },
};
#endif
