/* SPDX-License-Identifier: GPL-2.0 */
/*
 * Copyright (c) 2019 MediaTek Inc.
 */
/*****************************************************************************
 *
 * Filename:
 * ---------
 *	 hhuwide_Sensor_setting.h
 *
 * Project:
 * --------
 * Description:
 * ------------
 *	 CMOS sensor header file
 *
 ****************************************************************************/
#ifndef _HHUWIDEMIPI_SENSOR_SETTING_H
#define _HHUWIDEMIPI_SENSOR_SETTING_H

#include "kd_camera_typedef.h"
#include "cj_hhuwide_Sensor_setting.h"

static u16 hhuwide_sensor_init_pre_setting_long[] = {
    0xFCFC, 0x4000,
    0x0000, 0x000E,
    0x0000, 0x38E5,
    0x6018, 0x0001,
    0x7002, 0x0408,
    0x6014, 0x0001,
    0xFCFC, 0x2002,
    0x1E92, 0x8000,
    0x1E84, 0x282B,
    0x1E86, 0x0320,
    0xFCFC, 0x4000,
    0x7002, 0x0008,
};

static u16 hhuwide_sensor_init_setting_long[] = {
    0xFCFC, 0x2000,
    0xDCF0, 0x0000,
    0xFCFC, 0x2001,
    0x3C60, 0x0000,
    0xFCFC, 0x4000,
    0x6170, 0xFFFF,
    0x6180, 0x0000,
    0x6190, 0x0000,
    0x6200, 0xFFFF,
    0x6202, 0xFFFF,
    0x6204, 0x0000,
    0x6206, 0x0000,
    0x6208, 0x0000,
    0xA100, 0xFFFF,
    0xA102, 0x0000,
    0xA104, 0x0000,
    0xFCFC, 0x4001,
    0x0100, 0xFFFF,
    0x0102, 0xFFFF,
    0x0104, 0x0000,
    0x0106, 0x0000,
    0x0108, 0x0000,
    0xFCFC, 0x4000,
    0x8100, 0xFFFF,
    0x8104, 0x0000,
    0x8108, 0x0000,
    0xFCFC, 0x4000,
    0x0136, 0x1800,
    0x013E, 0x0000,
    0x0304, 0x0003,
    0x0306, 0x00E6,
    0x030C, 0x0000,
    0x030E, 0x0003,
    0x0310, 0x00B2,
    0x0312, 0x0000,
    0x031A, 0x0003,
    0x031C, 0x0028,
    0x031E, 0x0002,
    0x011C, 0x0100,
    0xFCFC, 0x2002,
    0x849C, 0x0100,
    0x849E, 0x0000,
    0x84A0, 0x0000,
    0x84A2, 0x0005,
    0x84A4, 0x0000,
    0x84A6, 0x0000,
    0x84A8, 0x0000,
    0x84AA, 0x0001,
    0x84AC, 0x01FF,
    0x84B0, 0x8089,
    0x84B2, 0x0000,
    0x84B4, 0x8889,
    0x84B6, 0x0000,
    0x84B8, 0xC097,
    0x84BA, 0x0000,
    0x84BC, 0xA60E,
    0x84BE, 0x0000,
    0x84C0, 0x2206,
    0x84C2, 0x0000,
    0x84C4, 0x002D,
    0x84C8, 0x54C6,
    0x84CA, 0x0224,
    0x84CC, 0x44AB,
    0x84CE, 0x0224,
    0x84D0, 0x44AB,
    0x84D2, 0x0224,
    0x84D4, 0x44AB,
    0x84D6, 0x0224,
    0x84D8, 0x44AB,
    0x84DA, 0x0224,
    0x84DC, 0x44AB,
    0x84DE, 0x0224,
    0xA548, 0x00EA,
    0xA54A, 0x0000,
    0xA54C, 0x0000,
    0xA54E, 0x0000,
    0xA550, 0x0000,
    0xA552, 0x0000,
    0xA554, 0x0000,
    0xA556, 0x0000,
    0xA558, 0x0000,
    0xA55A, 0x0000,
    0xA55C, 0x0000,
    0xA55E, 0x0000,
    0xA560, 0x0000,
    0xA562, 0x0000,
    0xA564, 0x0000,
    0xA566, 0x0000,
    0xA568, 0x0000,
    0xA56A, 0x0000,
    0xA56C, 0x0000,
    0xA56E, 0x0000,
    0xA570, 0x0000,
    0xA572, 0x0000,
    0xA574, 0x0055,
    0xA576, 0x0000,
    0xA578, 0x0000,
    0xA57A, 0x0000,
    0xA57C, 0x0000,
    0xA57E, 0x0000,
    0xA580, 0x0000,
    0xA582, 0x0000,
    0xA584, 0x0000,
    0xA586, 0x0000,
    0xA588, 0x0000,
    0xA58A, 0x0000,
    0xA58C, 0x0000,
    0xA58E, 0x0000,
    0xA590, 0x0000,
    0xA592, 0x0000,
    0xA594, 0x0000,
    0xA596, 0x0000,
    0xA598, 0x0000,
    0xA59A, 0x0000,
    0xA59C, 0x0000,
    0xA59E, 0x0000,
    0xA5A0, 0x0100,
    0xA5A2, 0x00B0,
    0xA5A4, 0x0000,
    0xA5A6, 0x0000,
    0xA5A8, 0x0000,
    0xA5AA, 0x0000,
    0xA5AC, 0x0000,
    0xA5AE, 0x0000,
    0xA5B0, 0x0000,
    0xA5B2, 0x0000,
    0xA5B4, 0x0000,
    0xA5B6, 0x0000,
    0xA5B8, 0x0000,
    0xA5BA, 0x0000,
    0xA5BC, 0x0000,
    0xA5BE, 0x0000,
    0xA5C0, 0x0000,
    0xA5C2, 0x0000,
    0xA5C4, 0x0000,
    0xA5C6, 0x0000,
    0xA5C8, 0x0000,
    0xA5CA, 0x0000,
    0xA5CC, 0x0000,
    0xA5CE, 0x0000,
    0xA5D0, 0x0000,
    0xA5D2, 0x0000,
    0xA5D4, 0x0000,
    0xA5D6, 0x0000,
    0xA5D8, 0x0000,
    0xA5DA, 0x0000,
    0xA5DC, 0x0000,
    0xA5DE, 0x0000,
    0xA5E0, 0x0000,
    0xA5E2, 0x0000,
    0xA5E4, 0x0000,
    0xA5E6, 0x0000,
    0xA5E8, 0x0000,
    0xA5EA, 0x0000,
    0xA5EC, 0x000F,
    0xA5EE, 0x000F,
    0xA5F0, 0x000F,
    0xA5F2, 0x000F,
    0xA5F4, 0x0000,
    0xA5F6, 0x0000,
    0xA5F8, 0x0000,
    0xA5FA, 0x0000,
    0xA5FC, 0x0000,
    0xA5FE, 0x0000,
    0xA600, 0x0000,
    0xA602, 0x0000,
    0xA604, 0x0000,
    0xA606, 0x000A,
    0xBB84, 0x00AB,
    0xBB86, 0x0000,
    0xBB88, 0x0000,
    0xBB8A, 0x0100,
    0xBB8C, 0x0800,
    0xBB8E, 0x1000,
    0xBB90, 0x2000,
    0xBB92, 0x9A00,
    0xBB94, 0x9A00,
    0xBB96, 0x9A00,
    0xBB98, 0x9A00,
    0xBB9A, 0x9600,
    0xBB9C, 0x9600,
    0xBB9E, 0x9600,
    0xBBA0, 0x9600,
    0xBBA2, 0x9300,
    0xBBA4, 0x9300,
    0xBBA6, 0x9300,
    0xBBA8, 0x9300,
    0xBBAA, 0x9000,
    0xBBAC, 0x9000,
    0xBBAE, 0x9000,
    0xBBB0, 0x9000,
    0xBBB2, 0x8D00,
    0xBBB4, 0x8D00,
    0xBBB6, 0x8D00,
    0xBBB8, 0x8D00,
    0xBBBA, 0x3F00,
    0xBBBC, 0x3F00,
    0xBBBE, 0x3F00,
    0xBBC0, 0x3F00,
    0xBBC2, 0x1E00,
    0xBBC4, 0x1E00,
    0xBBC6, 0x1E00,
    0xBBC8, 0x1E00,
    0xBBCA, 0x0000,
    0xBBCC, 0x0000,
    0xBBCE, 0x0000,
    0xBBD0, 0x0000,
    0xBBD2, 0x0800,
    0xBBD4, 0x0800,
    0xBBD6, 0x0800,
    0xBBD8, 0x0800,
    0xBBDA, 0x0000,
    0xBBDC, 0x0000,
    0xBBDE, 0x0000,
    0xBBE0, 0x0000,
    0xBBE2, 0x3F00,
    0xBBE4, 0x3F00,
    0xBBE6, 0x3F00,
    0xBBE8, 0x3F00,
    0xBBEA, 0x3400,
    0xBBEC, 0x3400,
    0xBBEE, 0x3400,
    0xBBF0, 0x3400,
    0xBBF2, 0x0A00,
    0xBBF4, 0x0A00,
    0xBBF6, 0x0A00,
    0xBBF8, 0x0A00,
    0xBBFA, 0x1000,
    0xBBFC, 0x1000,
    0xBBFE, 0x1000,
    0xBC00, 0x1000,
    0xBC02, 0x0600,
    0xBC04, 0x0600,
    0xBC06, 0x0600,
    0xBC08, 0x0600,
    0xBC0A, 0x0C00,
    0xBC0C, 0x0C00,
    0xBC0E, 0x0C00,
    0xBC10, 0x0C00,
    0xBC12, 0x0000,
    0xBC14, 0x0000,
    0xBC16, 0x0000,
    0xBC18, 0x0000,
    0xBC1A, 0x1000,
    0xBC1C, 0x1000,
    0xBC1E, 0x1000,
    0xBC20, 0x1000,
    0xBC22, 0x1000,
    0xBC24, 0x1000,
    0xBC26, 0x1000,
    0xBC28, 0x1000,
    0xBC2A, 0x2000,
    0xBC2C, 0x1000,
    0xBC2E, 0x1000,
    0xBC30, 0x1000,
    0xBC32, 0x0600,
    0xBC34, 0x0600,
    0xBC36, 0x0600,
    0xBC38, 0x0600,
    0xBC3A, 0x1C00,
    0xBC3C, 0x1C00,
    0xBC3E, 0x1C00,
    0xBC40, 0x1C00,
    0xBC42, 0x0600,
    0xBC44, 0x0600,
    0xBC46, 0x0600,
    0xBC48, 0x0600,
    0xBC4A, 0x2A00,
    0xBC4C, 0x2A00,
    0xBC4E, 0x2A00,
    0xBC50, 0x2A00,
    0xBC52, 0x0200,
    0xBC54, 0x0200,
    0xBC56, 0x0200,
    0xBC58, 0x0200,
    0xBC5A, 0x1000,
    0xBC5C, 0x1000,
    0xBC5E, 0x1000,
    0xBC60, 0x1000,
    0xBC62, 0x0E00,
    0xBC64, 0x0E00,
    0xBC66, 0x0E00,
    0xBC68, 0x0E00,
    0xBC6A, 0x2800,
    0xBC6C, 0x2800,
    0xBC6E, 0x2800,
    0xBC70, 0x2800,
    0xBC72, 0x1800,
    0xBC74, 0x1800,
    0xBC76, 0x1800,
    0xBC78, 0x1800,
    0xBC7A, 0x0800,
    0xBC7C, 0x0800,
    0xBC7E, 0x0800,
    0xBC80, 0x0800,
    0xBC82, 0x0000,
    0xBC84, 0x0000,
    0xBC86, 0x0000,
    0xBC88, 0x0000,
    0xBC8A, 0x2400,
    0xBC8C, 0x2400,
    0xBC8E, 0x2400,
    0xBC90, 0x2400,
    0xBC92, 0x004D,
    0xFCFC, 0x2000,
    0x68D8, 0x0100,
    0xFCFC, 0x2002,
    0xBC92, 0x0100,
    0xFCFC, 0x4000,
    0x0E04, 0x1C03,
    0x0E10, 0x0100,
    0x0E12, 0x00A0,
    0x0E14, 0x0C84,
    0x0E16, 0x012B,
    0x0E18, 0x0400,
    0x0E1A, 0x3000,
    0x0E1C, 0x0100,
    0x0E1E, 0x00A0,
    0x0E20, 0x0C84,
    0x0E22, 0x022B,
    0x0E24, 0x0300,
    0x0E26, 0x3000,
    0xFCFC, 0x2000,
    0x22E4, 0x0300,
    0x2338, 0x0101,
    0xFCFC, 0x2000,
    0xDD6C, 0xB47E,
    0xDD6E, 0xB67E,
    0xDE34, 0x0000,
    0xDE36, 0x9231,
    0xFCFC, 0x4000,
    0x0B30, 0x01FF,
    0xFCFC, 0x2000,
    0x3D44, 0x0000,
    0x3D88, 0xFCFC,
    0x3D8A, 0xFEFF,
    0x3D8C, 0xFCFC,
    0x3D8E, 0xFEFF,
    0x3D90, 0xFCFC,
    0x3D92, 0xFEFF,
    0x3FE0, 0x0324,
    0x3FE2, 0xA885,
    0x3FE4, 0x0324,
    0x3FE6, 0x0080,
    0x3FE8, 0x0000,
    0x3FEA, 0x0000,
    0x4238, 0x0324,
    0x423A, 0xA885,
    0x423C, 0x0324,
    0x423E, 0xE482,
    0x4240, 0x0000,
    0x4242, 0x0000,
    0x4490, 0x0324,
    0x4492, 0xA885,
    0x4494, 0x0324,
    0x4496, 0x5083,
    0x4498, 0x0000,
    0x449A, 0x0000,
    0x46E8, 0x0324,
    0x46EA, 0xA885,
    0x46EC, 0x0324,
    0x46EE, 0x9C83,
    0x46F0, 0x0000,
    0x46F2, 0x0000,
    0x4940, 0x0324,
    0x4942, 0xA885,
    0x4944, 0x0000,
    0x4946, 0x0000,
    0x4948, 0x0000,
    0x494A, 0x0000,
    0x4B98, 0x0324,
    0x4B9A, 0xA885,
    0x4B9C, 0x0324,
    0x4B9E, 0x9C83,
    0x4BA0, 0x0324,
    0x4BA2, 0x9C8C,
    0x4DF0, 0x0324,
    0x4DF2, 0xA885,
    0x4DF4, 0x0324,
    0x4DF6, 0x088D,
    0x4DF8, 0x0000,
    0x4DFA, 0x0000,
    0x5048, 0x0324,
    0x504A, 0xA885,
    0x504C, 0x0324,
    0x504E, 0x9C83,
    0x5050, 0x0324,
    0x5052, 0x548D,
    0xFCFC, 0x2006,
    0x0000, 0x535A,
    0x0002, 0x0100,
    0x0004, 0x113D,
    0x0006, 0x5A00,
    0x0008, 0x0001,
    0x000A, 0x0004,
    0x000C, 0x2100,
    0x000E, 0x0000,
    0x0010, 0x0000,
    0x0012, 0x0000,
    0x0014, 0x7FBF,
    0x0016, 0x624E,
    0x0018, 0x20FF,
    0x001A, 0x1FBB,
    0x001C, 0x8063,
    0x001E, 0x31F1,
    0x0020, 0x3150,
    0x0022, 0x4585,
    0x0024, 0x69C5,
    0x0026, 0xE4E2,
    0x0028, 0xAD66,
    0x002A, 0x1F3E,
    0x002C, 0x9A96,
    0x002E, 0x960B,
    0x0030, 0xF874,
    0x0032, 0x7B86,
    0x0034, 0x9393,
    0x0036, 0x0425,
    0x0038, 0x5858,
    0x003A, 0xCE9A,
    0x003C, 0xA1D2,
    0x003E, 0x0F5B,
    0x0040, 0xD4C0,
    0x0042, 0xE087,
    0x0044, 0x3C80,
    0x0046, 0x7000,
    0x0048, 0x73D0,
    0x004A, 0x4E2E,
    0x004C, 0xF158,
    0x004E, 0x3F00,
    0x0050, 0x083D,
    0x0052, 0xBD21,
    0x0054, 0x011B,
    0x0056, 0x4DD0,
    0x0058, 0xC778,
    0x005A, 0xE94C,
    0x005C, 0x076A,
    0x005E, 0x68E7,
    0x0060, 0xCACC,
    0x0062, 0x6B7D,
    0x0064, 0x6988,
    0x0066, 0x8D8D,
    0x0068, 0x8762,
    0x006A, 0xFADB,
    0x006C, 0xB944,
    0x006E, 0x8587,
    0x0070, 0xAACE,
    0x0072, 0x634F,
    0x0074, 0x02F4,
    0x0076, 0xAD6A,
    0x0078, 0xE077,
    0x007A, 0xA4F7,
    0x007C, 0x58BC,
    0x007E, 0x01A8,
    0x0080, 0x0A87,
    0x0082, 0x9076,
    0x0084, 0x22DD,
    0x0086, 0x028F,
    0x0088, 0x0E6C,
    0x008A, 0x1668,
    0x008C, 0x040F,
    0x008E, 0x5C41,
    0x0090, 0x0BA5,
    0x0092, 0xD8BA,
    0x0094, 0xE51A,
    0x0096, 0xA339,
    0x0098, 0x949C,
    0x009A, 0xF73A,
    0x009C, 0xD857,
    0x009E, 0xB67D,
    0x00A0, 0x22DC,
    0x00A2, 0xDA18,
    0x00A4, 0xB872,
    0x00A6, 0xCEE1,
    0x00A8, 0xC50D,
    0x00AA, 0x454E,
    0x00AC, 0xCBF3,
    0x00AE, 0x1FFA,
    0x00B0, 0x8D25,
    0x00B2, 0xA73D,
    0x00B4, 0x82AA,
    0x00B6, 0xBA48,
    0x00B8, 0xA6B2,
    0x00BA, 0x3F10,
    0x00BC, 0x8288,
    0x00BE, 0xA9A8,
    0x00C0, 0x9555,
    0x00C2, 0xAEC7,
    0x00C4, 0x29F4,
    0x00C6, 0x207A,
    0x00C8, 0xD849,
    0x00CA, 0x9318,
    0x00CC, 0x21F9,
    0x00CE, 0x6ABE,
    0x00D0, 0xE2E1,
    0x00D2, 0xAFD0,
    0x00D4, 0x22A0,
    0x00D6, 0x0DD6,
    0x00D8, 0x3CF6,
    0x00DA, 0xD29A,
    0x00DC, 0xECD3,
    0x00DE, 0x917B,
    0x00E0, 0x56BB,
    0x00E2, 0x7E28,
    0x00E4, 0x2573,
    0x00E6, 0xFD3F,
    0x00E8, 0x67DC,
    0x00EA, 0x7580,
    0x00EC, 0xE79F,
    0x00EE, 0x2139,
    0x00F0, 0x491D,
    0x00F2, 0x690C,
    0x00F4, 0xF140,
    0x00F6, 0x1C13,
    0x00F8, 0xCBAE,
    0x00FA, 0x39B7,
    0x00FC, 0x51D2,
    0x00FE, 0x7BC2,
    0x0100, 0x93F9,
    0x0102, 0x34EE,
    0x0104, 0xB74A,
    0x0106, 0x533D,
    0x0108, 0x7C68,
    0x010A, 0xFD28,
    0x010C, 0x33F6,
    0x010E, 0x2C5C,
    0x0110, 0x7661,
    0x0112, 0xF59A,
    0x0114, 0x3C83,
    0x0116, 0x6F8E,
    0x0118, 0x52F8,
    0x011A, 0x5669,
    0x011C, 0x7984,
    0x011E, 0xBF87,
    0x0120, 0x3A8C,
    0x0122, 0x6D01,
    0x0124, 0x7D15,
    0x0126, 0x9EFB,
    0x0128, 0x6710,
    0x012A, 0x3417,
    0x012C, 0xFCC3,
    0x012E, 0x72B0,
    0x0130, 0xF710,
    0x0132, 0x9E28,
    0x0134, 0xDC70,
    0x0136, 0x5DEF,
    0x0138, 0x78C9,
    0x013A, 0x55E7,
    0x013C, 0x9713,
    0x013E, 0xDA92,
    0x0140, 0x1932,
    0x0142, 0x0593,
    0x0144, 0x1A14,
    0x0146, 0x1A5D,
    0x0148, 0x7297,
    0x014A, 0x7E43,
    0x014C, 0x0C91,
    0x014E, 0xA793,
    0x0150, 0x460B,
    0x0152, 0xBCF5,
    0x0154, 0x36E0,
    0x0156, 0x4EA7,
    0x0158, 0x8785,
    0x015A, 0x178F,
    0x015C, 0x9BDC,
    0x015E, 0xF460,
    0x0160, 0xECF9,
    0x0162, 0x280F,
    0x0164, 0xB4B4,
    0x0166, 0x525A,
    0x0168, 0x8F97,
    0x016A, 0x656E,
    0x016C, 0x1336,
    0x016E, 0xC8CA,
    0x0170, 0x1E23,
    0x0172, 0x4971,
    0x0174, 0xD8CC,
    0x0176, 0x0400,
    0x0178, 0x0EE6,
    0x017A, 0x2824,
    0x017C, 0x2414,
    0x017E, 0x9261,
    0x0180, 0x22A0,
    0x0182, 0x7F29,
    0x0184, 0x9037,
    0x0186, 0x03FB,
    0x0188, 0xA02F,
    0x018A, 0xC464,
    0x018C, 0x67C9,
    0x018E, 0x81A2,
    0x0190, 0x28CD,
    0x0192, 0xBD6D,
    0x0194, 0x2EEA,
    0x0196, 0x1FB9,
    0x0198, 0xF19B,
    0x019A, 0x3495,
    0x019C, 0x1849,
    0x019E, 0xF357,
    0x01A0, 0xADC3,
    0x01A2, 0x9EF3,
    0x01A4, 0xB1B0,
    0x01A6, 0xBF6D,
    0x01A8, 0x9215,
    0x01AA, 0x3D14,
    0x01AC, 0x3E26,
    0x01AE, 0x366E,
    0x01B0, 0x4A67,
    0x01B2, 0xAB3C,
    0x01B4, 0x7EA8,
    0x01B6, 0x9FF1,
    0x01B8, 0xE75B,
    0x01BA, 0x4DAD,
    0x01BC, 0x9C6F,
    0x01BE, 0x7820,
    0x01C0, 0xF553,
    0x01C2, 0x73C0,
    0x01C4, 0x779C,
    0x01C6, 0x79F1,
    0x01C8, 0xF76A,
    0x01CA, 0x69B3,
    0x01CC, 0x7F7F,
    0x01CE, 0xB974,
    0x01D0, 0x8AE4,
    0x01D2, 0xBBA9,
    0x01D4, 0x1B6C,
    0x01D6, 0x0916,
    0x01D8, 0x188C,
    0x01DA, 0xCADF,
    0x01DC, 0x8487,
    0x01DE, 0xB282,
    0x01E0, 0x9097,
    0x01E2, 0x82A9,
    0x01E4, 0xF771,
    0x01E6, 0x4B04,
    0x01E8, 0x6183,
    0x01EA, 0xFAA5,
    0x01EC, 0x4449,
    0x01EE, 0x73AF,
    0x01F0, 0xD0ED,
    0x01F2, 0x0E30,
    0x01F4, 0xABAD,
    0x01F6, 0x0FDD,
    0x01F8, 0x4F9A,
    0x01FA, 0x1274,
    0x01FC, 0x08B7,
    0x01FE, 0xEAF0,
    0x0200, 0xF1B5,
    0x0202, 0x5725,
    0x0204, 0x0CA5,
    0x0206, 0x5D5E,
    0x0208, 0x8D78,
    0x020A, 0x6C1D,
    0x020C, 0x9572,
    0x020E, 0xB2F2,
    0x0210, 0x9249,
    0x0212, 0x48CC,
    0x0214, 0xE8CA,
    0x0216, 0xA85F,
    0x0218, 0xAE61,
    0x021A, 0x528E,
    0x021C, 0xF568,
    0x021E, 0xBBA2,
    0x0220, 0x4873,
    0x0222, 0xDBAF,
    0x0224, 0x061A,
    0x0226, 0xB1A6,
    0x0228, 0xE957,
    0x022A, 0xCC1A,
    0x022C, 0x674C,
    0x022E, 0x7199,
    0x0230, 0x433A,
    0x0232, 0xFFF9,
    0x0234, 0x798D,
    0x0236, 0x672A,
    0x0238, 0x4BFB,
    0x023A, 0x3EC2,
    0x023C, 0x67E6,
    0x023E, 0xECDA,
    0x0240, 0x7DFE,
    0x0242, 0x7779,
    0x0244, 0xC4F5,
    0x0246, 0xEDDA,
    0x0248, 0x517B,
    0x024A, 0x752D,
    0x024C, 0xC89D,
    0x024E, 0xBE00,
    0x0250, 0xEF00,
    0x0252, 0x484B,
    0x0254, 0x8348,
    0x0256, 0x5BC9,
    0x0258, 0xF058,
    0x025A, 0xB674,
    0x025C, 0x60FC,
    0x025E, 0x8B15,
    0x0260, 0xE2F5,
    0x0262, 0x238A,
    0x0264, 0x25C8,
    0x0266, 0x9743,
    0x0268, 0xF71B,
    0x026A, 0x4611,
    0x026C, 0x8915,
    0x026E, 0x058B,
    0x0270, 0x192E,
    0x0272, 0x03CA,
    0x0274, 0xEDBA,
    0x0276, 0x0C67,
    0x0278, 0x9035,
    0x027A, 0xFC2B,
    0x027C, 0xEEDB,
    0x027E, 0x7A34,
    0x0280, 0x925B,
    0x0282, 0x61C6,
    0x0284, 0xB319,
    0x0286, 0x7378,
    0x0288, 0xD031,
    0x028A, 0xF4C2,
    0x028C, 0x849E,
    0x028E, 0x2BB0,
    0x0290, 0xB9CA,
    0x0292, 0xD1EE,
    0x0294, 0xD60B,
    0x0296, 0xB681,
    0x0298, 0x7A2E,
    0x029A, 0x217D,
    0x029C, 0xC0FD,
    0x029E, 0x3E03,
    0x02A0, 0xD4D2,
    0x02A2, 0x4BBA,
    0x02A4, 0x8698,
    0x02A6, 0x941F,
    0x02A8, 0xD8AA,
    0x02AA, 0xA422,
    0x02AC, 0x734A,
    0x02AE, 0x0A41,
    0x02B0, 0xE7E3,
    0x02B2, 0x48B8,
    0x02B4, 0x2CB7,
    0x02B6, 0x8A98,
    0x02B8, 0x7EFE,
    0x02BA, 0xF580,
    0x02BC, 0x51AC,
    0x02BE, 0x8432,
    0x02C0, 0x6FFA,
    0x02C2, 0xFB28,
    0x02C4, 0x24B8,
    0x02C6, 0xD012,
    0x02C8, 0xBFE4,
    0x02CA, 0x40EF,
    0x02CC, 0xA4AB,
    0x02CE, 0x5F37,
    0x02D0, 0x43D1,
    0x02D2, 0x756D,
    0x02D4, 0xC0BC,
    0x02D6, 0x12BC,
    0x02D8, 0x3CAC,
    0x02DA, 0x7833,
    0x02DC, 0x1FEB,
    0x02DE, 0x3B38,
    0x02E0, 0xE431,
    0x02E2, 0x1C17,
    0x02E4, 0x0E2E,
    0x02E6, 0x195F,
    0x02E8, 0x42F1,
    0x02EA, 0x24AF,
    0x02EC, 0x3875,
    0x02EE, 0x8272,
    0x02F0, 0xD0DF,
    0x02F2, 0x72EE,
    0x02F4, 0x4D3C,
    0x02F6, 0x6D00,
    0x02F8, 0x09C3,
    0x02FA, 0x509B,
    0x02FC, 0x0B60,
    0x02FE, 0x2B02,
    0x0300, 0xCF8D,
    0x0302, 0x4E6D,
    0x0304, 0xF8C3,
    0x0306, 0x149B,
    0x0308, 0xDBE6,
    0x030A, 0x80B8,
    0x030C, 0x6B0E,
    0x030E, 0x49E1,
    0x0310, 0x1497,
    0x0312, 0xA516,
    0x0314, 0x848F,
    0x0316, 0x4DAC,
    0x0318, 0x9ECA,
    0x031A, 0x274D,
    0x031C, 0x6A57,
    0x031E, 0xC059,
    0x0320, 0x47E1,
    0x0322, 0x4217,
    0x0324, 0xE0F1,
    0x0326, 0x9A06,
    0x0328, 0xDDE5,
    0x032A, 0x05E0,
    0x032C, 0x1163,
    0x032E, 0x1650,
    0x0330, 0xB7BC,
    0x0332, 0x4A6A,
    0x0334, 0x39A2,
    0x0336, 0x30F4,
    0x0338, 0xDE35,
    0x033A, 0x154E,
    0x033C, 0xDD8E,
    0x033E, 0x5717,
    0x0340, 0x95F5,
    0x0342, 0x1369,
    0x0344, 0x9F03,
    0x0346, 0xB8D2,
    0x0348, 0x6284,
    0x034A, 0x10D9,
    0x034C, 0xF34C,
    0x034E, 0x268C,
    0x0350, 0xFD03,
    0x0352, 0xCD3B,
    0x0354, 0x9DEB,
    0x0356, 0xC35F,
    0x0358, 0x63F6,
    0x035A, 0x3F82,
    0x035C, 0x2AA0,
    0x035E, 0x85BE,
    0x0360, 0x72D8,
    0x0362, 0xCFB7,
    0x0364, 0x5BAA,
    0x0366, 0x226D,
    0x0368, 0x0BE2,
    0x036A, 0xCB84,
    0x036C, 0x9E20,
    0x036E, 0xC105,
    0x0370, 0x0BD4,
    0x0372, 0x7E24,
    0x0374, 0x43F6,
    0x0376, 0xF995,
    0x0378, 0x8F8C,
    0x037A, 0x1F81,
    0x037C, 0xAAD2,
    0x037E, 0xEFB4,
    0x0380, 0x1E53,
    0x0382, 0x994F,
    0x0384, 0x6C60,
    0x0386, 0xFBC7,
    0x0388, 0x93A2,
    0x038A, 0xB6EF,
    0x038C, 0xDD8C,
    0x038E, 0xB056,
    0x0390, 0x6BCC,
    0x0392, 0xC2F0,
    0x0394, 0x0DA7,
    0x0396, 0x1AD1,
    0x0398, 0x4C37,
    0x039A, 0x80D0,
    0x039C, 0x0FE7,
    0x039E, 0x82ED,
    0x03A0, 0xEAA8,
    0x03A2, 0xC771,
    0x03A4, 0x1EEF,
    0x03A6, 0x30DE,
    0x03A8, 0xA895,
    0x03AA, 0x6C46,
    0x03AC, 0xF494,
    0x03AE, 0x1437,
    0x03B0, 0x3FEC,
    0x03B2, 0x607A,
    0x03B4, 0x01CA,
    0x03B6, 0x4A70,
    0x03B8, 0x551D,
    0x03BA, 0xF19B,
    0x03BC, 0xB26F,
    0x03BE, 0x091B,
    0x03C0, 0x173F,
    0x03C2, 0xE3A6,
    0x03C4, 0x4FDE,
    0x03C6, 0x50D2,
    0x03C8, 0x138F,
    0x03CA, 0xF285,
    0x03CC, 0xF877,
    0x03CE, 0x2528,
    0x03D0, 0xC7A6,
    0x03D2, 0xCAEE,
    0x03D4, 0x2E7F,
    0x03D6, 0x232C,
    0x03D8, 0x4332,
    0x03DA, 0x8A6B,
    0x03DC, 0xB1C2,
    0x03DE, 0x54F5,
    0x03E0, 0x3D3B,
    0x03E2, 0x8B8A,
    0x03E4, 0x8E4C,
    0x03E6, 0x2885,
    0x03E8, 0x7902,
    0x03EA, 0x75D7,
    0x03EC, 0x4EE9,
    0x03EE, 0x577C,
    0x03F0, 0x3680,
    0x03F2, 0x2856,
    0x03F4, 0x2A1C,
    0x03F6, 0xCD0F,
    0x03F8, 0x8CB6,
    0x03FA, 0x404E,
    0x03FC, 0x324D,
    0x03FE, 0x64D8,
    0x0400, 0xDCF8,
    0x0402, 0x8E8A,
    0x0404, 0xB851,
    0x0406, 0x91A0,
    0x0408, 0xD3B2,
    0x040A, 0x5AE7,
    0x040C, 0x3369,
    0x040E, 0x2977,
    0x0410, 0xA5F5,
    0x0412, 0xB73C,
    0x0414, 0xB15D,
    0x0416, 0x5E1C,
    0x0418, 0xA207,
    0x041A, 0xFA41,
    0x041C, 0x0F4F,
    0x041E, 0x53A5,
    0x0420, 0x5C5B,
    0x0422, 0x4254,
    0x0424, 0xD215,
    0x0426, 0xD66D,
    0x0428, 0xDB51,
    0x042A, 0xBB9C,
    0x042C, 0x4384,
    0x042E, 0x2619,
    0x0430, 0x584E,
    0x0432, 0x8867,
    0x0434, 0xC094,
    0x0436, 0x817F,
    0x0438, 0x53C0,
    0x043A, 0x7FAE,
    0x043C, 0xDC3A,
    0x043E, 0xE34F,
    0x0440, 0x7655,
    0x0442, 0xF214,
    0x0444, 0x8843,
    0x0446, 0x6928,
    0x0448, 0xC425,
    0x044A, 0xB960,
    0x044C, 0x6BE2,
    0x044E, 0xF6CF,
    0x0450, 0x8F32,
    0x0452, 0x9CCE,
    0x0454, 0x699F,
    0x0456, 0x5BFE,
    0x0458, 0xF504,
    0x045A, 0xEABE,
    0x045C, 0xF383,
    0x045E, 0xFED3,
    0x0460, 0x6174,
    0x0462, 0xDD2A,
    0x0464, 0xF377,
    0x0466, 0xFF2B,
    0x0468, 0x6127,
    0x046A, 0x23A6,
    0x046C, 0x840F,
    0x046E, 0x13B2,
    0x0470, 0x1350,
    0x0472, 0x0323,
    0x0474, 0xCD39,
    0x0476, 0x00BD,
    0x0478, 0xACD1,
    0x047A, 0xEDCF,
    0x047C, 0xC8DC,
    0x047E, 0x0E10,
    0x0480, 0x4EFA,
    0x0482, 0x3544,
    0x0484, 0xA3AA,
    0x0486, 0xB858,
    0x0488, 0x6773,
    0x048A, 0xD45B,
    0x048C, 0xC966,
    0x048E, 0x730A,
    0x0490, 0xEA6E,
    0x0492, 0x255D,
    0x0494, 0xA4AB,
    0x0496, 0x32B0,
    0x0498, 0x738B,
    0x049A, 0x9672,
    0x049C, 0x21BD,
    0x049E, 0xFEE0,
    0x04A0, 0x6943,
    0x04A2, 0xB6A8,
    0x04A4, 0xA738,
    0x04A6, 0x7D4A,
    0x04A8, 0x8306,
    0x04AA, 0xF1A8,
    0x04AC, 0xA7C5,
    0x04AE, 0x3208,
    0x04B0, 0x1043,
    0x04B2, 0x8621,
    0x04B4, 0x3F61,
    0x04B6, 0x6E1E,
    0x04B8, 0x0AAC,
    0x04BA, 0x1D55,
    0x04BC, 0x3BD1,
    0x04BE, 0x061A,
    0x04C0, 0xA0AA,
    0x04C2, 0xDA1B,
    0x04C4, 0x0D43,
    0x04C6, 0x5586,
    0x04C8, 0xAB10,
    0x04CA, 0x7D0A,
    0x04CC, 0xDABF,
    0x04CE, 0xF675,
    0x04D0, 0x931B,
    0x04D2, 0x7450,
    0x04D4, 0x73FF,
    0x04D6, 0x1D51,
    0x04D8, 0x7C93,
    0x04DA, 0x698B,
    0x04DC, 0x0E2F,
    0x04DE, 0xC126,
    0x04E0, 0x8266,
    0x04E2, 0x808C,
    0x04E4, 0x5894,
    0x04E6, 0x228B,
    0x04E8, 0x5B47,
    0x04EA, 0xBDBD,
    0x04EC, 0x566A,
    0x04EE, 0x6377,
    0x04F0, 0x8C3A,
    0x04F2, 0xFD12,
    0x04F4, 0x4C15,
    0x04F6, 0xB5B0,
    0x04F8, 0xF7E0,
    0x04FA, 0x14A7,
    0x04FC, 0x11C7,
    0x04FE, 0x67A6,
    0x0500, 0x56F3,
    0x0502, 0x98A0,
    0x0504, 0xCB60,
    0x0506, 0x2B3C,
    0x0508, 0x077D,
    0x050A, 0xF990,
    0x050C, 0xD342,
    0x050E, 0x6B8D,
    0x0510, 0x5444,
    0x0512, 0xDE15,
    0x0514, 0xFE2B,
    0x0516, 0x898F,
    0x0518, 0x505A,
    0x051A, 0x02BC,
    0x051C, 0xBDEF,
    0x051E, 0xF5DE,
    0x0520, 0xEB82,
    0x0522, 0x06E9,
    0x0524, 0xA590,
    0x0526, 0x170E,
    0x0528, 0x785A,
    0x052A, 0xB0C6,
    0x052C, 0xB0BA,
    0x052E, 0x848F,
    0x0530, 0x2610,
    0x0532, 0xD556,
    0x0534, 0xB53A,
    0x0536, 0xA807,
    0x0538, 0x17FD,
    0x053A, 0xC75F,
    0x053C, 0x2B4A,
    0x053E, 0x087F,
    0x0540, 0xCB91,
    0x0542, 0xEE79,
    0x0544, 0xA408,
    0x0546, 0x4C9B,
    0x0548, 0xCC72,
    0x054A, 0x6923,
    0x054C, 0xC2C9,
    0x054E, 0x0582,
    0x0550, 0x07F5,
    0x0552, 0xE828,
    0x0554, 0xAD0C,
    0x0556, 0x8E40,
    0x0558, 0x5FC6,
    0x055A, 0xCB58,
    0x055C, 0x5FA5,
    0x055E, 0xADBC,
    0x0560, 0x3C8B,
    0x0562, 0x057E,
    0x0564, 0x1EB9,
    0x0566, 0xFECC,
    0x0568, 0x82AA,
    0x056A, 0xE82B,
    0x056C, 0xC3EE,
    0x056E, 0xDBB4,
    0x0570, 0x3A15,
    0x0572, 0x614D,
    0x0574, 0x6625,
    0x0576, 0x2DF3,
    0x0578, 0x1240,
    0x057A, 0x196E,
    0x057C, 0x2A7A,
    0x057E, 0xE588,
    0x0580, 0x7B36,
    0x0582, 0x47C8,
    0x0584, 0x9C81,
    0x0586, 0x83FC,
    0x0588, 0xAD2F,
    0x058A, 0x0903,
    0x058C, 0x3C1A,
    0x058E, 0x0DC4,
    0x0590, 0x8DDF,
    0x0592, 0x4B3A,
    0x0594, 0xBA70,
    0x0596, 0x8DFC,
    0x0598, 0x694D,
    0x059A, 0x9FDB,
    0x059C, 0xF211,
    0x059E, 0x4FDC,
    0x05A0, 0xC0D3,
    0x05A2, 0xDA08,
    0x05A4, 0xAD8C,
    0x05A6, 0x9252,
    0x05A8, 0x38B1,
    0x05AA, 0x797F,
    0x05AC, 0xC2E4,
    0x05AE, 0x5490,
    0x05B0, 0xE824,
    0x05B2, 0x7CF3,
    0x05B4, 0x9798,
    0x05B6, 0xDAFC,
    0x05B8, 0x582C,
    0x05BA, 0x0C24,
    0x05BC, 0xB70E,
    0x05BE, 0x6781,
    0x05C0, 0x3FBE,
    0x05C2, 0x0454,
    0x05C4, 0x7DAD,
    0x05C6, 0xF30C,
    0x05C8, 0xE66E,
    0x05CA, 0x6300,
    0x05CC, 0x0932,
    0x05CE, 0xB091,
    0x05D0, 0xBB7E,
    0x05D2, 0x1345,
    0x05D4, 0x4B1E,
    0x05D6, 0x2419,
    0x05D8, 0x8C8F,
    0x05DA, 0xA1CC,
    0x05DC, 0x8029,
    0x05DE, 0x03A6,
    0x05E0, 0xEB04,
    0x05E2, 0xD7B4,
    0x05E4, 0x5E77,
    0x05E6, 0xF117,
    0x05E8, 0x520D,
    0x05EA, 0x7A39,
    0x05EC, 0xD74D,
    0x05EE, 0xA16C,
    0x05F0, 0x4CF1,
    0x05F2, 0xFB01,
    0x05F4, 0x89C5,
    0x05F6, 0xCE99,
    0x05F8, 0x3637,
    0x05FA, 0x5918,
    0x05FC, 0x21A6,
    0x05FE, 0x08B7,
    0x0600, 0x8CE9,
    0x0602, 0xBBB7,
    0x0604, 0xDBA1,
    0x0606, 0xA5F9,
    0x0608, 0x1392,
    0x060A, 0x8A34,
    0x060C, 0x0B7F,
    0x060E, 0x1B19,
    0x0610, 0x4404,
    0x0612, 0x5205,
    0x0614, 0x5405,
    0x0616, 0xAADC,
    0x0618, 0xB732,
    0x061A, 0x3039,
    0x061C, 0xB5EB,
    0x061E, 0xCE5C,
    0x0620, 0x19BF,
    0x0622, 0x45CC,
    0x0624, 0x355A,
    0x0626, 0x6BD4,
    0x0628, 0x42A0,
    0x062A, 0x26B0,
    0x062C, 0x7756,
    0x062E, 0x48C2,
    0x0630, 0xD241,
    0x0632, 0x6585,
    0x0634, 0xEBBB,
    0x0636, 0xB64C,
    0x0638, 0xCB41,
    0x063A, 0xD6FA,
    0x063C, 0x2FA7,
    0x063E, 0xB4FB,
    0x0640, 0x13A3,
    0x0642, 0x3EB1,
    0x0644, 0x0EE5,
    0x0646, 0xE8D9,
    0x0648, 0x569F,
    0x064A, 0x957E,
    0x064C, 0x4316,
    0x064E, 0xD46B,
    0x0650, 0x28CE,
    0x0652, 0x7538,
    0x0654, 0x86C5,
    0x0656, 0x25F0,
    0x0658, 0xA748,
    0x065A, 0x0640,
    0x065C, 0xC577,
    0x065E, 0x7ACD,
    0x0660, 0x334F,
    0x0662, 0x41A2,
    0x0664, 0x1DA0,
    0x0666, 0xEDA2,
    0x0668, 0xFD6C,
    0x066A, 0xDF2B,
    0x066C, 0xE613,
    0x066E, 0xF453,
    0x0670, 0x32A4,
    0x0672, 0x1B15,
    0x0674, 0xBBF2,
    0x0676, 0xEA1D,
    0x0678, 0xE223,
    0x067A, 0x1283,
    0x067C, 0xB0C4,
    0x067E, 0x71F1,
    0x0680, 0x3316,
    0x0682, 0x26A5,
    0x0684, 0xC48E,
    0x0686, 0xDE24,
    0x0688, 0xC481,
    0x068A, 0xF513,
    0x068C, 0x1201,
    0x068E, 0x727B,
    0x0690, 0x5A91,
    0x0692, 0xCB1D,
    0x0694, 0x3015,
    0x0696, 0xF166,
    0x0698, 0x056D,
    0x069A, 0xC622,
    0x069C, 0xEA2C,
    0x069E, 0xA2C4,
    0x06A0, 0x0A07,
    0x06A2, 0x2E76,
    0x06A4, 0x1B2D,
    0x06A6, 0x8603,
    0x06A8, 0xE668,
    0x06AA, 0x39FE,
    0x06AC, 0x27F8,
    0x06AE, 0x9F0D,
    0x06B0, 0x4B9C,
    0x06B2, 0x0247,
    0x06B4, 0x6673,
    0x06B6, 0xFE97,
    0x06B8, 0xBF1B,
    0x06BA, 0x8753,
    0x06BC, 0xBAE6,
    0x06BE, 0x77DA,
    0x06C0, 0x1F80,
    0x06C2, 0xDBC8,
    0x06C4, 0x29EE,
    0x06C6, 0x6BF8,
    0x06C8, 0x4A27,
    0x06CA, 0xCC3F,
    0x06CC, 0x3ECF,
    0x06CE, 0x0A33,
    0x06D0, 0x54D3,
    0x06D2, 0xD747,
    0x06D4, 0x374C,
    0x06D6, 0xF95D,
    0x06D8, 0x080C,
    0x06DA, 0xE3F1,
    0x06DC, 0x5576,
    0x06DE, 0x5CBE,
    0x06E0, 0xD3B3,
    0x06E2, 0x3C1C,
    0x06E4, 0xED2C,
    0x06E6, 0x44A7,
    0x06E8, 0x1F26,
    0x06EA, 0x133A,
    0x06EC, 0x8945,
    0x06EE, 0x16CE,
    0x06F0, 0xA3D1,
    0x06F2, 0x98CF,
    0x06F4, 0x86E1,
    0x06F6, 0xFA45,
    0x06F8, 0xB220,
    0x06FA, 0xB1F6,
    0x06FC, 0xA615,
    0x06FE, 0x331A,
    0x0700, 0x51E2,
    0x0702, 0xAD33,
    0x0704, 0x4E4C,
    0x0706, 0x2961,
    0x0708, 0x9C57,
    0x070A, 0x30DC,
    0x070C, 0xA496,
    0x070E, 0x44F9,
    0x0710, 0xB89D,
    0x0712, 0x3B52,
    0x0714, 0xDDFF,
    0x0716, 0xF4CB,
    0x0718, 0x2938,
    0x071A, 0x1DF1,
    0x071C, 0x3185,
    0x071E, 0xF861,
    0x0720, 0xEBA4,
    0x0722, 0xD945,
    0x0724, 0xDDCA,
    0x0726, 0x3416,
    0x0728, 0x0778,
    0x072A, 0x5272,
    0x072C, 0x48B7,
    0x072E, 0x4DA3,
    0x0730, 0x9F76,
    0x0732, 0x1EFF,
    0x0734, 0x5FF3,
    0x0736, 0xAE35,
    0x0738, 0x98A4,
    0x073A, 0x7BCC,
    0x073C, 0xC25A,
    0x073E, 0xDD5D,
    0x0740, 0x01E1,
    0x0742, 0xD69E,
    0x0744, 0xA78B,
    0x0746, 0xA4E8,
    0x0748, 0x1DA2,
    0x074A, 0x9326,
    0x074C, 0x1830,
    0x074E, 0xA03A,
    0x0750, 0x2939,
    0x0752, 0x9E89,
    0x0754, 0xAC35,
    0x0756, 0xC83E,
    0x0758, 0x8622,
    0x075A, 0x0625,
    0x075C, 0x5D97,
    0x075E, 0xE838,
    0x0760, 0xB885,
    0x0762, 0x77FC,
    0x0764, 0xDC17,
    0x0766, 0x0774,
    0x0768, 0x32E6,
    0x076A, 0x08E1,
    0x076C, 0x7A6D,
    0x076E, 0x4265,
    0x0770, 0xB98A,
    0x0772, 0x4D02,
    0x0774, 0x4960,
    0x0776, 0x031B,
    0x0778, 0x753B,
    0x077A, 0x47E6,
    0x077C, 0x5BC1,
    0x077E, 0xE947,
    0x0780, 0xA3E6,
    0x0782, 0xBC05,
    0x0784, 0x3B99,
    0x0786, 0xC4D7,
    0x0788, 0x3170,
    0x078A, 0xBB07,
    0x078C, 0x096A,
    0x078E, 0x62FA,
    0x0790, 0xB7F4,
    0x0792, 0x8464,
    0x0794, 0x1FEC,
    0x0796, 0xE633,
    0x0798, 0xDC33,
    0x079A, 0x6101,
    0x079C, 0x90F7,
    0x079E, 0x5189,
    0x07A0, 0x3A87,
    0x07A2, 0xE97D,
    0x07A4, 0x832B,
    0x07A6, 0x4644,
    0x07A8, 0x6B78,
    0x07AA, 0x08ED,
    0x07AC, 0x31F7,
    0x07AE, 0x6418,
    0x07B0, 0x188E,
    0x07B2, 0x4FDD,
    0x07B4, 0x00F7,
    0x07B6, 0x8C56,
    0x07B8, 0x2A35,
    0x07BA, 0x0D64,
    0x07BC, 0x3FD5,
    0x07BE, 0xED4D,
    0x07C0, 0x610C,
    0x07C2, 0x0FA6,
    0x07C4, 0x9D96,
    0x07C6, 0x96FC,
    0x07C8, 0x66C0,
    0x07CA, 0x24EB,
    0x07CC, 0xB330,
    0x07CE, 0xEA57,
    0x07D0, 0x8DA0,
    0x07D2, 0x669B,
    0x07D4, 0x3412,
    0x07D6, 0x4531,
    0x07D8, 0xD75B,
    0x07DA, 0x7FAB,
    0x07DC, 0xB6CF,
    0x07DE, 0xE11F,
    0x07E0, 0x6974,
    0x07E2, 0x286A,
    0x07E4, 0xEDF0,
    0x07E6, 0xC615,
    0x07E8, 0x870C,
    0x07EA, 0x103C,
    0x07EC, 0x81EE,
    0x07EE, 0xA798,
    0x07F0, 0x063E,
    0x07F2, 0x51AE,
    0x07F4, 0x8E61,
    0x07F6, 0xFD0F,
    0x07F8, 0x51B7,
    0x07FA, 0x0A2A,
    0x07FC, 0x3446,
    0x07FE, 0xC91A,
    0x0800, 0x47CD,
    0x0802, 0x3D1E,
    0x0804, 0xEFBE,
    0x0806, 0x9C8C,
    0x0808, 0xB112,
    0x080A, 0xFEE0,
    0x080C, 0xD185,
    0x080E, 0xC7A2,
    0x0810, 0x4774,
    0x0812, 0xA56F,
    0x0814, 0x9A12,
    0x0816, 0x5931,
    0x0818, 0xEDD8,
    0x081A, 0x0B49,
    0x081C, 0x52A8,
    0x081E, 0x9AF3,
    0x0820, 0xB774,
    0x0822, 0x3E8C,
    0x0824, 0x20A3,
    0x0826, 0x1FC8,
    0x0828, 0x2639,
    0x082A, 0xC9D6,
    0x082C, 0x6838,
    0x082E, 0x2503,
    0x0830, 0xB363,
    0x0832, 0x2A0B,
    0x0834, 0x08ED,
    0x0836, 0xB2A2,
    0x0838, 0x9215,
    0x083A, 0x98FD,
    0x083C, 0x9A67,
    0x083E, 0x9E56,
    0x0840, 0x0084,
    0x0842, 0xCE71,
    0x0844, 0xBDB3,
    0x0846, 0x94A1,
    0x0848, 0x44AF,
    0x084A, 0x0C09,
    0x084C, 0x837B,
    0x084E, 0xC30C,
    0x0850, 0xCB83,
    0x0852, 0x0231,
    0x0854, 0xEE71,
    0x0856, 0xBCAC,
    0x0858, 0x34DE,
    0x085A, 0x62A2,
    0x085C, 0x00B7,
    0x085E, 0x751B,
    0x0860, 0xBD2A,
    0x0862, 0xCF46,
    0x0864, 0x8822,
    0x0866, 0x6E22,
    0x0868, 0x3B71,
    0x086A, 0x3ECB,
    0x086C, 0x0532,
    0x086E, 0xC36C,
    0x0870, 0x4043,
    0x0872, 0xC256,
    0x0874, 0xD61B,
    0x0876, 0xBF11,
    0x0878, 0x6784,
    0x087A, 0xA8CA,
    0x087C, 0x4FF7,
    0x087E, 0x4065,
    0x0880, 0x0734,
    0x0882, 0xC13B,
    0x0884, 0xACF4,
    0x0886, 0x1EE4,
    0x0888, 0x2A0C,
    0x088A, 0x15F1,
    0x088C, 0x8DA9,
    0x088E, 0x2B94,
    0x0890, 0x5E49,
    0x0892, 0xBF12,
    0x0894, 0x5794,
    0x0896, 0xD828,
    0x0898, 0x7B12,
    0x089A, 0x4F30,
    0x089C, 0x7E6A,
    0x089E, 0xC552,
    0x08A0, 0xB161,
    0x08A2, 0x51A0,
    0x08A4, 0xF879,
    0x08A6, 0xD0FE,
    0x08A8, 0x6031,
    0x08AA, 0x932B,
    0x08AC, 0xA70B,
    0x08AE, 0xFEB9,
    0x08B0, 0x4085,
    0x08B2, 0xC8BD,
    0x08B4, 0x9D02,
    0x08B6, 0x2B6F,
    0x08B8, 0xCCC0,
    0x08BA, 0x539E,
    0x08BC, 0x3A57,
    0x08BE, 0x118C,
    0x08C0, 0xF6D3,
    0x08C2, 0x7320,
    0x08C4, 0x6B9D,
    0x08C6, 0xA121,
    0x08C8, 0x4CFC,
    0x08CA, 0x2962,
    0x08CC, 0x17C5,
    0x08CE, 0x4282,
    0x08D0, 0xA11A,
    0x08D2, 0x3685,
    0x08D4, 0x8DDC,
    0x08D6, 0xF2F8,
    0x08D8, 0x8271,
    0x08DA, 0x3E13,
    0x08DC, 0x9866,
    0x08DE, 0x11C9,
    0x08E0, 0x6BBB,
    0x08E2, 0x35A3,
    0x08E4, 0x2632,
    0x08E6, 0x3D53,
    0x08E8, 0xC9C7,
    0x08EA, 0x7EE1,
    0x08EC, 0xDDC7,
    0x08EE, 0xCBFD,
    0x08F0, 0x7792,
    0x08F2, 0xEF68,
    0x08F4, 0x27D8,
    0x08F6, 0x55A6,
    0x08F8, 0xE5BB,
    0x08FA, 0xEFAB,
    0x08FC, 0xAE52,
    0x08FE, 0x515C,
    0x0900, 0xFFCF,
    0x0902, 0xCAA5,
    0x0904, 0x05EE,
    0x0906, 0x23A0,
    0x0908, 0xDD05,
    0x090A, 0x84C2,
    0x090C, 0x6CB8,
    0x090E, 0xD84C,
    0x0910, 0x80AE,
    0x0912, 0x539D,
    0x0914, 0x1965,
    0x0916, 0xFB99,
    0x0918, 0xE6B3,
    0x091A, 0x25AE,
    0x091C, 0xA1EC,
    0x091E, 0xD60F,
    0x0920, 0x77C8,
    0x0922, 0x90D6,
    0x0924, 0x68A2,
    0x0926, 0x3DCF,
    0x0928, 0x0F39,
    0x092A, 0x8D05,
    0x092C, 0x1C9D,
    0x092E, 0x6EA4,
    0x0930, 0x88A6,
    0x0932, 0x0A30,
    0x0934, 0x4CC7,
    0x0936, 0xAC82,
    0x0938, 0xEAE8,
    0x093A, 0x4B75,
    0x093C, 0x2300,
    0x093E, 0xDFD6,
    0x0940, 0xEFC6,
    0x0942, 0xC858,
    0x0944, 0xF1D9,
    0x0946, 0x62DB,
    0x0948, 0x980E,
    0x094A, 0x852F,
    0x094C, 0x0B87,
    0x094E, 0x531A,
    0x0950, 0x4349,
    0x0952, 0x02D8,
    0x0954, 0x6C9D,
    0x0956, 0xAD2F,
    0x0958, 0x2807,
    0x095A, 0x7D6B,
    0x095C, 0xAC2F,
    0x095E, 0x1D93,
    0x0960, 0xA584,
    0x0962, 0x9C67,
    0x0964, 0xDB2B,
    0x0966, 0xC659,
    0x0968, 0x7E9F,
    0x096A, 0x6CA1,
    0x096C, 0x7D6A,
    0x096E, 0x85FE,
    0x0970, 0x9018,
    0x0972, 0xE5AD,
    0x0974, 0xA121,
    0x0976, 0x6EA7,
    0x0978, 0xFB58,
    0x097A, 0x1118,
    0x097C, 0x2BA7,
    0x097E, 0x7264,
    0x0980, 0x022C,
    0x0982, 0x411B,
    0x0984, 0xC1D5,
    0x0986, 0xC96A,
    0x0988, 0x36B0,
    0x098A, 0x72FF,
    0x098C, 0x26AE,
    0x098E, 0x5A27,
    0x0990, 0xE857,
    0x0992, 0x8DE9,
    0x0994, 0x87AD,
    0x0996, 0x69F8,
    0x0998, 0xAD3C,
    0x099A, 0xC124,
    0x099C, 0xB176,
    0x099E, 0x6C48,
    0x09A0, 0x5D8C,
    0x09A2, 0x72A1,
    0x09A4, 0x442E,
    0x09A6, 0x4C98,
    0x09A8, 0x1762,
    0x09AA, 0x62AE,
    0x09AC, 0x9298,
    0x09AE, 0x0C6A,
    0x09B0, 0xC618,
    0x09B2, 0x3B37,
    0x09B4, 0xEF34,
    0x09B6, 0x2900,
    0x09B8, 0xB85E,
    0x09BA, 0xDAD5,
    0x09BC, 0xCE0A,
    0x09BE, 0x4BB0,
    0x09C0, 0x8EB1,
    0x09C2, 0xE87C,
    0x09C4, 0x423A,
    0x09C6, 0x529C,
    0x09C8, 0x6056,
    0x09CA, 0x4FF8,
    0x09CC, 0xACDF,
    0x09CE, 0xC2EC,
    0x09D0, 0x9BA2,
    0x09D2, 0x5F91,
    0x09D4, 0x7DFC,
    0x09D6, 0xA594,
    0x09D8, 0xD98D,
    0x09DA, 0xC7E8,
    0x09DC, 0x5810,
    0x09DE, 0xF2F6,
    0x09E0, 0xE3B6,
    0x09E2, 0x7404,
    0x09E4, 0xBC4C,
    0x09E6, 0x3A4F,
    0x09E8, 0x7DB9,
    0x09EA, 0x23C1,
    0x09EC, 0x3936,
    0x09EE, 0x36A6,
    0x09F0, 0xC043,
    0x09F2, 0x4A49,
    0x09F4, 0xE6AB,
    0x09F6, 0x74DA,
    0x09F8, 0x0730,
    0x09FA, 0x9865,
    0x09FC, 0xA1C9,
    0x09FE, 0x8542,
    0x0A00, 0xF890,
    0x0A02, 0x9071,
    0x0A04, 0xED93,
    0x0A06, 0x68A2,
    0x0A08, 0x026A,
    0x0A0A, 0x1AA4,
    0x0A0C, 0xD5E1,
    0x0A0E, 0x097F,
    0x0A10, 0x64C9,
    0x0A12, 0xDF84,
    0x0A14, 0x721A,
    0x0A16, 0x31A8,
    0x0A18, 0x841E,
    0x0A1A, 0x2491,
    0x0A1C, 0xF932,
    0x0A1E, 0x01AB,
    0x0A20, 0x7655,
    0x0A22, 0x2635,
    0x0A24, 0x1E43,
    0x0A26, 0x129C,
    0x0A28, 0xBF23,
    0x0A2A, 0x082D,
    0x0A2C, 0x6B9B,
    0x0A2E, 0xF01F,
    0x0A30, 0x281C,
    0x0A32, 0x367E,
    0x0A34, 0xDD67,
    0x0A36, 0x1B63,
    0x0A38, 0xE295,
    0x0A3A, 0x6196,
    0x0A3C, 0xA23D,
    0x0A3E, 0xC375,
    0x0A40, 0x03E8,
    0x0A42, 0x0EE5,
    0x0A44, 0x4361,
    0x0A46, 0x0ACD,
    0x0A48, 0x177F,
    0x0A4A, 0xDA46,
    0x0A4C, 0xA485,
    0x0A4E, 0x3DD0,
    0x0A50, 0xFCD6,
    0x0A52, 0x7D21,
    0x0A54, 0x1080,
    0x0A56, 0xF7F7,
    0x0A58, 0x2190,
    0x0A5A, 0x0DC3,
    0x0A5C, 0x8B7F,
    0x0A5E, 0xBBCB,
    0x0A60, 0x1CFA,
    0x0A62, 0xDB82,
    0x0A64, 0xE7CB,
    0x0A66, 0xD50E,
    0x0A68, 0x5BA5,
    0x0A6A, 0x4A90,
    0x0A6C, 0x6F74,
    0x0A6E, 0x3E71,
    0x0A70, 0xBB4B,
    0x0A72, 0xE5B0,
    0x0A74, 0xA2C7,
    0x0A76, 0x3F6C,
    0x0A78, 0x48A4,
    0x0A7A, 0xD8B5,
    0x0A7C, 0x520D,
    0x0A7E, 0x0D54,
    0x0A80, 0xAF1C,
    0x0A82, 0x121B,
    0x0A84, 0xECE7,
    0x0A86, 0x659A,
    0x0A88, 0x1527,
    0x0A8A, 0xB50D,
    0x0A8C, 0xDB45,
    0x0A8E, 0xA87E,
    0x0A90, 0xD8F2,
    0x0A92, 0x06D4,
    0x0A94, 0x434B,
    0x0A96, 0x0C05,
    0x0A98, 0x2032,
    0x0A9A, 0x54EF,
    0x0A9C, 0xC23B,
    0x0A9E, 0x70B7,
    0x0AA0, 0x8DAE,
    0x0AA2, 0xA12E,
    0x0AA4, 0x96F5,
    0x0AA6, 0x961A,
    0x0AA8, 0x57BD,
    0x0AAA, 0x26F8,
    0x0AAC, 0xE8D1,
    0x0AAE, 0x7388,
    0x0AB0, 0x3DFA,
    0x0AB2, 0x287D,
    0x0AB4, 0x873B,
    0x0AB6, 0x7A20,
    0x0AB8, 0xE9D8,
    0x0ABA, 0x215A,
    0x0ABC, 0x0825,
    0x0ABE, 0xB676,
    0x0AC0, 0xAD8B,
    0x0AC2, 0xFD4E,
    0x0AC4, 0x59DC,
    0x0AC6, 0x802E,
    0x0AC8, 0x3C23,
    0x0ACA, 0x250F,
    0x0ACC, 0x8F8C,
    0x0ACE, 0xC17F,
    0x0AD0, 0xA387,
    0x0AD2, 0x2060,
    0x0AD4, 0xAE10,
    0x0AD6, 0x9509,
    0x0AD8, 0xA36A,
    0x0ADA, 0xA3B2,
    0x0ADC, 0x4612,
    0x0ADE, 0xADF9,
    0x0AE0, 0x04AA,
    0x0AE2, 0xE0E1,
    0x0AE4, 0x9034,
    0x0AE6, 0xDD76,
    0x0AE8, 0x8486,
    0x0AEA, 0xCD7A,
    0x0AEC, 0x0B45,
    0x0AEE, 0xE6D2,
    0x0AF0, 0x1A79,
    0x0AF2, 0x5CEF,
    0x0AF4, 0x677A,
    0x0AF6, 0x01DE,
    0x0AF8, 0xD169,
    0x0AFA, 0x859F,
    0x0AFC, 0x6419,
    0x0AFE, 0xD6AC,
    0x0B00, 0x7E54,
    0x0B02, 0xF962,
    0x0B04, 0xAAEA,
    0x0B06, 0x094B,
    0x0B08, 0x653E,
    0x0B0A, 0x4866,
    0x0B0C, 0x0754,
    0x0B0E, 0x40FB,
    0x0B10, 0x4440,
    0x0B12, 0x92BE,
    0x0B14, 0x2BC4,
    0x0B16, 0xD9A0,
    0x0B18, 0x7C71,
    0x0B1A, 0xC62F,
    0x0B1C, 0xFC61,
    0x0B1E, 0x560F,
    0x0B20, 0x531F,
    0x0B22, 0xF67B,
    0x0B24, 0x510C,
    0x0B26, 0x8064,
    0x0B28, 0x7CD2,
    0x0B2A, 0x0970,
    0x0B2C, 0x87DB,
    0x0B2E, 0x158C,
    0x0B30, 0x804D,
    0x0B32, 0x25CD,
    0x0B34, 0x0FB3,
    0x0B36, 0xF46B,
    0x0B38, 0x3ACF,
    0x0B3A, 0xEB42,
    0x0B3C, 0x2905,
    0x0B3E, 0xD82B,
    0x0B40, 0x3EF1,
    0x0B42, 0x32EE,
    0x0B44, 0x901D,
    0x0B46, 0x232D,
    0x0B48, 0x21B7,
    0x0B4A, 0xC87F,
    0x0B4C, 0xAF97,
    0x0B4E, 0xC950,
    0x0B50, 0x05DE,
    0x0B52, 0x9B96,
    0x0B54, 0x49F8,
    0x0B56, 0xD773,
    0x0B58, 0x655F,
    0x0B5A, 0x1C7E,
    0x0B5C, 0xD5AE,
    0x0B5E, 0xF2E9,
    0x0B60, 0x40D9,
    0x0B62, 0x5322,
    0x0B64, 0xBEC8,
    0x0B66, 0x51F0,
    0x0B68, 0x18F5,
    0x0B6A, 0x4DF0,
    0x0B6C, 0x5A1C,
    0x0B6E, 0xB69F,
    0x0B70, 0x25C4,
    0x0B72, 0x4728,
    0x0B74, 0x0D25,
    0x0B76, 0x8D73,
    0x0B78, 0x7331,
    0x0B7A, 0x41CF,
    0x0B7C, 0x032A,
    0x0B7E, 0xFD81,
    0x0B80, 0x359F,
    0x0B82, 0x5E45,
    0x0B84, 0x9D2C,
    0x0B86, 0xB385,
    0x0B88, 0x4C8E,
    0x0B8A, 0x776F,
    0x0B8C, 0xBC29,
    0x0B8E, 0x1C02,
    0x0B90, 0x0BD4,
    0x0B92, 0x036E,
    0x0B94, 0x66E8,
    0x0B96, 0xCFF1,
    0x0B98, 0x5699,
    0x0B9A, 0xBD44,
    0x0B9C, 0xFA6E,
    0x0B9E, 0x92B1,
    0x0BA0, 0x1549,
    0x0BA2, 0x723E,
    0x0BA4, 0x4FAB,
    0x0BA6, 0x71F3,
    0x0BA8, 0xF625,
    0x0BAA, 0x6F18,
    0x0BAC, 0xD2C9,
    0x0BAE, 0x422C,
    0x0BB0, 0xE39B,
    0x0BB2, 0x286C,
    0x0BB4, 0xB932,
    0x0BB6, 0x6CEA,
    0x0BB8, 0x3963,
    0x0BBA, 0x220F,
    0x0BBC, 0xE1CD,
    0x0BBE, 0xCEEB,
    0x0BC0, 0xC52E,
    0x0BC2, 0x68F8,
    0x0BC4, 0x99F3,
    0x0BC6, 0x6C60,
    0x0BC8, 0xC382,
    0x0BCA, 0xD2B2,
    0x0BCC, 0xCFAF,
    0x0BCE, 0x5058,
    0x0BD0, 0x2C52,
    0x0BD2, 0x44F1,
    0x0BD4, 0xD7E4,
    0x0BD6, 0x24D6,
    0x0BD8, 0xE5CF,
    0x0BDA, 0xF3B3,
    0x0BDC, 0x452F,
    0x0BDE, 0x2DAB,
    0x0BE0, 0xB526,
    0x0BE2, 0x5BD4,
    0x0BE4, 0xA6A7,
    0x0BE6, 0x3208,
    0x0BE8, 0x28A3,
    0x0BEA, 0xD32F,
    0x0BEC, 0x926A,
    0x0BEE, 0x7DB2,
    0x0BF0, 0x2895,
    0x0BF2, 0xAC19,
    0x0BF4, 0x6AD7,
    0x0BF6, 0x8EF6,
    0x0BF8, 0xBB98,
    0x0BFA, 0x3930,
    0x0BFC, 0x76B0,
    0x0BFE, 0x8B9A,
    0x0C00, 0x347B,
    0x0C02, 0xE936,
    0x0C04, 0xF522,
    0x0C06, 0x958F,
    0x0C08, 0x8E9D,
    0x0C0A, 0x3153,
    0x0C0C, 0xF48D,
    0x0C0E, 0xC091,
    0x0C10, 0x9529,
    0x0C12, 0x4F73,
    0x0C14, 0x5D53,
    0x0C16, 0xD2B3,
    0x0C18, 0x45AE,
    0x0C1A, 0x9570,
    0x0C1C, 0x5B9C,
    0x0C1E, 0xED24,
    0x0C20, 0x8AC6,
    0x0C22, 0x7CAB,
    0x0C24, 0xD149,
    0x0C26, 0xEF48,
    0x0C28, 0xEEA6,
    0x0C2A, 0x97D0,
    0x0C2C, 0x3276,
    0x0C2E, 0x2B8F,
    0x0C30, 0xD65A,
    0x0C32, 0x6F5B,
    0x0C34, 0xEB72,
    0x0C36, 0x4A4C,
    0x0C38, 0xF386,
    0x0C3A, 0x2B76,
    0x0C3C, 0x7CDA,
    0x0C3E, 0x42B4,
    0x0C40, 0x3980,
    0x0C42, 0xDC9B,
    0x0C44, 0x62BE,
    0x0C46, 0x9DB0,
    0x0C48, 0x2E2D,
    0x0C4A, 0x4849,
    0x0C4C, 0xD489,
    0x0C4E, 0x80E3,
    0x0C50, 0x5018,
    0x0C52, 0x482C,
    0x0C54, 0x19E4,
    0x0C56, 0x9295,
    0x0C58, 0xCD02,
    0x0C5A, 0xA8B2,
    0x0C5C, 0x984C,
    0x0C5E, 0xCD6E,
    0x0C60, 0xB60C,
    0x0C62, 0xB2F2,
    0x0C64, 0x63C6,
    0x0C66, 0x3EEA,
    0x0C68, 0xB759,
    0x0C6A, 0x3747,
    0x0C6C, 0x4C7F,
    0x0C6E, 0x274E,
    0x0C70, 0x3E03,
    0x0C72, 0x02B1,
    0x0C74, 0xA1C4,
    0x0C76, 0x9761,
    0x0C78, 0x3C03,
    0x0C7A, 0x092A,
    0x0C7C, 0xCBC1,
    0x0C7E, 0x8937,
    0x0C80, 0x4EFD,
    0x0C82, 0x3AFB,
    0x0C84, 0xFF63,
    0x0C86, 0x1632,
    0x0C88, 0x2115,
    0x0C8A, 0x28EE,
    0x0C8C, 0x1697,
    0x0C8E, 0x3A66,
    0x0C90, 0x560C,
    0x0C92, 0x6361,
    0x0C94, 0xCA7C,
    0x0C96, 0x7E54,
    0x0C98, 0xB32D,
    0x0C9A, 0xC4B3,
    0x0C9C, 0xC134,
    0x0C9E, 0xF14E,
    0x0CA0, 0xE23D,
    0x0CA2, 0xC1F2,
    0x0CA4, 0xE390,
    0x0CA6, 0x1B36,
    0x0CA8, 0x275B,
    0x0CAA, 0x909B,
    0x0CAC, 0xDC77,
    0x0CAE, 0x6CCE,
    0x0CB0, 0xBC9C,
    0x0CB2, 0xB41E,
    0x0CB4, 0xCB6D,
    0x0CB6, 0x5677,
    0x0CB8, 0x5FBD,
    0x0CBA, 0xBB1F,
    0x0CBC, 0xDBB3,
    0x0CBE, 0x698B,
    0x0CC0, 0x4667,
    0x0CC2, 0x1AAD,
    0x0CC4, 0xBF40,
    0x0CC6, 0xFC72,
    0x0CC8, 0xC2E8,
    0x0CCA, 0x2793,
    0x0CCC, 0x9078,
    0x0CCE, 0x2899,
    0x0CD0, 0x5E70,
    0x0CD2, 0x518B,
    0x0CD4, 0xB368,
    0x0CD6, 0x117B,
    0x0CD8, 0x64AF,
    0x0CDA, 0x71C0,
    0x0CDC, 0x8263,
    0x0CDE, 0xD53B,
    0x0CE0, 0x28B7,
    0x0CE2, 0x0C0A,
    0x0CE4, 0x7CEA,
    0x0CE6, 0xBBB6,
    0x0CE8, 0x61B0,
    0x0CEA, 0x9AF9,
    0x0CEC, 0x8E31,
    0x0CEE, 0xBE7A,
    0x0CF0, 0x2A43,
    0x0CF2, 0xF5BD,
    0x0CF4, 0xA953,
    0x0CF6, 0x71A9,
    0x0CF8, 0xCB37,
    0x0CFA, 0xAC93,
    0x0CFC, 0xC1A5,
    0x0CFE, 0x0266,
    0x0D00, 0xFDBD,
    0x0D02, 0x9673,
    0x0D04, 0x9A36,
    0x0D06, 0x2B24,
    0x0D08, 0x4E03,
    0x0D0A, 0x9AB2,
    0x0D0C, 0xC171,
    0x0D0E, 0x679E,
    0x0D10, 0x0E90,
    0x0D12, 0xEFBE,
    0x0D14, 0xDB2B,
    0x0D16, 0xE538,
    0x0D18, 0x2229,
    0x0D1A, 0x77D0,
    0x0D1C, 0x54A4,
    0x0D1E, 0xF200,
    0x0D20, 0xDB93,
    0x0D22, 0x66C0,
    0x0D24, 0x1566,
    0x0D26, 0x408A,
    0x0D28, 0x058C,
    0x0D2A, 0xA489,
    0x0D2C, 0xD764,
    0x0D2E, 0x9FF0,
    0x0D30, 0x62A0,
    0x0D32, 0x547B,
    0x0D34, 0xE05C,
    0x0D36, 0xDFD2,
    0x0D38, 0x7D84,
    0x0D3A, 0x2033,
    0x0D3C, 0x77B4,
    0x0D3E, 0x87A7,
    0x0D40, 0x9C2D,
    0x0D42, 0x39CB,
    0x0D44, 0x923A,
    0x0D46, 0x2DDA,
    0x0D48, 0x9FA3,
    0x0D4A, 0x29E1,
    0x0D4C, 0xFCFC,
    0x0D4E, 0x214E,
    0x0D50, 0x9276,
    0x0D52, 0xE63E,
    0x0D54, 0x8252,
    0x0D56, 0x327D,
    0x0D58, 0xA5CC,
    0x0D5A, 0x01E4,
    0x0D5C, 0xEA97,
    0x0D5E, 0x8B73,
    0x0D60, 0x0455,
    0x0D62, 0x556A,
    0x0D64, 0xFFD6,
    0x0D66, 0x473F,
    0x0D68, 0xD8AE,
    0x0D6A, 0x4B6E,
    0x0D6C, 0x8EC3,
    0x0D6E, 0x49F8,
    0x0D70, 0xC87D,
    0x0D72, 0x057B,
    0x0D74, 0x5883,
    0x0D76, 0x3A2D,
    0x0D78, 0x212A,
    0x0D7A, 0x2B3A,
    0x0D7C, 0x2379,
    0x0D7E, 0xB829,
    0x0D80, 0x3FE8,
    0x0D82, 0xE44D,
    0x0D84, 0xB8A9,
    0x0D86, 0x9723,
    0x0D88, 0xFE34,
    0x0D8A, 0x88C6,
    0x0D8C, 0x9D7A,
    0x0D8E, 0x500F,
    0x0D90, 0x13F6,
    0x0D92, 0xBAB3,
    0x0D94, 0x90DB,
    0x0D96, 0x39BE,
    0x0D98, 0xAE2C,
    0x0D9A, 0xC191,
    0x0D9C, 0xE4EE,
    0x0D9E, 0xFDC9,
    0x0DA0, 0x3942,
    0x0DA2, 0xC590,
    0x0DA4, 0x696F,
    0x0DA6, 0x7F6D,
    0x0DA8, 0x30CA,
    0x0DAA, 0xB690,
    0x0DAC, 0xC9CE,
    0x0DAE, 0x7E07,
    0x0DB0, 0xB2B1,
    0x0DB2, 0x9AE5,
    0x0DB4, 0xD7A5,
    0x0DB6, 0x6B19,
    0x0DB8, 0xE7E2,
    0x0DBA, 0x4491,
    0x0DBC, 0x1CFC,
    0x0DBE, 0xACAB,
    0x0DC0, 0x3DA3,
    0x0DC2, 0x6D40,
    0x0DC4, 0x1770,
    0x0DC6, 0xE570,
    0x0DC8, 0x59B5,
    0x0DCA, 0xB424,
    0x0DCC, 0x4185,
    0x0DCE, 0x7B76,
    0x0DD0, 0xE951,
    0x0DD2, 0xCAAE,
    0x0DD4, 0x59F5,
    0x0DD6, 0x11E2,
    0x0DD8, 0x03C5,
    0x0DDA, 0xF32B,
    0x0DDC, 0x4DB1,
    0x0DDE, 0x2051,
    0x0DE0, 0x5F0A,
    0x0DE2, 0x5BEB,
    0x0DE4, 0x2E37,
    0x0DE6, 0x17F7,
    0x0DE8, 0x781E,
    0x0DEA, 0x239F,
    0x0DEC, 0x4CD3,
    0x0DEE, 0x2322,
    0x0DF0, 0xCD74,
    0x0DF2, 0x8C7B,
    0x0DF4, 0x8294,
    0x0DF6, 0x3ADF,
    0x0DF8, 0x21C5,
    0x0DFA, 0x152E,
    0x0DFC, 0x8D84,
    0x0DFE, 0x9727,
    0x0E00, 0xB177,
    0x0E02, 0xAE28,
    0x0E04, 0xC611,
    0x0E06, 0xD45C,
    0x0E08, 0x736B,
    0x0E0A, 0x28A7,
    0x0E0C, 0x27BD,
    0x0E0E, 0x6621,
    0x0E10, 0x2790,
    0x0E12, 0x1B8B,
    0x0E14, 0x3937,
    0x0E16, 0xAA46,
    0x0E18, 0xA730,
    0x0E1A, 0x8655,
    0x0E1C, 0xBDB3,
    0x0E1E, 0x0603,
    0x0E20, 0x0704,
    0x0E22, 0x9A84,
    0x0E24, 0x6D1F,
    0x0E26, 0x4046,
    0x0E28, 0x62F7,
    0x0E2A, 0x2F2D,
    0x0E2C, 0x2F1D,
    0x0E2E, 0x5A37,
    0x0E30, 0xDEEC,
    0x0E32, 0x4860,
    0x0E34, 0x6D48,
    0x0E36, 0xFC91,
    0x0E38, 0xCA62,
    0x0E3A, 0x68A8,
    0x0E3C, 0x2012,
    0x0E3E, 0xE205,
    0x0E40, 0xF443,
    0x0E42, 0x03A4,
    0x0E44, 0x39CE,
    0x0E46, 0xA1EB,
    0x0E48, 0x7FFE,
    0x0E4A, 0x1752,
    0x0E4C, 0x73F4,
    0x0E4E, 0x53B1,
    0x0E50, 0xEAF8,
    0x0E52, 0xA80D,
    0x0E54, 0x75C7,
    0x0E56, 0x0945,
    0x0E58, 0x5EC6,
    0x0E5A, 0xE685,
    0x0E5C, 0x15AA,
    0x0E5E, 0x13C9,
    0x0E60, 0xCA8D,
    0x0E62, 0x7C59,
    0x0E64, 0x0A26,
    0x0E66, 0xD125,
    0x0E68, 0xC442,
    0x0E6A, 0xF548,
    0x0E6C, 0xFC50,
    0x0E6E, 0xA5D2,
    0x0E70, 0x19AA,
    0x0E72, 0x3D3C,
    0x0E74, 0x6695,
    0x0E76, 0xFA8F,
    0x0E78, 0x4A34,
    0x0E7A, 0x4A2C,
    0x0E7C, 0x5440,
    0x0E7E, 0x6D32,
    0x0E80, 0xAE6B,
    0x0E82, 0x2472,
    0x0E84, 0x70BA,
    0x0E86, 0x039C,
    0x0E88, 0xAF22,
    0x0E8A, 0xAF3B,
    0x0E8C, 0x89C6,
    0x0E8E, 0xB369,
    0x0E90, 0xA804,
    0x0E92, 0x5574,
    0x0E94, 0x92F6,
    0x0E96, 0x944A,
    0x0E98, 0x7629,
    0x0E9A, 0x6FF6,
    0x0E9C, 0x0618,
    0x0E9E, 0x2681,
    0x0EA0, 0x26A1,
    0x0EA2, 0x8275,
    0x0EA4, 0x334E,
    0x0EA6, 0x9488,
    0x0EA8, 0xBCB4,
    0x0EAA, 0x3643,
    0x0EAC, 0x6EEB,
    0x0EAE, 0xC21B,
    0x0EB0, 0x4059,
    0x0EB2, 0x0E45,
    0x0EB4, 0x7240,
    0x0EB6, 0x4B12,
    0x0EB8, 0xFE71,
    0x0EBA, 0x0299,
    0x0EBC, 0x7BE0,
    0x0EBE, 0x7CCF,
    0x0EC0, 0x31A8,
    0x0EC2, 0x96D4,
    0x0EC4, 0xDE42,
    0x0EC6, 0x8900,
    0x0EC8, 0x97ED,
    0x0ECA, 0x5410,
    0x0ECC, 0x39E7,
    0x0ECE, 0xDD95,
    0x0ED0, 0x4A2B,
    0x0ED2, 0x4073,
    0x0ED4, 0xF715,
    0x0ED6, 0xADF9,
    0x0ED8, 0x4B68,
    0x0EDA, 0xB075,
    0x0EDC, 0xFFE2,
    0x0EDE, 0xB30D,
    0x0EE0, 0x58E8,
    0x0EE2, 0x2764,
    0x0EE4, 0xDECE,
    0x0EE6, 0x88C1,
    0x0EE8, 0xB9A8,
    0x0EEA, 0x5D86,
    0x0EEC, 0x0E15,
    0x0EEE, 0xD081,
    0x0EF0, 0x1398,
    0x0EF2, 0x40FA,
    0x0EF4, 0x8A9F,
    0x0EF6, 0x7C1F,
    0x0EF8, 0x0C4C,
    0x0EFA, 0x50DB,
    0x0EFC, 0x1E01,
    0x0EFE, 0x0FA8,
    0x0F00, 0xE0E7,
    0x0F02, 0x5E00,
    0x0F04, 0x15FD,
    0x0F06, 0x95C9,
    0x0F08, 0x84CA,
    0x0F0A, 0x76D3,
    0x0F0C, 0xE8AD,
    0x0F0E, 0xFAE8,
    0x0F10, 0x2BE9,
    0x0F12, 0x978D,
    0x0F14, 0xDDC3,
    0x0F16, 0x961B,
    0x0F18, 0x8050,
    0x0F1A, 0xD34C,
    0x0F1C, 0xE336,
    0x0F1E, 0x9902,
    0x0F20, 0x69F4,
    0x0F22, 0x0CBB,
    0x0F24, 0x66A0,
    0x0F26, 0x7BF2,
    0x0F28, 0xA3CE,
    0x0F2A, 0x707F,
    0x0F2C, 0xFB53,
    0x0F2E, 0x3FFD,
    0x0F30, 0xC8F6,
    0x0F32, 0x81B1,
    0x0F34, 0xD0F5,
    0x0F36, 0x7949,
    0x0F38, 0x8DE5,
    0x0F3A, 0x591F,
    0x0F3C, 0x9B5A,
    0x0F3E, 0xF7C9,
    0x0F40, 0xCA70,
    0x0F42, 0x8593,
    0x0F44, 0x9F74,
    0x0F46, 0x7EED,
    0x0F48, 0x149C,
    0x0F4A, 0x7732,
    0x0F4C, 0xAB99,
    0x0F4E, 0xD216,
    0x0F50, 0x74B3,
    0x0F52, 0x3AAF,
    0x0F54, 0xFDF5,
    0x0F56, 0xBFD7,
    0x0F58, 0xC62D,
    0x0F5A, 0x3AAB,
    0x0F5C, 0x7E96,
    0x0F5E, 0x3BC8,
    0x0F60, 0x8865,
    0x0F62, 0xCD3D,
    0x0F64, 0x6D4E,
    0x0F66, 0x2E5D,
    0x0F68, 0x5AD4,
    0x0F6A, 0xF74B,
    0x0F6C, 0x922A,
    0x0F6E, 0x8116,
    0x0F70, 0x4F88,
    0x0F72, 0xA09D,
    0x0F74, 0x29E2,
    0x0F76, 0x9AF5,
    0x0F78, 0x025D,
    0x0F7A, 0xAE11,
    0x0F7C, 0x79C7,
    0x0F7E, 0x6EEE,
    0x0F80, 0x7C70,
    0x0F82, 0x25D7,
    0x0F84, 0xC192,
    0x0F86, 0x8617,
    0x0F88, 0x12E4,
    0x0F8A, 0x3678,
    0x0F8C, 0x8E06,
    0x0F8E, 0xE645,
    0x0F90, 0x6F20,
    0x0F92, 0x1C11,
    0x0F94, 0x37C5,
    0x0F96, 0x194B,
    0x0F98, 0x5F41,
    0x0F9A, 0x0A3C,
    0x0F9C, 0xD818,
    0x0F9E, 0x1081,
    0x0FA0, 0x1696,
    0x0FA2, 0xB313,
    0x0FA4, 0xD30D,
    0x0FA6, 0xB9F6,
    0x0FA8, 0x12FE,
    0x0FAA, 0x4D12,
    0x0FAC, 0x2204,
    0x0FAE, 0x1430,
    0x0FB0, 0xAE4F,
    0x0FB2, 0xA0B5,
    0x0FB4, 0x8976,
    0x0FB6, 0x7CB0,
    0x0FB8, 0x1970,
    0x0FBA, 0xB7EA,
    0x0FBC, 0x1A77,
    0x0FBE, 0xA557,
    0x0FC0, 0x9CDE,
    0x0FC2, 0x0F61,
    0x0FC4, 0xF763,
    0x0FC6, 0x65DF,
    0x0FC8, 0x646D,
    0x0FCA, 0xD0AD,
    0x0FCC, 0x52C2,
    0x0FCE, 0x97D0,
    0x0FD0, 0xBEB1,
    0x0FD2, 0x2C51,
    0x0FD4, 0xF1CC,
    0x0FD6, 0x0922,
    0x0FD8, 0x1D29,
    0x0FDA, 0x93AF,
    0x0FDC, 0xA928,
    0x0FDE, 0xE3F7,
    0x0FE0, 0x530A,
    0x0FE2, 0x207B,
    0x0FE4, 0x5F83,
    0x0FE6, 0xB3A5,
    0x0FE8, 0x63E5,
    0x0FEA, 0xCB2A,
    0x0FEC, 0x3324,
    0x0FEE, 0x77F8,
    0x0FF0, 0xF495,
    0x0FF2, 0xC942,
    0x0FF4, 0x7314,
    0x0FF6, 0xE2DC,
    0x0FF8, 0x8692,
    0x0FFA, 0x2635,
    0x0FFC, 0xA145,
    0x0FFE, 0x7CD3,
    0x1000, 0x73D4,
    0x1002, 0x0C30,
    0x1004, 0x77EA,
    0x1006, 0xDF3D,
    0x1008, 0x95CA,
    0x100A, 0x21D3,
    0x100C, 0x77F0,
    0x100E, 0x7980,
    0x1010, 0x0DC7,
    0x1012, 0x6AA6,
    0x1014, 0xE3A5,
    0x1016, 0x2F6F,
    0x1018, 0x4A84,
    0x101A, 0x5652,
    0x101C, 0x637E,
    0x101E, 0x39EA,
    0x1020, 0x6BD6,
    0x1022, 0x9D46,
    0x1024, 0x5773,
    0x1026, 0x2F55,
    0x1028, 0x18DC,
    0x102A, 0xEAD3,
    0x102C, 0x1A40,
    0x102E, 0xE616,
    0x1030, 0xC5D9,
    0x1032, 0x84BC,
    0x1034, 0x4BE5,
    0x1036, 0x2F37,
    0x1038, 0x3866,
    0x103A, 0xC105,
    0x103C, 0x6870,
    0x103E, 0xA1C4,
    0x1040, 0x0959,
    0x1042, 0x696C,
    0x1044, 0x0E05,
    0x1046, 0xB84F,
    0x1048, 0x1B6D,
    0x104A, 0x379A,
    0x104C, 0xBA02,
    0x104E, 0x8A79,
    0x1050, 0xAB08,
    0x1052, 0x5DFB,
    0x1054, 0xE5E9,
    0x1056, 0x1EF6,
    0x1058, 0x7AC2,
    0x105A, 0x8EFA,
    0x105C, 0x64AB,
    0x105E, 0x3B6A,
    0x1060, 0xE62B,
    0x1062, 0xAF72,
    0x1064, 0x26E9,
    0x1066, 0x9DB2,
    0x1068, 0x5683,
    0x106A, 0x1933,
    0x106C, 0x5D99,
    0x106E, 0xF61A,
    0x1070, 0x5377,
    0x1072, 0x52D3,
    0x1074, 0x5EAB,
    0x1076, 0xC56D,
    0x1078, 0x22F5,
    0x107A, 0x9843,
    0x107C, 0x5ECD,
    0x107E, 0xCA56,
    0x1080, 0x0B7A,
    0x1082, 0x31D4,
    0x1084, 0x4FED,
    0x1086, 0xDA38,
    0x1088, 0xCC83,
    0x108A, 0x85C4,
    0x108C, 0xC096,
    0x108E, 0x81EF,
    0x1090, 0x3D55,
    0x1092, 0x87B9,
    0x1094, 0x98FA,
    0x1096, 0x2996,
    0x1098, 0xD9EA,
    0x109A, 0xF4B5,
    0x109C, 0x28C7,
    0x109E, 0xFDF8,
    0x10A0, 0xE614,
    0x10A2, 0xE26E,
    0x10A4, 0xEEDA,
    0x10A6, 0x4E82,
    0x10A8, 0x5B6D,
    0x10AA, 0x1BE4,
    0x10AC, 0xE100,
    0x10AE, 0xDD74,
    0x10B0, 0x6226,
    0x10B2, 0x1893,
    0x10B4, 0x33F2,
    0x10B6, 0x6A0A,
    0x10B8, 0x5E2A,
    0x10BA, 0x4D70,
    0x10BC, 0xDEAA,
    0x10BE, 0x9CAE,
    0x10C0, 0x068E,
    0x10C2, 0xEA21,
    0x10C4, 0xFDF2,
    0x10C6, 0xA3F2,
    0x10C8, 0x7F89,
    0x10CA, 0xCF94,
    0x10CC, 0x3ACF,
    0x10CE, 0x38E8,
    0x10D0, 0xA57F,
    0x10D2, 0x66A7,
    0x10D4, 0x6FDF,
    0x10D6, 0x2BD7,
    0x10D8, 0x59A5,
    0x10DA, 0xB305,
    0x10DC, 0xF401,
    0x10DE, 0x3E56,
    0x10E0, 0x5836,
    0x10E2, 0x439F,
    0x10E4, 0x9607,
    0x10E6, 0x7067,
    0x10E8, 0x9E9D,
    0x10EA, 0x098E,
    0x10EC, 0x5370,
    0x10EE, 0xCB6D,
    0x10F0, 0xA198,
    0x10F2, 0x199D,
    0x10F4, 0x7F33,
    0x10F6, 0x7294,
    0x10F8, 0x9FC8,
    0x10FA, 0x7AA3,
    0x10FC, 0x6160,
    0x10FE, 0xB18B,
    0x1100, 0xFA69,
    0x1102, 0x6E59,
    0x1104, 0xED8E,
    0x1106, 0x56A3,
    0x1108, 0xD0CA,
    0x110A, 0xFE90,
    0x110C, 0x8644,
    0x110E, 0x569E,
    0x1110, 0xD65C,
    0x1112, 0xD166,
    0x1114, 0x60F2,
    0x1116, 0x7A92,
    0x1118, 0xA766,
    0x111A, 0x0D8F,
    0x111C, 0xCA7C,
    0x111E, 0x0136,
    0x1120, 0x0D21,
    0x1122, 0x3797,
    0x1124, 0x5700,
    0x1126, 0x4058,
    0x1128, 0xD527,
    0x112A, 0xFDBA,
    0x112C, 0x1E3D,
    0x112E, 0x0A7C,
    0x1130, 0x4911,
    0x1132, 0x2EA0,
    0x1134, 0x47F2,
    0x1136, 0x00AC,
    0x1138, 0xDBB1,
    0x113A, 0xCD86,
    0x113C, 0xA791,
    0x113E, 0x47B8,
    0x1140, 0x2C9E,
    0x1142, 0x0000,
    0xFCFC, 0x4000,
};

static u16 hhuwide_sensor_init_pre_setting_short[] = {
    0xFCFC, 0x4000,
    0x0000, 0x000E,
    0x0000, 0x38E5,
    0x6018, 0x0001,
    0x7002, 0x0408,
    0x6014, 0x0001,
    0xFCFC, 0x2002,
    0x1E92, 0x8000,
    0x1E84, 0x282B,
    0x1E86, 0x0320,
    0xFCFC, 0x4000,
    0x7002, 0x0008,
};

static u16 hhuwide_sensor_init_setting_short[] = {
    0xFCFC, 0x2000,
    0xDCF0, 0x0000,
    0xFCFC, 0x2001,
    0x3C60, 0x0000,
    0xFCFC, 0x4000,
    0x6170, 0xFFFF,
    0x6180, 0x0000,
    0x6190, 0x0000,
    0x6200, 0xFFFF,
    0x6202, 0xFFFF,
    0x6204, 0x0000,
    0x6206, 0x0000,
    0x6208, 0x0000,
    0xA100, 0xFFFF,
    0xA102, 0x0000,
    0xA104, 0x0000,
    0xFCFC, 0x4001,
    0x0100, 0xFFFF,
    0x0102, 0xFFFF,
    0x0104, 0x0000,
    0x0106, 0x0000,
    0x0108, 0x0000,
    0xFCFC, 0x4000,
    0x8100, 0xFFFF,
    0x8104, 0x0000,
    0x8108, 0x0000,
    0xFCFC, 0x4000,
    0x0136, 0x1800,
    0x013E, 0x0000,
    0x0304, 0x0003,
    0x0306, 0x00E6,
    0x030C, 0x0000,
    0x030E, 0x0003,
    0x0310, 0x00B2,
    0x0312, 0x0000,
    0x031A, 0x0003,
    0x031C, 0x0028,
    0x031E, 0x0002,
    0x011C, 0x0100,
    0xFCFC, 0x2002,
    0x849C, 0x0100,
    0x849E, 0x0000,
    0x84A0, 0x0000,
    0x84A2, 0x0005,
    0x84A4, 0x0000,
    0x84A6, 0x0000,
    0x84A8, 0x0000,
    0x84AA, 0x0001,
    0x84AC, 0x01FF,
    0x84B0, 0x8089,
    0x84B2, 0x0000,
    0x84B4, 0x8889,
    0x84B6, 0x0000,
    0x84B8, 0xC097,
    0x84BA, 0x0000,
    0x84BC, 0xA60E,
    0x84BE, 0x0000,
    0x84C0, 0x2206,
    0x84C2, 0x0000,
    0x84C4, 0x002D,
    0x84C8, 0x54C6,
    0x84CA, 0x0224,
    0x84CC, 0x44AB,
    0x84CE, 0x0224,
    0x84D0, 0x44AB,
    0x84D2, 0x0224,
    0x84D4, 0x44AB,
    0x84D6, 0x0224,
    0x84D8, 0x44AB,
    0x84DA, 0x0224,
    0x84DC, 0x44AB,
    0x84DE, 0x0224,
    0xA548, 0x00EA,
    0xA54A, 0x0000,
    0xA54C, 0x0000,
    0xA54E, 0x0000,
    0xA550, 0x0000,
    0xA552, 0x0000,
    0xA554, 0x0000,
    0xA556, 0x0000,
    0xA558, 0x0000,
    0xA55A, 0x0000,
    0xA55C, 0x0000,
    0xA55E, 0x0000,
    0xA560, 0x0000,
    0xA562, 0x0000,
    0xA564, 0x0000,
    0xA566, 0x0000,
    0xA568, 0x0000,
    0xA56A, 0x0000,
    0xA56C, 0x0000,
    0xA56E, 0x0000,
    0xA570, 0x0000,
    0xA572, 0x0000,
    0xA574, 0x0055,
    0xA576, 0x0000,
    0xA578, 0x0000,
    0xA57A, 0x0000,
    0xA57C, 0x0000,
    0xA57E, 0x0000,
    0xA580, 0x0000,
    0xA582, 0x0000,
    0xA584, 0x0000,
    0xA586, 0x0000,
    0xA588, 0x0000,
    0xA58A, 0x0000,
    0xA58C, 0x0000,
    0xA58E, 0x0000,
    0xA590, 0x0000,
    0xA592, 0x0000,
    0xA594, 0x0000,
    0xA596, 0x0000,
    0xA598, 0x0000,
    0xA59A, 0x0000,
    0xA59C, 0x0000,
    0xA59E, 0x0000,
    0xA5A0, 0x0100,
    0xA5A2, 0x00B0,
    0xA5A4, 0x0000,
    0xA5A6, 0x0000,
    0xA5A8, 0x0000,
    0xA5AA, 0x0000,
    0xA5AC, 0x0000,
    0xA5AE, 0x0000,
    0xA5B0, 0x0000,
    0xA5B2, 0x0000,
    0xA5B4, 0x0000,
    0xA5B6, 0x0000,
    0xA5B8, 0x0000,
    0xA5BA, 0x0000,
    0xA5BC, 0x0000,
    0xA5BE, 0x0000,
    0xA5C0, 0x0000,
    0xA5C2, 0x0000,
    0xA5C4, 0x0000,
    0xA5C6, 0x0000,
    0xA5C8, 0x0000,
    0xA5CA, 0x0000,
    0xA5CC, 0x0000,
    0xA5CE, 0x0000,
    0xA5D0, 0x0000,
    0xA5D2, 0x0000,
    0xA5D4, 0x0000,
    0xA5D6, 0x0000,
    0xA5D8, 0x0000,
    0xA5DA, 0x0000,
    0xA5DC, 0x0000,
    0xA5DE, 0x0000,
    0xA5E0, 0x0000,
    0xA5E2, 0x0000,
    0xA5E4, 0x0000,
    0xA5E6, 0x0000,
    0xA5E8, 0x0000,
    0xA5EA, 0x0000,
    0xA5EC, 0x000F,
    0xA5EE, 0x000F,
    0xA5F0, 0x000F,
    0xA5F2, 0x000F,
    0xA5F4, 0x0000,
    0xA5F6, 0x0000,
    0xA5F8, 0x0000,
    0xA5FA, 0x0000,
    0xA5FC, 0x0000,
    0xA5FE, 0x0000,
    0xA600, 0x0000,
    0xA602, 0x0000,
    0xA604, 0x0000,
    0xA606, 0x000A,
    0xBB84, 0x00AB,
    0xBB86, 0x0000,
    0xBB88, 0x0000,
    0xBB8A, 0x0100,
    0xBB8C, 0x0800,
    0xBB8E, 0x1000,
    0xBB90, 0x2000,
    0xBB92, 0x9A00,
    0xBB94, 0x9A00,
    0xBB96, 0x9A00,
    0xBB98, 0x9A00,
    0xBB9A, 0x9600,
    0xBB9C, 0x9600,
    0xBB9E, 0x9600,
    0xBBA0, 0x9600,
    0xBBA2, 0x9300,
    0xBBA4, 0x9300,
    0xBBA6, 0x9300,
    0xBBA8, 0x9300,
    0xBBAA, 0x9000,
    0xBBAC, 0x9000,
    0xBBAE, 0x9000,
    0xBBB0, 0x9000,
    0xBBB2, 0x8D00,
    0xBBB4, 0x8D00,
    0xBBB6, 0x8D00,
    0xBBB8, 0x8D00,
    0xBBBA, 0x3F00,
    0xBBBC, 0x3F00,
    0xBBBE, 0x3F00,
    0xBBC0, 0x3F00,
    0xBBC2, 0x1E00,
    0xBBC4, 0x1E00,
    0xBBC6, 0x1E00,
    0xBBC8, 0x1E00,
    0xBBCA, 0x0000,
    0xBBCC, 0x0000,
    0xBBCE, 0x0000,
    0xBBD0, 0x0000,
    0xBBD2, 0x0800,
    0xBBD4, 0x0800,
    0xBBD6, 0x0800,
    0xBBD8, 0x0800,
    0xBBDA, 0x0000,
    0xBBDC, 0x0000,
    0xBBDE, 0x0000,
    0xBBE0, 0x0000,
    0xBBE2, 0x3F00,
    0xBBE4, 0x3F00,
    0xBBE6, 0x3F00,
    0xBBE8, 0x3F00,
    0xBBEA, 0x3400,
    0xBBEC, 0x3400,
    0xBBEE, 0x3400,
    0xBBF0, 0x3400,
    0xBBF2, 0x0A00,
    0xBBF4, 0x0A00,
    0xBBF6, 0x0A00,
    0xBBF8, 0x0A00,
    0xBBFA, 0x1000,
    0xBBFC, 0x1000,
    0xBBFE, 0x1000,
    0xBC00, 0x1000,
    0xBC02, 0x0600,
    0xBC04, 0x0600,
    0xBC06, 0x0600,
    0xBC08, 0x0600,
    0xBC0A, 0x0C00,
    0xBC0C, 0x0C00,
    0xBC0E, 0x0C00,
    0xBC10, 0x0C00,
    0xBC12, 0x0000,
    0xBC14, 0x0000,
    0xBC16, 0x0000,
    0xBC18, 0x0000,
    0xBC1A, 0x1000,
    0xBC1C, 0x1000,
    0xBC1E, 0x1000,
    0xBC20, 0x1000,
    0xBC22, 0x1000,
    0xBC24, 0x1000,
    0xBC26, 0x1000,
    0xBC28, 0x1000,
    0xBC2A, 0x2000,
    0xBC2C, 0x1000,
    0xBC2E, 0x1000,
    0xBC30, 0x1000,
    0xBC32, 0x0600,
    0xBC34, 0x0600,
    0xBC36, 0x0600,
    0xBC38, 0x0600,
    0xBC3A, 0x1C00,
    0xBC3C, 0x1C00,
    0xBC3E, 0x1C00,
    0xBC40, 0x1C00,
    0xBC42, 0x0600,
    0xBC44, 0x0600,
    0xBC46, 0x0600,
    0xBC48, 0x0600,
    0xBC4A, 0x2A00,
    0xBC4C, 0x2A00,
    0xBC4E, 0x2A00,
    0xBC50, 0x2A00,
    0xBC52, 0x0200,
    0xBC54, 0x0200,
    0xBC56, 0x0200,
    0xBC58, 0x0200,
    0xBC5A, 0x1000,
    0xBC5C, 0x1000,
    0xBC5E, 0x1000,
    0xBC60, 0x1000,
    0xBC62, 0x0E00,
    0xBC64, 0x0E00,
    0xBC66, 0x0E00,
    0xBC68, 0x0E00,
    0xBC6A, 0x2800,
    0xBC6C, 0x2800,
    0xBC6E, 0x2800,
    0xBC70, 0x2800,
    0xBC72, 0x1800,
    0xBC74, 0x1800,
    0xBC76, 0x1800,
    0xBC78, 0x1800,
    0xBC7A, 0x0800,
    0xBC7C, 0x0800,
    0xBC7E, 0x0800,
    0xBC80, 0x0800,
    0xBC82, 0x0000,
    0xBC84, 0x0000,
    0xBC86, 0x0000,
    0xBC88, 0x0000,
    0xBC8A, 0x2400,
    0xBC8C, 0x2400,
    0xBC8E, 0x2400,
    0xBC90, 0x2400,
    0xBC92, 0x004D,
    0xFCFC, 0x2000,
    0x68D8, 0x0100,
    0xFCFC, 0x2002,
    0xBC92, 0x0100,
    0xFCFC, 0x4000,
    0x0E04, 0x1C03,
    0x0E10, 0x0100,
    0x0E12, 0x00A0,
    0x0E14, 0x0C84,
    0x0E16, 0x012B,
    0x0E18, 0x0400,
    0x0E1A, 0x3000,
    0x0E1C, 0x0100,
    0x0E1E, 0x00A0,
    0x0E20, 0x0C84,
    0x0E22, 0x022B,
    0x0E24, 0x0300,
    0x0E26, 0x3000,
    0xFCFC, 0x2000,
    0x22E4, 0x0300,
    0x2338, 0x0101,
    0xFCFC, 0x2000,
    0xDD6C, 0xB47E,
    0xDD6E, 0xB67E,
    0xDE34, 0x0000,
    0xDE36, 0x9231,
    0xFCFC, 0x4000,
    0x0B30, 0x01FF,
    0xFCFC, 0x2000,
    0x3D44, 0x0000,
    0x3D88, 0xFCFC,
    0x3D8A, 0xFEFF,
    0x3D8C, 0xFCFC,
    0x3D8E, 0xFEFF,
    0x3D90, 0xFCFC,
    0x3D92, 0xFEFF,
    0x3FE0, 0x0324,
    0x3FE2, 0xA885,
    0x3FE4, 0x0324,
    0x3FE6, 0x0080,
    0x3FE8, 0x0000,
    0x3FEA, 0x0000,
    0x4238, 0x0324,
    0x423A, 0xA885,
    0x423C, 0x0324,
    0x423E, 0xE482,
    0x4240, 0x0000,
    0x4242, 0x0000,
    0x4490, 0x0324,
    0x4492, 0xA885,
    0x4494, 0x0324,
    0x4496, 0x5083,
    0x4498, 0x0000,
    0x449A, 0x0000,
    0x46E8, 0x0324,
    0x46EA, 0xA885,
    0x46EC, 0x0324,
    0x46EE, 0x9C83,
    0x46F0, 0x0000,
    0x46F2, 0x0000,
    0x4940, 0x0324,
    0x4942, 0xA885,
    0x4944, 0x0000,
    0x4946, 0x0000,
    0x4948, 0x0000,
    0x494A, 0x0000,
    0x4B98, 0x0324,
    0x4B9A, 0xA885,
    0x4B9C, 0x0324,
    0x4B9E, 0x9C83,
    0x4BA0, 0x0324,
    0x4BA2, 0x9C8C,
    0x4DF0, 0x0324,
    0x4DF2, 0xA885,
    0x4DF4, 0x0324,
    0x4DF6, 0x088D,
    0x4DF8, 0x0000,
    0x4DFA, 0x0000,
    0x5048, 0x0324,
    0x504A, 0xA885,
    0x504C, 0x0324,
    0x504E, 0x9C83,
    0x5050, 0x0324,
    0x5052, 0x548D,
    0xFCFC, 0x2006,
    0x0000, 0x535A,
    0x0002, 0x0100,
    0x0004, 0x0C54,
    0x0006, 0x5A00,
    0x0008, 0x0001,
    0x000A, 0x00F4,
    0x000C, 0x1900,
    0x000E, 0x0000,
    0x0010, 0x0000,
    0x0012, 0x0000,
    0x0014, 0x7FBF,
    0x0016, 0x624E,
    0x0018, 0x20FF,
    0x001A, 0x1FBB,
    0x001C, 0x8063,
    0x001E, 0x31F1,
    0x0020, 0x3150,
    0x0022, 0x4585,
    0x0024, 0x69C5,
    0x0026, 0xE4E2,
    0x0028, 0xAD66,
    0x002A, 0x1F3E,
    0x002C, 0x9A96,
    0x002E, 0x960B,
    0x0030, 0xF874,
    0x0032, 0x7B86,
    0x0034, 0x9393,
    0x0036, 0x0425,
    0x0038, 0x5858,
    0x003A, 0xCE9A,
    0x003C, 0xA1D2,
    0x003E, 0x0F5B,
    0x0040, 0xD4C0,
    0x0042, 0xE087,
    0x0044, 0x3C80,
    0x0046, 0x7000,
    0x0048, 0x73D0,
    0x004A, 0x4E2E,
    0x004C, 0xF158,
    0x004E, 0x3F00,
    0x0050, 0x083D,
    0x0052, 0xBD21,
    0x0054, 0x011B,
    0x0056, 0x4DD0,
    0x0058, 0xC778,
    0x005A, 0xE94C,
    0x005C, 0x076A,
    0x005E, 0x68E7,
    0x0060, 0xCACC,
    0x0062, 0x6B7D,
    0x0064, 0x6988,
    0x0066, 0x8D8D,
    0x0068, 0x8762,
    0x006A, 0xFADB,
    0x006C, 0xB944,
    0x006E, 0x8587,
    0x0070, 0xAACE,
    0x0072, 0x634F,
    0x0074, 0x02F4,
    0x0076, 0xAD6A,
    0x0078, 0xE077,
    0x007A, 0xA4F7,
    0x007C, 0x68D8,
    0x007E, 0x0F83,
    0x0080, 0x78D7,
    0x0082, 0xD9F0,
    0x0084, 0x445F,
    0x0086, 0x81D8,
    0x0088, 0x84A4,
    0x008A, 0x64AB,
    0x008C, 0x238F,
    0x008E, 0xC851,
    0x0090, 0x4568,
    0x0092, 0xF562,
    0x0094, 0x0759,
    0x0096, 0xADA2,
    0x0098, 0xF73A,
    0x009A, 0x7BB3,
    0x009C, 0x3836,
    0x009E, 0x547A,
    0x00A0, 0xE97F,
    0x00A2, 0x2797,
    0x00A4, 0x4BD8,
    0x00A6, 0xD47A,
    0x00A8, 0xB418,
    0x00AA, 0x083D,
    0x00AC, 0x745D,
    0x00AE, 0xADA1,
    0x00B0, 0xA059,
    0x00B2, 0x1D7C,
    0x00B4, 0xAE9A,
    0x00B6, 0x81AC,
    0x00B8, 0xD9D4,
    0x00BA, 0x0716,
    0x00BC, 0xA37E,
    0x00BE, 0xB9ED,
    0x00C0, 0x444A,
    0x00C2, 0xD1AB,
    0x00C4, 0x7C57,
    0x00C6, 0xAEB2,
    0x00C8, 0xB57C,
    0x00CA, 0x2593,
    0x00CC, 0x023B,
    0x00CE, 0xE9D4,
    0x00D0, 0x05F5,
    0x00D2, 0x84E9,
    0x00D4, 0x37E9,
    0x00D6, 0xAF85,
    0x00D8, 0xD962,
    0x00DA, 0xEB52,
    0x00DC, 0xDF1F,
    0x00DE, 0x6F0C,
    0x00E0, 0xA1D3,
    0x00E2, 0x101A,
    0x00E4, 0x3E78,
    0x00E6, 0xEA01,
    0x00E8, 0x7D39,
    0x00EA, 0xA008,
    0x00EC, 0xE367,
    0x00EE, 0x8D9D,
    0x00F0, 0x2112,
    0x00F2, 0x351C,
    0x00F4, 0x7AAB,
    0x00F6, 0x00DF,
    0x00F8, 0xD2A7,
    0x00FA, 0xC690,
    0x00FC, 0x56D9,
    0x00FE, 0xD879,
    0x0100, 0x7417,
    0x0102, 0x84BA,
    0x0104, 0xB60A,
    0x0106, 0x89AC,
    0x0108, 0xD962,
    0x010A, 0x5611,
    0x010C, 0x34A6,
    0x010E, 0xCD4C,
    0x0110, 0x156A,
    0x0112, 0x84E8,
    0x0114, 0x9672,
    0x0116, 0x4D2A,
    0x0118, 0x7391,
    0x011A, 0xC3BB,
    0x011C, 0xD812,
    0x011E, 0x422C,
    0x0120, 0x70AF,
    0x0122, 0x26F2,
    0x0124, 0x697F,
    0x0126, 0x5634,
    0x0128, 0x134F,
    0x012A, 0xD22A,
    0x012C, 0x724E,
    0x012E, 0x26E8,
    0x0130, 0x7C13,
    0x0132, 0x0588,
    0x0134, 0x319B,
    0x0136, 0x6D78,
    0x0138, 0x41EA,
    0x013A, 0xB64B,
    0x013C, 0x67F8,
    0x013E, 0x2E42,
    0x0140, 0xE07D,
    0x0142, 0xB3F2,
    0x0144, 0x1987,
    0x0146, 0x063D,
    0x0148, 0x899E,
    0x014A, 0xDD96,
    0x014C, 0xDF82,
    0x014E, 0x92A8,
    0x0150, 0x2D87,
    0x0152, 0xD643,
    0x0154, 0x3E58,
    0x0156, 0x0B53,
    0x0158, 0xF6ED,
    0x015A, 0x171D,
    0x015C, 0x0187,
    0x015E, 0x92BD,
    0x0160, 0x3E88,
    0x0162, 0x388F,
    0x0164, 0x5B51,
    0x0166, 0xBEF3,
    0x0168, 0x60F3,
    0x016A, 0xD1EA,
    0x016C, 0xFCF4,
    0x016E, 0xD7AB,
    0x0170, 0xBBE0,
    0x0172, 0x3352,
    0x0174, 0x130C,
    0x0176, 0xCDC2,
    0x0178, 0x8AAB,
    0x017A, 0xE90F,
    0x017C, 0xA4C0,
    0x017E, 0x520D,
    0x0180, 0x5EE1,
    0x0182, 0x0AA3,
    0x0184, 0x74B6,
    0x0186, 0x1695,
    0x0188, 0x99A1,
    0x018A, 0x0C38,
    0x018C, 0x524F,
    0x018E, 0xEF55,
    0x0190, 0x762D,
    0x0192, 0xB0EF,
    0x0194, 0x1347,
    0x0196, 0xC2B7,
    0x0198, 0xE521,
    0x019A, 0x0749,
    0x019C, 0x0318,
    0x019E, 0xF9A9,
    0x01A0, 0xBE4F,
    0x01A2, 0xD329,
    0x01A4, 0xE506,
    0x01A6, 0x6C5A,
    0x01A8, 0x71CC,
    0x01AA, 0x9AAD,
    0x01AC, 0x268F,
    0x01AE, 0xBD95,
    0x01B0, 0xBC18,
    0x01B2, 0xE85B,
    0x01B4, 0x1D75,
    0x01B6, 0x5D67,
    0x01B8, 0xD8D8,
    0x01BA, 0x1637,
    0x01BC, 0xCDBB,
    0x01BE, 0xCDBA,
    0x01C0, 0x70FF,
    0x01C2, 0x8E69,
    0x01C4, 0x74C1,
    0x01C6, 0xAC8F,
    0x01C8, 0xD60F,
    0x01CA, 0xB897,
    0x01CC, 0xCF6D,
    0x01CE, 0x1608,
    0x01D0, 0xAEAD,
    0x01D2, 0xCBF8,
    0x01D4, 0x7B3B,
    0x01D6, 0xBB49,
    0x01D8, 0x39B9,
    0x01DA, 0x473C,
    0x01DC, 0xC1B3,
    0x01DE, 0xA79A,
    0x01E0, 0x96EB,
    0x01E2, 0xEF58,
    0x01E4, 0xAE33,
    0x01E6, 0x168B,
    0x01E8, 0xAD46,
    0x01EA, 0xA0BE,
    0x01EC, 0xA368,
    0x01EE, 0x305F,
    0x01F0, 0xEFD9,
    0x01F2, 0xFB1B,
    0x01F4, 0x6106,
    0x01F6, 0x84C5,
    0x01F8, 0xBA0A,
    0x01FA, 0x0321,
    0x01FC, 0x3A52,
    0x01FE, 0xF61E,
    0x0200, 0x6F21,
    0x0202, 0x1BE7,
    0x0204, 0x548C,
    0x0206, 0x4987,
    0x0208, 0x4AE3,
    0x020A, 0x7A0A,
    0x020C, 0x5B09,
    0x020E, 0x9438,
    0x0210, 0x00B2,
    0x0212, 0xC0A8,
    0x0214, 0xD952,
    0x0216, 0xE906,
    0x0218, 0xBE55,
    0x021A, 0xDDCC,
    0x021C, 0xF168,
    0x021E, 0xF542,
    0x0220, 0xBD34,
    0x0222, 0xC55C,
    0x0224, 0x7F58,
    0x0226, 0x2D51,
    0x0228, 0x4B18,
    0x022A, 0xE223,
    0x022C, 0x76DC,
    0x022E, 0x0EB1,
    0x0230, 0xB994,
    0x0232, 0x42C9,
    0x0234, 0x26F2,
    0x0236, 0x303B,
    0x0238, 0x24A8,
    0x023A, 0xF271,
    0x023C, 0xE377,
    0x023E, 0x61FF,
    0x0240, 0xCEDC,
    0x0242, 0x43F0,
    0x0244, 0x40F4,
    0x0246, 0xB1E9,
    0x0248, 0xF281,
    0x024A, 0x2AAE,
    0x024C, 0x2953,
    0x024E, 0x7935,
    0x0250, 0x5EA2,
    0x0252, 0xC078,
    0x0254, 0xB4AE,
    0x0256, 0xC711,
    0x0258, 0xCD05,
    0x025A, 0xBEDD,
    0x025C, 0xCF9E,
    0x025E, 0xC4F0,
    0x0260, 0xA754,
    0x0262, 0xE1FE,
    0x0264, 0x4B24,
    0x0266, 0xD7C1,
    0x0268, 0xD392,
    0x026A, 0xDE7A,
    0x026C, 0xB446,
    0x026E, 0x16C2,
    0x0270, 0x9C52,
    0x0272, 0x409B,
    0x0274, 0xD0FC,
    0x0276, 0x55BE,
    0x0278, 0x56AB,
    0x027A, 0x8960,
    0x027C, 0x18EF,
    0x027E, 0xA3EB,
    0x0280, 0xDFED,
    0x0282, 0xB2C2,
    0x0284, 0x7D4E,
    0x0286, 0x823D,
    0x0288, 0xC7A1,
    0x028A, 0x3D61,
    0x028C, 0x8D30,
    0x028E, 0x338C,
    0x0290, 0x26CA,
    0x0292, 0x3CAD,
    0x0294, 0x7E65,
    0x0296, 0x522F,
    0x0298, 0xA85F,
    0x029A, 0x53AB,
    0x029C, 0xD2C8,
    0x029E, 0x6EC4,
    0x02A0, 0x4D6B,
    0x02A2, 0x0D7B,
    0x02A4, 0xC461,
    0x02A6, 0xFDFE,
    0x02A8, 0xA908,
    0x02AA, 0xDADA,
    0x02AC, 0x6926,
    0x02AE, 0xD772,
    0x02B0, 0xFF16,
    0x02B2, 0x3B51,
    0x02B4, 0x2B30,
    0x02B6, 0xC4A9,
    0x02B8, 0xFAF4,
    0x02BA, 0x53E7,
    0x02BC, 0xCCCA,
    0x02BE, 0x8415,
    0x02C0, 0x81E9,
    0x02C2, 0xA6CE,
    0x02C4, 0x5315,
    0x02C6, 0x19C2,
    0x02C8, 0x0CD1,
    0x02CA, 0x757C,
    0x02CC, 0x53E8,
    0x02CE, 0x42BB,
    0x02D0, 0x74A7,
    0x02D2, 0xDFA3,
    0x02D4, 0x04E9,
    0x02D6, 0x6A7D,
    0x02D8, 0x6D09,
    0x02DA, 0x56C8,
    0x02DC, 0xC82A,
    0x02DE, 0xABB2,
    0x02E0, 0x0E80,
    0x02E2, 0x13AF,
    0x02E4, 0x0E00,
    0x02E6, 0x92A7,
    0x02E8, 0x7253,
    0x02EA, 0x2E8A,
    0x02EC, 0x48DB,
    0x02EE, 0x2555,
    0x02F0, 0xC194,
    0x02F2, 0x5772,
    0x02F4, 0x05B0,
    0x02F6, 0xB112,
    0x02F8, 0x138C,
    0x02FA, 0x2678,
    0x02FC, 0x24D6,
    0x02FE, 0xE8A6,
    0x0300, 0x67AD,
    0x0302, 0x8E32,
    0x0304, 0xFDC5,
    0x0306, 0xC4DD,
    0x0308, 0x798C,
    0x030A, 0x10DF,
    0x030C, 0x693E,
    0x030E, 0x514A,
    0x0310, 0x0608,
    0x0312, 0x2A7E,
    0x0314, 0x3AE3,
    0x0316, 0x8ADC,
    0x0318, 0x2A30,
    0x031A, 0x93C3,
    0x031C, 0xDE14,
    0x031E, 0x6435,
    0x0320, 0x7D19,
    0x0322, 0x11CF,
    0x0324, 0xEBA4,
    0x0326, 0xB40E,
    0x0328, 0xB794,
    0x032A, 0xD68E,
    0x032C, 0xF7CA,
    0x032E, 0x3BC8,
    0x0330, 0xA24D,
    0x0332, 0xA1CE,
    0x0334, 0x5581,
    0x0336, 0x6BA3,
    0x0338, 0x8D95,
    0x033A, 0x508A,
    0x033C, 0xEEEC,
    0x033E, 0x9315,
    0x0340, 0xEF2A,
    0x0342, 0x49D2,
    0x0344, 0x50EC,
    0x0346, 0x8007,
    0x0348, 0x8C50,
    0x034A, 0xF087,
    0x034C, 0x2C1D,
    0x034E, 0x5DAA,
    0x0350, 0x05E4,
    0x0352, 0xD25D,
    0x0354, 0x1ABD,
    0x0356, 0xF287,
    0x0358, 0x5372,
    0x035A, 0x4A49,
    0x035C, 0x93B0,
    0x035E, 0x05AE,
    0x0360, 0x7095,
    0x0362, 0xE78B,
    0x0364, 0x1272,
    0x0366, 0xA4B6,
    0x0368, 0x9661,
    0x036A, 0x5A3F,
    0x036C, 0x1D8B,
    0x036E, 0x7FF4,
    0x0370, 0xC8EE,
    0x0372, 0x666B,
    0x0374, 0x67D8,
    0x0376, 0xEDE8,
    0x0378, 0xA8BE,
    0x037A, 0x824A,
    0x037C, 0xF62F,
    0x037E, 0x237F,
    0x0380, 0xBCD4,
    0x0382, 0x562B,
    0x0384, 0xE01A,
    0x0386, 0x700D,
    0x0388, 0x490E,
    0x038A, 0xEFFC,
    0x038C, 0xC72D,
    0x038E, 0x1218,
    0x0390, 0x2932,
    0x0392, 0x0784,
    0x0394, 0x6BAA,
    0x0396, 0x09E0,
    0x0398, 0x3EE8,
    0x039A, 0x6A7D,
    0x039C, 0xACB1,
    0x039E, 0x06C2,
    0x03A0, 0xDD53,
    0x03A2, 0x9201,
    0x03A4, 0xC746,
    0x03A6, 0xFEFD,
    0x03A8, 0x4545,
    0x03AA, 0xC69F,
    0x03AC, 0x9914,
    0x03AE, 0x75A9,
    0x03B0, 0xA422,
    0x03B2, 0xEB2C,
    0x03B4, 0xAB7C,
    0x03B6, 0x7130,
    0x03B8, 0xF846,
    0x03BA, 0xD20A,
    0x03BC, 0xF7BB,
    0x03BE, 0x01E9,
    0x03C0, 0xEB67,
    0x03C2, 0xD99E,
    0x03C4, 0x286A,
    0x03C6, 0xDB6B,
    0x03C8, 0xD8E2,
    0x03CA, 0x716A,
    0x03CC, 0xC4FC,
    0x03CE, 0x56C9,
    0x03D0, 0x3D70,
    0x03D2, 0x6ACC,
    0x03D4, 0x8B18,
    0x03D6, 0x1C5E,
    0x03D8, 0xCC94,
    0x03DA, 0x4C9C,
    0x03DC, 0x1A6F,
    0x03DE, 0xBCBC,
    0x03E0, 0xCC78,
    0x03E2, 0xC335,
    0x03E4, 0x88EE,
    0x03E6, 0x14E3,
    0x03E8, 0x02DF,
    0x03EA, 0xE8EE,
    0x03EC, 0x7E14,
    0x03EE, 0xBC83,
    0x03F0, 0x93B2,
    0x03F2, 0x4507,
    0x03F4, 0x27F2,
    0x03F6, 0xCC54,
    0x03F8, 0x2E85,
    0x03FA, 0xF413,
    0x03FC, 0x7416,
    0x03FE, 0x5B22,
    0x0400, 0x29F8,
    0x0402, 0x173A,
    0x0404, 0x1F6B,
    0x0406, 0x9198,
    0x0408, 0xE772,
    0x040A, 0x7094,
    0x040C, 0x5909,
    0x040E, 0x40C8,
    0x0410, 0x7A8A,
    0x0412, 0x3321,
    0x0414, 0x115A,
    0x0416, 0x826D,
    0x0418, 0x80CC,
    0x041A, 0x9123,
    0x041C, 0x3F0A,
    0x041E, 0x54BF,
    0x0420, 0xE8E9,
    0x0422, 0x73FB,
    0x0424, 0x4AA4,
    0x0426, 0x3376,
    0x0428, 0x2CF4,
    0x042A, 0xCB38,
    0x042C, 0x942B,
    0x042E, 0x0008,
    0x0430, 0x89CC,
    0x0432, 0xD7A2,
    0x0434, 0x9AC3,
    0x0436, 0x950D,
    0x0438, 0xA942,
    0x043A, 0x0E7F,
    0x043C, 0x1726,
    0x043E, 0x84C5,
    0x0440, 0x7630,
    0x0442, 0xF8FB,
    0x0444, 0x32EB,
    0x0446, 0xEE6C,
    0x0448, 0x3D64,
    0x044A, 0x78E2,
    0x044C, 0xB9DE,
    0x044E, 0x776C,
    0x0450, 0xAE75,
    0x0452, 0x370D,
    0x0454, 0xB5F7,
    0x0456, 0x075B,
    0x0458, 0x298E,
    0x045A, 0x00AA,
    0x045C, 0xDA85,
    0x045E, 0x7437,
    0x0460, 0x108D,
    0x0462, 0x867B,
    0x0464, 0xE3AC,
    0x0466, 0x164B,
    0x0468, 0x8441,
    0x046A, 0xFF1C,
    0x046C, 0x5C1F,
    0x046E, 0xE2C1,
    0x0470, 0x8BAA,
    0x0472, 0x1375,
    0x0474, 0xD102,
    0x0476, 0x064A,
    0x0478, 0x07EC,
    0x047A, 0xA07C,
    0x047C, 0x5654,
    0x047E, 0x0D83,
    0x0480, 0x5540,
    0x0482, 0x5F94,
    0x0484, 0xA43B,
    0x0486, 0x6F2D,
    0x0488, 0x5D12,
    0x048A, 0xE7EF,
    0x048C, 0xD447,
    0x048E, 0xAB25,
    0x0490, 0x8F2F,
    0x0492, 0xDBE9,
    0x0494, 0x2BCC,
    0x0496, 0x06F6,
    0x0498, 0xB294,
    0x049A, 0x5A9D,
    0x049C, 0xFEF3,
    0x049E, 0x8092,
    0x04A0, 0xA094,
    0x04A2, 0xB1E5,
    0x04A4, 0xD638,
    0x04A6, 0x388C,
    0x04A8, 0xFCFC,
    0x04AA, 0x6A2C,
    0x04AC, 0xBD0E,
    0x04AE, 0xCFD2,
    0x04B0, 0x771F,
    0x04B2, 0xEC8F,
    0x04B4, 0x7578,
    0x04B6, 0x0BA9,
    0x04B8, 0x223F,
    0x04BA, 0x71B4,
    0x04BC, 0x860B,
    0x04BE, 0xB8B3,
    0x04C0, 0xD693,
    0x04C2, 0x80EC,
    0x04C4, 0x81F0,
    0x04C6, 0xFB45,
    0x04C8, 0x5D0B,
    0x04CA, 0x9A69,
    0x04CC, 0x3177,
    0x04CE, 0x16E9,
    0x04D0, 0x6A54,
    0x04D2, 0x72B6,
    0x04D4, 0xB049,
    0x04D6, 0xD0CC,
    0x04D8, 0x4636,
    0x04DA, 0x7070,
    0x04DC, 0x32FA,
    0x04DE, 0x40A8,
    0x04E0, 0xB725,
    0x04E2, 0xAA2C,
    0x04E4, 0x76B3,
    0x04E6, 0xD4AB,
    0x04E8, 0xCE70,
    0x04EA, 0xF8B9,
    0x04EC, 0x46BC,
    0x04EE, 0xCD03,
    0x04F0, 0x687A,
    0x04F2, 0xCD04,
    0x04F4, 0x2FF9,
    0x04F6, 0x2E4D,
    0x04F8, 0xFBB0,
    0x04FA, 0x2633,
    0x04FC, 0xB4E9,
    0x04FE, 0x28E6,
    0x0500, 0xDCDA,
    0x0502, 0xFE79,
    0x0504, 0xDD38,
    0x0506, 0x0809,
    0x0508, 0x04CF,
    0x050A, 0xDDC7,
    0x050C, 0x0B06,
    0x050E, 0xA04C,
    0x0510, 0xDDD7,
    0x0512, 0x737A,
    0x0514, 0x6158,
    0x0516, 0x497D,
    0x0518, 0x2727,
    0x051A, 0x7F18,
    0x051C, 0xF0D0,
    0x051E, 0x314D,
    0x0520, 0xC103,
    0x0522, 0xE3EC,
    0x0524, 0x545A,
    0x0526, 0xF5DD,
    0x0528, 0x0E3B,
    0x052A, 0xBE2E,
    0x052C, 0x51DA,
    0x052E, 0xDFE5,
    0x0530, 0xFED6,
    0x0532, 0x7375,
    0x0534, 0x1A46,
    0x0536, 0xE02F,
    0x0538, 0x4168,
    0x053A, 0x6A55,
    0x053C, 0x9320,
    0x053E, 0xD63F,
    0x0540, 0x9AFC,
    0x0542, 0x0080,
    0x0544, 0xCDBE,
    0x0546, 0xB3D0,
    0x0548, 0xA62A,
    0x054A, 0x3D2D,
    0x054C, 0xA5B8,
    0x054E, 0xDF89,
    0x0550, 0xCA18,
    0x0552, 0xC6EC,
    0x0554, 0xCD23,
    0x0556, 0x2334,
    0x0558, 0xBFCA,
    0x055A, 0xB001,
    0x055C, 0x4A0C,
    0x055E, 0x5C08,
    0x0560, 0xBE55,
    0x0562, 0xD817,
    0x0564, 0x4392,
    0x0566, 0x476E,
    0x0568, 0x95F7,
    0x056A, 0x10E6,
    0x056C, 0xF4CD,
    0x056E, 0x5CC3,
    0x0570, 0xE4C0,
    0x0572, 0xBA08,
    0x0574, 0x1A5D,
    0x0576, 0x19C0,
    0x0578, 0xA29C,
    0x057A, 0xC456,
    0x057C, 0xA4CD,
    0x057E, 0xA6F4,
    0x0580, 0xBC78,
    0x0582, 0x5245,
    0x0584, 0xC865,
    0x0586, 0xEF3C,
    0x0588, 0xD1EE,
    0x058A, 0x3819,
    0x058C, 0xD3C2,
    0x058E, 0x53A1,
    0x0590, 0x99CD,
    0x0592, 0xBC1B,
    0x0594, 0x2D6E,
    0x0596, 0x0DBE,
    0x0598, 0x50F4,
    0x059A, 0x59B5,
    0x059C, 0xDADB,
    0x059E, 0x1313,
    0x05A0, 0x6D9F,
    0x05A2, 0xB29A,
    0x05A4, 0x5165,
    0x05A6, 0xAFDE,
    0x05A8, 0x9D6B,
    0x05AA, 0xF50E,
    0x05AC, 0xF07C,
    0x05AE, 0xC835,
    0x05B0, 0x9841,
    0x05B2, 0x65BF,
    0x05B4, 0xBE5E,
    0x05B6, 0xC93C,
    0x05B8, 0xFA64,
    0x05BA, 0x1468,
    0x05BC, 0x8EA3,
    0x05BE, 0x8369,
    0x05C0, 0xF047,
    0x05C2, 0x4CB5,
    0x05C4, 0xC9C4,
    0x05C6, 0xA1C6,
    0x05C8, 0xBE92,
    0x05CA, 0xE086,
    0x05CC, 0xFD2A,
    0x05CE, 0x4AF3,
    0x05D0, 0x9B0C,
    0x05D2, 0x80DB,
    0x05D4, 0x8E1C,
    0x05D6, 0xDE51,
    0x05D8, 0x95DF,
    0x05DA, 0x09D1,
    0x05DC, 0x0335,
    0x05DE, 0x8A44,
    0x05E0, 0xCBB4,
    0x05E2, 0x6874,
    0x05E4, 0x983B,
    0x05E6, 0x3DEB,
    0x05E8, 0x0B94,
    0x05EA, 0x5411,
    0x05EC, 0xF25A,
    0x05EE, 0xB459,
    0x05F0, 0x14BE,
    0x05F2, 0x2BDC,
    0x05F4, 0x6C38,
    0x05F6, 0x924B,
    0x05F8, 0x9B5A,
    0x05FA, 0x14F0,
    0x05FC, 0x62FA,
    0x05FE, 0x260A,
    0x0600, 0xF9E8,
    0x0602, 0x2962,
    0x0604, 0x4FD0,
    0x0606, 0xC890,
    0x0608, 0x0019,
    0x060A, 0x0D6A,
    0x060C, 0x35FA,
    0x060E, 0x2543,
    0x0610, 0x01C8,
    0x0612, 0x898A,
    0x0614, 0x2E21,
    0x0616, 0xA538,
    0x0618, 0x5E23,
    0x061A, 0xD0CE,
    0x061C, 0xDC93,
    0x061E, 0x3129,
    0x0620, 0xF384,
    0x0622, 0xF6F4,
    0x0624, 0xC4B9,
    0x0626, 0xF4D1,
    0x0628, 0x6BC4,
    0x062A, 0x1B65,
    0x062C, 0xDB06,
    0x062E, 0x7851,
    0x0630, 0xEF72,
    0x0632, 0xE301,
    0x0634, 0x62B6,
    0x0636, 0x7110,
    0x0638, 0xD61C,
    0x063A, 0x5CED,
    0x063C, 0x8AA0,
    0x063E, 0xC26E,
    0x0640, 0xA1F0,
    0x0642, 0xC30C,
    0x0644, 0xD626,
    0x0646, 0xCA21,
    0x0648, 0x72CE,
    0x064A, 0x1076,
    0x064C, 0xE2B6,
    0x064E, 0xBA48,
    0x0650, 0xBA28,
    0x0652, 0x27A1,
    0x0654, 0xCE84,
    0x0656, 0xF237,
    0x0658, 0x8E9E,
    0x065A, 0xDA26,
    0x065C, 0xD2C0,
    0x065E, 0x079F,
    0x0660, 0xE536,
    0x0662, 0xD540,
    0x0664, 0x1657,
    0x0666, 0x66A9,
    0x0668, 0x2FFF,
    0x066A, 0x0527,
    0x066C, 0x5F5D,
    0x066E, 0x8DFF,
    0x0670, 0x5017,
    0x0672, 0x8207,
    0x0674, 0xFB1C,
    0x0676, 0xC94E,
    0x0678, 0xEA15,
    0x067A, 0xB279,
    0x067C, 0xC729,
    0x067E, 0x5CB6,
    0x0680, 0xD5D1,
    0x0682, 0xF203,
    0x0684, 0xA733,
    0x0686, 0xF62F,
    0x0688, 0xC1F2,
    0x068A, 0x910F,
    0x068C, 0xFD6A,
    0x068E, 0x684B,
    0x0690, 0x224C,
    0x0692, 0x80D9,
    0x0694, 0xAE03,
    0x0696, 0x7821,
    0x0698, 0x8F10,
    0x069A, 0x77DB,
    0x069C, 0x6BCC,
    0x069E, 0x3DD0,
    0x06A0, 0x9310,
    0x06A2, 0x385F,
    0x06A4, 0xA9A2,
    0x06A6, 0xF406,
    0x06A8, 0xA498,
    0x06AA, 0xBC37,
    0x06AC, 0x87CE,
    0x06AE, 0x6E14,
    0x06B0, 0xE4BE,
    0x06B2, 0xBE7D,
    0x06B4, 0xE045,
    0x06B6, 0x85E2,
    0x06B8, 0x3931,
    0x06BA, 0x1677,
    0x06BC, 0xB27B,
    0x06BE, 0xA4EC,
    0x06C0, 0xD18C,
    0x06C2, 0xF997,
    0x06C4, 0xAA48,
    0x06C6, 0xDEC5,
    0x06C8, 0x7967,
    0x06CA, 0x516F,
    0x06CC, 0x72B6,
    0x06CE, 0x758D,
    0x06D0, 0x0657,
    0x06D2, 0xD349,
    0x06D4, 0x4478,
    0x06D6, 0xD546,
    0x06D8, 0x68B5,
    0x06DA, 0xC2B8,
    0x06DC, 0xB565,
    0x06DE, 0xDF20,
    0x06E0, 0x3D74,
    0x06E2, 0x61BC,
    0x06E4, 0x381B,
    0x06E6, 0x7BE3,
    0x06E8, 0x5AB3,
    0x06EA, 0x0D74,
    0x06EC, 0xE78D,
    0x06EE, 0x1686,
    0x06F0, 0xCDC0,
    0x06F2, 0x5CB5,
    0x06F4, 0xB679,
    0x06F6, 0x2536,
    0x06F8, 0x540C,
    0x06FA, 0x19E2,
    0x06FC, 0xED35,
    0x06FE, 0x529F,
    0x0700, 0xCFA0,
    0x0702, 0x1A8B,
    0x0704, 0x56EB,
    0x0706, 0x2651,
    0x0708, 0xBEC4,
    0x070A, 0x73C9,
    0x070C, 0x57CE,
    0x070E, 0x69C4,
    0x0710, 0x5A8B,
    0x0712, 0x580C,
    0x0714, 0xB4B9,
    0x0716, 0x6BA9,
    0x0718, 0x9D1D,
    0x071A, 0xCB80,
    0x071C, 0xD506,
    0x071E, 0xD833,
    0x0720, 0x550F,
    0x0722, 0x4BD5,
    0x0724, 0xD40A,
    0x0726, 0xDB28,
    0x0728, 0x6E02,
    0x072A, 0xA524,
    0x072C, 0x20D9,
    0x072E, 0xFF94,
    0x0730, 0x8DD2,
    0x0732, 0xDEBE,
    0x0734, 0x43A5,
    0x0736, 0x9C25,
    0x0738, 0x734B,
    0x073A, 0x6B4D,
    0x073C, 0x9EEA,
    0x073E, 0x38C3,
    0x0740, 0x810A,
    0x0742, 0x95F3,
    0x0744, 0x9CB8,
    0x0746, 0x1393,
    0x0748, 0x7E94,
    0x074A, 0x646E,
    0x074C, 0xD00F,
    0x074E, 0x762C,
    0x0750, 0x65AC,
    0x0752, 0xCC49,
    0x0754, 0x8498,
    0x0756, 0x119E,
    0x0758, 0x49C6,
    0x075A, 0x7341,
    0x075C, 0x053B,
    0x075E, 0xDC69,
    0x0760, 0x3B66,
    0x0762, 0xF9ED,
    0x0764, 0x443C,
    0x0766, 0x9169,
    0x0768, 0x3DD0,
    0x076A, 0x2117,
    0x076C, 0xA10D,
    0x076E, 0x28E9,
    0x0770, 0x1B50,
    0x0772, 0xC13D,
    0x0774, 0x16C6,
    0x0776, 0x67EC,
    0x0778, 0xCE06,
    0x077A, 0xC645,
    0x077C, 0xCAA0,
    0x077E, 0xF95B,
    0x0780, 0xCA5A,
    0x0782, 0xC6C6,
    0x0784, 0xC826,
    0x0786, 0xC567,
    0x0788, 0xB1D6,
    0x078A, 0x30CA,
    0x078C, 0x7D0B,
    0x078E, 0x102E,
    0x0790, 0x0673,
    0x0792, 0x74CF,
    0x0794, 0x3B2F,
    0x0796, 0xA557,
    0x0798, 0xA2A0,
    0x079A, 0x9DE9,
    0x079C, 0x15F8,
    0x079E, 0x4353,
    0x07A0, 0x7A7B,
    0x07A2, 0x9BAC,
    0x07A4, 0x33A6,
    0x07A6, 0x1B18,
    0x07A8, 0xAB8A,
    0x07AA, 0x765E,
    0x07AC, 0x8C6D,
    0x07AE, 0x80C6,
    0x07B0, 0xA2DD,
    0x07B2, 0x8694,
    0x07B4, 0xF96E,
    0x07B6, 0x1A9C,
    0x07B8, 0xDAE7,
    0x07BA, 0xA411,
    0x07BC, 0x649C,
    0x07BE, 0x26A9,
    0x07C0, 0x4515,
    0x07C2, 0x0064,
    0x07C4, 0x28BA,
    0x07C6, 0x7F51,
    0x07C8, 0x9ED7,
    0x07CA, 0x87A7,
    0x07CC, 0xB1EB,
    0x07CE, 0xF488,
    0x07D0, 0x1558,
    0x07D2, 0xE289,
    0x07D4, 0x43F3,
    0x07D6, 0x25BF,
    0x07D8, 0x0813,
    0x07DA, 0x7C41,
    0x07DC, 0x7958,
    0x07DE, 0x3128,
    0x07E0, 0x93B8,
    0x07E2, 0xA03F,
    0x07E4, 0x7BC4,
    0x07E6, 0xB002,
    0x07E8, 0x3991,
    0x07EA, 0xABF5,
    0x07EC, 0x871F,
    0x07EE, 0x4EAC,
    0x07F0, 0xCF2F,
    0x07F2, 0x497A,
    0x07F4, 0x34A4,
    0x07F6, 0x276D,
    0x07F8, 0xA646,
    0x07FA, 0xFCA8,
    0x07FC, 0x2B8D,
    0x07FE, 0x12B6,
    0x0800, 0xE09E,
    0x0802, 0xB202,
    0x0804, 0x794B,
    0x0806, 0xAB1A,
    0x0808, 0x2729,
    0x080A, 0x763D,
    0x080C, 0xD758,
    0x080E, 0x43E1,
    0x0810, 0xCF51,
    0x0812, 0xC4C9,
    0x0814, 0x15FA,
    0x0816, 0x35EE,
    0x0818, 0x5A79,
    0x081A, 0xABBB,
    0x081C, 0x5DFA,
    0x081E, 0x932B,
    0x0820, 0xF818,
    0x0822, 0xE1C2,
    0x0824, 0x6D0B,
    0x0826, 0xBEFA,
    0x0828, 0xD2D0,
    0x082A, 0x191B,
    0x082C, 0x74C3,
    0x082E, 0xD77E,
    0x0830, 0x2AF1,
    0x0832, 0xFF0A,
    0x0834, 0x76E1,
    0x0836, 0x558E,
    0x0838, 0x7E4A,
    0x083A, 0x44DA,
    0x083C, 0xE18B,
    0x083E, 0x6209,
    0x0840, 0x595B,
    0x0842, 0x8F33,
    0x0844, 0xD4D2,
    0x0846, 0xDC7C,
    0x0848, 0xAB1E,
    0x084A, 0x6211,
    0x084C, 0x7BF2,
    0x084E, 0x4DD8,
    0x0850, 0x2C66,
    0x0852, 0x3A9B,
    0x0854, 0x600D,
    0x0856, 0x7D28,
    0x0858, 0x57D1,
    0x085A, 0xD099,
    0x085C, 0x23E6,
    0x085E, 0x2FDC,
    0x0860, 0xED64,
    0x0862, 0x1922,
    0x0864, 0x7662,
    0x0866, 0x807D,
    0x0868, 0xA214,
    0x086A, 0x7B9B,
    0x086C, 0x2C06,
    0x086E, 0x1DD6,
    0x0870, 0xE5B5,
    0x0872, 0x8D92,
    0x0874, 0x8BE4,
    0x0876, 0x7B36,
    0x0878, 0x4A20,
    0x087A, 0x7085,
    0x087C, 0x2DA3,
    0x087E, 0x7634,
    0x0880, 0xF776,
    0x0882, 0xE460,
    0x0884, 0xFB90,
    0x0886, 0x0581,
    0x0888, 0xD4E5,
    0x088A, 0xD0D6,
    0x088C, 0x1A09,
    0x088E, 0xCA29,
    0x0890, 0xD528,
    0x0892, 0x63DB,
    0x0894, 0xC46A,
    0x0896, 0xFBC8,
    0x0898, 0xF112,
    0x089A, 0x6506,
    0x089C, 0x1B94,
    0x089E, 0xCF84,
    0x08A0, 0xD8D0,
    0x08A2, 0x79AE,
    0x08A4, 0xCE7E,
    0x08A6, 0xA295,
    0x08A8, 0xF317,
    0x08AA, 0xE16B,
    0x08AC, 0x29DC,
    0x08AE, 0x5445,
    0x08B0, 0xA8B9,
    0x08B2, 0xA1D4,
    0x08B4, 0xC891,
    0x08B6, 0xC370,
    0x08B8, 0x0175,
    0x08BA, 0xF7C5,
    0x08BC, 0x43A4,
    0x08BE, 0x02CE,
    0x08C0, 0x476C,
    0x08C2, 0xCCBA,
    0x08C4, 0xA322,
    0x08C6, 0xEBCA,
    0x08C8, 0x6F74,
    0x08CA, 0xCD2C,
    0x08CC, 0x8F97,
    0x08CE, 0x37E4,
    0x08D0, 0xEDB8,
    0x08D2, 0x5D64,
    0x08D4, 0xCEFC,
    0x08D6, 0x16B9,
    0x08D8, 0xE137,
    0x08DA, 0x1054,
    0x08DC, 0x577E,
    0x08DE, 0xD97A,
    0x08E0, 0x6A2F,
    0x08E2, 0xA142,
    0x08E4, 0x6F99,
    0x08E6, 0xF956,
    0x08E8, 0xAE9D,
    0x08EA, 0x70C6,
    0x08EC, 0x14D0,
    0x08EE, 0x61AC,
    0x08F0, 0xE77E,
    0x08F2, 0x4D81,
    0x08F4, 0x35EB,
    0x08F6, 0x55FD,
    0x08F8, 0xC899,
    0x08FA, 0x58C3,
    0x08FC, 0xE801,
    0x08FE, 0x6AE7,
    0x0900, 0x5917,
    0x0902, 0xA043,
    0x0904, 0x43CF,
    0x0906, 0x9CD5,
    0x0908, 0x1AF2,
    0x090A, 0x89EA,
    0x090C, 0xA50B,
    0x090E, 0x05B0,
    0x0910, 0xC39C,
    0x0912, 0x4098,
    0x0914, 0x71A4,
    0x0916, 0x79E6,
    0x0918, 0x7D49,
    0x091A, 0xE8D1,
    0x091C, 0x7225,
    0x091E, 0x8BBD,
    0x0920, 0xD27E,
    0x0922, 0x2947,
    0x0924, 0x60C5,
    0x0926, 0xCAA9,
    0x0928, 0x7FF4,
    0x092A, 0x6803,
    0x092C, 0x29CA,
    0x092E, 0x5B90,
    0x0930, 0xE961,
    0x0932, 0x5CC4,
    0x0934, 0x1B79,
    0x0936, 0x5322,
    0x0938, 0x82E2,
    0x093A, 0x3815,
    0x093C, 0x2165,
    0x093E, 0x8D2E,
    0x0940, 0x30C8,
    0x0942, 0xB04C,
    0x0944, 0x38FB,
    0x0946, 0x0B12,
    0x0948, 0xF4D9,
    0x094A, 0x0A21,
    0x094C, 0xA797,
    0x094E, 0xBB0E,
    0x0950, 0x3AA8,
    0x0952, 0xB8DA,
    0x0954, 0x6687,
    0x0956, 0x4456,
    0x0958, 0x744E,
    0x095A, 0x50DD,
    0x095C, 0xB29D,
    0x095E, 0xBD3F,
    0x0960, 0xBBFC,
    0x0962, 0x8EB2,
    0x0964, 0x2912,
    0x0966, 0xE8B3,
    0x0968, 0xE606,
    0x096A, 0x34FE,
    0x096C, 0xF1E9,
    0x096E, 0x2AF8,
    0x0970, 0x5CFD,
    0x0972, 0x68CF,
    0x0974, 0x3D2C,
    0x0976, 0x80C9,
    0x0978, 0x31A1,
    0x097A, 0x82CD,
    0x097C, 0x0BE8,
    0x097E, 0xAE19,
    0x0980, 0x7260,
    0x0982, 0xAF9E,
    0x0984, 0xE373,
    0x0986, 0x5E2F,
    0x0988, 0xC966,
    0x098A, 0xFEBE,
    0x098C, 0x8A15,
    0x098E, 0x797C,
    0x0990, 0xA8F1,
    0x0992, 0xC84D,
    0x0994, 0x465C,
    0x0996, 0xB0A4,
    0x0998, 0x8C7D,
    0x099A, 0x139A,
    0x099C, 0x8C5F,
    0x099E, 0xB586,
    0x09A0, 0xB030,
    0x09A2, 0xE0A5,
    0x09A4, 0x56E2,
    0x09A6, 0xB098,
    0x09A8, 0xCD1C,
    0x09AA, 0xF42C,
    0x09AC, 0x3702,
    0x09AE, 0x870D,
    0x09B0, 0x6E21,
    0x09B2, 0x7373,
    0x09B4, 0x5044,
    0x09B6, 0x3155,
    0x09B8, 0xF861,
    0x09BA, 0xF016,
    0x09BC, 0x8FD5,
    0x09BE, 0x643E,
    0x09C0, 0x548C,
    0x09C2, 0xFB4A,
    0x09C4, 0xFDA4,
    0x09C6, 0x8114,
    0x09C8, 0xEE6A,
    0x09CA, 0xE551,
    0x09CC, 0xF0D1,
    0x09CE, 0xEDFF,
    0x09D0, 0xEE94,
    0x09D2, 0x9413,
    0x09D4, 0xB48E,
    0x09D6, 0x1BCA,
    0x09D8, 0x5A57,
    0x09DA, 0x7164,
    0x09DC, 0x57FD,
    0x09DE, 0xFCB8,
    0x09E0, 0x1646,
    0x09E2, 0xE15D,
    0x09E4, 0xD748,
    0x09E6, 0xBE4C,
    0x09E8, 0x1F35,
    0x09EA, 0x081D,
    0x09EC, 0x1B46,
    0x09EE, 0x8CF5,
    0x09F0, 0x1483,
    0x09F2, 0x5DFD,
    0x09F4, 0xF995,
    0x09F6, 0xF9B7,
    0x09F8, 0x080E,
    0x09FA, 0xAC1F,
    0x09FC, 0xFAB3,
    0x09FE, 0x9F48,
    0x0A00, 0xAAAE,
    0x0A02, 0xD4C3,
    0x0A04, 0x186E,
    0x0A06, 0x1B62,
    0x0A08, 0x6737,
    0x0A0A, 0xA8E9,
    0x0A0C, 0xFC2F,
    0x0A0E, 0x08B8,
    0x0A10, 0xBCDE,
    0x0A12, 0xCA30,
    0x0A14, 0xDB1E,
    0x0A16, 0xBF4F,
    0x0A18, 0x5568,
    0x0A1A, 0x87F9,
    0x0A1C, 0xE2D2,
    0x0A1E, 0x2469,
    0x0A20, 0x30B0,
    0x0A22, 0x8834,
    0x0A24, 0x7996,
    0x0A26, 0xAFA8,
    0x0A28, 0xCA28,
    0x0A2A, 0x32A1,
    0x0A2C, 0xC541,
    0x0A2E, 0x1006,
    0x0A30, 0x1E1A,
    0x0A32, 0x608D,
    0x0A34, 0x9DCE,
    0x0A36, 0x824B,
    0x0A38, 0xEB82,
    0x0A3A, 0xCC79,
    0x0A3C, 0xADF9,
    0x0A3E, 0xB435,
    0x0A40, 0xE434,
    0x0A42, 0xF821,
    0x0A44, 0x746A,
    0x0A46, 0x711C,
    0x0A48, 0x383C,
    0x0A4A, 0x6E29,
    0x0A4C, 0x8195,
    0x0A4E, 0x0496,
    0x0A50, 0x0205,
    0x0A52, 0x437D,
    0x0A54, 0x399E,
    0x0A56, 0x4E5C,
    0x0A58, 0x2CFB,
    0x0A5A, 0xB949,
    0x0A5C, 0x29AC,
    0x0A5E, 0x33C8,
    0x0A60, 0x6902,
    0x0A62, 0xC7F1,
    0x0A64, 0x0999,
    0x0A66, 0x6429,
    0x0A68, 0x1566,
    0x0A6A, 0x807C,
    0x0A6C, 0x58AF,
    0x0A6E, 0xE820,
    0x0A70, 0x1C17,
    0x0A72, 0x977B,
    0x0A74, 0x8914,
    0x0A76, 0x6050,
    0x0A78, 0x6A95,
    0x0A7A, 0xEF31,
    0x0A7C, 0x5177,
    0x0A7E, 0x1707,
    0x0A80, 0xF70B,
    0x0A82, 0xEB1F,
    0x0A84, 0x101E,
    0x0A86, 0x6588,
    0x0A88, 0x0DF3,
    0x0A8A, 0x14EC,
    0x0A8C, 0x8B6D,
    0x0A8E, 0x208F,
    0x0A90, 0x8248,
    0x0A92, 0x3A58,
    0x0A94, 0x79F8,
    0x0A96, 0x6723,
    0x0A98, 0x0D33,
    0x0A9A, 0x3BB0,
    0x0A9C, 0x3CCD,
    0x0A9E, 0xD1A1,
    0x0AA0, 0xEC60,
    0x0AA2, 0x8048,
    0x0AA4, 0x9537,
    0x0AA6, 0x8F24,
    0x0AA8, 0x43A2,
    0x0AAA, 0x6BBC,
    0x0AAC, 0xA987,
    0x0AAE, 0x9E83,
    0x0AB0, 0x54CE,
    0x0AB2, 0x53E7,
    0x0AB4, 0x5084,
    0x0AB6, 0x8899,
    0x0AB8, 0x6DB3,
    0x0ABA, 0x626E,
    0x0ABC, 0xD054,
    0x0ABE, 0xA6DE,
    0x0AC0, 0xEB5C,
    0x0AC2, 0xB3F9,
    0x0AC4, 0xC13F,
    0x0AC6, 0x1321,
    0x0AC8, 0x17F8,
    0x0ACA, 0xBCE3,
    0x0ACC, 0x0305,
    0x0ACE, 0xA12B,
    0x0AD0, 0xAD70,
    0x0AD2, 0xDE69,
    0x0AD4, 0x7DBC,
    0x0AD6, 0x3E70,
    0x0AD8, 0x48BE,
    0x0ADA, 0x4207,
    0x0ADC, 0xFBF1,
    0x0ADE, 0xF216,
    0x0AE0, 0x67A1,
    0x0AE2, 0x7DCD,
    0x0AE4, 0x1689,
    0x0AE6, 0x3D2B,
    0x0AE8, 0xFC6B,
    0x0AEA, 0xCB63,
    0x0AEC, 0x3405,
    0x0AEE, 0x0206,
    0x0AF0, 0x214D,
    0x0AF2, 0x5C64,
    0x0AF4, 0x6F28,
    0x0AF6, 0x5032,
    0x0AF8, 0x7F02,
    0x0AFA, 0x4216,
    0x0AFC, 0x0CA2,
    0x0AFE, 0xBE06,
    0x0B00, 0x27CA,
    0x0B02, 0xFDF4,
    0x0B04, 0xD095,
    0x0B06, 0xF0D8,
    0x0B08, 0x996C,
    0x0B0A, 0xA65F,
    0x0B0C, 0x805F,
    0x0B0E, 0xD13F,
    0x0B10, 0x5D12,
    0x0B12, 0x5390,
    0x0B14, 0x8694,
    0x0B16, 0x444F,
    0x0B18, 0xEF73,
    0x0B1A, 0x973E,
    0x0B1C, 0xE85E,
    0x0B1E, 0x3A8C,
    0x0B20, 0x21AC,
    0x0B22, 0xC2F2,
    0x0B24, 0x0270,
    0x0B26, 0x3B01,
    0x0B28, 0x25F7,
    0x0B2A, 0x4E12,
    0x0B2C, 0x1A21,
    0x0B2E, 0x6C27,
    0x0B30, 0x53B1,
    0x0B32, 0x6012,
    0x0B34, 0xE475,
    0x0B36, 0x9423,
    0x0B38, 0xBD42,
    0x0B3A, 0xFCEF,
    0x0B3C, 0x32B1,
    0x0B3E, 0x6D0E,
    0x0B40, 0xA234,
    0x0B42, 0x77C3,
    0x0B44, 0x4D59,
    0x0B46, 0x1F7F,
    0x0B48, 0xD8F1,
    0x0B4A, 0x733A,
    0x0B4C, 0x0ABB,
    0x0B4E, 0x906B,
    0x0B50, 0xB734,
    0x0B52, 0x4EB1,
    0x0B54, 0x3911,
    0x0B56, 0xCD7E,
    0x0B58, 0x3D51,
    0x0B5A, 0x3614,
    0x0B5C, 0xF825,
    0x0B5E, 0x9216,
    0x0B60, 0x60D5,
    0x0B62, 0x5E6B,
    0x0B64, 0x1C45,
    0x0B66, 0x8626,
    0x0B68, 0x0DC0,
    0x0B6A, 0x0AEB,
    0x0B6C, 0x328B,
    0x0B6E, 0xC635,
    0x0B70, 0x3B08,
    0x0B72, 0xFB37,
    0x0B74, 0xD084,
    0x0B76, 0x0154,
    0x0B78, 0xE140,
    0x0B7A, 0xC79A,
    0x0B7C, 0x2675,
    0x0B7E, 0x3550,
    0x0B80, 0x837A,
    0x0B82, 0x8301,
    0x0B84, 0xACC8,
    0x0B86, 0xDDD9,
    0x0B88, 0xEC34,
    0x0B8A, 0xC3D7,
    0x0B8C, 0xF629,
    0x0B8E, 0x24B3,
    0x0B90, 0x0E69,
    0x0B92, 0x9DB5,
    0x0B94, 0x30A7,
    0x0B96, 0x4B6E,
    0x0B98, 0xF20A,
    0x0B9A, 0xC7F7,
    0x0B9C, 0x606D,
    0x0B9E, 0xCB92,
    0x0BA0, 0x0A1F,
    0x0BA2, 0xE019,
    0x0BA4, 0x68B7,
    0x0BA6, 0x6907,
    0x0BA8, 0x3F4E,
    0x0BAA, 0x1F7A,
    0x0BAC, 0x35CF,
    0x0BAE, 0xB7EE,
    0x0BB0, 0x4481,
    0x0BB2, 0xD2AE,
    0x0BB4, 0xA6C0,
    0x0BB6, 0x6573,
    0x0BB8, 0xFF23,
    0x0BBA, 0x21FB,
    0x0BBC, 0x8388,
    0x0BBE, 0x22A2,
    0x0BC0, 0xE491,
    0x0BC2, 0x30E7,
    0x0BC4, 0x8BC0,
    0x0BC6, 0x521E,
    0x0BC8, 0xF832,
    0x0BCA, 0x5B66,
    0x0BCC, 0x1071,
    0x0BCE, 0xE20C,
    0x0BD0, 0x6706,
    0x0BD2, 0x8175,
    0x0BD4, 0xC494,
    0x0BD6, 0x180F,
    0x0BD8, 0x4E96,
    0x0BDA, 0x2098,
    0x0BDC, 0xBE53,
    0x0BDE, 0x8DFE,
    0x0BE0, 0x2BBF,
    0x0BE2, 0x2F8C,
    0x0BE4, 0x47D1,
    0x0BE6, 0x8631,
    0x0BE8, 0x24EA,
    0x0BEA, 0xA1EF,
    0x0BEC, 0x3E95,
    0x0BEE, 0xA211,
    0x0BF0, 0xED2D,
    0x0BF2, 0xAAA6,
    0x0BF4, 0xF499,
    0x0BF6, 0x5B46,
    0x0BF8, 0xC5F2,
    0x0BFA, 0x2E5D,
    0x0BFC, 0xFC8C,
    0x0BFE, 0x7591,
    0x0C00, 0x3C4F,
    0x0C02, 0xAD03,
    0x0C04, 0x450A,
    0x0C06, 0xAE5B,
    0x0C08, 0x458D,
    0x0C0A, 0x860D,
    0x0C0C, 0xFF4F,
    0x0C0E, 0x9841,
    0x0C10, 0xD24A,
    0x0C12, 0xECA6,
    0x0C14, 0x3B25,
    0x0C16, 0x04F5,
    0x0C18, 0xB6A0,
    0x0C1A, 0x5DEC,
    0x0C1C, 0x8FD8,
    0x0C1E, 0x303D,
    0x0C20, 0x939C,
    0x0C22, 0xCE52,
    0x0C24, 0x3F60,
    0x0C26, 0xDAA6,
    0x0C28, 0xB293,
    0x0C2A, 0xBB65,
    0x0C2C, 0x69C2,
    0x0C2E, 0x084C,
    0x0C30, 0x42FB,
    0x0C32, 0x6977,
    0x0C34, 0xCE6A,
    0x0C36, 0xE97E,
    0x0C38, 0xAFF9,
    0x0C3A, 0x3714,
    0x0C3C, 0x4358,
    0x0C3E, 0xA450,
    0x0C40, 0x2EF5,
    0x0C42, 0xA9E1,
    0x0C44, 0xFFDB,
    0x0C46, 0xE7B4,
    0x0C48, 0xD5B5,
    0x0C4A, 0x2F51,
    0x0C4C, 0x4E8B,
    0x0C4E, 0x2942,
    0x0C50, 0x01B1,
    0x0C52, 0xAD98,
    0x0C54, 0x3D0C,
    0x0C56, 0xFE89,
    0x0C58, 0xB400,
    0xFCFC, 0x4000,
};

/*05_OceanChangjiang_UW_JN5_Fdsum_4096x3072_30.1fps_3056Mbps*/
static u16 hhuwide_preview_setting[] = {
    0xFCFC, 0x4000,
    0x6170, 0xFFFF,
    0x6180, 0x0000,
    0x6190, 0x0000,
    0x6200, 0xFFFF,
    0x6202, 0xFFFF,
    0x6204, 0x0000,
    0x6206, 0x0000,
    0x6208, 0x0000,
    0xA100, 0xFFFF,
    0xA102, 0x0000,
    0xA104, 0x0000,
    0xFCFC, 0x4001,
    0x0100, 0xFFFF,
    0x0102, 0xFFFF,
    0x0104, 0x0000,
    0x0106, 0x0000,
    0x0108, 0x0000,
    0xFCFC, 0x4000,
    0x8100, 0xFFFF,
    0x8104, 0x0000,
    0x8108, 0x0000,
    0x0B30, 0x01FF,
    0xFCFC, 0x2000,
    0x7806, 0x0001,
    0x7808, 0x2408,
    0xFCFC, 0x4000,
    0x0344, 0x0000,
    0x0348, 0x201F,
    0x0346, 0x0000,
    0x034A, 0x181F,
    0x034C, 0x1000,
    0x034E, 0x0C00,
    0x0350, 0x0008,
    0x0352, 0x0008,
    0x0340, 0x1908,
    0x0342, 0x12B0,
    0x0136, 0x1800,
    0x013E, 0x0000,
    0x0304, 0x0003,
    0x0306, 0x00E6,
    0x030C, 0x0000,
    0x030E, 0x0003,
    0x0310, 0x00B2,
    0x0312, 0x0000,
    0x031A, 0x0003,
    0x031C, 0x0028,
    0x031E, 0x0002,
    0x0202, 0x0014,
    0x0226, 0x0014,
    0x022C, 0x0014,
    0x0702, 0x0000,
    0x0704, 0x0000,
    0x0114, 0x0301,
    0x0118, 0x0004,
    0x011A, 0x0001,
    0x011C, 0x0100,
    0xFCFC, 0x2000,
    0xB176, 0x0602,
    0xB178, 0x0000,
    0x7996, 0x0101,
    0x7994, 0x2020,
    0xFCFC, 0x4000,
    0x0900, 0x2222,
    0x0380, 0x0002,
    0x0382, 0x0002,
    0x0384, 0x0002,
    0x0386, 0x0002,
    0x040C, 0x0000,
    0x0400, 0x1010,
    0x0408, 0x0100,
    0x040A, 0x0100,
    0xFCFC, 0x2000,
    0xD1F6, 0x3A00,
    0xD20C, 0x0908,
    0xD314, 0x2002,
    0xD27A, 0x0500,
    0xD3F0, 0xB01C,
    0xD410, 0x4802,
    0xD426, 0xD204,
    0xD43C, 0x0140,
    0xD412, 0xD204,
    0xD428, 0xEA0A,
    0xD43E, 0x0140,
    0xFCFC, 0x4000,
    0x0260, 0x0101,
    0x0262, 0x0000,
    0x0264, 0x0306,
    0x0266, 0x0700,
    0x0112, 0x0A0A,
    0x0270, 0x2B2B,
    0x0272, 0x2B10,
    0x0274, 0x302B,
    0xFCFC, 0x2001,
    0x44C6, 0x0000,
    0xFCFC, 0x4000,
    0x0B02, 0x0102,
    0x0720, 0x0001,
    0x0722, 0x0800,
    0x0724, 0x0000,
    0x0728, 0x0000,
    0x072A, 0x0000,
    0x072C, 0x0000,
    0x072E, 0x0000,
    0xFCFC, 0x2001,
    0x3132, 0x0200,
    0xFCFC, 0x4000,
    0x021E, 0x0000,
    0x0228, 0x0100,
    0xFCFC, 0x2001,
    0x31D0, 0x0000,
    0x5A70, 0x0000,
    0xFCFC, 0x2000,
    0xDC94, 0x0103,
    0xEF80, 0x0000,
    0x23F0, 0x0001,
    0xF288, 0x0000,
    0xFCFC, 0x2001,
    0x2A30, 0x01FF,
    0x4270, 0x0000,
    0x29BA, 0x2000,
    0x29A8, 0x0100,
    0xFCFC, 0x4000,
    0x0B04, 0x0001,
    0x0B06, 0x0101,
    0x0B08, 0x0100,
    0x0B0A, 0x0101,
    0x0B0C, 0x0100,
    0xFCFC, 0x2000,
    0xC4E0, 0x0100,
    0xC4F6, 0x0000,
    0xC4E2, 0x0000,
    0xC53C, 0x0500,
    0xC544, 0x0005,
    0xC53E, 0x0000,
    0xB23C, 0x6060,
    0xB242, 0x6060,
    0xC554, 0x0010,
    0xC556, 0x0000,
    0xFCFC, 0x2001,
    0x2920, 0x0100,
    0x31F8, 0x0000,
    0x31FA, 0x0000,
    0xFCFC, 0x2000,
    0xD856, 0x0507,
    0xD6D4, 0x0000,
    0x799A, 0x0000,
    0xD8A2, 0x0100,
    0xFCFC, 0x4000,
    0x020A, 0x0000,
    0xFCFC, 0x2000,
    0x78C0, 0x0101,
    0x22C2, 0x0600,
    0x22C4, 0xFF1F,
    0x22EC, 0x1F00,
    0x2306, 0xFF3F,
    0x2314, 0xFF00,
    0x2354, 0x0300,
    0xFCFC, 0x4000,
    0x0936, 0x0000,
    0x0C40, 0x0000,
    0xFCFC, 0x2000,
    0x68DE, 0x0000,
    0xFCFC, 0x2001,
    0x2540, 0x0200,
    0x25E0, 0x0100,
    0x25E2, 0x0000,
    0xFCFC, 0x2000,
    0xD718, 0x0002,
    0xBF30, 0x0000,
    0xFCFC, 0x2001,
    0x3C42, 0x0000,
    0x3C46, 0xEB05,
    0x3C52, 0x4006,
    0xFCFC, 0x2000,
    0xD326, 0x0110,
    0xD3EC, 0xB01C,
    0xFCFC, 0x2001,
    0x195E, 0x0100,
    0x1966, 0x0000,
    0xFCFC, 0x4000,
    0x0086, 0x1400,
    0xFCFC, 0x2000,
    0xE980, 0x9E04,
    0xC4D8, 0x2000,
    0x795A, 0x2000,
    0x7970, 0x2000,
    0xFCFC, 0x2002,
    0x849E, 0x0000,
    0x84A0, 0x0000,
    0x84A2, 0x0005,
    0xFCFC, 0x2001,
    0x2BB2, 0x1000,
    0x2D32, 0x0010,
    0xFCFC, 0x2000,
    0x703C, 0x0101,
    0x7046, 0x7F02,
    0x7058, 0x8002,
    0x71D4, 0x3F00,
    0x71D6, 0x3D00,
    0x71D8, 0x84F3,
    0x71DA, 0x0040,
    0x7048, 0x1F02,
    0x705A, 0x2002,
    0x7274, 0x0B00,
    0x7276, 0x0B00,
    0x7278, 0x36D2,
    0x727A, 0x0040,
    0x727C, 0x0000,
    0x727E, 0x0000,
    0x7280, 0x0000,
    0x7282, 0x0000,
    0x703E, 0x0100,
    0x704A, 0x000A,
    0x705C, 0x010A,
    0x7314, 0x2E00,
    0x7316, 0x3000,
    0x7318, 0x9EFD,
    0x731A, 0x0040,
    0xBEDC, 0xC526,
    0xBEDE, 0x903E,
    0xBEE0, 0xC00F,
    0xBEE2, 0x0008,
    0xBEE4, 0x0C00,
    0xBEE6, 0x8000,
    0xFCFC, 0x2001,
    0x2A54, 0x0000,
    0x2A56, 0x0400,
    0x2A42, 0x0100,
    0x2A44, 0x3907,
    0x2A46, 0x0000,
    0xFCFC, 0x2000,
    0xD704, 0x0278,
    0x7A0E, 0x0F00,
    0x7A6E, 0x1900,
    0x7A86, 0x1900,
    0x8C9E, 0x3500,
    0x8CCE, 0x9600,
    0x7A10, 0x0F00,
    0x7A70, 0x1900,
    0x7A88, 0x1900,
    0x8CA0, 0x3500,
    0x8CD0, 0x9600,
    0xB224, 0x0103,
    0xB226, 0x0000,
    0xB220, 0x0103,
    0x7A12, 0x0F00,
    0x7A72, 0x1900,
    0x7A8A, 0x1900,
    0x8CA2, 0x7000,
    0x8CD2, 0xBE00,
    0x7EE6, 0x2C00,
    0x7EF2, 0x2C00,
    0x7EFE, 0x6400,
    0x7F0A, 0x5800,
    0x8D0E, 0x0000,
    0x9032, 0x0000,
    0x903E, 0x0000,
    0x7A14, 0x0F00,
    0x7A74, 0x1900,
    0x7A8C, 0x1900,
    0x8CA4, 0x3500,
    0x7F0E, 0x5800,
    0x8CD6, 0x9600,
    0x7BDA, 0x4C00,
    0xD49C, 0x2100,
    0xD4D0, 0x0A00,
    0xD4A8, 0x0000,
    0xD4D6, 0x1A00,
    0xD4E2, 0x3200,
    0xD4BC, 0x3F00,
    0xD4B0, 0x7003,
    0xD4C8, 0x0100,
    0xD624, 0x0000,
    0xD62E, 0x0000,
    0xD638, 0x0000,
    0xD4EA, 0x0100,
    0xD554, 0xC400,
    0xD556, 0xFA00,
    0xD560, 0x5203,
    0xD562, 0x8803,
    0xD4DA, 0x0000,
    0xD4E6, 0x0100,
    0xD4C0, 0x1400,
    0xD4B4, 0x0100,
    0xD4CC, 0x0000,
    0xD5BC, 0x0000,
    0xD5BE, 0x0000,
    0xD5C8, 0x0000,
    0xD5CA, 0x0000,
    0xD4D2, 0x0000,
    0xD4DE, 0x0100,
    0xD4B8, 0x1400,
    0xD4AC, 0x0100,
    0xD4C4, 0x0000,
    0xD4EC, 0x0000,
    0xD4EE, 0x0000,
    0xD4F8, 0x0000,
    0xD4FA, 0x0000,
    0xBF78, 0x5333,
    0xD896, 0x0000,
    0xFCFC, 0x2001,
    0x1C24, 0x0002,
    0x1C26, 0x8001,
    0x1C28, 0x8004,
    0x1C2A, 0x2010,
    0x1C2C, 0x2010,
    0x1C2E, 0x0005,
    0x1C30, 0x00A0,
    0x1C32, 0x2810,
    0x1C34, 0x2810,
    0x1C4E, 0x8001,
    0x1C50, 0x8004,
    0x1C52, 0x0010,
    0x1C54, 0x0010,
    0x1C56, 0x0005,
    0x1C58, 0x00A0,
    0x1C5A, 0x2810,
    0x1C5C, 0x2810,
    0x1C5E, 0x0000,
    0x1C60, 0x0000,
    0x1C62, 0x0000,
    0x1C64, 0x0000,
    0x1C66, 0x0000,
    0x1C68, 0x0000,
    0x1C6A, 0x0000,
    0x1C6C, 0x0000,
    0x1C76, 0x8001,
    0x1C78, 0x8004,
    0x1C7A, 0x2010,
    0x1C7C, 0x2010,
    0x1C7E, 0x0005,
    0x1C80, 0x00A0,
    0x1C82, 0x2810,
    0x1C84, 0x2810,
    0x1C86, 0x0000,
    0x1C88, 0x0000,
    0x1C8A, 0x0000,
    0x1C8C, 0x0000,
    0x1C8E, 0x0000,
    0x1C90, 0x0000,
    0x1C92, 0x0000,
    0x1C94, 0x0000,
    0x1C9E, 0x8001,
    0x1CA0, 0x8004,
    0x1CA2, 0x2010,
    0x1CA4, 0x2010,
    0x1CA6, 0x0005,
    0x1CA8, 0x00A0,
    0x1CAA, 0x2810,
    0x1CAC, 0x2810,
    0x1CC6, 0x8001,
    0x1CC8, 0x8004,
    0x1CCA, 0x2010,
    0x1CCC, 0x2010,
    0x1CCE, 0x0005,
    0x1CD0, 0x00A0,
    0x1CD2, 0x2810,
    0x1CD4, 0x2810,
    0x1CEE, 0x8001,
    0x1CF0, 0x8004,
    0x1CF2, 0x0010,
    0x1CF4, 0x0010,
    0x1CF6, 0x0005,
    0x1CF8, 0x00A0,
    0x1CFA, 0x2810,
    0x1CFC, 0x2810,
    0x1CFE, 0x0000,
    0x1D00, 0x0000,
    0x1D02, 0x0000,
    0x1D04, 0x0000,
    0x1D06, 0x0000,
    0x1D08, 0x0000,
    0x1D0A, 0x0000,
    0x1D0C, 0x0000,
    0x1D16, 0x8001,
    0x1D18, 0x8004,
    0x1D1A, 0x2010,
    0x1D1C, 0x2010,
    0x1D1E, 0x0005,
    0x1D20, 0x00A0,
    0x1D22, 0x2810,
    0x1D24, 0x2810,
    0x1D26, 0x0000,
    0x1D28, 0x0000,
    0x1D2A, 0x0000,
    0x1D2C, 0x0000,
    0x1D2E, 0x0000,
    0x1D30, 0x0000,
    0x1D32, 0x0000,
    0x1D34, 0x0000,
    0x1D3E, 0x8001,
    0x1D40, 0x8004,
    0x1D42, 0x2010,
    0x1D44, 0x2010,
    0x1D46, 0x0005,
    0x1D48, 0x00A0,
    0x1D4A, 0x2810,
    0x1D4C, 0x2810,
    0xFCFC, 0x2000,
    0xB21E, 0x0000,
    0xB222, 0xC000,
    0xB20C, 0x2E00,
    0xB21A, 0x0402,
    0xB378, 0x0100,
    0xDD70, 0x0000,
    0xDE38, 0x0000,
    0xFCFC, 0x2002,
    0xA574, 0x0155,
    0xA59C, 0xA2FD,
    0xA59E, 0xFEFE,
    0xA576, 0x4000,
    0xA588, 0x0E00,
    0xA578, 0x8000,
    0xA58A, 0x2000,
    0xA57A, 0xA000,
    0xA58C, 0x2800,
    0xA57C, 0x4001,
    0xA58E, 0x1400,
    0xA57E, 0x8002,
    0xA590, 0x2200,
    0xA580, 0x0005,
    0xA592, 0x2800,
    0xA582, 0x000A,
    0xA594, 0x2C00,
    0xA584, 0xA00F,
    0xA596, 0x2E00,
    0xA586, 0x4011,
    0xA598, 0x3200,
    0xA59A, 0x3500,
    0xA548, 0x00EA,
    0xA570, 0x0000,
    0xA54A, 0x0000,
    0xA54C, 0x0000,
    0xA54E, 0x0000,
    0xA550, 0x0000,
    0xA552, 0x0000,
    0xA554, 0x0000,
    0xA556, 0x0000,
    0xA55C, 0x0000,
    0xA55E, 0x0000,
    0xA560, 0x0000,
    0xA562, 0x0000,
    0xA564, 0x0000,
    0xA566, 0x0000,
    0xA568, 0x0000,
    0xA56A, 0x0000,
    0xFCFC, 0x2001,
    0x1D96, 0x0000,
    0x1D98, 0x0000,
    0x1DA6, 0x0000,
    0x1DA8, 0x0000,
    0x1D72, 0x0000,
    0x1D74, 0x0000,
    0x1D82, 0x0000,
    0x1D84, 0x0000,
    0x1D92, 0x0000,
    0x1D94, 0x0000,
    0x1DA2, 0x0000,
    0x1DA4, 0x0000,
    0x1D76, 0x0000,
    0x1D78, 0x0000,
    0x1D86, 0x0000,
    0x1D88, 0x0000,
    0x1E16, 0x1900,
    0x1E18, 0x1900,
    0x1E26, 0x1900,
    0x1E28, 0x1900,
    0x1DF2, 0x1700,
    0x1DF4, 0x1700,
    0x1E02, 0x1700,
    0x1E04, 0x1700,
    0x1E12, 0x1900,
    0x1E14, 0x1900,
    0x1E22, 0x1900,
    0x1E24, 0x1900,
    0x1DF6, 0x1700,
    0x1DF8, 0x1700,
    0x1E06, 0x1700,
    0x1E08, 0x1700,
    0xFCFC, 0x2000,
    0x82BA, 0x3300,
    0x82A2, 0x1400,
    0xFCFC, 0x2001,
    0x427C, 0x2000,
    0x4280, 0x1000,
    0x4362, 0x0100,
    0x43AA, 0x0000,
    0x43AC, 0x0000,
    0x43C6, 0x0114,
    0x43B4, 0x0000,
    0x43B6, 0x0000,
    0x4396, 0x0B00,
    0x4398, 0x0B00,
    0x437E, 0xE400,
    0xFCFC, 0x2000,
    0xB322, 0x0101,
    0xB324, 0x0100,
    0xB330, 0x2828,
    0xB34A, 0x2828,
    0xB360, 0x2828,
    0xFCFC, 0x2001,
    0x4292, 0x0000,
    0x4364, 0x0000,
    0x4366, 0x0000,
    0x4370, 0x0000,
    0x4290, 0x0100,
    0xFCFC, 0x2002,
    0x84C4, 0x012D,
    0x84A4, 0x0000,
    0xFCFC, 0x2000,
    0xD684, 0x80F3,
    0xB268, 0x80F3,
    0xF09A, 0x00FF,
    0xF2E0, 0x0000,
    0xF372, 0x0000,
    0xF0AA, 0xFFFF,
    0xF0AC, 0xFFFF,
    0xF2EA, 0x4000,
    0xDADA, 0x0001,
    0xDB3C, 0xD2FD,
    0xDADC, 0x0000,
    0xDB0C, 0x1F1F,
    0xDB3E, 0x12D2,
    0xDADE, 0x0000,
    0xDB0E, 0x0080,
    0xDB40, 0x12D2,
    0xDAE0, 0xA000,
    0xDB10, 0x0040,
    0xDB42, 0x12D2,
    0xDAE2, 0x0001,
    0xDB12, 0x0020,
    0xDB44, 0x12D2,
    0xDAE4, 0x0005,
    0xDB14, 0x0040,
    0xDB46, 0x12D2,
    0xDAE6, 0x4011,
    0xDB16, 0x0060,
    0xDBCC, 0x0000,
    0xDB6C, 0x0000,
    0xDB9C, 0x0000,
    0xDBCE, 0x0000,
    0xDB6E, 0x0000,
    0xDB9E, 0x0000,
    0xDBD0, 0x0000,
    0xDB70, 0x0000,
    0xDBA0, 0x0000,
    0xDBD2, 0x0000,
    0xDB72, 0x0000,
    0xDBA2, 0x0000,
    0xDBD4, 0x0000,
    0xDB74, 0x0000,
    0xDBA4, 0x0000,
    0xDBD6, 0x0000,
    0xDB76, 0x0000,
    0xDBA6, 0x0000,
    0xF370, 0x0203,
    0xF3E4, 0x0301,
    0xF3F4, 0xC800,
    0xF3F6, 0xD610,
    0xF014, 0x0700,
    0xB270, 0x8708,
    0xB266, 0xC004,
    0xD682, 0xC004,
    0xBF16, 0x0BAA,
    0xF698, 0x0101,
    0xDC8C, 0x3F0B,
    0xFCFC, 0x4000,
    0x0808, 0x0201,
    0x0E00, 0x0003,
};

/*05_OceanChangjiang_UW_JN5_Fdsum_4096x3072_30.1fps_3056Mbps*/
static u16 hhuwide_capture_setting[] = {
    0xFCFC, 0x4000,
    0x6170, 0xFFFF,
    0x6180, 0x0000,
    0x6190, 0x0000,
    0x6200, 0xFFFF,
    0x6202, 0xFFFF,
    0x6204, 0x0000,
    0x6206, 0x0000,
    0x6208, 0x0000,
    0xA100, 0xFFFF,
    0xA102, 0x0000,
    0xA104, 0x0000,
    0xFCFC, 0x4001,
    0x0100, 0xFFFF,
    0x0102, 0xFFFF,
    0x0104, 0x0000,
    0x0106, 0x0000,
    0x0108, 0x0000,
    0xFCFC, 0x4000,
    0x8100, 0xFFFF,
    0x8104, 0x0000,
    0x8108, 0x0000,
    0x0B30, 0x01FF,
    0xFCFC, 0x2000,
    0x7806, 0x0001,
    0x7808, 0x2408,
    0xFCFC, 0x4000,
    0x0344, 0x0000,
    0x0348, 0x201F,
    0x0346, 0x0000,
    0x034A, 0x181F,
    0x034C, 0x1000,
    0x034E, 0x0C00,
    0x0350, 0x0008,
    0x0352, 0x0008,
    0x0340, 0x1908,
    0x0342, 0x12B0,
    0x0136, 0x1800,
    0x013E, 0x0000,
    0x0304, 0x0003,
    0x0306, 0x00E6,
    0x030C, 0x0000,
    0x030E, 0x0003,
    0x0310, 0x00B2,
    0x0312, 0x0000,
    0x031A, 0x0003,
    0x031C, 0x0028,
    0x031E, 0x0002,
    0x0202, 0x0014,
    0x0226, 0x0014,
    0x022C, 0x0014,
    0x0702, 0x0000,
    0x0704, 0x0000,
    0x0114, 0x0301,
    0x0118, 0x0004,
    0x011A, 0x0001,
    0x011C, 0x0100,
    0xFCFC, 0x2000,
    0xB176, 0x0602,
    0xB178, 0x0000,
    0x7996, 0x0101,
    0x7994, 0x2020,
    0xFCFC, 0x4000,
    0x0900, 0x2222,
    0x0380, 0x0002,
    0x0382, 0x0002,
    0x0384, 0x0002,
    0x0386, 0x0002,
    0x040C, 0x0000,
    0x0400, 0x1010,
    0x0408, 0x0100,
    0x040A, 0x0100,
    0xFCFC, 0x2000,
    0xD1F6, 0x3A00,
    0xD20C, 0x0908,
    0xD314, 0x2002,
    0xD27A, 0x0500,
    0xD3F0, 0xB01C,
    0xD410, 0x4802,
    0xD426, 0xD204,
    0xD43C, 0x0140,
    0xD412, 0xD204,
    0xD428, 0xEA0A,
    0xD43E, 0x0140,
    0xFCFC, 0x4000,
    0x0260, 0x0101,
    0x0262, 0x0000,
    0x0264, 0x0306,
    0x0266, 0x0700,
    0x0112, 0x0A0A,
    0x0270, 0x2B2B,
    0x0272, 0x2B10,
    0x0274, 0x302B,
    0xFCFC, 0x2001,
    0x44C6, 0x0000,
    0xFCFC, 0x4000,
    0x0B02, 0x0102,
    0x0720, 0x0001,
    0x0722, 0x0800,
    0x0724, 0x0000,
    0x0728, 0x0000,
    0x072A, 0x0000,
    0x072C, 0x0000,
    0x072E, 0x0000,
    0xFCFC, 0x2001,
    0x3132, 0x0200,
    0xFCFC, 0x4000,
    0x021E, 0x0000,
    0x0228, 0x0100,
    0xFCFC, 0x2001,
    0x31D0, 0x0000,
    0x5A70, 0x0000,
    0xFCFC, 0x2000,
    0xDC94, 0x0103,
    0xEF80, 0x0000,
    0x23F0, 0x0001,
    0xF288, 0x0000,
    0xFCFC, 0x2001,
    0x2A30, 0x01FF,
    0x4270, 0x0000,
    0x29BA, 0x2000,
    0x29A8, 0x0100,
    0xFCFC, 0x4000,
    0x0B04, 0x0001,
    0x0B06, 0x0101,
    0x0B08, 0x0100,
    0x0B0A, 0x0101,
    0x0B0C, 0x0100,
    0xFCFC, 0x2000,
    0xC4E0, 0x0100,
    0xC4F6, 0x0000,
    0xC4E2, 0x0000,
    0xC53C, 0x0500,
    0xC544, 0x0005,
    0xC53E, 0x0000,
    0xB23C, 0x6060,
    0xB242, 0x6060,
    0xC554, 0x0010,
    0xC556, 0x0000,
    0xFCFC, 0x2001,
    0x2920, 0x0100,
    0x31F8, 0x0000,
    0x31FA, 0x0000,
    0xFCFC, 0x2000,
    0xD856, 0x0507,
    0xD6D4, 0x0000,
    0x799A, 0x0000,
    0xD8A2, 0x0100,
    0xFCFC, 0x4000,
    0x020A, 0x0000,
    0xFCFC, 0x2000,
    0x78C0, 0x0101,
    0x22C2, 0x0600,
    0x22C4, 0xFF1F,
    0x22EC, 0x1F00,
    0x2306, 0xFF3F,
    0x2314, 0xFF00,
    0x2354, 0x0300,
    0xFCFC, 0x4000,
    0x0936, 0x0000,
    0x0C40, 0x0000,
    0xFCFC, 0x2000,
    0x68DE, 0x0000,
    0xFCFC, 0x2001,
    0x2540, 0x0200,
    0x25E0, 0x0100,
    0x25E2, 0x0000,
    0xFCFC, 0x2000,
    0xD718, 0x0002,
    0xBF30, 0x0000,
    0xFCFC, 0x2001,
    0x3C42, 0x0000,
    0x3C46, 0xEB05,
    0x3C52, 0x4006,
    0xFCFC, 0x2000,
    0xD326, 0x0110,
    0xD3EC, 0xB01C,
    0xFCFC, 0x2001,
    0x195E, 0x0100,
    0x1966, 0x0000,
    0xFCFC, 0x4000,
    0x0086, 0x1400,
    0xFCFC, 0x2000,
    0xE980, 0x9E04,
    0xC4D8, 0x2000,
    0x795A, 0x2000,
    0x7970, 0x2000,
    0xFCFC, 0x2002,
    0x849E, 0x0000,
    0x84A0, 0x0000,
    0x84A2, 0x0005,
    0xFCFC, 0x2001,
    0x2BB2, 0x1000,
    0x2D32, 0x0010,
    0xFCFC, 0x2000,
    0x703C, 0x0101,
    0x7046, 0x7F02,
    0x7058, 0x8002,
    0x71D4, 0x3F00,
    0x71D6, 0x3D00,
    0x71D8, 0x84F3,
    0x71DA, 0x0040,
    0x7048, 0x1F02,
    0x705A, 0x2002,
    0x7274, 0x0B00,
    0x7276, 0x0B00,
    0x7278, 0x36D2,
    0x727A, 0x0040,
    0x727C, 0x0000,
    0x727E, 0x0000,
    0x7280, 0x0000,
    0x7282, 0x0000,
    0x703E, 0x0100,
    0x704A, 0x000A,
    0x705C, 0x010A,
    0x7314, 0x2E00,
    0x7316, 0x3000,
    0x7318, 0x9EFD,
    0x731A, 0x0040,
    0xBEDC, 0xC526,
    0xBEDE, 0x903E,
    0xBEE0, 0xC00F,
    0xBEE2, 0x0008,
    0xBEE4, 0x0C00,
    0xBEE6, 0x8000,
    0xFCFC, 0x2001,
    0x2A54, 0x0000,
    0x2A56, 0x0400,
    0x2A42, 0x0100,
    0x2A44, 0x3907,
    0x2A46, 0x0000,
    0xFCFC, 0x2000,
    0xD704, 0x0278,
    0x7A0E, 0x0F00,
    0x7A6E, 0x1900,
    0x7A86, 0x1900,
    0x8C9E, 0x3500,
    0x8CCE, 0x9600,
    0x7A10, 0x0F00,
    0x7A70, 0x1900,
    0x7A88, 0x1900,
    0x8CA0, 0x3500,
    0x8CD0, 0x9600,
    0xB224, 0x0103,
    0xB226, 0x0000,
    0xB220, 0x0103,
    0x7A12, 0x0F00,
    0x7A72, 0x1900,
    0x7A8A, 0x1900,
    0x8CA2, 0x7000,
    0x8CD2, 0xBE00,
    0x7EE6, 0x2C00,
    0x7EF2, 0x2C00,
    0x7EFE, 0x6400,
    0x7F0A, 0x5800,
    0x8D0E, 0x0000,
    0x9032, 0x0000,
    0x903E, 0x0000,
    0x7A14, 0x0F00,
    0x7A74, 0x1900,
    0x7A8C, 0x1900,
    0x8CA4, 0x3500,
    0x7F0E, 0x5800,
    0x8CD6, 0x9600,
    0x7BDA, 0x4C00,
    0xD49C, 0x2100,
    0xD4D0, 0x0A00,
    0xD4A8, 0x0000,
    0xD4D6, 0x1A00,
    0xD4E2, 0x3200,
    0xD4BC, 0x3F00,
    0xD4B0, 0x7003,
    0xD4C8, 0x0100,
    0xD624, 0x0000,
    0xD62E, 0x0000,
    0xD638, 0x0000,
    0xD4EA, 0x0100,
    0xD554, 0xC400,
    0xD556, 0xFA00,
    0xD560, 0x5203,
    0xD562, 0x8803,
    0xD4DA, 0x0000,
    0xD4E6, 0x0100,
    0xD4C0, 0x1400,
    0xD4B4, 0x0100,
    0xD4CC, 0x0000,
    0xD5BC, 0x0000,
    0xD5BE, 0x0000,
    0xD5C8, 0x0000,
    0xD5CA, 0x0000,
    0xD4D2, 0x0000,
    0xD4DE, 0x0100,
    0xD4B8, 0x1400,
    0xD4AC, 0x0100,
    0xD4C4, 0x0000,
    0xD4EC, 0x0000,
    0xD4EE, 0x0000,
    0xD4F8, 0x0000,
    0xD4FA, 0x0000,
    0xBF78, 0x5333,
    0xD896, 0x0000,
    0xFCFC, 0x2001,
    0x1C24, 0x0002,
    0x1C26, 0x8001,
    0x1C28, 0x8004,
    0x1C2A, 0x2010,
    0x1C2C, 0x2010,
    0x1C2E, 0x0005,
    0x1C30, 0x00A0,
    0x1C32, 0x2810,
    0x1C34, 0x2810,
    0x1C4E, 0x8001,
    0x1C50, 0x8004,
    0x1C52, 0x0010,
    0x1C54, 0x0010,
    0x1C56, 0x0005,
    0x1C58, 0x00A0,
    0x1C5A, 0x2810,
    0x1C5C, 0x2810,
    0x1C5E, 0x0000,
    0x1C60, 0x0000,
    0x1C62, 0x0000,
    0x1C64, 0x0000,
    0x1C66, 0x0000,
    0x1C68, 0x0000,
    0x1C6A, 0x0000,
    0x1C6C, 0x0000,
    0x1C76, 0x8001,
    0x1C78, 0x8004,
    0x1C7A, 0x2010,
    0x1C7C, 0x2010,
    0x1C7E, 0x0005,
    0x1C80, 0x00A0,
    0x1C82, 0x2810,
    0x1C84, 0x2810,
    0x1C86, 0x0000,
    0x1C88, 0x0000,
    0x1C8A, 0x0000,
    0x1C8C, 0x0000,
    0x1C8E, 0x0000,
    0x1C90, 0x0000,
    0x1C92, 0x0000,
    0x1C94, 0x0000,
    0x1C9E, 0x8001,
    0x1CA0, 0x8004,
    0x1CA2, 0x2010,
    0x1CA4, 0x2010,
    0x1CA6, 0x0005,
    0x1CA8, 0x00A0,
    0x1CAA, 0x2810,
    0x1CAC, 0x2810,
    0x1CC6, 0x8001,
    0x1CC8, 0x8004,
    0x1CCA, 0x2010,
    0x1CCC, 0x2010,
    0x1CCE, 0x0005,
    0x1CD0, 0x00A0,
    0x1CD2, 0x2810,
    0x1CD4, 0x2810,
    0x1CEE, 0x8001,
    0x1CF0, 0x8004,
    0x1CF2, 0x0010,
    0x1CF4, 0x0010,
    0x1CF6, 0x0005,
    0x1CF8, 0x00A0,
    0x1CFA, 0x2810,
    0x1CFC, 0x2810,
    0x1CFE, 0x0000,
    0x1D00, 0x0000,
    0x1D02, 0x0000,
    0x1D04, 0x0000,
    0x1D06, 0x0000,
    0x1D08, 0x0000,
    0x1D0A, 0x0000,
    0x1D0C, 0x0000,
    0x1D16, 0x8001,
    0x1D18, 0x8004,
    0x1D1A, 0x2010,
    0x1D1C, 0x2010,
    0x1D1E, 0x0005,
    0x1D20, 0x00A0,
    0x1D22, 0x2810,
    0x1D24, 0x2810,
    0x1D26, 0x0000,
    0x1D28, 0x0000,
    0x1D2A, 0x0000,
    0x1D2C, 0x0000,
    0x1D2E, 0x0000,
    0x1D30, 0x0000,
    0x1D32, 0x0000,
    0x1D34, 0x0000,
    0x1D3E, 0x8001,
    0x1D40, 0x8004,
    0x1D42, 0x2010,
    0x1D44, 0x2010,
    0x1D46, 0x0005,
    0x1D48, 0x00A0,
    0x1D4A, 0x2810,
    0x1D4C, 0x2810,
    0xFCFC, 0x2000,
    0xB21E, 0x0000,
    0xB222, 0xC000,
    0xB20C, 0x2E00,
    0xB21A, 0x0402,
    0xB378, 0x0100,
    0xDD70, 0x0000,
    0xDE38, 0x0000,
    0xFCFC, 0x2002,
    0xA574, 0x0155,
    0xA59C, 0xA2FD,
    0xA59E, 0xFEFE,
    0xA576, 0x4000,
    0xA588, 0x0E00,
    0xA578, 0x8000,
    0xA58A, 0x2000,
    0xA57A, 0xA000,
    0xA58C, 0x2800,
    0xA57C, 0x4001,
    0xA58E, 0x1400,
    0xA57E, 0x8002,
    0xA590, 0x2200,
    0xA580, 0x0005,
    0xA592, 0x2800,
    0xA582, 0x000A,
    0xA594, 0x2C00,
    0xA584, 0xA00F,
    0xA596, 0x2E00,
    0xA586, 0x4011,
    0xA598, 0x3200,
    0xA59A, 0x3500,
    0xA548, 0x00EA,
    0xA570, 0x0000,
    0xA54A, 0x0000,
    0xA54C, 0x0000,
    0xA54E, 0x0000,
    0xA550, 0x0000,
    0xA552, 0x0000,
    0xA554, 0x0000,
    0xA556, 0x0000,
    0xA55C, 0x0000,
    0xA55E, 0x0000,
    0xA560, 0x0000,
    0xA562, 0x0000,
    0xA564, 0x0000,
    0xA566, 0x0000,
    0xA568, 0x0000,
    0xA56A, 0x0000,
    0xFCFC, 0x2001,
    0x1D96, 0x0000,
    0x1D98, 0x0000,
    0x1DA6, 0x0000,
    0x1DA8, 0x0000,
    0x1D72, 0x0000,
    0x1D74, 0x0000,
    0x1D82, 0x0000,
    0x1D84, 0x0000,
    0x1D92, 0x0000,
    0x1D94, 0x0000,
    0x1DA2, 0x0000,
    0x1DA4, 0x0000,
    0x1D76, 0x0000,
    0x1D78, 0x0000,
    0x1D86, 0x0000,
    0x1D88, 0x0000,
    0x1E16, 0x1900,
    0x1E18, 0x1900,
    0x1E26, 0x1900,
    0x1E28, 0x1900,
    0x1DF2, 0x1700,
    0x1DF4, 0x1700,
    0x1E02, 0x1700,
    0x1E04, 0x1700,
    0x1E12, 0x1900,
    0x1E14, 0x1900,
    0x1E22, 0x1900,
    0x1E24, 0x1900,
    0x1DF6, 0x1700,
    0x1DF8, 0x1700,
    0x1E06, 0x1700,
    0x1E08, 0x1700,
    0xFCFC, 0x2000,
    0x82BA, 0x3300,
    0x82A2, 0x1400,
    0xFCFC, 0x2001,
    0x427C, 0x2000,
    0x4280, 0x1000,
    0x4362, 0x0100,
    0x43AA, 0x0000,
    0x43AC, 0x0000,
    0x43C6, 0x0114,
    0x43B4, 0x0000,
    0x43B6, 0x0000,
    0x4396, 0x0B00,
    0x4398, 0x0B00,
    0x437E, 0xE400,
    0xFCFC, 0x2000,
    0xB322, 0x0101,
    0xB324, 0x0100,
    0xB330, 0x2828,
    0xB34A, 0x2828,
    0xB360, 0x2828,
    0xFCFC, 0x2001,
    0x4292, 0x0000,
    0x4364, 0x0000,
    0x4366, 0x0000,
    0x4370, 0x0000,
    0x4290, 0x0100,
    0xFCFC, 0x2002,
    0x84C4, 0x012D,
    0x84A4, 0x0000,
    0xFCFC, 0x2000,
    0xD684, 0x80F3,
    0xB268, 0x80F3,
    0xF09A, 0x00FF,
    0xF2E0, 0x0000,
    0xF372, 0x0000,
    0xF0AA, 0xFFFF,
    0xF0AC, 0xFFFF,
    0xF2EA, 0x4000,
    0xDADA, 0x0001,
    0xDB3C, 0xD2FD,
    0xDADC, 0x0000,
    0xDB0C, 0x1F1F,
    0xDB3E, 0x12D2,
    0xDADE, 0x0000,
    0xDB0E, 0x0080,
    0xDB40, 0x12D2,
    0xDAE0, 0xA000,
    0xDB10, 0x0040,
    0xDB42, 0x12D2,
    0xDAE2, 0x0001,
    0xDB12, 0x0020,
    0xDB44, 0x12D2,
    0xDAE4, 0x0005,
    0xDB14, 0x0040,
    0xDB46, 0x12D2,
    0xDAE6, 0x4011,
    0xDB16, 0x0060,
    0xDBCC, 0x0000,
    0xDB6C, 0x0000,
    0xDB9C, 0x0000,
    0xDBCE, 0x0000,
    0xDB6E, 0x0000,
    0xDB9E, 0x0000,
    0xDBD0, 0x0000,
    0xDB70, 0x0000,
    0xDBA0, 0x0000,
    0xDBD2, 0x0000,
    0xDB72, 0x0000,
    0xDBA2, 0x0000,
    0xDBD4, 0x0000,
    0xDB74, 0x0000,
    0xDBA4, 0x0000,
    0xDBD6, 0x0000,
    0xDB76, 0x0000,
    0xDBA6, 0x0000,
    0xF370, 0x0203,
    0xF3E4, 0x0301,
    0xF3F4, 0xC800,
    0xF3F6, 0xD610,
    0xF014, 0x0700,
    0xB270, 0x8708,
    0xB266, 0xC004,
    0xD682, 0xC004,
    0xBF16, 0x0BAA,
    0xF698, 0x0101,
    0xDC8C, 0x3F0B,
    0xFCFC, 0x4000,
    0x0808, 0x0201,
    0x0E00, 0x0003,
};

/*09_OceanChangjiang_UW_JN5_Fdsum_4096x2304_30fps_3056Mbps*/
static u16 hhuwide_normal_video_setting[] = {
    0xFCFC, 0x4000,
    0x6170, 0xFFFF,
    0x6180, 0x0000,
    0x6190, 0x0000,
    0x6200, 0xFFFF,
    0x6202, 0xFFFF,
    0x6204, 0x0000,
    0x6206, 0x0000,
    0x6208, 0x0000,
    0xA100, 0xFFFF,
    0xA102, 0x0000,
    0xA104, 0x0000,
    0xFCFC, 0x4001,
    0x0100, 0xFFFF,
    0x0102, 0xFFFF,
    0x0104, 0x0000,
    0x0106, 0x0000,
    0x0108, 0x0000,
    0xFCFC, 0x4000,
    0x8100, 0xFFFF,
    0x8104, 0x0000,
    0x8108, 0x0000,
    0x0B30, 0x01FF,
    0xFCFC, 0x2000,
    0x7806, 0x0001,
    0x7808, 0x2408,
    0xFCFC, 0x4000,
    0x0344, 0x0000,
    0x0348, 0x201F,
    0x0346, 0x0300,
    0x034A, 0x151F,
    0x034C, 0x1000,
    0x034E, 0x0900,
    0x0350, 0x0008,
    0x0352, 0x0008,
    0x0340, 0x1908,
    0x0342, 0x12B0,
    0x0136, 0x1800,
    0x013E, 0x0000,
    0x0304, 0x0003,
    0x0306, 0x00E6,
    0x030C, 0x0000,
    0x030E, 0x0003,
    0x0310, 0x00B2,
    0x0312, 0x0000,
    0x031A, 0x0003,
    0x031C, 0x0028,
    0x031E, 0x0002,
    0x0202, 0x0014,
    0x0226, 0x0014,
    0x022C, 0x0014,
    0x0702, 0x0000,
    0x0704, 0x0000,
    0x0114, 0x0301,
    0x0118, 0x0004,
    0x011A, 0x0001,
    0x011C, 0x0100,
    0xFCFC, 0x2000,
    0xB176, 0x0602,
    0xB178, 0x0000,
    0x7996, 0x0101,
    0x7994, 0x2020,
    0xFCFC, 0x4000,
    0x0900, 0x2222,
    0x0380, 0x0002,
    0x0382, 0x0002,
    0x0384, 0x0002,
    0x0386, 0x0002,
    0x040C, 0x0000,
    0x0400, 0x1010,
    0x0408, 0x0100,
    0x040A, 0x0100,
    0xFCFC, 0x2000,
    0xD1F6, 0x3A00,
    0xD20C, 0x0908,
    0xD314, 0x2002,
    0xD27A, 0x0500,
    0xD3F0, 0xB01C,
    0xD410, 0x4802,
    0xD426, 0xD204,
    0xD43C, 0x0140,
    0xD412, 0xD204,
    0xD428, 0xEA0A,
    0xD43E, 0x0140,
    0xFCFC, 0x4000,
    0x0260, 0x0101,
    0x0262, 0x0000,
    0x0264, 0x0306,
    0x0266, 0x0700,
    0x0112, 0x0A0A,
    0x0270, 0x2B2B,
    0x0272, 0x2B10,
    0x0274, 0x302B,
    0xFCFC, 0x2001,
    0x44C6, 0x0000,
    0xFCFC, 0x4000,
    0x0B02, 0x0102,
    0x0720, 0x0001,
    0x0722, 0x0800,
    0x0724, 0x0000,
    0x0728, 0x0000,
    0x072A, 0x0000,
    0x072C, 0x0000,
    0x072E, 0x0000,
    0xFCFC, 0x2001,
    0x3132, 0x0200,
    0xFCFC, 0x4000,
    0x021E, 0x0000,
    0x0228, 0x0100,
    0xFCFC, 0x2001,
    0x31D0, 0x0000,
    0x5A70, 0x0000,
    0xFCFC, 0x2000,
    0xDC94, 0x0103,
    0xEF80, 0x0000,
    0x23F0, 0x0001,
    0xF288, 0x0000,
    0xFCFC, 0x2001,
    0x2A30, 0x01FF,
    0x4270, 0x0000,
    0x29BA, 0x2000,
    0x29A8, 0x0100,
    0xFCFC, 0x4000,
    0x0B04, 0x0001,
    0x0B06, 0x0101,
    0x0B08, 0x0100,
    0x0B0A, 0x0101,
    0x0B0C, 0x0100,
    0xFCFC, 0x2000,
    0xC4E0, 0x0100,
    0xC4F6, 0x0000,
    0xC4E2, 0x0000,
    0xC53C, 0x0500,
    0xC544, 0x0005,
    0xC53E, 0x0000,
    0xB23C, 0x6060,
    0xB242, 0x6060,
    0xC554, 0x0010,
    0xC556, 0x0000,
    0xFCFC, 0x2001,
    0x2920, 0x0100,
    0x31F8, 0x0000,
    0x31FA, 0x0000,
    0xFCFC, 0x2000,
    0xD856, 0x0507,
    0xD6D4, 0x0000,
    0x799A, 0x0000,
    0xD8A2, 0x0100,
    0xFCFC, 0x4000,
    0x020A, 0x0000,
    0xFCFC, 0x2000,
    0x78C0, 0x0101,
    0x22C2, 0x0600,
    0x22C4, 0xFF1F,
    0x22EC, 0x1F00,
    0x2306, 0xFF3F,
    0x2314, 0xFF00,
    0x2354, 0x0300,
    0xFCFC, 0x4000,
    0x0936, 0x0000,
    0x0C40, 0x0000,
    0xFCFC, 0x2000,
    0x68DE, 0x0000,
    0xFCFC, 0x2001,
    0x2540, 0x0200,
    0x25E0, 0x0100,
    0x25E2, 0x0000,
    0xFCFC, 0x2000,
    0xD718, 0x0002,
    0xBF30, 0x0000,
    0xFCFC, 0x2001,
    0x3C42, 0x0000,
    0x3C46, 0xEB05,
    0x3C52, 0x4006,
    0xFCFC, 0x2000,
    0xD326, 0x0110,
    0xD3EC, 0xB01C,
    0xFCFC, 0x2001,
    0x195E, 0x0100,
    0x1966, 0x0000,
    0xFCFC, 0x4000,
    0x0086, 0x1400,
    0xFCFC, 0x2000,
    0xE980, 0x9E04,
    0xC4D8, 0x2000,
    0x795A, 0x2000,
    0x7970, 0x2000,
    0xFCFC, 0x2002,
    0x849E, 0x0000,
    0x84A0, 0x0000,
    0x84A2, 0x0005,
    0xFCFC, 0x2001,
    0x2BB2, 0x1000,
    0x2D32, 0x0010,
    0xFCFC, 0x2000,
    0x703C, 0x0101,
    0x7046, 0x7F02,
    0x7058, 0x8002,
    0x71D4, 0x3F00,
    0x71D6, 0x3D00,
    0x71D8, 0x84F3,
    0x71DA, 0x0040,
    0x7048, 0x1F02,
    0x705A, 0x2002,
    0x7274, 0x0B00,
    0x7276, 0x0B00,
    0x7278, 0x36D2,
    0x727A, 0x0040,
    0x727C, 0x0000,
    0x727E, 0x0000,
    0x7280, 0x0000,
    0x7282, 0x0000,
    0x703E, 0x0100,
    0x704A, 0x000A,
    0x705C, 0x010A,
    0x7314, 0x2E00,
    0x7316, 0x3000,
    0x7318, 0x9EFD,
    0x731A, 0x0040,
    0xBEDC, 0xC526,
    0xBEDE, 0x903E,
    0xBEE0, 0xC00F,
    0xBEE2, 0x0008,
    0xBEE4, 0x0C00,
    0xBEE6, 0x8000,
    0xFCFC, 0x2001,
    0x2A54, 0x0000,
    0x2A56, 0x0400,
    0x2A42, 0x0100,
    0x2A44, 0x3907,
    0x2A46, 0x0000,
    0xFCFC, 0x2000,
    0xD704, 0x0278,
    0x7A0E, 0x0F00,
    0x7A6E, 0x1900,
    0x7A86, 0x1900,
    0x8C9E, 0x3500,
    0x8CCE, 0x9600,
    0x7A10, 0x0F00,
    0x7A70, 0x1900,
    0x7A88, 0x1900,
    0x8CA0, 0x3500,
    0x8CD0, 0x9600,
    0xB224, 0x0103,
    0xB226, 0x0000,
    0xB220, 0x0103,
    0x7A12, 0x0F00,
    0x7A72, 0x1900,
    0x7A8A, 0x1900,
    0x8CA2, 0x7000,
    0x8CD2, 0xBE00,
    0x7EE6, 0x2C00,
    0x7EF2, 0x2C00,
    0x7EFE, 0x6400,
    0x7F0A, 0x5800,
    0x8D0E, 0x0000,
    0x9032, 0x0000,
    0x903E, 0x0000,
    0x7A14, 0x0F00,
    0x7A74, 0x1900,
    0x7A8C, 0x1900,
    0x8CA4, 0x3500,
    0x7F0E, 0x5800,
    0x8CD6, 0x9600,
    0x7BDA, 0x4C00,
    0xD49C, 0x2100,
    0xD4D0, 0x0A00,
    0xD4A8, 0x0000,
    0xD4D6, 0x1A00,
    0xD4E2, 0x3200,
    0xD4BC, 0x3F00,
    0xD4B0, 0x7003,
    0xD4C8, 0x0100,
    0xD624, 0x0000,
    0xD62E, 0x0000,
    0xD638, 0x0000,
    0xD4EA, 0x0100,
    0xD554, 0xC400,
    0xD556, 0xFA00,
    0xD560, 0x5203,
    0xD562, 0x8803,
    0xD4DA, 0x0000,
    0xD4E6, 0x0100,
    0xD4C0, 0x1400,
    0xD4B4, 0x0100,
    0xD4CC, 0x0000,
    0xD5BC, 0x0000,
    0xD5BE, 0x0000,
    0xD5C8, 0x0000,
    0xD5CA, 0x0000,
    0xD4D2, 0x0000,
    0xD4DE, 0x0100,
    0xD4B8, 0x1400,
    0xD4AC, 0x0100,
    0xD4C4, 0x0000,
    0xD4EC, 0x0000,
    0xD4EE, 0x0000,
    0xD4F8, 0x0000,
    0xD4FA, 0x0000,
    0xBF78, 0x5333,
    0xD896, 0x0000,
    0xFCFC, 0x2001,
    0x1C24, 0x0002,
    0x1C26, 0x8001,
    0x1C28, 0x8004,
    0x1C2A, 0x2010,
    0x1C2C, 0x2010,
    0x1C2E, 0x0005,
    0x1C30, 0x00A0,
    0x1C32, 0x2810,
    0x1C34, 0x2810,
    0x1C4E, 0x8001,
    0x1C50, 0x8004,
    0x1C52, 0x0010,
    0x1C54, 0x0010,
    0x1C56, 0x0005,
    0x1C58, 0x00A0,
    0x1C5A, 0x2810,
    0x1C5C, 0x2810,
    0x1C5E, 0x0000,
    0x1C60, 0x0000,
    0x1C62, 0x0000,
    0x1C64, 0x0000,
    0x1C66, 0x0000,
    0x1C68, 0x0000,
    0x1C6A, 0x0000,
    0x1C6C, 0x0000,
    0x1C76, 0x8001,
    0x1C78, 0x8004,
    0x1C7A, 0x2010,
    0x1C7C, 0x2010,
    0x1C7E, 0x0005,
    0x1C80, 0x00A0,
    0x1C82, 0x2810,
    0x1C84, 0x2810,
    0x1C86, 0x0000,
    0x1C88, 0x0000,
    0x1C8A, 0x0000,
    0x1C8C, 0x0000,
    0x1C8E, 0x0000,
    0x1C90, 0x0000,
    0x1C92, 0x0000,
    0x1C94, 0x0000,
    0x1C9E, 0x8001,
    0x1CA0, 0x8004,
    0x1CA2, 0x2010,
    0x1CA4, 0x2010,
    0x1CA6, 0x0005,
    0x1CA8, 0x00A0,
    0x1CAA, 0x2810,
    0x1CAC, 0x2810,
    0x1CC6, 0x8001,
    0x1CC8, 0x8004,
    0x1CCA, 0x2010,
    0x1CCC, 0x2010,
    0x1CCE, 0x0005,
    0x1CD0, 0x00A0,
    0x1CD2, 0x2810,
    0x1CD4, 0x2810,
    0x1CEE, 0x8001,
    0x1CF0, 0x8004,
    0x1CF2, 0x0010,
    0x1CF4, 0x0010,
    0x1CF6, 0x0005,
    0x1CF8, 0x00A0,
    0x1CFA, 0x2810,
    0x1CFC, 0x2810,
    0x1CFE, 0x0000,
    0x1D00, 0x0000,
    0x1D02, 0x0000,
    0x1D04, 0x0000,
    0x1D06, 0x0000,
    0x1D08, 0x0000,
    0x1D0A, 0x0000,
    0x1D0C, 0x0000,
    0x1D16, 0x8001,
    0x1D18, 0x8004,
    0x1D1A, 0x2010,
    0x1D1C, 0x2010,
    0x1D1E, 0x0005,
    0x1D20, 0x00A0,
    0x1D22, 0x2810,
    0x1D24, 0x2810,
    0x1D26, 0x0000,
    0x1D28, 0x0000,
    0x1D2A, 0x0000,
    0x1D2C, 0x0000,
    0x1D2E, 0x0000,
    0x1D30, 0x0000,
    0x1D32, 0x0000,
    0x1D34, 0x0000,
    0x1D3E, 0x8001,
    0x1D40, 0x8004,
    0x1D42, 0x2010,
    0x1D44, 0x2010,
    0x1D46, 0x0005,
    0x1D48, 0x00A0,
    0x1D4A, 0x2810,
    0x1D4C, 0x2810,
    0xFCFC, 0x2000,
    0xB21E, 0x0000,
    0xB222, 0xC000,
    0xB20C, 0x2E00,
    0xB21A, 0x0402,
    0xB378, 0x0100,
    0xDD70, 0x0000,
    0xDE38, 0x0000,
    0xFCFC, 0x2002,
    0xA574, 0x0155,
    0xA59C, 0xA2FD,
    0xA59E, 0xFEFE,
    0xA576, 0x4000,
    0xA588, 0x0E00,
    0xA578, 0x8000,
    0xA58A, 0x2000,
    0xA57A, 0xA000,
    0xA58C, 0x2800,
    0xA57C, 0x4001,
    0xA58E, 0x1400,
    0xA57E, 0x8002,
    0xA590, 0x2200,
    0xA580, 0x0005,
    0xA592, 0x2800,
    0xA582, 0x000A,
    0xA594, 0x2C00,
    0xA584, 0xA00F,
    0xA596, 0x2E00,
    0xA586, 0x4011,
    0xA598, 0x3200,
    0xA59A, 0x3500,
    0xA548, 0x00EA,
    0xA570, 0x0000,
    0xA54A, 0x0000,
    0xA54C, 0x0000,
    0xA54E, 0x0000,
    0xA550, 0x0000,
    0xA552, 0x0000,
    0xA554, 0x0000,
    0xA556, 0x0000,
    0xA55C, 0x0000,
    0xA55E, 0x0000,
    0xA560, 0x0000,
    0xA562, 0x0000,
    0xA564, 0x0000,
    0xA566, 0x0000,
    0xA568, 0x0000,
    0xA56A, 0x0000,
    0xFCFC, 0x2001,
    0x1D96, 0x0000,
    0x1D98, 0x0000,
    0x1DA6, 0x0000,
    0x1DA8, 0x0000,
    0x1D72, 0x0000,
    0x1D74, 0x0000,
    0x1D82, 0x0000,
    0x1D84, 0x0000,
    0x1D92, 0x0000,
    0x1D94, 0x0000,
    0x1DA2, 0x0000,
    0x1DA4, 0x0000,
    0x1D76, 0x0000,
    0x1D78, 0x0000,
    0x1D86, 0x0000,
    0x1D88, 0x0000,
    0x1E16, 0x0C00,
    0x1E18, 0x0C00,
    0x1E26, 0x0C00,
    0x1E28, 0x0C00,
    0x1DF2, 0x0800,
    0x1DF4, 0x0800,
    0x1E02, 0x0800,
    0x1E04, 0x0800,
    0x1E12, 0x0C00,
    0x1E14, 0x0C00,
    0x1E22, 0x0C00,
    0x1E24, 0x0C00,
    0x1DF6, 0x0800,
    0x1DF8, 0x0800,
    0x1E06, 0x0800,
    0x1E08, 0x0800,
    0xFCFC, 0x2000,
    0x82BA, 0x3300,
    0x82A2, 0x1400,
    0xFCFC, 0x2001,
    0x427C, 0x2000,
    0x4280, 0x1000,
    0x4362, 0x0100,
    0x43AA, 0x0000,
    0x43AC, 0x0000,
    0x43C6, 0x0114,
    0x43B4, 0x0000,
    0x43B6, 0x0000,
    0x4396, 0x0B00,
    0x4398, 0x0B00,
    0x437E, 0xE400,
    0xFCFC, 0x2000,
    0xB322, 0x0101,
    0xB324, 0x0100,
    0xB330, 0x2828,
    0xB34A, 0x2828,
    0xB360, 0x2828,
    0xFCFC, 0x2001,
    0x4292, 0x0000,
    0x4364, 0x0000,
    0x4366, 0x0000,
    0x4370, 0x0000,
    0x4290, 0x0100,
    0xFCFC, 0x2002,
    0x84C4, 0x012D,
    0x84A4, 0x0000,
    0xFCFC, 0x2000,
    0xD684, 0x80F3,
    0xB268, 0x80F3,
    0xF09A, 0x00FF,
    0xF2E0, 0x0000,
    0xF372, 0x0000,
    0xF0AA, 0xFFFF,
    0xF0AC, 0xFFFF,
    0xF2EA, 0x4000,
    0xDADA, 0x0001,
    0xDB3C, 0xD2FD,
    0xDADC, 0x0000,
    0xDB0C, 0x1F1F,
    0xDB3E, 0x12D2,
    0xDADE, 0x0000,
    0xDB0E, 0x0080,
    0xDB40, 0x12D2,
    0xDAE0, 0xA000,
    0xDB10, 0x0040,
    0xDB42, 0x12D2,
    0xDAE2, 0x0001,
    0xDB12, 0x0020,
    0xDB44, 0x12D2,
    0xDAE4, 0x0005,
    0xDB14, 0x0040,
    0xDB46, 0x12D2,
    0xDAE6, 0x4011,
    0xDB16, 0x0060,
    0xDBCC, 0x0000,
    0xDB6C, 0x0000,
    0xDB9C, 0x0000,
    0xDBCE, 0x0000,
    0xDB6E, 0x0000,
    0xDB9E, 0x0000,
    0xDBD0, 0x0000,
    0xDB70, 0x0000,
    0xDBA0, 0x0000,
    0xDBD2, 0x0000,
    0xDB72, 0x0000,
    0xDBA2, 0x0000,
    0xDBD4, 0x0000,
    0xDB74, 0x0000,
    0xDBA4, 0x0000,
    0xDBD6, 0x0000,
    0xDB76, 0x0000,
    0xDBA6, 0x0000,
    0xF370, 0x0203,
    0xF3E4, 0x0301,
    0xF3F4, 0xC800,
    0xF3F6, 0xD610,
    0xF014, 0x0700,
    0xB270, 0x8708,
    0xB266, 0xC004,
    0xD682, 0xC004,
    0xBF16, 0x0BAA,
    0xF698, 0x0100,
    0xDC8C, 0x3F0B,
    0xFCFC, 0x4000,
    0x0808, 0x0201,
    0x0E00, 0x0003,
};

/* 09_OceanChangjiang_UW_JN5_Fdsum_4096x2304_60fps_3056Mbps */
static u16 hhuwide_hs_video_setting[] = {
    0xFCFC, 0x4000,
    0x6170, 0xFFFF,
    0x6180, 0x0000,
    0x6190, 0x0000,
    0x6200, 0xFFFF,
    0x6202, 0xFFFF,
    0x6204, 0x0000,
    0x6206, 0x0000,
    0x6208, 0x0000,
    0xA100, 0xFFFF,
    0xA102, 0x0000,
    0xA104, 0x0000,
    0xFCFC, 0x4001,
    0x0100, 0xFFFF,
    0x0102, 0xFFFF,
    0x0104, 0x0000,
    0x0106, 0x0000,
    0x0108, 0x0000,
    0xFCFC, 0x4000,
    0x8100, 0xFFFF,
    0x8104, 0x0000,
    0x8108, 0x0000,
    0x0B30, 0x01FF,
    0xFCFC, 0x2000,
    0x7806, 0x0001,
    0x7808, 0x2408,
    0xFCFC, 0x4000,
    0x0344, 0x0000,
    0x0348, 0x201F,
    0x0346, 0x0300,
    0x034A, 0x151F,
    0x034C, 0x1000,
    0x034E, 0x0900,
    0x0350, 0x0008,
    0x0352, 0x0008,
    0x0340, 0x0C84,
    0x0342, 0x12B0,
    0x0136, 0x1800,
    0x013E, 0x0000,
    0x0304, 0x0003,
    0x0306, 0x00E6,
    0x030C, 0x0000,
    0x030E, 0x0003,
    0x0310, 0x00B2,
    0x0312, 0x0000,
    0x031A, 0x0003,
    0x031C, 0x0028,
    0x031E, 0x0002,
    0x0202, 0x0014,
    0x0226, 0x0014,
    0x022C, 0x0014,
    0x0702, 0x0000,
    0x0704, 0x0000,
    0x0114, 0x0301,
    0x0118, 0x0004,
    0x011A, 0x0001,
    0x011C, 0x0100,
    0xFCFC, 0x2000,
    0xB176, 0x0602,
    0xB178, 0x0000,
    0x7996, 0x0101,
    0x7994, 0x2020,
    0xFCFC, 0x4000,
    0x0900, 0x2222,
    0x0380, 0x0002,
    0x0382, 0x0002,
    0x0384, 0x0002,
    0x0386, 0x0002,
    0x040C, 0x0000,
    0x0400, 0x1010,
    0x0408, 0x0100,
    0x040A, 0x0100,
    0xFCFC, 0x2000,
    0xD1F6, 0x3A00,
    0xD20C, 0x0908,
    0xD314, 0x2002,
    0xD27A, 0x0500,
    0xD3F0, 0xB01C,
    0xD410, 0x4802,
    0xD426, 0xD204,
    0xD43C, 0x0140,
    0xD412, 0xD204,
    0xD428, 0xEA0A,
    0xD43E, 0x0140,
    0xFCFC, 0x4000,
    0x0260, 0x0101,
    0x0262, 0x0000,
    0x0264, 0x0306,
    0x0266, 0x0700,
    0x0112, 0x0A0A,
    0x0270, 0x2B2B,
    0x0272, 0x2B10,
    0x0274, 0x302B,
    0xFCFC, 0x2001,
    0x44C6, 0x0000,
    0xFCFC, 0x4000,
    0x0B02, 0x0102,
    0x0720, 0x0001,
    0x0722, 0x0800,
    0x0724, 0x0000,
    0x0728, 0x0000,
    0x072A, 0x0000,
    0x072C, 0x0000,
    0x072E, 0x0000,
    0xFCFC, 0x2001,
    0x3132, 0x0200,
    0xFCFC, 0x4000,
    0x021E, 0x0000,
    0x0228, 0x0100,
    0xFCFC, 0x2001,
    0x31D0, 0x0000,
    0x5A70, 0x0000,
    0xFCFC, 0x2000,
    0xDC94, 0x0103,
    0xEF80, 0x0000,
    0x23F0, 0x0001,
    0xF288, 0x0000,
    0xFCFC, 0x2001,
    0x2A30, 0x01FF,
    0x4270, 0x0000,
    0x29BA, 0x2000,
    0x29A8, 0x0100,
    0xFCFC, 0x4000,
    0x0B04, 0x0001,
    0x0B06, 0x0101,
    0x0B08, 0x0100,
    0x0B0A, 0x0101,
    0x0B0C, 0x0100,
    0xFCFC, 0x2000,
    0xC4E0, 0x0100,
    0xC4F6, 0x0000,
    0xC4E2, 0x0000,
    0xC53C, 0x0500,
    0xC544, 0x0005,
    0xC53E, 0x0000,
    0xB23C, 0x6060,
    0xB242, 0x6060,
    0xC554, 0x0010,
    0xC556, 0x0000,
    0xFCFC, 0x2001,
    0x2920, 0x0100,
    0x31F8, 0x0000,
    0x31FA, 0x0000,
    0xFCFC, 0x2000,
    0xD856, 0x0507,
    0xD6D4, 0x0000,
    0x799A, 0x0000,
    0xD8A2, 0x0100,
    0xFCFC, 0x4000,
    0x020A, 0x0000,
    0xFCFC, 0x2000,
    0x78C0, 0x0101,
    0x22C2, 0x0600,
    0x22C4, 0xFF1F,
    0x22EC, 0x1F00,
    0x2306, 0xFF3F,
    0x2314, 0xFF00,
    0x2354, 0x0300,
    0xFCFC, 0x4000,
    0x0936, 0x0000,
    0x0C40, 0x0000,
    0xFCFC, 0x2000,
    0x68DE, 0x0000,
    0xFCFC, 0x2001,
    0x2540, 0x0200,
    0x25E0, 0x0100,
    0x25E2, 0x0000,
    0xFCFC, 0x2000,
    0xD718, 0x0002,
    0xBF30, 0x0000,
    0xFCFC, 0x2001,
    0x3C42, 0x0000,
    0x3C46, 0xEB05,
    0x3C52, 0x4006,
    0xFCFC, 0x2000,
    0xD326, 0x0110,
    0xD3EC, 0xB01C,
    0xFCFC, 0x2001,
    0x195E, 0x0100,
    0x1966, 0x0000,
    0xFCFC, 0x4000,
    0x0086, 0x1400,
    0xFCFC, 0x2000,
    0xE980, 0x9E04,
    0xC4D8, 0x2000,
    0x795A, 0x2000,
    0x7970, 0x2000,
    0xFCFC, 0x2002,
    0x849E, 0x0000,
    0x84A0, 0x0000,
    0x84A2, 0x0005,
    0xFCFC, 0x2001,
    0x2BB2, 0x1000,
    0x2D32, 0x0010,
    0xFCFC, 0x2000,
    0x703C, 0x0101,
    0x7046, 0x7F02,
    0x7058, 0x8002,
    0x71D4, 0x3F00,
    0x71D6, 0x3D00,
    0x71D8, 0x84F3,
    0x71DA, 0x0040,
    0x7048, 0x1F02,
    0x705A, 0x2002,
    0x7274, 0x0B00,
    0x7276, 0x0B00,
    0x7278, 0x36D2,
    0x727A, 0x0040,
    0x727C, 0x0000,
    0x727E, 0x0000,
    0x7280, 0x0000,
    0x7282, 0x0000,
    0x703E, 0x0100,
    0x704A, 0x000A,
    0x705C, 0x010A,
    0x7314, 0x2E00,
    0x7316, 0x3000,
    0x7318, 0x9EFD,
    0x731A, 0x0040,
    0xBEDC, 0xC526,
    0xBEDE, 0x903E,
    0xBEE0, 0xC00F,
    0xBEE2, 0x0008,
    0xBEE4, 0x0C00,
    0xBEE6, 0x8000,
    0xFCFC, 0x2001,
    0x2A54, 0x0000,
    0x2A56, 0x0400,
    0x2A42, 0x0100,
    0x2A44, 0x3907,
    0x2A46, 0x0000,
    0xFCFC, 0x2000,
    0xD704, 0x0278,
    0x7A0E, 0x0F00,
    0x7A6E, 0x1900,
    0x7A86, 0x1900,
    0x8C9E, 0x3500,
    0x8CCE, 0x9600,
    0x7A10, 0x0F00,
    0x7A70, 0x1900,
    0x7A88, 0x1900,
    0x8CA0, 0x3500,
    0x8CD0, 0x9600,
    0xB224, 0x0103,
    0xB226, 0x0000,
    0xB220, 0x0103,
    0x7A12, 0x0F00,
    0x7A72, 0x1900,
    0x7A8A, 0x1900,
    0x8CA2, 0x7000,
    0x8CD2, 0xBE00,
    0x7EE6, 0x2C00,
    0x7EF2, 0x2C00,
    0x7EFE, 0x6400,
    0x7F0A, 0x5800,
    0x8D0E, 0x0000,
    0x9032, 0x0000,
    0x903E, 0x0000,
    0x7A14, 0x0F00,
    0x7A74, 0x1900,
    0x7A8C, 0x1900,
    0x8CA4, 0x3500,
    0x7F0E, 0x5800,
    0x8CD6, 0x9600,
    0x7BDA, 0x4C00,
    0xD49C, 0x2100,
    0xD4D0, 0x0A00,
    0xD4A8, 0x0000,
    0xD4D6, 0x1A00,
    0xD4E2, 0x3200,
    0xD4BC, 0x3F00,
    0xD4B0, 0x7004,
    0xD4C8, 0x0100,
    0xD624, 0x0000,
    0xD62E, 0x0000,
    0xD638, 0x0000,
    0xD4EA, 0x0100,
    0xD554, 0xC400,
    0xD556, 0xFA00,
    0xD560, 0x5203,
    0xD562, 0x8803,
    0xD4DA, 0x0000,
    0xD4E6, 0x0100,
    0xD4C0, 0x1400,
    0xD4B4, 0x0100,
    0xD4CC, 0x0000,
    0xD5BC, 0x0000,
    0xD5BE, 0x0000,
    0xD5C8, 0x0000,
    0xD5CA, 0x0000,
    0xD4D2, 0x0000,
    0xD4DE, 0x0100,
    0xD4B8, 0x1400,
    0xD4AC, 0x0100,
    0xD4C4, 0x0000,
    0xD4EC, 0x0000,
    0xD4EE, 0x0000,
    0xD4F8, 0x0000,
    0xD4FA, 0x0000,
    0xBF78, 0x5333,
    0xD896, 0x0000,
    0xFCFC, 0x2001,
    0x1C24, 0x0002,
    0x1C26, 0x8001,
    0x1C28, 0x8004,
    0x1C2A, 0x2010,
    0x1C2C, 0x2010,
    0x1C2E, 0x0005,
    0x1C30, 0x00A0,
    0x1C32, 0x2810,
    0x1C34, 0x2810,
    0x1C4E, 0x8001,
    0x1C50, 0x8004,
    0x1C52, 0x0010,
    0x1C54, 0x0010,
    0x1C56, 0x0005,
    0x1C58, 0x00A0,
    0x1C5A, 0x2810,
    0x1C5C, 0x2810,
    0x1C5E, 0x0000,
    0x1C60, 0x0000,
    0x1C62, 0x0000,
    0x1C64, 0x0000,
    0x1C66, 0x0000,
    0x1C68, 0x0000,
    0x1C6A, 0x0000,
    0x1C6C, 0x0000,
    0x1C76, 0x8001,
    0x1C78, 0x8004,
    0x1C7A, 0x2010,
    0x1C7C, 0x2010,
    0x1C7E, 0x0005,
    0x1C80, 0x00A0,
    0x1C82, 0x2810,
    0x1C84, 0x2810,
    0x1C86, 0x0000,
    0x1C88, 0x0000,
    0x1C8A, 0x0000,
    0x1C8C, 0x0000,
    0x1C8E, 0x0000,
    0x1C90, 0x0000,
    0x1C92, 0x0000,
    0x1C94, 0x0000,
    0x1C9E, 0x8001,
    0x1CA0, 0x8004,
    0x1CA2, 0x2010,
    0x1CA4, 0x2010,
    0x1CA6, 0x0005,
    0x1CA8, 0x00A0,
    0x1CAA, 0x2810,
    0x1CAC, 0x2810,
    0x1CC6, 0x8001,
    0x1CC8, 0x8004,
    0x1CCA, 0x2010,
    0x1CCC, 0x2010,
    0x1CCE, 0x0005,
    0x1CD0, 0x00A0,
    0x1CD2, 0x2810,
    0x1CD4, 0x2810,
    0x1CEE, 0x8001,
    0x1CF0, 0x8004,
    0x1CF2, 0x0010,
    0x1CF4, 0x0010,
    0x1CF6, 0x0005,
    0x1CF8, 0x00A0,
    0x1CFA, 0x2810,
    0x1CFC, 0x2810,
    0x1CFE, 0x0000,
    0x1D00, 0x0000,
    0x1D02, 0x0000,
    0x1D04, 0x0000,
    0x1D06, 0x0000,
    0x1D08, 0x0000,
    0x1D0A, 0x0000,
    0x1D0C, 0x0000,
    0x1D16, 0x8001,
    0x1D18, 0x8004,
    0x1D1A, 0x2010,
    0x1D1C, 0x2010,
    0x1D1E, 0x0005,
    0x1D20, 0x00A0,
    0x1D22, 0x2810,
    0x1D24, 0x2810,
    0x1D26, 0x0000,
    0x1D28, 0x0000,
    0x1D2A, 0x0000,
    0x1D2C, 0x0000,
    0x1D2E, 0x0000,
    0x1D30, 0x0000,
    0x1D32, 0x0000,
    0x1D34, 0x0000,
    0x1D3E, 0x8001,
    0x1D40, 0x8004,
    0x1D42, 0x2010,
    0x1D44, 0x2010,
    0x1D46, 0x0005,
    0x1D48, 0x00A0,
    0x1D4A, 0x2810,
    0x1D4C, 0x2810,
    0xFCFC, 0x2000,
    0xB21E, 0x0000,
    0xB222, 0xC000,
    0xB20C, 0x2E00,
    0xB21A, 0x0402,
    0xB378, 0x0100,
    0xDD70, 0x0000,
    0xDE38, 0x0000,
    0xFCFC, 0x2002,
    0xA574, 0x0155,
    0xA59C, 0xA2FD,
    0xA59E, 0xFEFE,
    0xA576, 0x4000,
    0xA588, 0x0E00,
    0xA578, 0x8000,
    0xA58A, 0x2000,
    0xA57A, 0xA000,
    0xA58C, 0x2800,
    0xA57C, 0x4001,
    0xA58E, 0x1400,
    0xA57E, 0x8002,
    0xA590, 0x2200,
    0xA580, 0x0005,
    0xA592, 0x2800,
    0xA582, 0x000A,
    0xA594, 0x2C00,
    0xA584, 0xA00F,
    0xA596, 0x2E00,
    0xA586, 0x4011,
    0xA598, 0x3200,
    0xA59A, 0x3500,
    0xA548, 0x00EA,
    0xA570, 0x0000,
    0xA54A, 0x0000,
    0xA54C, 0x0000,
    0xA54E, 0x0000,
    0xA550, 0x0000,
    0xA552, 0x0000,
    0xA554, 0x0000,
    0xA556, 0x0000,
    0xA55C, 0x0000,
    0xA55E, 0x0000,
    0xA560, 0x0000,
    0xA562, 0x0000,
    0xA564, 0x0000,
    0xA566, 0x0000,
    0xA568, 0x0000,
    0xA56A, 0x0000,
    0xFCFC, 0x2001,
    0x1D96, 0x0000,
    0x1D98, 0x0000,
    0x1DA6, 0x0000,
    0x1DA8, 0x0000,
    0x1D72, 0x0000,
    0x1D74, 0x0000,
    0x1D82, 0x0000,
    0x1D84, 0x0000,
    0x1D92, 0x0000,
    0x1D94, 0x0000,
    0x1DA2, 0x0000,
    0x1DA4, 0x0000,
    0x1D76, 0x0000,
    0x1D78, 0x0000,
    0x1D86, 0x0000,
    0x1D88, 0x0000,
    0x1E16, 0x0400,
    0x1E18, 0x0400,
    0x1E26, 0x0400,
    0x1E28, 0x0400,
    0x1DF2, 0x0600,
    0x1DF4, 0x0600,
    0x1E02, 0x0600,
    0x1E04, 0x0600,
    0x1E12, 0x0400,
    0x1E14, 0x0400,
    0x1E22, 0x0400,
    0x1E24, 0x0400,
    0x1DF6, 0x0600,
    0x1DF8, 0x0600,
    0x1E06, 0x0600,
    0x1E08, 0x0600,
    0xFCFC, 0x2000,
    0x82BA, 0x3300,
    0x82A2, 0x1400,
    0xFCFC, 0x2001,
    0x427C, 0x2000,
    0x4280, 0x1000,
    0x4362, 0x0100,
    0x43AA, 0x0000,
    0x43AC, 0x0000,
    0x43C6, 0x0114,
    0x43B4, 0x0000,
    0x43B6, 0x0000,
    0x4396, 0x0B00,
    0x4398, 0x0B00,
    0x437E, 0xE400,
    0xFCFC, 0x2000,
    0xB322, 0x0101,
    0xB324, 0x0100,
    0xB330, 0x2828,
    0xB34A, 0x2828,
    0xB360, 0x2828,
    0xFCFC, 0x2001,
    0x4292, 0x0000,
    0x4364, 0x0000,
    0x4366, 0x0000,
    0x4370, 0x0000,
    0x4290, 0x0100,
    0xFCFC, 0x2002,
    0x84C4, 0x012D,
    0x84A4, 0x0000,
    0xFCFC, 0x2000,
    0xD684, 0x80F3,
    0xB268, 0x80F3,
    0xF09A, 0x00FF,
    0xF2E0, 0x0000,
    0xF372, 0x0000,
    0xF0AA, 0xFFFF,
    0xF0AC, 0xFFFF,
    0xF2EA, 0x4000,
    0xDADA, 0x0001,
    0xDB3C, 0xD2FD,
    0xDADC, 0x0000,
    0xDB0C, 0x1F1F,
    0xDB3E, 0x12D2,
    0xDADE, 0x0000,
    0xDB0E, 0x0080,
    0xDB40, 0x12D2,
    0xDAE0, 0xA000,
    0xDB10, 0x0040,
    0xDB42, 0x12D2,
    0xDAE2, 0x0001,
    0xDB12, 0x0020,
    0xDB44, 0x12D2,
    0xDAE4, 0x0005,
    0xDB14, 0x0040,
    0xDB46, 0x12D2,
    0xDAE6, 0x4011,
    0xDB16, 0x0060,
    0xDBCC, 0x0000,
    0xDB6C, 0x0000,
    0xDB9C, 0x0000,
    0xDBCE, 0x0000,
    0xDB6E, 0x0000,
    0xDB9E, 0x0000,
    0xDBD0, 0x0000,
    0xDB70, 0x0000,
    0xDBA0, 0x0000,
    0xDBD2, 0x0000,
    0xDB72, 0x0000,
    0xDBA2, 0x0000,
    0xDBD4, 0x0000,
    0xDB74, 0x0000,
    0xDBA4, 0x0000,
    0xDBD6, 0x0000,
    0xDB76, 0x0000,
    0xDBA6, 0x0000,
    0xF370, 0x0203,
    0xF3E4, 0x0301,
    0xF3F4, 0xC800,
    0xF3F6, 0xD610,
    0xF014, 0x0700,
    0xB270, 0x8708,
    0xB266, 0xC004,
    0xD682, 0xC004,
    0xBF16, 0x0BAA,
    0xF698, 0x0100,
    0xDC8C, 0x3F0B,
    0xFCFC, 0x4000,
    0x0808, 0x0201,
    0x0E00, 0x0003,
};

/* not use, 09_OceanChangjiang_UW_JN5_Fdsum_4096x2304_60fps_3056Mbps */
static u16 hhuwide_slim_video_setting[] = {
    0xFCFC, 0x4000,
    0x6170, 0xFFFF,
    0x6180, 0x0000,
    0x6190, 0x0000,
    0x6200, 0xFFFF,
    0x6202, 0xFFFF,
    0x6204, 0x0000,
    0x6206, 0x0000,
    0x6208, 0x0000,
    0xA100, 0xFFFF,
    0xA102, 0x0000,
    0xA104, 0x0000,
    0xFCFC, 0x4001,
    0x0100, 0xFFFF,
    0x0102, 0xFFFF,
    0x0104, 0x0000,
    0x0106, 0x0000,
    0x0108, 0x0000,
    0xFCFC, 0x4000,
    0x8100, 0xFFFF,
    0x8104, 0x0000,
    0x8108, 0x0000,
    0x0B30, 0x01FF,
    0xFCFC, 0x2000,
    0x7806, 0x0001,
    0x7808, 0x2408,
    0xFCFC, 0x4000,
    0x0344, 0x0000,
    0x0348, 0x201F,
    0x0346, 0x0300,
    0x034A, 0x151F,
    0x034C, 0x1000,
    0x034E, 0x0900,
    0x0350, 0x0008,
    0x0352, 0x0008,
    0x0340, 0x0C84,
    0x0342, 0x12B0,
    0x0136, 0x1800,
    0x013E, 0x0000,
    0x0304, 0x0003,
    0x0306, 0x00E6,
    0x030C, 0x0000,
    0x030E, 0x0003,
    0x0310, 0x00B2,
    0x0312, 0x0000,
    0x031A, 0x0003,
    0x031C, 0x0028,
    0x031E, 0x0002,
    0x0202, 0x0014,
    0x0226, 0x0014,
    0x022C, 0x0014,
    0x0702, 0x0000,
    0x0704, 0x0000,
    0x0114, 0x0301,
    0x0118, 0x0004,
    0x011A, 0x0001,
    0x011C, 0x0100,
    0xFCFC, 0x2000,
    0xB176, 0x0602,
    0xB178, 0x0000,
    0x7996, 0x0101,
    0x7994, 0x2020,
    0xFCFC, 0x4000,
    0x0900, 0x2222,
    0x0380, 0x0002,
    0x0382, 0x0002,
    0x0384, 0x0002,
    0x0386, 0x0002,
    0x040C, 0x0000,
    0x0400, 0x1010,
    0x0408, 0x0100,
    0x040A, 0x0100,
    0xFCFC, 0x2000,
    0xD1F6, 0x3A00,
    0xD20C, 0x0908,
    0xD314, 0x2002,
    0xD27A, 0x0500,
    0xD3F0, 0xB01C,
    0xD410, 0x4802,
    0xD426, 0xD204,
    0xD43C, 0x0140,
    0xD412, 0xD204,
    0xD428, 0xEA0A,
    0xD43E, 0x0140,
    0xFCFC, 0x4000,
    0x0260, 0x0101,
    0x0262, 0x0000,
    0x0264, 0x0306,
    0x0266, 0x0700,
    0x0112, 0x0A0A,
    0x0270, 0x2B2B,
    0x0272, 0x2B10,
    0x0274, 0x302B,
    0xFCFC, 0x2001,
    0x44C6, 0x0000,
    0xFCFC, 0x4000,
    0x0B02, 0x0102,
    0x0720, 0x0001,
    0x0722, 0x0800,
    0x0724, 0x0000,
    0x0728, 0x0000,
    0x072A, 0x0000,
    0x072C, 0x0000,
    0x072E, 0x0000,
    0xFCFC, 0x2001,
    0x3132, 0x0200,
    0xFCFC, 0x4000,
    0x021E, 0x0000,
    0x0228, 0x0100,
    0xFCFC, 0x2001,
    0x31D0, 0x0000,
    0x5A70, 0x0000,
    0xFCFC, 0x2000,
    0xDC94, 0x0103,
    0xEF80, 0x0000,
    0x23F0, 0x0001,
    0xF288, 0x0000,
    0xFCFC, 0x2001,
    0x2A30, 0x01FF,
    0x4270, 0x0000,
    0x29BA, 0x2000,
    0x29A8, 0x0100,
    0xFCFC, 0x4000,
    0x0B04, 0x0001,
    0x0B06, 0x0101,
    0x0B08, 0x0100,
    0x0B0A, 0x0101,
    0x0B0C, 0x0100,
    0xFCFC, 0x2000,
    0xC4E0, 0x0100,
    0xC4F6, 0x0000,
    0xC4E2, 0x0000,
    0xC53C, 0x0500,
    0xC544, 0x0005,
    0xC53E, 0x0000,
    0xB23C, 0x6060,
    0xB242, 0x6060,
    0xC554, 0x0010,
    0xC556, 0x0000,
    0xFCFC, 0x2001,
    0x2920, 0x0100,
    0x31F8, 0x0000,
    0x31FA, 0x0000,
    0xFCFC, 0x2000,
    0xD856, 0x0507,
    0xD6D4, 0x0000,
    0x799A, 0x0000,
    0xD8A2, 0x0100,
    0xFCFC, 0x4000,
    0x020A, 0x0000,
    0xFCFC, 0x2000,
    0x78C0, 0x0101,
    0x22C2, 0x0600,
    0x22C4, 0xFF1F,
    0x22EC, 0x1F00,
    0x2306, 0xFF3F,
    0x2314, 0xFF00,
    0x2354, 0x0300,
    0xFCFC, 0x4000,
    0x0936, 0x0000,
    0x0C40, 0x0000,
    0xFCFC, 0x2000,
    0x68DE, 0x0000,
    0xFCFC, 0x2001,
    0x2540, 0x0200,
    0x25E0, 0x0100,
    0x25E2, 0x0000,
    0xFCFC, 0x2000,
    0xD718, 0x0002,
    0xBF30, 0x0000,
    0xFCFC, 0x2001,
    0x3C42, 0x0000,
    0x3C46, 0xEB05,
    0x3C52, 0x4006,
    0xFCFC, 0x2000,
    0xD326, 0x0110,
    0xD3EC, 0xB01C,
    0xFCFC, 0x2001,
    0x195E, 0x0100,
    0x1966, 0x0000,
    0xFCFC, 0x4000,
    0x0086, 0x1400,
    0xFCFC, 0x2000,
    0xE980, 0x9E04,
    0xC4D8, 0x2000,
    0x795A, 0x2000,
    0x7970, 0x2000,
    0xFCFC, 0x2002,
    0x849E, 0x0000,
    0x84A0, 0x0000,
    0x84A2, 0x0005,
    0xFCFC, 0x2001,
    0x2BB2, 0x1000,
    0x2D32, 0x0010,
    0xFCFC, 0x2000,
    0x703C, 0x0101,
    0x7046, 0x7F02,
    0x7058, 0x8002,
    0x71D4, 0x3F00,
    0x71D6, 0x3D00,
    0x71D8, 0x84F3,
    0x71DA, 0x0040,
    0x7048, 0x1F02,
    0x705A, 0x2002,
    0x7274, 0x0B00,
    0x7276, 0x0B00,
    0x7278, 0x36D2,
    0x727A, 0x0040,
    0x727C, 0x0000,
    0x727E, 0x0000,
    0x7280, 0x0000,
    0x7282, 0x0000,
    0x703E, 0x0100,
    0x704A, 0x000A,
    0x705C, 0x010A,
    0x7314, 0x2E00,
    0x7316, 0x3000,
    0x7318, 0x9EFD,
    0x731A, 0x0040,
    0xBEDC, 0xC526,
    0xBEDE, 0x903E,
    0xBEE0, 0xC00F,
    0xBEE2, 0x0008,
    0xBEE4, 0x0C00,
    0xBEE6, 0x8000,
    0xFCFC, 0x2001,
    0x2A54, 0x0000,
    0x2A56, 0x0400,
    0x2A42, 0x0100,
    0x2A44, 0x3907,
    0x2A46, 0x0000,
    0xFCFC, 0x2000,
    0xD704, 0x0278,
    0x7A0E, 0x0F00,
    0x7A6E, 0x1900,
    0x7A86, 0x1900,
    0x8C9E, 0x3500,
    0x8CCE, 0x9600,
    0x7A10, 0x0F00,
    0x7A70, 0x1900,
    0x7A88, 0x1900,
    0x8CA0, 0x3500,
    0x8CD0, 0x9600,
    0xB224, 0x0103,
    0xB226, 0x0000,
    0xB220, 0x0103,
    0x7A12, 0x0F00,
    0x7A72, 0x1900,
    0x7A8A, 0x1900,
    0x8CA2, 0x7000,
    0x8CD2, 0xBE00,
    0x7EE6, 0x2C00,
    0x7EF2, 0x2C00,
    0x7EFE, 0x6400,
    0x7F0A, 0x5800,
    0x8D0E, 0x0000,
    0x9032, 0x0000,
    0x903E, 0x0000,
    0x7A14, 0x0F00,
    0x7A74, 0x1900,
    0x7A8C, 0x1900,
    0x8CA4, 0x3500,
    0x7F0E, 0x5800,
    0x8CD6, 0x9600,
    0x7BDA, 0x4C00,
    0xD49C, 0x2100,
    0xD4D0, 0x0A00,
    0xD4A8, 0x0000,
    0xD4D6, 0x1A00,
    0xD4E2, 0x3200,
    0xD4BC, 0x3F00,
    0xD4B0, 0x7004,
    0xD4C8, 0x0100,
    0xD624, 0x0000,
    0xD62E, 0x0000,
    0xD638, 0x0000,
    0xD4EA, 0x0100,
    0xD554, 0xC400,
    0xD556, 0xFA00,
    0xD560, 0x5203,
    0xD562, 0x8803,
    0xD4DA, 0x0000,
    0xD4E6, 0x0100,
    0xD4C0, 0x1400,
    0xD4B4, 0x0100,
    0xD4CC, 0x0000,
    0xD5BC, 0x0000,
    0xD5BE, 0x0000,
    0xD5C8, 0x0000,
    0xD5CA, 0x0000,
    0xD4D2, 0x0000,
    0xD4DE, 0x0100,
    0xD4B8, 0x1400,
    0xD4AC, 0x0100,
    0xD4C4, 0x0000,
    0xD4EC, 0x0000,
    0xD4EE, 0x0000,
    0xD4F8, 0x0000,
    0xD4FA, 0x0000,
    0xBF78, 0x5333,
    0xD896, 0x0000,
    0xFCFC, 0x2001,
    0x1C24, 0x0002,
    0x1C26, 0x8001,
    0x1C28, 0x8004,
    0x1C2A, 0x2010,
    0x1C2C, 0x2010,
    0x1C2E, 0x0005,
    0x1C30, 0x00A0,
    0x1C32, 0x2810,
    0x1C34, 0x2810,
    0x1C4E, 0x8001,
    0x1C50, 0x8004,
    0x1C52, 0x0010,
    0x1C54, 0x0010,
    0x1C56, 0x0005,
    0x1C58, 0x00A0,
    0x1C5A, 0x2810,
    0x1C5C, 0x2810,
    0x1C5E, 0x0000,
    0x1C60, 0x0000,
    0x1C62, 0x0000,
    0x1C64, 0x0000,
    0x1C66, 0x0000,
    0x1C68, 0x0000,
    0x1C6A, 0x0000,
    0x1C6C, 0x0000,
    0x1C76, 0x8001,
    0x1C78, 0x8004,
    0x1C7A, 0x2010,
    0x1C7C, 0x2010,
    0x1C7E, 0x0005,
    0x1C80, 0x00A0,
    0x1C82, 0x2810,
    0x1C84, 0x2810,
    0x1C86, 0x0000,
    0x1C88, 0x0000,
    0x1C8A, 0x0000,
    0x1C8C, 0x0000,
    0x1C8E, 0x0000,
    0x1C90, 0x0000,
    0x1C92, 0x0000,
    0x1C94, 0x0000,
    0x1C9E, 0x8001,
    0x1CA0, 0x8004,
    0x1CA2, 0x2010,
    0x1CA4, 0x2010,
    0x1CA6, 0x0005,
    0x1CA8, 0x00A0,
    0x1CAA, 0x2810,
    0x1CAC, 0x2810,
    0x1CC6, 0x8001,
    0x1CC8, 0x8004,
    0x1CCA, 0x2010,
    0x1CCC, 0x2010,
    0x1CCE, 0x0005,
    0x1CD0, 0x00A0,
    0x1CD2, 0x2810,
    0x1CD4, 0x2810,
    0x1CEE, 0x8001,
    0x1CF0, 0x8004,
    0x1CF2, 0x0010,
    0x1CF4, 0x0010,
    0x1CF6, 0x0005,
    0x1CF8, 0x00A0,
    0x1CFA, 0x2810,
    0x1CFC, 0x2810,
    0x1CFE, 0x0000,
    0x1D00, 0x0000,
    0x1D02, 0x0000,
    0x1D04, 0x0000,
    0x1D06, 0x0000,
    0x1D08, 0x0000,
    0x1D0A, 0x0000,
    0x1D0C, 0x0000,
    0x1D16, 0x8001,
    0x1D18, 0x8004,
    0x1D1A, 0x2010,
    0x1D1C, 0x2010,
    0x1D1E, 0x0005,
    0x1D20, 0x00A0,
    0x1D22, 0x2810,
    0x1D24, 0x2810,
    0x1D26, 0x0000,
    0x1D28, 0x0000,
    0x1D2A, 0x0000,
    0x1D2C, 0x0000,
    0x1D2E, 0x0000,
    0x1D30, 0x0000,
    0x1D32, 0x0000,
    0x1D34, 0x0000,
    0x1D3E, 0x8001,
    0x1D40, 0x8004,
    0x1D42, 0x2010,
    0x1D44, 0x2010,
    0x1D46, 0x0005,
    0x1D48, 0x00A0,
    0x1D4A, 0x2810,
    0x1D4C, 0x2810,
    0xFCFC, 0x2000,
    0xB21E, 0x0000,
    0xB222, 0xC000,
    0xB20C, 0x2E00,
    0xB21A, 0x0402,
    0xB378, 0x0100,
    0xDD70, 0x0000,
    0xDE38, 0x0000,
    0xFCFC, 0x2002,
    0xA574, 0x0155,
    0xA59C, 0xA2FD,
    0xA59E, 0xFEFE,
    0xA576, 0x4000,
    0xA588, 0x0E00,
    0xA578, 0x8000,
    0xA58A, 0x2000,
    0xA57A, 0xA000,
    0xA58C, 0x2800,
    0xA57C, 0x4001,
    0xA58E, 0x1400,
    0xA57E, 0x8002,
    0xA590, 0x2200,
    0xA580, 0x0005,
    0xA592, 0x2800,
    0xA582, 0x000A,
    0xA594, 0x2C00,
    0xA584, 0xA00F,
    0xA596, 0x2E00,
    0xA586, 0x4011,
    0xA598, 0x3200,
    0xA59A, 0x3500,
    0xA548, 0x00EA,
    0xA570, 0x0000,
    0xA54A, 0x0000,
    0xA54C, 0x0000,
    0xA54E, 0x0000,
    0xA550, 0x0000,
    0xA552, 0x0000,
    0xA554, 0x0000,
    0xA556, 0x0000,
    0xA55C, 0x0000,
    0xA55E, 0x0000,
    0xA560, 0x0000,
    0xA562, 0x0000,
    0xA564, 0x0000,
    0xA566, 0x0000,
    0xA568, 0x0000,
    0xA56A, 0x0000,
    0xFCFC, 0x2001,
    0x1D96, 0x0000,
    0x1D98, 0x0000,
    0x1DA6, 0x0000,
    0x1DA8, 0x0000,
    0x1D72, 0x0000,
    0x1D74, 0x0000,
    0x1D82, 0x0000,
    0x1D84, 0x0000,
    0x1D92, 0x0000,
    0x1D94, 0x0000,
    0x1DA2, 0x0000,
    0x1DA4, 0x0000,
    0x1D76, 0x0000,
    0x1D78, 0x0000,
    0x1D86, 0x0000,
    0x1D88, 0x0000,
    0x1E16, 0x0400,
    0x1E18, 0x0400,
    0x1E26, 0x0400,
    0x1E28, 0x0400,
    0x1DF2, 0x0600,
    0x1DF4, 0x0600,
    0x1E02, 0x0600,
    0x1E04, 0x0600,
    0x1E12, 0x0400,
    0x1E14, 0x0400,
    0x1E22, 0x0400,
    0x1E24, 0x0400,
    0x1DF6, 0x0600,
    0x1DF8, 0x0600,
    0x1E06, 0x0600,
    0x1E08, 0x0600,
    0xFCFC, 0x2000,
    0x82BA, 0x3300,
    0x82A2, 0x1400,
    0xFCFC, 0x2001,
    0x427C, 0x2000,
    0x4280, 0x1000,
    0x4362, 0x0100,
    0x43AA, 0x0000,
    0x43AC, 0x0000,
    0x43C6, 0x0114,
    0x43B4, 0x0000,
    0x43B6, 0x0000,
    0x4396, 0x0B00,
    0x4398, 0x0B00,
    0x437E, 0xE400,
    0xFCFC, 0x2000,
    0xB322, 0x0101,
    0xB324, 0x0100,
    0xB330, 0x2828,
    0xB34A, 0x2828,
    0xB360, 0x2828,
    0xFCFC, 0x2001,
    0x4292, 0x0000,
    0x4364, 0x0000,
    0x4366, 0x0000,
    0x4370, 0x0000,
    0x4290, 0x0100,
    0xFCFC, 0x2002,
    0x84C4, 0x012D,
    0x84A4, 0x0000,
    0xFCFC, 0x2000,
    0xD684, 0x80F3,
    0xB268, 0x80F3,
    0xF09A, 0x00FF,
    0xF2E0, 0x0000,
    0xF372, 0x0000,
    0xF0AA, 0xFFFF,
    0xF0AC, 0xFFFF,
    0xF2EA, 0x4000,
    0xDADA, 0x0001,
    0xDB3C, 0xD2FD,
    0xDADC, 0x0000,
    0xDB0C, 0x1F1F,
    0xDB3E, 0x12D2,
    0xDADE, 0x0000,
    0xDB0E, 0x0080,
    0xDB40, 0x12D2,
    0xDAE0, 0xA000,
    0xDB10, 0x0040,
    0xDB42, 0x12D2,
    0xDAE2, 0x0001,
    0xDB12, 0x0020,
    0xDB44, 0x12D2,
    0xDAE4, 0x0005,
    0xDB14, 0x0040,
    0xDB46, 0x12D2,
    0xDAE6, 0x4011,
    0xDB16, 0x0060,
    0xDBCC, 0x0000,
    0xDB6C, 0x0000,
    0xDB9C, 0x0000,
    0xDBCE, 0x0000,
    0xDB6E, 0x0000,
    0xDB9E, 0x0000,
    0xDBD0, 0x0000,
    0xDB70, 0x0000,
    0xDBA0, 0x0000,
    0xDBD2, 0x0000,
    0xDB72, 0x0000,
    0xDBA2, 0x0000,
    0xDBD4, 0x0000,
    0xDB74, 0x0000,
    0xDBA4, 0x0000,
    0xDBD6, 0x0000,
    0xDB76, 0x0000,
    0xDBA6, 0x0000,
    0xF370, 0x0203,
    0xF3E4, 0x0301,
    0xF3F4, 0xC800,
    0xF3F6, 0xD610,
    0xF014, 0x0700,
    0xB270, 0x8708,
    0xB266, 0xC004,
    0xD682, 0xC004,
    0xBF16, 0x0BAA,
    0xF698, 0x0100,
    0xDC8C, 0x3F0B,
    0xFCFC, 0x4000,
    0x0808, 0x0201,
    0x0E00, 0x0003,
};

/* 04_OceanDX4_05_JN5_Fdsum_12.5Mp_AEB_4096x3072_60fps_3056Msps */
static u16 hhuwide_custom1_setting[] = {
    0xFCFC, 0x4000,
    0x6170, 0xFFFF,
    0x6180, 0x0000,
    0x6190, 0x0000,
    0x6200, 0xFFFF,
    0x6202, 0xFFFF,
    0x6204, 0x0000,
    0x6206, 0x0000,
    0x6208, 0x0000,
    0xA100, 0xFFFF,
    0xA102, 0x0000,
    0xA104, 0x0000,
    0xFCFC, 0x4001,
    0x0100, 0xFFFF,
    0x0102, 0xFFFF,
    0x0104, 0x0000,
    0x0106, 0x0000,
    0x0108, 0x0000,
    0xFCFC, 0x4000,
    0x8100, 0xFFFF,
    0x8104, 0x0000,
    0x8108, 0x0000,
    0x0B30, 0x01FF,
    0xFCFC, 0x2000,
    0x7806, 0x0001,
    0x7808, 0x2408,
    0xFCFC, 0x4000,
    0x0344, 0x0000,
    0x0348, 0x201F,
    0x0346, 0x0000,
    0x034A, 0x181F,
    0x034C, 0x1000,
    0x034E, 0x0C00,
    0x0350, 0x0008,
    0x0352, 0x0008,
    0x0340, 0x0C84,
    0x0342, 0x12B0,
    0x0136, 0x1800,
    0x013E, 0x0000,
    0x0304, 0x0003,
    0x0306, 0x00E6,
    0x030C, 0x0000,
    0x030E, 0x0003,
    0x0310, 0x00B2,
    0x0312, 0x0000,
    0x031A, 0x0003,
    0x031C, 0x0028,
    0x031E, 0x0002,
    0x0202, 0x0014,
    0x0226, 0x0014,
    0x022C, 0x0014,
    0x0702, 0x0000,
    0x0704, 0x0000,
    0x0114, 0x0301,
    0x0118, 0x0004,
    0x011A, 0x0001,
    0x011C, 0x0100,
    0xFCFC, 0x2000,
    0xB176, 0x0602,
    0xB178, 0x0000,
    0x7996, 0x0101,
    0x7994, 0x2020,
    0xFCFC, 0x4000,
    0x0900, 0x2222,
    0x0380, 0x0002,
    0x0382, 0x0002,
    0x0384, 0x0002,
    0x0386, 0x0002,
    0x040C, 0x0000,
    0x0400, 0x1010,
    0x0408, 0x0100,
    0x040A, 0x0100,
    0xFCFC, 0x2000,
    0xD1F6, 0x3A00,
    0xD20C, 0x0908,
    0xD314, 0x2002,
    0xD27A, 0x0500,
    0xD3F0, 0xB01C,
    0xD410, 0x4802,
    0xD426, 0xD204,
    0xD43C, 0x0140,
    0xD412, 0xD204,
    0xD428, 0xEA0A,
    0xD43E, 0x0140,
    0xFCFC, 0x4000,
    0x0260, 0x0001,
    0x0262, 0x0000,
    0x0264, 0x0006,
    0x0266, 0x0700,
    0x0112, 0x0A0A,
    0x0270, 0x2B2B,
    0x0272, 0x2B10,
    0x0274, 0x302B,
    0xFCFC, 0x2001,
    0x44C6, 0x0000,
    0xFCFC, 0x4000,
    0x0B02, 0x0102,
    0x0720, 0x0001,
    0x0722, 0x0800,
    0x0724, 0x0000,
    0x0728, 0x0000,
    0x072A, 0x0000,
    0x072C, 0x0000,
    0x072E, 0x0000,
    0xFCFC, 0x2001,
    0x3132, 0x0200,
    0xFCFC, 0x4000,
    0x021E, 0x0000,
    0x0228, 0x0100,
    0xFCFC, 0x2001,
    0x31D0, 0x0000,
    0x5A70, 0x0000,
    0xFCFC, 0x2000,
    0xDC94, 0x0103,
    0xEF80, 0x0000,
    0x23F0, 0x0001,
    0xF288, 0x0000,
    0xFCFC, 0x2001,
    0x2A30, 0x01FF,
    0x4270, 0x0000,
    0x29BA, 0x2000,
    0x29A8, 0x0100,
    0xFCFC, 0x4000,
    0x0B04, 0x0001,
    0x0B06, 0x0101,
    0x0B08, 0x0100,
    0x0B0A, 0x0101,
    0x0B0C, 0x0100,
    0xFCFC, 0x2000,
    0xC4E0, 0x0100,
    0xC4F6, 0x0000,
    0xC4E2, 0x0000,
    0xC53C, 0x0500,
    0xC544, 0x0005,
    0xC53E, 0x0000,
    0xB23C, 0x6060,
    0xB242, 0x6060,
    0xC554, 0x0010,
    0xC556, 0x0000,
    0xFCFC, 0x2001,
    0x2920, 0x0100,
    0x31F8, 0x0000,
    0x31FA, 0x0000,
    0xFCFC, 0x2000,
    0xD856, 0x0507,
    0xD6D4, 0x0000,
    0x799A, 0x0000,
    0xD8A2, 0x0100,
    0xFCFC, 0x4000,
    0x020A, 0x0000,
    0xFCFC, 0x2000,
    0x78C0, 0x0101,
    0x22C2, 0x0600,
    0x22C4, 0xFF1F,
    0x22EC, 0x1F00,
    0x2306, 0xFF3F,
    0x2314, 0xFF00,
    0x2354, 0x0300,
    0xFCFC, 0x4000,
    0x0936, 0x0000,
    0x0C40, 0x0000,
    0xFCFC, 0x2000,
    0x68DE, 0x0000,
    0xFCFC, 0x2001,
    0x2540, 0x0200,
    0x25E0, 0x0100,
    0x25E2, 0x0000,
    0xFCFC, 0x2000,
    0xD718, 0x0002,
    0xBF30, 0x0000,
    0xFCFC, 0x2001,
    0x3C42, 0x0000,
    0x3C46, 0xEB05,
    0x3C52, 0x4006,
    0xFCFC, 0x2000,
    0xD326, 0x0110,
    0xD3EC, 0xB01C,
    0xFCFC, 0x2001,
    0x195E, 0x0100,
    0x1966, 0x0000,
    0xFCFC, 0x4000,
    0x0086, 0x1400,
    0xFCFC, 0x2000,
    0xE980, 0x9E04,
    0xC4D8, 0x2000,
    0x795A, 0x2000,
    0x7970, 0x2000,
    0xFCFC, 0x2002,
    0x849E, 0x0000,
    0x84A0, 0x0000,
    0x84A2, 0x0005,
    0xFCFC, 0x2001,
    0x2BB2, 0x1000,
    0x2D32, 0x0010,
    0xFCFC, 0x2000,
    0x703C, 0x0101,
    0x7046, 0x7F02,
    0x7058, 0x8002,
    0x71D4, 0x3F00,
    0x71D6, 0x3D00,
    0x71D8, 0x84F3,
    0x71DA, 0x0040,
    0x7048, 0x1F02,
    0x705A, 0x2002,
    0x7274, 0x0B00,
    0x7276, 0x0B00,
    0x7278, 0x36D2,
    0x727A, 0x0040,
    0x727C, 0x0000,
    0x727E, 0x0000,
    0x7280, 0x0000,
    0x7282, 0x0000,
    0x703E, 0x0100,
    0x704A, 0x000A,
    0x705C, 0x010A,
    0x7314, 0x2E00,
    0x7316, 0x3000,
    0x7318, 0x9EFD,
    0x731A, 0x0040,
    0xBEDC, 0xC526,
    0xBEDE, 0x903E,
    0xBEE0, 0xC00F,
    0xBEE2, 0x0008,
    0xBEE4, 0x0C00,
    0xBEE6, 0x8000,
    0xFCFC, 0x2001,
    0x2A54, 0x0000,
    0x2A56, 0x0400,
    0x2A42, 0x0100,
    0x2A44, 0x3907,
    0x2A46, 0x0000,
    0xFCFC, 0x2000,
    0xD704, 0x0278,
    0x7A0E, 0x0F00,
    0x7A6E, 0x1900,
    0x7A86, 0x1900,
    0x8C9E, 0x3500,
    0x8CCE, 0x9600,
    0x7A10, 0x0F00,
    0x7A70, 0x1900,
    0x7A88, 0x1900,
    0x8CA0, 0x3500,
    0x8CD0, 0x9600,
    0xB224, 0x0103,
    0xB226, 0x0000,
    0xB220, 0x0103,
    0x7A12, 0x0F00,
    0x7A72, 0x1900,
    0x7A8A, 0x1900,
    0x8CA2, 0x7000,
    0x8CD2, 0xBE00,
    0x7EE6, 0x2C00,
    0x7EF2, 0x2C00,
    0x7EFE, 0x6400,
    0x7F0A, 0x5800,
    0x8D0E, 0x0000,
    0x9032, 0x0000,
    0x903E, 0x0000,
    0x7A14, 0x0F00,
    0x7A74, 0x1900,
    0x7A8C, 0x1900,
    0x8CA4, 0x3500,
    0x7F0E, 0x5800,
    0x8CD6, 0x9600,
    0x7BDA, 0x4C00,
    0xD49C, 0x2100,
    0xD4D0, 0x0A00,
    0xD4A8, 0x0000,
    0xD4D6, 0x1A00,
    0xD4E2, 0x3200,
    0xD4BC, 0x3F00,
    0xD4B0, 0x7003,
    0xD4C8, 0x0100,
    0xD624, 0x0000,
    0xD62E, 0x0000,
    0xD638, 0x0000,
    0xD4EA, 0x0100,
    0xD554, 0xC400,
    0xD556, 0xFA00,
    0xD560, 0x5203,
    0xD562, 0x8803,
    0xD4DA, 0x0000,
    0xD4E6, 0x0100,
    0xD4C0, 0x1400,
    0xD4B4, 0x0100,
    0xD4CC, 0x0000,
    0xD5BC, 0x0000,
    0xD5BE, 0x0000,
    0xD5C8, 0x0000,
    0xD5CA, 0x0000,
    0xD4D2, 0x0000,
    0xD4DE, 0x0100,
    0xD4B8, 0x1400,
    0xD4AC, 0x0100,
    0xD4C4, 0x0000,
    0xD4EC, 0x0000,
    0xD4EE, 0x0000,
    0xD4F8, 0x0000,
    0xD4FA, 0x0000,
    0xBF78, 0x5333,
    0xD896, 0x0000,
    0xFCFC, 0x2001,
    0x1C24, 0x0002,
    0x1C26, 0x8001,
    0x1C28, 0x8004,
    0x1C2A, 0x2010,
    0x1C2C, 0x2010,
    0x1C2E, 0x0005,
    0x1C30, 0x00A0,
    0x1C32, 0x2810,
    0x1C34, 0x2810,
    0x1C4E, 0x8001,
    0x1C50, 0x8004,
    0x1C52, 0x0010,
    0x1C54, 0x0010,
    0x1C56, 0x0005,
    0x1C58, 0x00A0,
    0x1C5A, 0x2810,
    0x1C5C, 0x2810,
    0x1C5E, 0x0000,
    0x1C60, 0x0000,
    0x1C62, 0x0000,
    0x1C64, 0x0000,
    0x1C66, 0x0000,
    0x1C68, 0x0000,
    0x1C6A, 0x0000,
    0x1C6C, 0x0000,
    0x1C76, 0x8001,
    0x1C78, 0x8004,
    0x1C7A, 0x2010,
    0x1C7C, 0x2010,
    0x1C7E, 0x0005,
    0x1C80, 0x00A0,
    0x1C82, 0x2810,
    0x1C84, 0x2810,
    0x1C86, 0x0000,
    0x1C88, 0x0000,
    0x1C8A, 0x0000,
    0x1C8C, 0x0000,
    0x1C8E, 0x0000,
    0x1C90, 0x0000,
    0x1C92, 0x0000,
    0x1C94, 0x0000,
    0x1C9E, 0x8001,
    0x1CA0, 0x8004,
    0x1CA2, 0x2010,
    0x1CA4, 0x2010,
    0x1CA6, 0x0005,
    0x1CA8, 0x00A0,
    0x1CAA, 0x2810,
    0x1CAC, 0x2810,
    0x1CC6, 0x8001,
    0x1CC8, 0x8004,
    0x1CCA, 0x2010,
    0x1CCC, 0x2010,
    0x1CCE, 0x0005,
    0x1CD0, 0x00A0,
    0x1CD2, 0x2810,
    0x1CD4, 0x2810,
    0x1CEE, 0x8001,
    0x1CF0, 0x8004,
    0x1CF2, 0x0010,
    0x1CF4, 0x0010,
    0x1CF6, 0x0005,
    0x1CF8, 0x00A0,
    0x1CFA, 0x2810,
    0x1CFC, 0x2810,
    0x1CFE, 0x0000,
    0x1D00, 0x0000,
    0x1D02, 0x0000,
    0x1D04, 0x0000,
    0x1D06, 0x0000,
    0x1D08, 0x0000,
    0x1D0A, 0x0000,
    0x1D0C, 0x0000,
    0x1D16, 0x8001,
    0x1D18, 0x8004,
    0x1D1A, 0x2010,
    0x1D1C, 0x2010,
    0x1D1E, 0x0005,
    0x1D20, 0x00A0,
    0x1D22, 0x2810,
    0x1D24, 0x2810,
    0x1D26, 0x0000,
    0x1D28, 0x0000,
    0x1D2A, 0x0000,
    0x1D2C, 0x0000,
    0x1D2E, 0x0000,
    0x1D30, 0x0000,
    0x1D32, 0x0000,
    0x1D34, 0x0000,
    0x1D3E, 0x8001,
    0x1D40, 0x8004,
    0x1D42, 0x2010,
    0x1D44, 0x2010,
    0x1D46, 0x0005,
    0x1D48, 0x00A0,
    0x1D4A, 0x2810,
    0x1D4C, 0x2810,
    0xFCFC, 0x2000,
    0xB21E, 0x0000,
    0xB222, 0xC000,
    0xB20C, 0x2E00,
    0xB21A, 0x0402,
    0xB378, 0x0100,
    0xDD70, 0x0000,
    0xDE38, 0x0000,
    0xFCFC, 0x2002,
    0xA574, 0x0155,
    0xA59C, 0xA2FD,
    0xA59E, 0xFEFE,
    0xA576, 0x4000,
    0xA588, 0x0E00,
    0xA578, 0x8000,
    0xA58A, 0x2000,
    0xA57A, 0xA000,
    0xA58C, 0x2800,
    0xA57C, 0x4001,
    0xA58E, 0x1400,
    0xA57E, 0x8002,
    0xA590, 0x2200,
    0xA580, 0x0005,
    0xA592, 0x2800,
    0xA582, 0x000A,
    0xA594, 0x2C00,
    0xA584, 0xA00F,
    0xA596, 0x2E00,
    0xA586, 0x4011,
    0xA598, 0x3200,
    0xA59A, 0x3500,
    0xA548, 0x00EA,
    0xA570, 0x0000,
    0xA54A, 0x0000,
    0xA54C, 0x0000,
    0xA54E, 0x0000,
    0xA550, 0x0000,
    0xA552, 0x0000,
    0xA554, 0x0000,
    0xA556, 0x0000,
    0xA55C, 0x0000,
    0xA55E, 0x0000,
    0xA560, 0x0000,
    0xA562, 0x0000,
    0xA564, 0x0000,
    0xA566, 0x0000,
    0xA568, 0x0000,
    0xA56A, 0x0000,
    0xFCFC, 0x2001,
    0x1D96, 0x0000,
    0x1D98, 0x0000,
    0x1DA6, 0x0000,
    0x1DA8, 0x0000,
    0x1D72, 0x0000,
    0x1D74, 0x0000,
    0x1D82, 0x0000,
    0x1D84, 0x0000,
    0x1D92, 0x0000,
    0x1D94, 0x0000,
    0x1DA2, 0x0000,
    0x1DA4, 0x0000,
    0x1D76, 0x0000,
    0x1D78, 0x0000,
    0x1D86, 0x0000,
    0x1D88, 0x0000,
    0x1E16, 0x0C00,
    0x1E18, 0x0C00,
    0x1E26, 0x0C00,
    0x1E28, 0x0C00,
    0x1DF2, 0x0900,
    0x1DF4, 0x0900,
    0x1E02, 0x0900,
    0x1E04, 0x0900,
    0x1E12, 0x0C00,
    0x1E14, 0x0C00,
    0x1E22, 0x0C00,
    0x1E24, 0x0C00,
    0x1DF6, 0x0900,
    0x1DF8, 0x0900,
    0x1E06, 0x0900,
    0x1E08, 0x0900,
    0xFCFC, 0x2000,
    0x82BA, 0x3300,
    0x82A2, 0x1400,
    0xFCFC, 0x2001,
    0x427C, 0x2000,
    0x4280, 0x1000,
    0x4362, 0x0100,
    0x43AA, 0x0000,
    0x43AC, 0x0000,
    0x43C6, 0x0114,
    0x43B4, 0x0000,
    0x43B6, 0x0000,
    0x4396, 0x0B00,
    0x4398, 0x0B00,
    0x437E, 0xE400,
    0xFCFC, 0x2000,
    0xB322, 0x0101,
    0xB324, 0x0100,
    0xB330, 0x2828,
    0xB34A, 0x2828,
    0xB360, 0x2828,
    0xFCFC, 0x2001,
    0x4292, 0x0000,
    0x4364, 0x0000,
    0x4366, 0x0000,
    0x4370, 0x0000,
    0x4290, 0x0100,
    0xFCFC, 0x2002,
    0x84C4, 0x012D,
    0x84A4, 0x0000,
    0xFCFC, 0x2000,
    0xD684, 0x80F3,
    0xB268, 0x80F3,
    0xF09A, 0x00FF,
    0xF2E0, 0x0000,
    0xF372, 0x0000,
    0xF0AA, 0xFFFF,
    0xF0AC, 0xFFFF,
    0xF2EA, 0x4000,
    0xDADA, 0x0001,
    0xDB3C, 0xD2FD,
    0xDADC, 0x0000,
    0xDB0C, 0x1F1F,
    0xDB3E, 0x12D2,
    0xDADE, 0x0000,
    0xDB0E, 0x0080,
    0xDB40, 0x12D2,
    0xDAE0, 0xA000,
    0xDB10, 0x0040,
    0xDB42, 0x12D2,
    0xDAE2, 0x0001,
    0xDB12, 0x0020,
    0xDB44, 0x12D2,
    0xDAE4, 0x0005,
    0xDB14, 0x0040,
    0xDB46, 0x12D2,
    0xDAE6, 0x4011,
    0xDB16, 0x0060,
    0xDBCC, 0x0000,
    0xDB6C, 0x0000,
    0xDB9C, 0x0000,
    0xDBCE, 0x0000,
    0xDB6E, 0x0000,
    0xDB9E, 0x0000,
    0xDBD0, 0x0000,
    0xDB70, 0x0000,
    0xDBA0, 0x0000,
    0xDBD2, 0x0000,
    0xDB72, 0x0000,
    0xDBA2, 0x0000,
    0xDBD4, 0x0000,
    0xDB74, 0x0000,
    0xDBA4, 0x0000,
    0xDBD6, 0x0000,
    0xDB76, 0x0000,
    0xDBA6, 0x0000,
    0xF370, 0x0203,
    0xF3E4, 0x0301,
    0xF3F4, 0xC800,
    0xF3F6, 0xD610,
    0xF014, 0x0700,
    0xB270, 0x8708,
    0xB266, 0xC004,
    0xD682, 0xC004,
    0xBF16, 0x0BAA,
    0xF698, 0x0100,
    0xDC8C, 0x3F0B,
    0xFCFC, 0x4000,
    0x0808, 0x0201,
    0x0E00, 0x0203,
};

/*not use*/
/* 01_WD4_OceanChangjiang_UW_JN5_Full_RMSC_Bypass_8192x6144_15.1fps_3056Mbps */
static u16 hhuwide_custom2_setting[] = {
    0xFCFC, 0x4000,
    0x6170, 0xFFFF,
    0x6180, 0x0000,
    0x6190, 0x0000,
    0x6200, 0xFFFF,
    0x6202, 0xFFFF,
    0x6204, 0x0000,
    0x6206, 0x0000,
    0x6208, 0x0000,
    0xA100, 0xFFFF,
    0xA102, 0x0000,
    0xA104, 0x0000,
    0xFCFC, 0x4001,
    0x0100, 0xFFFF,
    0x0102, 0xFFFF,
    0x0104, 0x0000,
    0x0106, 0x0000,
    0x0108, 0x0000,
    0xFCFC, 0x4000,
    0x8100, 0xFFFF,
    0x8104, 0x0000,
    0x8108, 0x0000,
    0x0B30, 0x01FF,
    0xFCFC, 0x2000,
    0x7806, 0x0001,
    0x7808, 0x2408,
    0xFCFC, 0x4000,
    0x0344, 0x0000,
    0x0348, 0x201F,
    0x0346, 0x0000,
    0x034A, 0x181F,
    0x034C, 0x2000,
    0x034E, 0x1800,
    0x0350, 0x0010,
    0x0352, 0x0010,
    0x0340, 0x18CA,
    0x0342, 0x2580,
    0x0136, 0x1800,
    0x013E, 0x0000,
    0x0304, 0x0003,
    0x0306, 0x00E6,
    0x030C, 0x0000,
    0x030E, 0x0003,
    0x0310, 0x00B2,
    0x0312, 0x0000,
    0x031A, 0x0003,
    0x031C, 0x0028,
    0x031E, 0x0002,
    0x0202, 0x0014,
    0x0226, 0x0014,
    0x022C, 0x0014,
    0x0702, 0x0000,
    0x0704, 0x0000,
    0x0114, 0x0301,
    0x0118, 0x0004,
    0x011A, 0x0001,
    0x011C, 0x0100,
    0xFCFC, 0x2000,
    0xB176, 0x0600,
    0xB178, 0x0000,
    0x7996, 0x0100,
    0x7994, 0x2020,
    0xFCFC, 0x4000,
    0x0900, 0x0011,
    0x0380, 0x0001,
    0x0382, 0x0001,
    0x0384, 0x0001,
    0x0386, 0x0001,
    0x040C, 0x0000,
    0x0400, 0x1010,
    0x0408, 0x0100,
    0x040A, 0x0100,
    0xFCFC, 0x2000,
    0xD1F6, 0x3A00,
    0xD20C, 0x0908,
    0xD314, 0x2002,
    0xD27A, 0x0500,
    0xD3F0, 0xB01C,
    0xD410, 0x4802,
    0xD426, 0xD204,
    0xD43C, 0x0140,
    0xD412, 0xD204,
    0xD428, 0xEA0A,
    0xD43E, 0x0140,
    0xFCFC, 0x4000,
    0x0260, 0x0101,
    0x0262, 0x0000,
    0x0264, 0x0306,
    0x0266, 0x0700,
    0x0112, 0x0A0A,
    0x0270, 0x2B2B,
    0x0272, 0x2B10,
    0x0274, 0x302B,
    0xFCFC, 0x2001,
    0x44C6, 0x0000,
    0xFCFC, 0x4000,
    0x0B02, 0x0101,
    0x0720, 0x0001,
    0x0722, 0x0800,
    0x0724, 0x0000,
    0x0728, 0x0000,
    0x072A, 0x0000,
    0x072C, 0x0000,
    0x072E, 0x0000,
    0xFCFC, 0x2001,
    0x3132, 0x0100,
    0xFCFC, 0x4000,
    0x021E, 0x0000,
    0x0228, 0x0100,
    0xFCFC, 0x2001,
    0x31D0, 0x0000,
    0x5A70, 0x0000,
    0xFCFC, 0x2000,
    0xDC94, 0x0100,
    0xEF80, 0x0000,
    0x23F0, 0x0001,
    0xF288, 0x0000,
    0xFCFC, 0x2001,
    0x2A30, 0x01FF,
    0x4270, 0x0000,
    0x29BA, 0xFF00,
    0x29A8, 0x0200,
    0xFCFC, 0x4000,
    0x0B04, 0x0001,
    0x0B06, 0x0101,
    0x0B08, 0x0100,
    0x0B0A, 0x0101,
    0x0B0C, 0x0100,
    0xFCFC, 0x2000,
    0xC4E0, 0x0100,
    0xC4F6, 0x0000,
    0xC4E2, 0x0200,
    0xC53C, 0x0100,
    0xC544, 0x0005,
    0xC53E, 0x0000,
    0xB23C, 0x6060,
    0xB242, 0x6060,
    0xC554, 0x530D,
    0xC556, 0x0000,
    0xFCFC, 0x2001,
    0x2920, 0x0100,
    0x31F8, 0x0100,
    0x31FA, 0x0004,
    0xFCFC, 0x2000,
    0xD856, 0x0507,
    0xD6D4, 0x0000,
    0x799A, 0x0000,
    0xD8A2, 0x0100,
    0xFCFC, 0x4000,
    0x020A, 0x0000,
    0xFCFC, 0x2000,
    0x78C0, 0x0101,
    0x22C2, 0x0600,
    0x22C4, 0xFF1F,
    0x22EC, 0x1F00,
    0x2306, 0xFF3F,
    0x2314, 0xFF00,
    0x2354, 0x0300,
    0xFCFC, 0x4000,
    0x0936, 0x0000,
    0x0C40, 0x0000,
    0xFCFC, 0x2000,
    0x68DE, 0x0000,
    0xFCFC, 0x2001,
    0x2540, 0x0200,
    0x25E0, 0x0100,
    0x25E2, 0xCD00,
    0xFCFC, 0x2000,
    0xD718, 0x0002,
    0xBF30, 0x0000,
    0xFCFC, 0x2001,
    0x3C42, 0x0000,
    0x3C46, 0xEB05,
    0x3C52, 0x4006,
    0xFCFC, 0x2000,
    0xD326, 0x0120,
    0xD3EC, 0xB11C,
    0xFCFC, 0x2001,
    0x195E, 0x0100,
    0x1966, 0x0000,
    0xFCFC, 0x4000,
    0x0086, 0x0200,
    0xFCFC, 0x2000,
    0xE980, 0x0005,
    0xC4D8, 0x2000,
    0x795A, 0x1000,
    0x7970, 0x1000,
    0xFCFC, 0x2002,
    0x849E, 0x0000,
    0x84A0, 0x0000,
    0x84A2, 0x0005,
    0xFCFC, 0x2001,
    0x2BB2, 0x1000,
    0x2D32, 0x0010,
    0xFCFC, 0x2000,
    0x703C, 0x0001,
    0x7046, 0x7F02,
    0x7058, 0x8002,
    0x71D4, 0x3F00,
    0x71D6, 0x3D00,
    0x71D8, 0x84F3,
    0x71DA, 0x0040,
    0x7048, 0x2F00,
    0x705A, 0x3000,
    0x7274, 0x0D00,
    0x7276, 0x0C00,
    0x7278, 0x36D2,
    0x727A, 0x0040,
    0x727C, 0x0000,
    0x727E, 0x0000,
    0x7280, 0x0000,
    0x7282, 0x0000,
    0x703E, 0x0000,
    0x704A, 0x0004,
    0x705C, 0x0004,
    0x7314, 0x0000,
    0x7316, 0x0000,
    0x7318, 0x0000,
    0x731A, 0x0000,
    0xBEDC, 0xC526,
    0xBEDE, 0x903E,
    0xBEE0, 0xC00F,
    0xBEE2, 0x0008,
    0xBEE4, 0x0C00,
    0xBEE6, 0x8000,
    0xFCFC, 0x2001,
    0x2A54, 0x0000,
    0x2A56, 0x0800,
    0x2A42, 0x0100,
    0x2A44, 0xB004,
    0x2A46, 0x0000,
    0xFCFC, 0x2000,
    0xD704, 0x0278,
    0x7A0E, 0x1E00,
    0x7A6E, 0x2800,
    0x7A86, 0x2800,
    0x8C9E, 0x5000,
    0x8CCE, 0x2C01,
    0x7A10, 0x0F00,
    0x7A70, 0x1900,
    0x7A88, 0x1900,
    0x8CA0, 0x3500,
    0x8CD0, 0x9600,
    0xB224, 0x0103,
    0xB226, 0x0000,
    0xB220, 0x0000,
    0x7A12, 0x0F00,
    0x7A72, 0x1900,
    0x7A8A, 0x1900,
    0x8CA2, 0x3500,
    0x8CD2, 0x9600,
    0x7EE6, 0x2C00,
    0x7EF2, 0x2C00,
    0x7EFE, 0x6400,
    0x7F0A, 0x5800,
    0x8D0E, 0x0000,
    0x9032, 0x0000,
    0x903E, 0x0000,
    0x7A14, 0x0F00,
    0x7A74, 0x1900,
    0x7A8C, 0x1900,
    0x8CA4, 0x3500,
    0x7F0E, 0x5800,
    0x8CD6, 0x9600,
    0x7BDA, 0x3C00,
    0xD49C, 0x2100,
    0xD4D0, 0x1600,
    0xD4A8, 0x0300,
    0xD4D6, 0x0000,
    0xD4E2, 0x0100,
    0xD4BC, 0x1400,
    0xD4B0, 0x0100,
    0xD4C8, 0x0000,
    0xD624, 0x0000,
    0xD62E, 0x0000,
    0xD638, 0x0000,
    0xD4EA, 0x0100,
    0xD554, 0x0000,
    0xD556, 0x0000,
    0xD560, 0x0000,
    0xD562, 0x0000,
    0xD4DA, 0x0000,
    0xD4E6, 0x0100,
    0xD4C0, 0x1400,
    0xD4B4, 0x0100,
    0xD4CC, 0x0000,
    0xD5BC, 0x0000,
    0xD5BE, 0x0000,
    0xD5C8, 0x0000,
    0xD5CA, 0x0000,
    0xD4D2, 0x2000,
    0xD4DE, 0x0000,
    0xD4B8, 0x3500,
    0xD4AC, 0x7003,
    0xD4C4, 0x0100,
    0xD4EC, 0xBE00,
    0xD4EE, 0xBE00,
    0xD4F8, 0xF001,
    0xD4FA, 0xF001,
    0xBF78, 0x5333,
    0xD896, 0x0000,
    0xFCFC, 0x2001,
    0x1C24, 0x0002,
    0x1C26, 0x0001,
    0x1C28, 0xFF03,
    0x1C2A, 0x0010,
    0x1C2C, 0xD70F,
    0x1C2E, 0x0004,
    0x1C30, 0x0010,
    0x1C32, 0xD70F,
    0x1C34, 0xC20F,
    0x1C4E, 0x0001,
    0x1C50, 0xFF03,
    0x1C52, 0x0010,
    0x1C54, 0xD70F,
    0x1C56, 0x0004,
    0x1C58, 0x0010,
    0x1C5A, 0xD70F,
    0x1C5C, 0xC20F,
    0x1C5E, 0x0000,
    0x1C60, 0x0000,
    0x1C62, 0x0000,
    0x1C64, 0x0000,
    0x1C66, 0x0000,
    0x1C68, 0x0000,
    0x1C6A, 0x0000,
    0x1C6C, 0x0000,
    0x1C76, 0x0001,
    0x1C78, 0xFF03,
    0x1C7A, 0x0010,
    0x1C7C, 0xD70F,
    0x1C7E, 0x0004,
    0x1C80, 0x0010,
    0x1C82, 0xD70F,
    0x1C84, 0xC20F,
    0x1C86, 0x0000,
    0x1C88, 0x0000,
    0x1C8A, 0x0000,
    0x1C8C, 0x0000,
    0x1C8E, 0x0000,
    0x1C90, 0x0000,
    0x1C92, 0x0000,
    0x1C94, 0x0000,
    0x1C9E, 0x0001,
    0x1CA0, 0xFF03,
    0x1CA2, 0x0010,
    0x1CA4, 0xD70F,
    0x1CA6, 0x0004,
    0x1CA8, 0x0010,
    0x1CAA, 0xD70F,
    0x1CAC, 0xC20F,
    0x1CC6, 0x0000,
    0x1CC8, 0x0000,
    0x1CCA, 0x0000,
    0x1CCC, 0x0000,
    0x1CCE, 0x0000,
    0x1CD0, 0x0000,
    0x1CD2, 0x0000,
    0x1CD4, 0x0000,
    0x1CEE, 0x0000,
    0x1CF0, 0x0000,
    0x1CF2, 0x0000,
    0x1CF4, 0x0000,
    0x1CF6, 0x0000,
    0x1CF8, 0x0000,
    0x1CFA, 0x0000,
    0x1CFC, 0x0000,
    0x1CFE, 0x0000,
    0x1D00, 0x0000,
    0x1D02, 0x0000,
    0x1D04, 0x0000,
    0x1D06, 0x0000,
    0x1D08, 0x0000,
    0x1D0A, 0x0000,
    0x1D0C, 0x0000,
    0x1D16, 0x0000,
    0x1D18, 0x0000,
    0x1D1A, 0x0000,
    0x1D1C, 0x0000,
    0x1D1E, 0x0000,
    0x1D20, 0x0000,
    0x1D22, 0x0000,
    0x1D24, 0x0000,
    0x1D26, 0x0000,
    0x1D28, 0x0000,
    0x1D2A, 0x0000,
    0x1D2C, 0x0000,
    0x1D2E, 0x0000,
    0x1D30, 0x0000,
    0x1D32, 0x0000,
    0x1D34, 0x0000,
    0x1D3E, 0x0000,
    0x1D40, 0x0000,
    0x1D42, 0x0000,
    0x1D44, 0x0000,
    0x1D46, 0x0000,
    0x1D48, 0x0000,
    0x1D4A, 0x0000,
    0x1D4C, 0x0000,
    0xFCFC, 0x2000,
    0xB21E, 0x0000,
    0xB222, 0xC000,
    0xB20C, 0x2E00,
    0xB21A, 0x0402,
    0xB378, 0x0100,
    0xDD70, 0x0000,
    0xDE38, 0x0000,
    0xFCFC, 0x2002,
    0xA574, 0x0155,
    0xA59C, 0xA2FD,
    0xA59E, 0xFEFE,
    0xA576, 0x4000,
    0xA588, 0x0800,
    0xA578, 0x8000,
    0xA58A, 0x2100,
    0xA57A, 0x0001,
    0xA58C, 0x2900,
    0xA57C, 0x0002,
    0xA58E, 0x2E00,
    0xA57E, 0x0002,
    0xA590, 0x2E00,
    0xA580, 0x0002,
    0xA592, 0x2E00,
    0xA582, 0x0002,
    0xA594, 0x2E00,
    0xA584, 0x0002,
    0xA596, 0x2E00,
    0xA586, 0x0002,
    0xA598, 0x2E00,
    0xA59A, 0x3000,
    0xA548, 0x00EA,
    0xA570, 0x0000,
    0xA54A, 0x0000,
    0xA54C, 0x0000,
    0xA54E, 0x0000,
    0xA550, 0x0000,
    0xA552, 0x0000,
    0xA554, 0x0000,
    0xA556, 0x0000,
    0xA55C, 0x0000,
    0xA55E, 0x0000,
    0xA560, 0x0000,
    0xA562, 0x0000,
    0xA564, 0x0000,
    0xA566, 0x0000,
    0xA568, 0x0000,
    0xA56A, 0x0000,
    0xFCFC, 0x2001,
    0x1D96, 0x0000,
    0x1D98, 0x0000,
    0x1DA6, 0x0000,
    0x1DA8, 0x0000,
    0x1D72, 0x0000,
    0x1D74, 0x0000,
    0x1D82, 0x0000,
    0x1D84, 0x0000,
    0x1D92, 0x0000,
    0x1D94, 0x0000,
    0x1DA2, 0x0000,
    0x1DA4, 0x0000,
    0x1D76, 0x0000,
    0x1D78, 0x0000,
    0x1D86, 0x0000,
    0x1D88, 0x0000,
    0x1E16, 0x1400,
    0x1E18, 0x1400,
    0x1E26, 0x1400,
    0x1E28, 0x1400,
    0x1DF2, 0x1400,
    0x1DF4, 0x1400,
    0x1E02, 0x1400,
    0x1E04, 0x1400,
    0x1E12, 0x1400,
    0x1E14, 0x1400,
    0x1E22, 0x1400,
    0x1E24, 0x1400,
    0x1DF6, 0x1400,
    0x1DF8, 0x1400,
    0x1E06, 0x1400,
    0x1E08, 0x1400,
    0xFCFC, 0x2000,
    0x82BA, 0x3600,
    0x82A2, 0x1200,
    0xFCFC, 0x2001,
    0x427C, 0x2000,
    0x4280, 0x1000,
    0x4362, 0x0100,
    0x43AA, 0x0000,
    0x43AC, 0x0000,
    0x43C6, 0x010A,
    0x43B4, 0x0000,
    0x43B6, 0x0000,
    0x4396, 0x0C00,
    0x4398, 0x0E00,
    0x437E, 0xA400,
    0xFCFC, 0x2000,
    0xB322, 0x0101,
    0xB324, 0x0100,
    0xB330, 0x2828,
    0xB34A, 0x2828,
    0xB360, 0x2828,
    0xFCFC, 0x2001,
    0x4292, 0x0000,
    0x4364, 0x0000,
    0x4366, 0x0000,
    0x4370, 0x0000,
    0x4290, 0x0100,
    0xFCFC, 0x2002,
    0x84C4, 0x002D,
    0x84A4, 0x0000,
    0xFCFC, 0x2000,
    0xD684, 0x4004,
    0xB268, 0x4004,
    0xF09A, 0x00FF,
    0xF2E0, 0x0000,
    0xF372, 0x0000,
    0xF0AA, 0xFFFF,
    0xF0AC, 0xFFFF,
    0xF2EA, 0x4000,
    0xDADA, 0x0001,
    0xDB3C, 0x12D2,
    0xDADC, 0x0000,
    0xDB0C, 0x0000,
    0xDB3E, 0x12D2,
    0xDADE, 0x3000,
    0xDB0E, 0x0080,
    0xDB40, 0x12D2,
    0xDAE0, 0x8001,
    0xDB10, 0x0000,
    0xDB42, 0x0000,
    0xDAE2, 0x0000,
    0xDB12, 0x0000,
    0xDB44, 0x0000,
    0xDAE4, 0x0000,
    0xDB14, 0x0000,
    0xDB46, 0x0000,
    0xDAE6, 0x0000,
    0xDB16, 0x0000,
    0xDBCC, 0x0000,
    0xDB6C, 0x0000,
    0xDB9C, 0x0000,
    0xDBCE, 0x0000,
    0xDB6E, 0x0000,
    0xDB9E, 0x0000,
    0xDBD0, 0x0000,
    0xDB70, 0x0000,
    0xDBA0, 0x0000,
    0xDBD2, 0x0000,
    0xDB72, 0x0000,
    0xDBA2, 0x0000,
    0xDBD4, 0x0000,
    0xDB74, 0x0000,
    0xDBA4, 0x0000,
    0xDBD6, 0x0000,
    0xDB76, 0x0000,
    0xDBA6, 0x0000,
    0xF370, 0x0203,
    0xF3E4, 0x0301,
    0xF3F4, 0xC800,
    0xF3F6, 0xD710,
    0xF014, 0x0600,
    0xB270, 0x8708,
    0xB266, 0xC004,
    0xD682, 0xC004,
    0xBF16, 0x0BAA,
    0xF698, 0x0100,
    0xDC8C, 0x3F2B,
    0xFCFC, 0x4000,
    0x0808, 0x0201,
    0x0E00, 0x0003,
};

/* 01_WD4_OceanChangjiang_UW_JN5_Full_RMSC_Bypass_8192x6144_15.1fps_3056Mbps */
static u16 hhuwide_custom3_setting[] = {
    0xFCFC, 0x4000,
    0x6170, 0xFFFF,
    0x6180, 0x0000,
    0x6190, 0x0000,
    0x6200, 0xFFFF,
    0x6202, 0xFFFF,
    0x6204, 0x0000,
    0x6206, 0x0000,
    0x6208, 0x0000,
    0xA100, 0xFFFF,
    0xA102, 0x0000,
    0xA104, 0x0000,
    0xFCFC, 0x4001,
    0x0100, 0xFFFF,
    0x0102, 0xFFFF,
    0x0104, 0x0000,
    0x0106, 0x0000,
    0x0108, 0x0000,
    0xFCFC, 0x4000,
    0x8100, 0xFFFF,
    0x8104, 0x0000,
    0x8108, 0x0000,
    0x0B30, 0x01FF,
    0xFCFC, 0x2000,
    0x7806, 0x0001,
    0x7808, 0x2408,
    0xFCFC, 0x4000,
    0x0344, 0x0000,
    0x0348, 0x201F,
    0x0346, 0x0000,
    0x034A, 0x181F,
    0x034C, 0x2000,
    0x034E, 0x1800,
    0x0350, 0x0010,
    0x0352, 0x0010,
    0x0340, 0x18CA,
    0x0342, 0x2580,
    0x0136, 0x1800,
    0x013E, 0x0000,
    0x0304, 0x0003,
    0x0306, 0x00E6,
    0x030C, 0x0000,
    0x030E, 0x0003,
    0x0310, 0x00B2,
    0x0312, 0x0000,
    0x031A, 0x0003,
    0x031C, 0x0028,
    0x031E, 0x0002,
    0x0202, 0x0014,
    0x0226, 0x0014,
    0x022C, 0x0014,
    0x0702, 0x0000,
    0x0704, 0x0000,
    0x0114, 0x0301,
    0x0118, 0x0004,
    0x011A, 0x0001,
    0x011C, 0x0100,
    0xFCFC, 0x2000,
    0xB176, 0x0600,
    0xB178, 0x0000,
    0x7996, 0x0100,
    0x7994, 0x2020,
    0xFCFC, 0x4000,
    0x0900, 0x0011,
    0x0380, 0x0001,
    0x0382, 0x0001,
    0x0384, 0x0001,
    0x0386, 0x0001,
    0x040C, 0x0000,
    0x0400, 0x1010,
    0x0408, 0x0100,
    0x040A, 0x0100,
    0xFCFC, 0x2000,
    0xD1F6, 0x3A00,
    0xD20C, 0x0908,
    0xD314, 0x2002,
    0xD27A, 0x0500,
    0xD3F0, 0xB01C,
    0xD410, 0x4802,
    0xD426, 0xD204,
    0xD43C, 0x0140,
    0xD412, 0xD204,
    0xD428, 0xEA0A,
    0xD43E, 0x0140,
    0xFCFC, 0x4000,
    0x0260, 0x0101,
    0x0262, 0x0000,
    0x0264, 0x0306,
    0x0266, 0x0700,
    0x0112, 0x0A0A,
    0x0270, 0x2B2B,
    0x0272, 0x2B10,
    0x0274, 0x302B,
    0xFCFC, 0x2001,
    0x44C6, 0x0000,
    0xFCFC, 0x4000,
    0x0B02, 0x0101,
    0x0720, 0x0001,
    0x0722, 0x0800,
    0x0724, 0x0000,
    0x0728, 0x0000,
    0x072A, 0x0000,
    0x072C, 0x0000,
    0x072E, 0x0000,
    0xFCFC, 0x2001,
    0x3132, 0x0100,
    0xFCFC, 0x4000,
    0x021E, 0x0000,
    0x0228, 0x0100,
    0xFCFC, 0x2001,
    0x31D0, 0x0000,
    0x5A70, 0x0000,
    0xFCFC, 0x2000,
    0xDC94, 0x0100,
    0xEF80, 0x0000,
    0x23F0, 0x0001,
    0xF288, 0x0000,
    0xFCFC, 0x2001,
    0x2A30, 0x01FF,
    0x4270, 0x0000,
    0x29BA, 0xFF00,
    0x29A8, 0x0200,
    0xFCFC, 0x4000,
    0x0B04, 0x0001,
    0x0B06, 0x0101,
    0x0B08, 0x0100,
    0x0B0A, 0x0101,
    0x0B0C, 0x0100,
    0xFCFC, 0x2000,
    0xC4E0, 0x0100,
    0xC4F6, 0x0000,
    0xC4E2, 0x0200,
    0xC53C, 0x0100,
    0xC544, 0x0005,
    0xC53E, 0x0000,
    0xB23C, 0x6060,
    0xB242, 0x6060,
    0xC554, 0x530D,
    0xC556, 0x0000,
    0xFCFC, 0x2001,
    0x2920, 0x0100,
    0x31F8, 0x0100,
    0x31FA, 0x0004,
    0xFCFC, 0x2000,
    0xD856, 0x0507,
    0xD6D4, 0x0000,
    0x799A, 0x0000,
    0xD8A2, 0x0100,
    0xFCFC, 0x4000,
    0x020A, 0x0000,
    0xFCFC, 0x2000,
    0x78C0, 0x0101,
    0x22C2, 0x0600,
    0x22C4, 0xFF1F,
    0x22EC, 0x1F00,
    0x2306, 0xFF3F,
    0x2314, 0xFF00,
    0x2354, 0x0300,
    0xFCFC, 0x4000,
    0x0936, 0x0000,
    0x0C40, 0x0000,
    0xFCFC, 0x2000,
    0x68DE, 0x0000,
    0xFCFC, 0x2001,
    0x2540, 0x0200,
    0x25E0, 0x0100,
    0x25E2, 0xCD00,
    0xFCFC, 0x2000,
    0xD718, 0x0002,
    0xBF30, 0x0000,
    0xFCFC, 0x2001,
    0x3C42, 0x0000,
    0x3C46, 0xEB05,
    0x3C52, 0x4006,
    0xFCFC, 0x2000,
    0xD326, 0x0120,
    0xD3EC, 0xB11C,
    0xFCFC, 0x2001,
    0x195E, 0x0100,
    0x1966, 0x0000,
    0xFCFC, 0x4000,
    0x0086, 0x0200,
    0xFCFC, 0x2000,
    0xE980, 0x0005,
    0xC4D8, 0x2000,
    0x795A, 0x1000,
    0x7970, 0x1000,
    0xFCFC, 0x2002,
    0x849E, 0x0000,
    0x84A0, 0x0000,
    0x84A2, 0x0005,
    0xFCFC, 0x2001,
    0x2BB2, 0x1000,
    0x2D32, 0x0010,
    0xFCFC, 0x2000,
    0x703C, 0x0001,
    0x7046, 0x7F02,
    0x7058, 0x8002,
    0x71D4, 0x3F00,
    0x71D6, 0x3D00,
    0x71D8, 0x84F3,
    0x71DA, 0x0040,
    0x7048, 0x2F00,
    0x705A, 0x3000,
    0x7274, 0x0D00,
    0x7276, 0x0C00,
    0x7278, 0x36D2,
    0x727A, 0x0040,
    0x727C, 0x0000,
    0x727E, 0x0000,
    0x7280, 0x0000,
    0x7282, 0x0000,
    0x703E, 0x0000,
    0x704A, 0x0004,
    0x705C, 0x0004,
    0x7314, 0x0000,
    0x7316, 0x0000,
    0x7318, 0x0000,
    0x731A, 0x0000,
    0xBEDC, 0xC526,
    0xBEDE, 0x903E,
    0xBEE0, 0xC00F,
    0xBEE2, 0x0008,
    0xBEE4, 0x0C00,
    0xBEE6, 0x8000,
    0xFCFC, 0x2001,
    0x2A54, 0x0000,
    0x2A56, 0x0800,
    0x2A42, 0x0100,
    0x2A44, 0xB004,
    0x2A46, 0x0000,
    0xFCFC, 0x2000,
    0xD704, 0x0278,
    0x7A0E, 0x1E00,
    0x7A6E, 0x2800,
    0x7A86, 0x2800,
    0x8C9E, 0x5000,
    0x8CCE, 0x2C01,
    0x7A10, 0x0F00,
    0x7A70, 0x1900,
    0x7A88, 0x1900,
    0x8CA0, 0x3500,
    0x8CD0, 0x9600,
    0xB224, 0x0103,
    0xB226, 0x0000,
    0xB220, 0x0000,
    0x7A12, 0x0F00,
    0x7A72, 0x1900,
    0x7A8A, 0x1900,
    0x8CA2, 0x3500,
    0x8CD2, 0x9600,
    0x7EE6, 0x2C00,
    0x7EF2, 0x2C00,
    0x7EFE, 0x6400,
    0x7F0A, 0x5800,
    0x8D0E, 0x0000,
    0x9032, 0x0000,
    0x903E, 0x0000,
    0x7A14, 0x0F00,
    0x7A74, 0x1900,
    0x7A8C, 0x1900,
    0x8CA4, 0x3500,
    0x7F0E, 0x5800,
    0x8CD6, 0x9600,
    0x7BDA, 0x3C00,
    0xD49C, 0x2100,
    0xD4D0, 0x1600,
    0xD4A8, 0x0300,
    0xD4D6, 0x0000,
    0xD4E2, 0x0100,
    0xD4BC, 0x1400,
    0xD4B0, 0x0100,
    0xD4C8, 0x0000,
    0xD624, 0x0000,
    0xD62E, 0x0000,
    0xD638, 0x0000,
    0xD4EA, 0x0100,
    0xD554, 0x0000,
    0xD556, 0x0000,
    0xD560, 0x0000,
    0xD562, 0x0000,
    0xD4DA, 0x0000,
    0xD4E6, 0x0100,
    0xD4C0, 0x1400,
    0xD4B4, 0x0100,
    0xD4CC, 0x0000,
    0xD5BC, 0x0000,
    0xD5BE, 0x0000,
    0xD5C8, 0x0000,
    0xD5CA, 0x0000,
    0xD4D2, 0x2000,
    0xD4DE, 0x0000,
    0xD4B8, 0x3500,
    0xD4AC, 0x7003,
    0xD4C4, 0x0100,
    0xD4EC, 0xBE00,
    0xD4EE, 0xBE00,
    0xD4F8, 0xF001,
    0xD4FA, 0xF001,
    0xBF78, 0x5333,
    0xD896, 0x0000,
    0xFCFC, 0x2001,
    0x1C24, 0x0002,
    0x1C26, 0x0001,
    0x1C28, 0xFF03,
    0x1C2A, 0x0010,
    0x1C2C, 0xD70F,
    0x1C2E, 0x0004,
    0x1C30, 0x0010,
    0x1C32, 0xD70F,
    0x1C34, 0xC20F,
    0x1C4E, 0x0001,
    0x1C50, 0xFF03,
    0x1C52, 0x0010,
    0x1C54, 0xD70F,
    0x1C56, 0x0004,
    0x1C58, 0x0010,
    0x1C5A, 0xD70F,
    0x1C5C, 0xC20F,
    0x1C5E, 0x0000,
    0x1C60, 0x0000,
    0x1C62, 0x0000,
    0x1C64, 0x0000,
    0x1C66, 0x0000,
    0x1C68, 0x0000,
    0x1C6A, 0x0000,
    0x1C6C, 0x0000,
    0x1C76, 0x0001,
    0x1C78, 0xFF03,
    0x1C7A, 0x0010,
    0x1C7C, 0xD70F,
    0x1C7E, 0x0004,
    0x1C80, 0x0010,
    0x1C82, 0xD70F,
    0x1C84, 0xC20F,
    0x1C86, 0x0000,
    0x1C88, 0x0000,
    0x1C8A, 0x0000,
    0x1C8C, 0x0000,
    0x1C8E, 0x0000,
    0x1C90, 0x0000,
    0x1C92, 0x0000,
    0x1C94, 0x0000,
    0x1C9E, 0x0001,
    0x1CA0, 0xFF03,
    0x1CA2, 0x0010,
    0x1CA4, 0xD70F,
    0x1CA6, 0x0004,
    0x1CA8, 0x0010,
    0x1CAA, 0xD70F,
    0x1CAC, 0xC20F,
    0x1CC6, 0x0000,
    0x1CC8, 0x0000,
    0x1CCA, 0x0000,
    0x1CCC, 0x0000,
    0x1CCE, 0x0000,
    0x1CD0, 0x0000,
    0x1CD2, 0x0000,
    0x1CD4, 0x0000,
    0x1CEE, 0x0000,
    0x1CF0, 0x0000,
    0x1CF2, 0x0000,
    0x1CF4, 0x0000,
    0x1CF6, 0x0000,
    0x1CF8, 0x0000,
    0x1CFA, 0x0000,
    0x1CFC, 0x0000,
    0x1CFE, 0x0000,
    0x1D00, 0x0000,
    0x1D02, 0x0000,
    0x1D04, 0x0000,
    0x1D06, 0x0000,
    0x1D08, 0x0000,
    0x1D0A, 0x0000,
    0x1D0C, 0x0000,
    0x1D16, 0x0000,
    0x1D18, 0x0000,
    0x1D1A, 0x0000,
    0x1D1C, 0x0000,
    0x1D1E, 0x0000,
    0x1D20, 0x0000,
    0x1D22, 0x0000,
    0x1D24, 0x0000,
    0x1D26, 0x0000,
    0x1D28, 0x0000,
    0x1D2A, 0x0000,
    0x1D2C, 0x0000,
    0x1D2E, 0x0000,
    0x1D30, 0x0000,
    0x1D32, 0x0000,
    0x1D34, 0x0000,
    0x1D3E, 0x0000,
    0x1D40, 0x0000,
    0x1D42, 0x0000,
    0x1D44, 0x0000,
    0x1D46, 0x0000,
    0x1D48, 0x0000,
    0x1D4A, 0x0000,
    0x1D4C, 0x0000,
    0xFCFC, 0x2000,
    0xB21E, 0x0000,
    0xB222, 0xC000,
    0xB20C, 0x2E00,
    0xB21A, 0x0402,
    0xB378, 0x0100,
    0xDD70, 0x0000,
    0xDE38, 0x0000,
    0xFCFC, 0x2002,
    0xA574, 0x0155,
    0xA59C, 0xA2FD,
    0xA59E, 0xFEFE,
    0xA576, 0x4000,
    0xA588, 0x0800,
    0xA578, 0x8000,
    0xA58A, 0x2100,
    0xA57A, 0x0001,
    0xA58C, 0x2900,
    0xA57C, 0x0002,
    0xA58E, 0x2E00,
    0xA57E, 0x0002,
    0xA590, 0x2E00,
    0xA580, 0x0002,
    0xA592, 0x2E00,
    0xA582, 0x0002,
    0xA594, 0x2E00,
    0xA584, 0x0002,
    0xA596, 0x2E00,
    0xA586, 0x0002,
    0xA598, 0x2E00,
    0xA59A, 0x3000,
    0xA548, 0x00EA,
    0xA570, 0x0000,
    0xA54A, 0x0000,
    0xA54C, 0x0000,
    0xA54E, 0x0000,
    0xA550, 0x0000,
    0xA552, 0x0000,
    0xA554, 0x0000,
    0xA556, 0x0000,
    0xA55C, 0x0000,
    0xA55E, 0x0000,
    0xA560, 0x0000,
    0xA562, 0x0000,
    0xA564, 0x0000,
    0xA566, 0x0000,
    0xA568, 0x0000,
    0xA56A, 0x0000,
    0xFCFC, 0x2001,
    0x1D96, 0x0000,
    0x1D98, 0x0000,
    0x1DA6, 0x0000,
    0x1DA8, 0x0000,
    0x1D72, 0x0000,
    0x1D74, 0x0000,
    0x1D82, 0x0000,
    0x1D84, 0x0000,
    0x1D92, 0x0000,
    0x1D94, 0x0000,
    0x1DA2, 0x0000,
    0x1DA4, 0x0000,
    0x1D76, 0x0000,
    0x1D78, 0x0000,
    0x1D86, 0x0000,
    0x1D88, 0x0000,
    0x1E16, 0x1400,
    0x1E18, 0x1400,
    0x1E26, 0x1400,
    0x1E28, 0x1400,
    0x1DF2, 0x1400,
    0x1DF4, 0x1400,
    0x1E02, 0x1400,
    0x1E04, 0x1400,
    0x1E12, 0x1400,
    0x1E14, 0x1400,
    0x1E22, 0x1400,
    0x1E24, 0x1400,
    0x1DF6, 0x1400,
    0x1DF8, 0x1400,
    0x1E06, 0x1400,
    0x1E08, 0x1400,
    0xFCFC, 0x2000,
    0x82BA, 0x3600,
    0x82A2, 0x1200,
    0xFCFC, 0x2001,
    0x427C, 0x2000,
    0x4280, 0x1000,
    0x4362, 0x0100,
    0x43AA, 0x0000,
    0x43AC, 0x0000,
    0x43C6, 0x010A,
    0x43B4, 0x0000,
    0x43B6, 0x0000,
    0x4396, 0x0C00,
    0x4398, 0x0E00,
    0x437E, 0xA400,
    0xFCFC, 0x2000,
    0xB322, 0x0101,
    0xB324, 0x0100,
    0xB330, 0x2828,
    0xB34A, 0x2828,
    0xB360, 0x2828,
    0xFCFC, 0x2001,
    0x4292, 0x0000,
    0x4364, 0x0000,
    0x4366, 0x0000,
    0x4370, 0x0000,
    0x4290, 0x0100,
    0xFCFC, 0x2002,
    0x84C4, 0x002D,
    0x84A4, 0x0000,
    0xFCFC, 0x2000,
    0xD684, 0x4004,
    0xB268, 0x4004,
    0xF09A, 0x00FF,
    0xF2E0, 0x0000,
    0xF372, 0x0000,
    0xF0AA, 0xFFFF,
    0xF0AC, 0xFFFF,
    0xF2EA, 0x4000,
    0xDADA, 0x0001,
    0xDB3C, 0x12D2,
    0xDADC, 0x0000,
    0xDB0C, 0x0000,
    0xDB3E, 0x12D2,
    0xDADE, 0x3000,
    0xDB0E, 0x0080,
    0xDB40, 0x12D2,
    0xDAE0, 0x8001,
    0xDB10, 0x0000,
    0xDB42, 0x0000,
    0xDAE2, 0x0000,
    0xDB12, 0x0000,
    0xDB44, 0x0000,
    0xDAE4, 0x0000,
    0xDB14, 0x0000,
    0xDB46, 0x0000,
    0xDAE6, 0x0000,
    0xDB16, 0x0000,
    0xDBCC, 0x0000,
    0xDB6C, 0x0000,
    0xDB9C, 0x0000,
    0xDBCE, 0x0000,
    0xDB6E, 0x0000,
    0xDB9E, 0x0000,
    0xDBD0, 0x0000,
    0xDB70, 0x0000,
    0xDBA0, 0x0000,
    0xDBD2, 0x0000,
    0xDB72, 0x0000,
    0xDBA2, 0x0000,
    0xDBD4, 0x0000,
    0xDB74, 0x0000,
    0xDBA4, 0x0000,
    0xDBD6, 0x0000,
    0xDB76, 0x0000,
    0xDBA6, 0x0000,
    0xF370, 0x0203,
    0xF3E4, 0x0301,
    0xF3F4, 0xC800,
    0xF3F6, 0xD710,
    0xF014, 0x0600,
    0xB270, 0x8708,
    0xB266, 0xC004,
    0xD682, 0xC004,
    0xBF16, 0x0BAA,
    0xF698, 0x0100,
    0xDC8C, 0x3F2B,
    0xFCFC, 0x4000,
    0x0808, 0x0201,
    0x0E00, 0x0003,
};

/* 13_1_OceanChangjiang_UW_JN5_A2A2_1632x1224_30fps_1672Mbps */
static u16 hhuwide_custom4_setting[] = {
    0xFCFC, 0x4000,
    0x6170, 0xFFFF,
    0x6180, 0x0000,
    0x6190, 0x0000,
    0x6200, 0xFFFF,
    0x6202, 0xFFFF,
    0x6204, 0x0000,
    0x6206, 0x0000,
    0x6208, 0x0000,
    0xA100, 0xFFFF,
    0xA102, 0x0000,
    0xA104, 0x0000,
    0xFCFC, 0x4001,
    0x0100, 0xFFFF,
    0x0102, 0xFFFF,
    0x0104, 0x0000,
    0x0106, 0x0000,
    0x0108, 0x0000,
    0xFCFC, 0x4000,
    0x8100, 0xFFFF,
    0x8104, 0x0000,
    0x8108, 0x0000,
    0x0B30, 0x01FF,
    0xFCFC, 0x2000,
    0x7806, 0x0001,
    0x7808, 0x2408,
    0xFCFC, 0x4000,
    0x0344, 0x0340,
    0x0348, 0x1CDF,
    0x0346, 0x0270,
    0x034A, 0x15AF,
    0x034C, 0x0660,
    0x034E, 0x04C8,
    0x0350, 0x0004,
    0x0352, 0x0004,
    0x0340, 0x1908,
    0x0342, 0x12B0,
    0x0136, 0x1800,
    0x013E, 0x0000,
    0x0304, 0x0003,
    0x0306, 0x00E6,
    0x030C, 0x0000,
    0x030E, 0x0003,
    0x0310, 0x00D1,
    0x0312, 0x0001,
    0x031A, 0x0003,
    0x031C, 0x0028,
    0x031E, 0x0002,
    0x0202, 0x0014,
    0x0226, 0x0014,
    0x022C, 0x0014,
    0x0702, 0x0000,
    0x0704, 0x0000,
    0x0114, 0x0301,
    0x0118, 0x0004,
    0x011A, 0x0001,
    0x011C, 0x0100,
    0xFCFC, 0x2000,
    0xB176, 0x0602,
    0xB178, 0x0000,
    0x7996, 0x0101,
    0x7994, 0x2020,
    0xFCFC, 0x4000,
    0x0900, 0x3344,
    0x0380, 0x0002,
    0x0382, 0x0006,
    0x0384, 0x0002,
    0x0386, 0x0006,
    0x040C, 0x0000,
    0x0400, 0x1010,
    0x0408, 0x0100,
    0x040A, 0x0100,
    0xFCFC, 0x2000,
    0xD1F6, 0x3A00,
    0xD20C, 0x0910,
    0xD314, 0x2002,
    0xD27A, 0x0700,
    0xD3F0, 0xB01C,
    0xD410, 0x4802,
    0xD426, 0xD204,
    0xD43C, 0x0140,
    0xD412, 0xD204,
    0xD428, 0xEA0A,
    0xD43E, 0x0140,
    0xFCFC, 0x4000,
    0x0260, 0x0101,
    0x0262, 0x0000,
    0x0264, 0x0306,
    0x0266, 0x0700,
    0x0112, 0x0A0A,
    0x0270, 0x2B2B,
    0x0272, 0x2B10,
    0x0274, 0x302B,
    0xFCFC, 0x2001,
    0x44C6, 0x0000,
    0xFCFC, 0x4000,
    0x0B02, 0x0102,
    0x0720, 0x0001,
    0x0722, 0x0800,
    0x0724, 0x0000,
    0x0728, 0x0000,
    0x072A, 0x0000,
    0x072C, 0x0000,
    0x072E, 0x0000,
    0xFCFC, 0x2001,
    0x3132, 0x0200,
    0xFCFC, 0x4000,
    0x021E, 0x0000,
    0x0228, 0x0100,
    0xFCFC, 0x2001,
    0x31D0, 0x0000,
    0x5A70, 0x0000,
    0xFCFC, 0x2000,
    0xDC94, 0x0103,
    0xEF80, 0x0000,
    0x23F0, 0x0001,
    0xF288, 0x0000,
    0xFCFC, 0x2001,
    0x2A30, 0x01FF,
    0x4270, 0x0000,
    0x29BA, 0x2000,
    0x29A8, 0x0100,
    0xFCFC, 0x4000,
    0x0B04, 0x0001,
    0x0B06, 0x0101,
    0x0B08, 0x0100,
    0x0B0A, 0x0101,
    0x0B0C, 0x0100,
    0xFCFC, 0x2000,
    0xC4E0, 0x0100,
    0xC4F6, 0x0000,
    0xC4E2, 0x0000,
    0xC53C, 0x0500,
    0xC544, 0x0005,
    0xC53E, 0x0000,
    0xB23C, 0x6060,
    0xB242, 0x6060,
    0xC554, 0x0010,
    0xC556, 0x0000,
    0xFCFC, 0x2001,
    0x2920, 0x0100,
    0x31F8, 0x0000,
    0x31FA, 0x0000,
    0xFCFC, 0x2000,
    0xD856, 0x0507,
    0xD6D4, 0x0000,
    0x799A, 0x0000,
    0xD8A2, 0x0100,
    0xFCFC, 0x4000,
    0x020A, 0x0000,
    0xFCFC, 0x2000,
    0x78C0, 0x0101,
    0x22C2, 0x0600,
    0x22C4, 0xFF1F,
    0x22EC, 0x1F00,
    0x2306, 0xFF3F,
    0x2314, 0xFF00,
    0x2354, 0x0300,
    0xFCFC, 0x4000,
    0x0936, 0x0000,
    0x0C40, 0x0000,
    0xFCFC, 0x2000,
    0x68DE, 0x0000,
    0xFCFC, 0x2001,
    0x2540, 0x0200,
    0x25E0, 0x0100,
    0x25E2, 0x0000,
    0xFCFC, 0x2000,
    0xD718, 0x0002,
    0xBF30, 0x0000,
    0xFCFC, 0x2001,
    0x3C42, 0x0000,
    0x3C46, 0xEB05,
    0x3C52, 0x4006,
    0xFCFC, 0x2000,
    0xD326, 0x0110,
    0xD3EC, 0xB01C,
    0xFCFC, 0x2001,
    0x195E, 0x0100,
    0x1966, 0x0000,
    0xFCFC, 0x4000,
    0x0086, 0x1400,
    0xFCFC, 0x2000,
    0xE980, 0x9E04,
    0xC4D8, 0x2000,
    0x795A, 0x2000,
    0x7970, 0x2000,
    0xFCFC, 0x2002,
    0x849E, 0x0000,
    0x84A0, 0x0000,
    0x84A2, 0x0005,
    0xFCFC, 0x2001,
    0x2BB2, 0x1000,
    0x2D32, 0x0010,
    0xFCFC, 0x2000,
    0x703C, 0x0101,
    0x7046, 0x7F02,
    0x7058, 0x8002,
    0x71D4, 0x3F00,
    0x71D6, 0x3D00,
    0x71D8, 0x84F3,
    0x71DA, 0x0040,
    0x7048, 0x3F01,
    0x705A, 0x4001,
    0x7274, 0x0B00,
    0x7276, 0x0B00,
    0x7278, 0x36D2,
    0x727A, 0x0040,
    0x727C, 0x0000,
    0x727E, 0x00D0,
    0x7280, 0x12D2,
    0x7282, 0x0040,
    0x703E, 0x0100,
    0x704A, 0x000A,
    0x705C, 0x010A,
    0x7314, 0x2E00,
    0x7316, 0x3000,
    0x7318, 0x9EFD,
    0x731A, 0x0040,
    0xBEDC, 0xC526,
    0xBEDE, 0x907E,
    0xBEE0, 0xC00F,
    0xBEE2, 0x0008,
    0xBEE4, 0x2C00,
    0xBEE6, 0x8000,
    0xFCFC, 0x2001,
    0x2A54, 0x0000,
    0x2A56, 0x0400,
    0x2A42, 0x0100,
    0x2A44, 0x7901,
    0x2A46, 0x0000,
    0xFCFC, 0x2000,
    0xD704, 0x0278,
    0x7A0E, 0x0F00,
    0x7A6E, 0x1900,
    0x7A86, 0x1900,
    0x8C9E, 0x3500,
    0x8CCE, 0x9600,
    0x7A10, 0x0F00,
    0x7A70, 0x1900,
    0x7A88, 0x1900,
    0x8CA0, 0x3500,
    0x8CD0, 0x9600,
    0xB224, 0x0103,
    0xB226, 0x0000,
    0xB220, 0x0103,
    0x7A12, 0x0F00,
    0x7A72, 0x1900,
    0x7A8A, 0x1900,
    0x8CA2, 0x5000,
    0x8CD2, 0xBE00,
    0x7EE6, 0x2C00,
    0x7EF2, 0x2C00,
    0x7EFE, 0x6400,
    0x7F0A, 0x5800,
    0x8D0E, 0x0000,
    0x9032, 0x0000,
    0x903E, 0x0000,
    0x7A14, 0x0F00,
    0x7A74, 0x1900,
    0x7A8C, 0x1900,
    0x8CA4, 0x3500,
    0x7F0E, 0x5800,
    0x8CD6, 0x9600,
    0x7BDA, 0x3C00,
    0xD49C, 0x2100,
    0xD4D0, 0x0A00,
    0xD4A8, 0x0000,
    0xD4D6, 0x1A00,
    0xD4E2, 0x3200,
    0xD4BC, 0x3A00,
    0xD4B0, 0x9001,
    0xD4C8, 0x0100,
    0xD624, 0x0000,
    0xD62E, 0x0000,
    0xD638, 0x0000,
    0xD4EA, 0x0100,
    0xD554, 0xC400,
    0xD556, 0xFA00,
    0xD560, 0x5203,
    0xD562, 0x8803,
    0xD4DA, 0x0000,
    0xD4E6, 0x0100,
    0xD4C0, 0x1400,
    0xD4B4, 0x0100,
    0xD4CC, 0x0000,
    0xD5BC, 0x0000,
    0xD5BE, 0x0000,
    0xD5C8, 0x0000,
    0xD5CA, 0x0000,
    0xD4D2, 0x0000,
    0xD4DE, 0x0100,
    0xD4B8, 0x1400,
    0xD4AC, 0x0100,
    0xD4C4, 0x0000,
    0xD4EC, 0x0000,
    0xD4EE, 0x0000,
    0xD4F8, 0x0000,
    0xD4FA, 0x0000,
    0xBF78, 0x5333,
    0xD896, 0x0000,
    0xFCFC, 0x2001,
    0x1C24, 0x0002,
    0x1C26, 0x8001,
    0x1C28, 0x8004,
    0x1C2A, 0x2010,
    0x1C2C, 0x2010,
    0x1C2E, 0x0005,
    0x1C30, 0x00A0,
    0x1C32, 0x2810,
    0x1C34, 0x2810,
    0x1C4E, 0x8001,
    0x1C50, 0x8004,
    0x1C52, 0x0010,
    0x1C54, 0x0010,
    0x1C56, 0x0005,
    0x1C58, 0x00A0,
    0x1C5A, 0x2810,
    0x1C5C, 0x2810,
    0x1C5E, 0x0000,
    0x1C60, 0x0000,
    0x1C62, 0x0000,
    0x1C64, 0x0000,
    0x1C66, 0x0000,
    0x1C68, 0x0000,
    0x1C6A, 0x0000,
    0x1C6C, 0x0000,
    0x1C76, 0x8001,
    0x1C78, 0x8004,
    0x1C7A, 0x2010,
    0x1C7C, 0x2010,
    0x1C7E, 0x0005,
    0x1C80, 0x00A0,
    0x1C82, 0x2810,
    0x1C84, 0x2810,
    0x1C86, 0x0000,
    0x1C88, 0x0000,
    0x1C8A, 0x0000,
    0x1C8C, 0x0000,
    0x1C8E, 0x0000,
    0x1C90, 0x0000,
    0x1C92, 0x0000,
    0x1C94, 0x0000,
    0x1C9E, 0x8001,
    0x1CA0, 0x8004,
    0x1CA2, 0x2010,
    0x1CA4, 0x2010,
    0x1CA6, 0x0005,
    0x1CA8, 0x00A0,
    0x1CAA, 0x2810,
    0x1CAC, 0x2810,
    0x1CC6, 0x8001,
    0x1CC8, 0x8004,
    0x1CCA, 0x2010,
    0x1CCC, 0x2010,
    0x1CCE, 0x0005,
    0x1CD0, 0x00A0,
    0x1CD2, 0x2810,
    0x1CD4, 0x2810,
    0x1CEE, 0x8001,
    0x1CF0, 0x8004,
    0x1CF2, 0x0010,
    0x1CF4, 0x0010,
    0x1CF6, 0x0005,
    0x1CF8, 0x00A0,
    0x1CFA, 0x2810,
    0x1CFC, 0x2810,
    0x1CFE, 0x0000,
    0x1D00, 0x0000,
    0x1D02, 0x0000,
    0x1D04, 0x0000,
    0x1D06, 0x0000,
    0x1D08, 0x0000,
    0x1D0A, 0x0000,
    0x1D0C, 0x0000,
    0x1D16, 0x8001,
    0x1D18, 0x8004,
    0x1D1A, 0x2010,
    0x1D1C, 0x2010,
    0x1D1E, 0x0005,
    0x1D20, 0x00A0,
    0x1D22, 0x2810,
    0x1D24, 0x2810,
    0x1D26, 0x0000,
    0x1D28, 0x0000,
    0x1D2A, 0x0000,
    0x1D2C, 0x0000,
    0x1D2E, 0x0000,
    0x1D30, 0x0000,
    0x1D32, 0x0000,
    0x1D34, 0x0000,
    0x1D3E, 0x8001,
    0x1D40, 0x8004,
    0x1D42, 0x2010,
    0x1D44, 0x2010,
    0x1D46, 0x0005,
    0x1D48, 0x00A0,
    0x1D4A, 0x2810,
    0x1D4C, 0x2810,
    0xFCFC, 0x2000,
    0xB21E, 0x0000,
    0xB222, 0xC000,
    0xB20C, 0x2E00,
    0xB21A, 0x0402,
    0xB378, 0x0100,
    0xDD70, 0x0000,
    0xDE38, 0x0000,
    0xFCFC, 0x2002,
    0xA574, 0x0155,
    0xA59C, 0xA2FD,
    0xA59E, 0xFEFE,
    0xA576, 0x4000,
    0xA588, 0x0E00,
    0xA578, 0x8000,
    0xA58A, 0x2000,
    0xA57A, 0xA000,
    0xA58C, 0x2800,
    0xA57C, 0x4001,
    0xA58E, 0x1400,
    0xA57E, 0x8002,
    0xA590, 0x2200,
    0xA580, 0x0005,
    0xA592, 0x2800,
    0xA582, 0x000A,
    0xA594, 0x2C00,
    0xA584, 0xA00F,
    0xA596, 0x2E00,
    0xA586, 0x4011,
    0xA598, 0x3200,
    0xA59A, 0x3500,
    0xA548, 0x00EA,
    0xA570, 0x0000,
    0xA54A, 0x0000,
    0xA54C, 0x0000,
    0xA54E, 0x0000,
    0xA550, 0x0000,
    0xA552, 0x0000,
    0xA554, 0x0000,
    0xA556, 0x0000,
    0xA55C, 0x0000,
    0xA55E, 0x0000,
    0xA560, 0x0000,
    0xA562, 0x0000,
    0xA564, 0x0000,
    0xA566, 0x0000,
    0xA568, 0x0000,
    0xA56A, 0x0000,
    0xFCFC, 0x2001,
    0x1D96, 0x0000,
    0x1D98, 0x0000,
    0x1DA6, 0x0000,
    0x1DA8, 0x0000,
    0x1D72, 0x0000,
    0x1D74, 0x0000,
    0x1D82, 0x0000,
    0x1D84, 0x0000,
    0x1D92, 0x0000,
    0x1D94, 0x0000,
    0x1DA2, 0x0000,
    0x1DA4, 0x0000,
    0x1D76, 0x0000,
    0x1D78, 0x0000,
    0x1D86, 0x0000,
    0x1D88, 0x0000,
    0x1E16, 0x0600,
    0x1E18, 0x0600,
    0x1E26, 0x0600,
    0x1E28, 0x0600,
    0x1DF2, 0x0E00,
    0x1DF4, 0x0E00,
    0x1E02, 0x0E00,
    0x1E04, 0x0E00,
    0x1E12, 0x0600,
    0x1E14, 0x0600,
    0x1E22, 0x0600,
    0x1E24, 0x0600,
    0x1DF6, 0x0E00,
    0x1DF8, 0x0E00,
    0x1E06, 0x0E00,
    0x1E08, 0x0E00,
    0xFCFC, 0x2000,
    0x82BA, 0x3300,
    0x82A2, 0x1400,
    0xFCFC, 0x2001,
    0x427C, 0x2000,
    0x4280, 0x1000,
    0x4362, 0x0100,
    0x43AA, 0x0000,
    0x43AC, 0x0000,
    0x43C6, 0x0114,
    0x43B4, 0x0000,
    0x43B6, 0x0000,
    0x4396, 0x0B00,
    0x4398, 0x0B00,
    0x437E, 0xE400,
    0xFCFC, 0x2000,
    0xB322, 0x0101,
    0xB324, 0x0100,
    0xB330, 0x2828,
    0xB34A, 0x2828,
    0xB360, 0x2828,
    0xFCFC, 0x2001,
    0x4292, 0x0000,
    0x4364, 0x0000,
    0x4366, 0x0000,
    0x4370, 0x0000,
    0x4290, 0x0100,
    0xFCFC, 0x2002,
    0x84C4, 0x012D,
    0x84A4, 0x0000,
    0xFCFC, 0x2000,
    0xD684, 0x80F3,
    0xB268, 0x80F3,
    0xF09A, 0x00FF,
    0xF2E0, 0x0000,
    0xF372, 0x0000,
    0xF0AA, 0xFFFF,
    0xF0AC, 0xFFFF,
    0xF2EA, 0x4000,
    0xDADA, 0x0001,
    0xDB3C, 0xD2FD,
    0xDADC, 0x0000,
    0xDB0C, 0x1F1F,
    0xDB3E, 0x12D2,
    0xDADE, 0x0000,
    0xDB0E, 0x0080,
    0xDB40, 0x12D2,
    0xDAE0, 0xA000,
    0xDB10, 0x0040,
    0xDB42, 0x12D2,
    0xDAE2, 0x0001,
    0xDB12, 0x0020,
    0xDB44, 0x12D2,
    0xDAE4, 0x0005,
    0xDB14, 0x0040,
    0xDB46, 0x12D2,
    0xDAE6, 0x4011,
    0xDB16, 0x0060,
    0xDBCC, 0x0000,
    0xDB6C, 0x0000,
    0xDB9C, 0x0000,
    0xDBCE, 0x0000,
    0xDB6E, 0x0000,
    0xDB9E, 0x0000,
    0xDBD0, 0x0000,
    0xDB70, 0x0000,
    0xDBA0, 0x0000,
    0xDBD2, 0x0000,
    0xDB72, 0x0000,
    0xDBA2, 0x0000,
    0xDBD4, 0x0000,
    0xDB74, 0x0000,
    0xDBA4, 0x0000,
    0xDBD6, 0x0000,
    0xDB76, 0x0000,
    0xDBA6, 0x0000,
    0xF370, 0x0203,
    0xF3E4, 0x0301,
    0xF3F4, 0x0804,
    0xF3F6, 0xD210,
    0xF014, 0x0700,
    0xB270, 0x8708,
    0xB266, 0xC004,
    0xD682, 0xC004,
    0xBF16, 0x0BAA,
    0xF698, 0x0100,
    0xDC8C, 0x3F0B,
    0xFCFC, 0x4000,
    0x0808, 0x0201,
    0x0E00, 0x0003,
};

/* 09_OceanChangjiang_UW_JN5_Fdsum_LLP_1C30_2976x2232_30fps_3056Mbps		
    Mode :	09_OceanChangjiang_UW_JN5_Fdsum_LLP_1C30	
    Purpose :	Porting	
    PHY	DPHY	
    QPDC	QPDC_Off	
    DBPC	DBPC_Off	
    Qmosaic	QMSC_Off	
    Tail :	On (L/R only)	2976x558
    24	MHz	
    920	MHz	
    3056	Mbps/lane	
    4	lane	
    5984	px	
    4496	px	
    2976	px	
    2232	px	
    30	fps	
    Raw10		
    7216	px	
    4240	px	
    4250	line	
    2018	line	
    15.83	ms	
    Gr	First	
 */
static u16 hhuwide_custom5_setting[] = {
    0xFCFC, 0x4000,
    0x6170, 0xFFFF,
    0x6180, 0x0000,
    0x6190, 0x0000,
    0x6200, 0xFFFF,
    0x6202, 0xFFFF,
    0x6204, 0x0000,
    0x6206, 0x0000,
    0x6208, 0x0000,
    0xA100, 0xFFFF,
    0xA102, 0x0000,
    0xA104, 0x0000,
    0xFCFC, 0x4001,
    0x0100, 0xFFFF,
    0x0102, 0xFFFF,
    0x0104, 0x0000,
    0x0106, 0x0000,
    0x0108, 0x0000,
    0xFCFC, 0x4000,
    0x8100, 0xFFFF,
    0x8104, 0x0000,
    0x8108, 0x0000,
    0x0B30, 0x01FF,
    0xFCFC, 0x2000,
    0x7806, 0x0001,
    0x7808, 0x2408,
    0xFCFC, 0x4000,
    0x0344, 0x0460,
    0x0348, 0x1BBF,
    0x0346, 0x0348,
    0x034A, 0x14D7,
    0x034C, 0x0BA0,
    0x034E, 0x08B8,
    0x0350, 0x0008,
    0x0352, 0x0008,
    0x0340, 0x109A,
    0x0342, 0x1C30,
    0x0136, 0x1800,
    0x013E, 0x0000,
    0x0304, 0x0003,
    0x0306, 0x00E6,
    0x030C, 0x0000,
    0x030E, 0x0003,
    0x0310, 0x00B2,
    0x0312, 0x0000,
    0x031A, 0x0003,
    0x031C, 0x0028,
    0x031E, 0x0002,
    0x0202, 0x0014,
    0x0226, 0x0014,
    0x022C, 0x0014,
    0x0702, 0x0000,
    0x0704, 0x0000,
    0x0114, 0x0301,
    0x0118, 0x0004,
    0x011A, 0x0001,
    0x011C, 0x0100,
    0xFCFC, 0x2000,
    0xB176, 0x0602,
    0xB178, 0x0000,
    0x7996, 0x0101,
    0x7994, 0x2020,
    0xFCFC, 0x4000,
    0x0900, 0x2222,
    0x0380, 0x0002,
    0x0382, 0x0002,
    0x0384, 0x0002,
    0x0386, 0x0002,
    0x040C, 0x0000,
    0x0400, 0x1010,
    0x0408, 0x0100,
    0x040A, 0x0100,
    0xFCFC, 0x2000,
    0xD1F6, 0x3A00,
    0xD20C, 0x0908,
    0xD314, 0x2002,
    0xD27A, 0x0500,
    0xD3F0, 0xB01C,
    0xD410, 0x4802,
    0xD426, 0xD204,
    0xD43C, 0x0140,
    0xD412, 0xD204,
    0xD428, 0xEA0A,
    0xD43E, 0x0140,
    0xFCFC, 0x4000,
    0x0260, 0x0101,
    0x0262, 0x0000,
    0x0264, 0x0306,
    0x0266, 0x0700,
    0x0112, 0x0A0A,
    0x0270, 0x2B2B,
    0x0272, 0x2B10,
    0x0274, 0x302B,
    0xFCFC, 0x2001,
    0x44C6, 0x0000,
    0xFCFC, 0x4000,
    0x0B02, 0x0102,
    0x0720, 0x0001,
    0x0722, 0x0800,
    0x0724, 0x0000,
    0x0728, 0x0000,
    0x072A, 0x0000,
    0x072C, 0x0000,
    0x072E, 0x0000,
    0xFCFC, 0x2001,
    0x3132, 0x0200,
    0xFCFC, 0x4000,
    0x021E, 0x0000,
    0x0228, 0x0100,
    0xFCFC, 0x2001,
    0x31D0, 0x0000,
    0x5A70, 0x0000,
    0xFCFC, 0x2000,
    0xDC94, 0x0103,
    0xEF80, 0x0000,
    0x23F0, 0x0001,
    0xF288, 0x0000,
    0xFCFC, 0x2001,
    0x2A30, 0x01FF,
    0x4270, 0x0000,
    0x29BA, 0x2000,
    0x29A8, 0x0100,
    0xFCFC, 0x4000,
    0x0B04, 0x0001,
    0x0B06, 0x0101,
    0x0B08, 0x0100,
    0x0B0A, 0x0101,
    0x0B0C, 0x0100,
    0xFCFC, 0x2000,
    0xC4E0, 0x0100,
    0xC4F6, 0x0000,
    0xC4E2, 0x0000,
    0xC53C, 0x0500,
    0xC544, 0x0005,
    0xC53E, 0x0000,
    0xB23C, 0x6060,
    0xB242, 0x6060,
    0xC554, 0x0010,
    0xC556, 0x0000,
    0xFCFC, 0x2001,
    0x2920, 0x0100,
    0x31F8, 0x0000,
    0x31FA, 0x0000,
    0xFCFC, 0x2000,
    0xD856, 0x0507,
    0xD6D4, 0x0000,
    0x799A, 0x0000,
    0xD8A2, 0x0100,
    0xFCFC, 0x4000,
    0x020A, 0x0000,
    0xFCFC, 0x2000,
    0x78C0, 0x0101,
    0x22C2, 0x0600,
    0x22C4, 0xFF1F,
    0x22EC, 0x1F00,
    0x2306, 0xFF3F,
    0x2314, 0xFF00,
    0x2354, 0x0300,
    0xFCFC, 0x4000,
    0x0936, 0x0000,
    0x0C40, 0x0000,
    0xFCFC, 0x2000,
    0x68DE, 0x0000,
    0xFCFC, 0x2001,
    0x2540, 0x0200,
    0x25E0, 0x0100,
    0x25E2, 0x0000,
    0xFCFC, 0x2000,
    0xD718, 0x0002,
    0xBF30, 0x0000,
    0xFCFC, 0x2001,
    0x3C42, 0x0000,
    0x3C46, 0xEB05,
    0x3C52, 0x4006,
    0xFCFC, 0x2000,
    0xD326, 0x0110,
    0xD3EC, 0xB01C,
    0xFCFC, 0x2001,
    0x195E, 0x0100,
    0x1966, 0x0000,
    0xFCFC, 0x4000,
    0x0086, 0x1400,
    0xFCFC, 0x2000,
    0xE980, 0x9E04,
    0xC4D8, 0x2000,
    0x795A, 0x2000,
    0x7970, 0x2000,
    0xFCFC, 0x2002,
    0x849E, 0x0000,
    0x84A0, 0x0000,
    0x84A2, 0x0005,
    0xFCFC, 0x2001,
    0x2BB2, 0x1000,
    0x2D32, 0x0010,
    0xFCFC, 0x2000,
    0x703C, 0x0101,
    0x7046, 0x7F02,
    0x7058, 0x8002,
    0x71D4, 0x3F00,
    0x71D6, 0x3D00,
    0x71D8, 0x84F3,
    0x71DA, 0x0040,
    0x7048, 0x1F02,
    0x705A, 0x2002,
    0x7274, 0x0B00,
    0x7276, 0x0B00,
    0x7278, 0x36D2,
    0x727A, 0x0040,
    0x727C, 0x0000,
    0x727E, 0x0000,
    0x7280, 0x0000,
    0x7282, 0x0000,
    0x703E, 0x0100,
    0x704A, 0x000A,
    0x705C, 0x010A,
    0x7314, 0x2E00,
    0x7316, 0x3000,
    0x7318, 0x9EFD,
    0x731A, 0x0040,
    0xBEDC, 0xC526,
    0xBEDE, 0x903E,
    0xBEE0, 0xC00F,
    0xBEE2, 0x0008,
    0xBEE4, 0x0C00,
    0xBEE6, 0x8000,
    0xFCFC, 0x2001,
    0x2A54, 0x0000,
    0x2A56, 0x0400,
    0x2A42, 0x0100,
    0x2A44, 0x3907,
    0x2A46, 0x0000,
    0xFCFC, 0x2000,
    0xD704, 0x0278,
    0x7A0E, 0x0F00,
    0x7A6E, 0x1900,
    0x7A86, 0x1900,
    0x8C9E, 0x3500,
    0x8CCE, 0x9600,
    0x7A10, 0x0F00,
    0x7A70, 0x1900,
    0x7A88, 0x1900,
    0x8CA0, 0x3500,
    0x8CD0, 0x9600,
    0xB224, 0x0103,
    0xB226, 0x0000,
    0xB220, 0x0103,
    0x7A12, 0x0F00,
    0x7A72, 0x1900,
    0x7A8A, 0x1900,
    0x8CA2, 0x7000,
    0x8CD2, 0xBE00,
    0x7EE6, 0x2C00,
    0x7EF2, 0x2C00,
    0x7EFE, 0x6400,
    0x7F0A, 0x5800,
    0x8D0E, 0x0000,
    0x9032, 0x0000,
    0x903E, 0x0000,
    0x7A14, 0x0F00,
    0x7A74, 0x1900,
    0x7A8C, 0x1900,
    0x8CA4, 0x3500,
    0x7F0E, 0x5800,
    0x8CD6, 0x9600,
    0x7BDA, 0x4C00,
    0xD49C, 0x2100,
    0xD4D0, 0x0A00,
    0xD4A8, 0x0000,
    0xD4D6, 0x1A00,
    0xD4E2, 0x3200,
    0xD4BC, 0x3F00,
    0xD4B0, 0x6002,
    0xD4C8, 0x0100,
    0xD624, 0x0000,
    0xD62E, 0x0000,
    0xD638, 0x0000,
    0xD4EA, 0x0100,
    0xD554, 0xC400,
    0xD556, 0xFA00,
    0xD560, 0x5203,
    0xD562, 0x8803,
    0xD4DA, 0x0000,
    0xD4E6, 0x0100,
    0xD4C0, 0x1400,
    0xD4B4, 0x0100,
    0xD4CC, 0x0000,
    0xD5BC, 0x0000,
    0xD5BE, 0x0000,
    0xD5C8, 0x0000,
    0xD5CA, 0x0000,
    0xD4D2, 0x0000,
    0xD4DE, 0x0100,
    0xD4B8, 0x1400,
    0xD4AC, 0x0100,
    0xD4C4, 0x0000,
    0xD4EC, 0x0000,
    0xD4EE, 0x0000,
    0xD4F8, 0x0000,
    0xD4FA, 0x0000,
    0xBF78, 0x5333,
    0xD896, 0x0000,
    0xFCFC, 0x2001,
    0x1C24, 0x0002,
    0x1C26, 0x8001,
    0x1C28, 0x8004,
    0x1C2A, 0x2010,
    0x1C2C, 0x2010,
    0x1C2E, 0x0005,
    0x1C30, 0x00A0,
    0x1C32, 0x2810,
    0x1C34, 0x2810,
    0x1C4E, 0x8001,
    0x1C50, 0x8004,
    0x1C52, 0x0010,
    0x1C54, 0x0010,
    0x1C56, 0x0005,
    0x1C58, 0x00A0,
    0x1C5A, 0x2810,
    0x1C5C, 0x2810,
    0x1C5E, 0x0000,
    0x1C60, 0x0000,
    0x1C62, 0x0000,
    0x1C64, 0x0000,
    0x1C66, 0x0000,
    0x1C68, 0x0000,
    0x1C6A, 0x0000,
    0x1C6C, 0x0000,
    0x1C76, 0x8001,
    0x1C78, 0x8004,
    0x1C7A, 0x2010,
    0x1C7C, 0x2010,
    0x1C7E, 0x0005,
    0x1C80, 0x00A0,
    0x1C82, 0x2810,
    0x1C84, 0x2810,
    0x1C86, 0x0000,
    0x1C88, 0x0000,
    0x1C8A, 0x0000,
    0x1C8C, 0x0000,
    0x1C8E, 0x0000,
    0x1C90, 0x0000,
    0x1C92, 0x0000,
    0x1C94, 0x0000,
    0x1C9E, 0x8001,
    0x1CA0, 0x8004,
    0x1CA2, 0x2010,
    0x1CA4, 0x2010,
    0x1CA6, 0x0005,
    0x1CA8, 0x00A0,
    0x1CAA, 0x2810,
    0x1CAC, 0x2810,
    0x1CC6, 0x8001,
    0x1CC8, 0x8004,
    0x1CCA, 0x2010,
    0x1CCC, 0x2010,
    0x1CCE, 0x0005,
    0x1CD0, 0x00A0,
    0x1CD2, 0x2810,
    0x1CD4, 0x2810,
    0x1CEE, 0x8001,
    0x1CF0, 0x8004,
    0x1CF2, 0x0010,
    0x1CF4, 0x0010,
    0x1CF6, 0x0005,
    0x1CF8, 0x00A0,
    0x1CFA, 0x2810,
    0x1CFC, 0x2810,
    0x1CFE, 0x0000,
    0x1D00, 0x0000,
    0x1D02, 0x0000,
    0x1D04, 0x0000,
    0x1D06, 0x0000,
    0x1D08, 0x0000,
    0x1D0A, 0x0000,
    0x1D0C, 0x0000,
    0x1D16, 0x8001,
    0x1D18, 0x8004,
    0x1D1A, 0x2010,
    0x1D1C, 0x2010,
    0x1D1E, 0x0005,
    0x1D20, 0x00A0,
    0x1D22, 0x2810,
    0x1D24, 0x2810,
    0x1D26, 0x0000,
    0x1D28, 0x0000,
    0x1D2A, 0x0000,
    0x1D2C, 0x0000,
    0x1D2E, 0x0000,
    0x1D30, 0x0000,
    0x1D32, 0x0000,
    0x1D34, 0x0000,
    0x1D3E, 0x8001,
    0x1D40, 0x8004,
    0x1D42, 0x2010,
    0x1D44, 0x2010,
    0x1D46, 0x0005,
    0x1D48, 0x00A0,
    0x1D4A, 0x2810,
    0x1D4C, 0x2810,
    0xFCFC, 0x2000,
    0xB21E, 0x0000,
    0xB222, 0xC000,
    0xB20C, 0x2E00,
    0xB21A, 0x0402,
    0xB378, 0x0100,
    0xDD70, 0x0000,
    0xDE38, 0x0000,
    0xFCFC, 0x2002,
    0xA574, 0x0155,
    0xA59C, 0xA2FD,
    0xA59E, 0xFEFE,
    0xA576, 0x4000,
    0xA588, 0x0E00,
    0xA578, 0x8000,
    0xA58A, 0x2000,
    0xA57A, 0xA000,
    0xA58C, 0x2800,
    0xA57C, 0x4001,
    0xA58E, 0x1400,
    0xA57E, 0x8002,
    0xA590, 0x2200,
    0xA580, 0x0005,
    0xA592, 0x2800,
    0xA582, 0x000A,
    0xA594, 0x2C00,
    0xA584, 0xA00F,
    0xA596, 0x2E00,
    0xA586, 0x4011,
    0xA598, 0x3200,
    0xA59A, 0x3500,
    0xA548, 0x00EA,
    0xA570, 0x0000,
    0xA54A, 0x0000,
    0xA54C, 0x0000,
    0xA54E, 0x0000,
    0xA550, 0x0000,
    0xA552, 0x0000,
    0xA554, 0x0000,
    0xA556, 0x0000,
    0xA55C, 0x0000,
    0xA55E, 0x0000,
    0xA560, 0x0000,
    0xA562, 0x0000,
    0xA564, 0x0000,
    0xA566, 0x0000,
    0xA568, 0x0000,
    0xA56A, 0x0000,
    0xFCFC, 0x2001,
    0x1D96, 0x0000,
    0x1D98, 0x0000,
    0x1DA6, 0x0000,
    0x1DA8, 0x0000,
    0x1D72, 0x0000,
    0x1D74, 0x0000,
    0x1D82, 0x0000,
    0x1D84, 0x0000,
    0x1D92, 0x0000,
    0x1D94, 0x0000,
    0x1DA2, 0x0000,
    0x1DA4, 0x0000,
    0x1D76, 0x0000,
    0x1D78, 0x0000,
    0x1D86, 0x0000,
    0x1D88, 0x0000,
    0x1E16, 0x0600,
    0x1E18, 0x0600,
    0x1E26, 0x0600,
    0x1E28, 0x0600,
    0x1DF2, 0x0000,
    0x1DF4, 0x0000,
    0x1E02, 0x0000,
    0x1E04, 0x0000,
    0x1E12, 0x0600,
    0x1E14, 0x0600,
    0x1E22, 0x0600,
    0x1E24, 0x0600,
    0x1DF6, 0x0000,
    0x1DF8, 0x0000,
    0x1E06, 0x0000,
    0x1E08, 0x0000,
    0xFCFC, 0x2000,
    0x82BA, 0x3300,
    0x82A2, 0x1400,
    0xFCFC, 0x2001,
    0x427C, 0x2000,
    0x4280, 0x1000,
    0x4362, 0x0100,
    0x43AA, 0x0000,
    0x43AC, 0x0000,
    0x43C6, 0x0114,
    0x43B4, 0x0000,
    0x43B6, 0x0000,
    0x4396, 0x0B00,
    0x4398, 0x0B00,
    0x437E, 0xE400,
    0xFCFC, 0x2000,
    0xB322, 0x0101,
    0xB324, 0x0100,
    0xB330, 0x2828,
    0xB34A, 0x2828,
    0xB360, 0x2828,
    0xFCFC, 0x2001,
    0x4292, 0x0000,
    0x4364, 0x0000,
    0x4366, 0x0000,
    0x4370, 0x0000,
    0x4290, 0x0100,
    0xFCFC, 0x2002,
    0x84C4, 0x012D,
    0x84A4, 0x0000,
    0xFCFC, 0x2000,
    0xD684, 0x80F3,
    0xB268, 0x80F3,
    0xF09A, 0x00FF,
    0xF2E0, 0x0000,
    0xF372, 0x0000,
    0xF0AA, 0xFFFF,
    0xF0AC, 0xFFFF,
    0xF2EA, 0x4000,
    0xDADA, 0x0001,
    0xDB3C, 0xD2FD,
    0xDADC, 0x0000,
    0xDB0C, 0x1F1F,
    0xDB3E, 0x12D2,
    0xDADE, 0x0000,
    0xDB0E, 0x0080,
    0xDB40, 0x12D2,
    0xDAE0, 0xA000,
    0xDB10, 0x0040,
    0xDB42, 0x12D2,
    0xDAE2, 0x0001,
    0xDB12, 0x0020,
    0xDB44, 0x12D2,
    0xDAE4, 0x0005,
    0xDB14, 0x0040,
    0xDB46, 0x12D2,
    0xDAE6, 0x4011,
    0xDB16, 0x0060,
    0xDBCC, 0x0000,
    0xDB6C, 0x0000,
    0xDB9C, 0x0000,
    0xDBCE, 0x0000,
    0xDB6E, 0x0000,
    0xDB9E, 0x0000,
    0xDBD0, 0x0000,
    0xDB70, 0x0000,
    0xDBA0, 0x0000,
    0xDBD2, 0x0000,
    0xDB72, 0x0000,
    0xDBA2, 0x0000,
    0xDBD4, 0x0000,
    0xDB74, 0x0000,
    0xDBA4, 0x0000,
    0xDBD6, 0x0000,
    0xDB76, 0x0000,
    0xDBA6, 0x0000,
    0xF370, 0x0203,
    0xF3E4, 0x0301,
    0xF3F4, 0x2805,
    0xF3F6, 0xD610,
    0xF014, 0x0700,
    0xB270, 0x8708,
    0xB266, 0xC004,
    0xD682, 0xC004,
    0xBF16, 0x0BAA,
    0xF698, 0x0100,
    0xDC8C, 0x3F0B,
    0xFCFC, 0x4000,
    0x0808, 0x0201,
    0x0E00, 0x0003,
};

/* 09_OceanChangjiang_UW_JN5_Fdsum_LLP_14F0_2976x2232_30fps_3056Mbps		
    Mode :	09_OceanChangjiang_UW_JN5_Fdsum_LLP_14F0	
    Purpose :	Porting	
    PHY	DPHY	
    QPDC	QPDC_Off	
    DBPC	DBPC_Off	
    Qmosaic	QMSC_Off	
    Tail :	On (L/R only)	2976x558
    24	MHz	
    920	MHz	
    3056	Mbps/lane	
    4	lane	
    5984	px	
    4496	px	
    2976	px	
    2232	px	
    30	fps	
    Raw10		
    5360	px	
    2384	px	
    5722	line	
    3490	line	
    20.33	ms	
    Gr	First	
*/
static u16 hhuwide_custom6_setting[] = {
    0xFCFC, 0x4000,
    0x6170, 0xFFFF,
    0x6180, 0x0000,
    0x6190, 0x0000,
    0x6200, 0xFFFF,
    0x6202, 0xFFFF,
    0x6204, 0x0000,
    0x6206, 0x0000,
    0x6208, 0x0000,
    0xA100, 0xFFFF,
    0xA102, 0x0000,
    0xA104, 0x0000,
    0xFCFC, 0x4001,
    0x0100, 0xFFFF,
    0x0102, 0xFFFF,
    0x0104, 0x0000,
    0x0106, 0x0000,
    0x0108, 0x0000,
    0xFCFC, 0x4000,
    0x8100, 0xFFFF,
    0x8104, 0x0000,
    0x8108, 0x0000,
    0x0B30, 0x01FF,
    0xFCFC, 0x2000,
    0x7806, 0x0001,
    0x7808, 0x2408,
    0xFCFC, 0x4000,
    0x0344, 0x0460,
    0x0348, 0x1BBF,
    0x0346, 0x0348,
    0x034A, 0x14D7,
    0x034C, 0x0BA0,
    0x034E, 0x08B8,
    0x0350, 0x0008,
    0x0352, 0x0008,
    0x0340, 0x165A,
    0x0342, 0x14F0,
    0x0136, 0x1800,
    0x013E, 0x0000,
    0x0304, 0x0003,
    0x0306, 0x00E6,
    0x030C, 0x0000,
    0x030E, 0x0003,
    0x0310, 0x00B2,
    0x0312, 0x0000,
    0x031A, 0x0003,
    0x031C, 0x0028,
    0x031E, 0x0002,
    0x0202, 0x0014,
    0x0226, 0x0014,
    0x022C, 0x0014,
    0x0702, 0x0000,
    0x0704, 0x0000,
    0x0114, 0x0301,
    0x0118, 0x0004,
    0x011A, 0x0001,
    0x011C, 0x0100,
    0xFCFC, 0x2000,
    0xB176, 0x0602,
    0xB178, 0x0000,
    0x7996, 0x0101,
    0x7994, 0x2020,
    0xFCFC, 0x4000,
    0x0900, 0x2222,
    0x0380, 0x0002,
    0x0382, 0x0002,
    0x0384, 0x0002,
    0x0386, 0x0002,
    0x040C, 0x0000,
    0x0400, 0x1010,
    0x0408, 0x0100,
    0x040A, 0x0100,
    0xFCFC, 0x2000,
    0xD1F6, 0x3A00,
    0xD20C, 0x0908,
    0xD314, 0x2002,
    0xD27A, 0x0500,
    0xD3F0, 0xB01C,
    0xD410, 0x4802,
    0xD426, 0xD204,
    0xD43C, 0x0140,
    0xD412, 0xD204,
    0xD428, 0xEA0A,
    0xD43E, 0x0140,
    0xFCFC, 0x4000,
    0x0260, 0x0101,
    0x0262, 0x0000,
    0x0264, 0x0306,
    0x0266, 0x0700,
    0x0112, 0x0A0A,
    0x0270, 0x2B2B,
    0x0272, 0x2B10,
    0x0274, 0x302B,
    0xFCFC, 0x2001,
    0x44C6, 0x0000,
    0xFCFC, 0x4000,
    0x0B02, 0x0102,
    0x0720, 0x0001,
    0x0722, 0x0800,
    0x0724, 0x0000,
    0x0728, 0x0000,
    0x072A, 0x0000,
    0x072C, 0x0000,
    0x072E, 0x0000,
    0xFCFC, 0x2001,
    0x3132, 0x0200,
    0xFCFC, 0x4000,
    0x021E, 0x0000,
    0x0228, 0x0100,
    0xFCFC, 0x2001,
    0x31D0, 0x0000,
    0x5A70, 0x0000,
    0xFCFC, 0x2000,
    0xDC94, 0x0103,
    0xEF80, 0x0000,
    0x23F0, 0x0001,
    0xF288, 0x0000,
    0xFCFC, 0x2001,
    0x2A30, 0x01FF,
    0x4270, 0x0000,
    0x29BA, 0x2000,
    0x29A8, 0x0100,
    0xFCFC, 0x4000,
    0x0B04, 0x0001,
    0x0B06, 0x0101,
    0x0B08, 0x0100,
    0x0B0A, 0x0101,
    0x0B0C, 0x0100,
    0xFCFC, 0x2000,
    0xC4E0, 0x0100,
    0xC4F6, 0x0000,
    0xC4E2, 0x0000,
    0xC53C, 0x0500,
    0xC544, 0x0005,
    0xC53E, 0x0000,
    0xB23C, 0x6060,
    0xB242, 0x6060,
    0xC554, 0x0010,
    0xC556, 0x0000,
    0xFCFC, 0x2001,
    0x2920, 0x0100,
    0x31F8, 0x0000,
    0x31FA, 0x0000,
    0xFCFC, 0x2000,
    0xD856, 0x0507,
    0xD6D4, 0x0000,
    0x799A, 0x0000,
    0xD8A2, 0x0100,
    0xFCFC, 0x4000,
    0x020A, 0x0000,
    0xFCFC, 0x2000,
    0x78C0, 0x0101,
    0x22C2, 0x0600,
    0x22C4, 0xFF1F,
    0x22EC, 0x1F00,
    0x2306, 0xFF3F,
    0x2314, 0xFF00,
    0x2354, 0x0300,
    0xFCFC, 0x4000,
    0x0936, 0x0000,
    0x0C40, 0x0000,
    0xFCFC, 0x2000,
    0x68DE, 0x0000,
    0xFCFC, 0x2001,
    0x2540, 0x0200,
    0x25E0, 0x0100,
    0x25E2, 0x0000,
    0xFCFC, 0x2000,
    0xD718, 0x0002,
    0xBF30, 0x0000,
    0xFCFC, 0x2001,
    0x3C42, 0x0000,
    0x3C46, 0xEB05,
    0x3C52, 0x4006,
    0xFCFC, 0x2000,
    0xD326, 0x0110,
    0xD3EC, 0xB01C,
    0xFCFC, 0x2001,
    0x195E, 0x0100,
    0x1966, 0x0000,
    0xFCFC, 0x4000,
    0x0086, 0x1400,
    0xFCFC, 0x2000,
    0xE980, 0x9E04,
    0xC4D8, 0x2000,
    0x795A, 0x2000,
    0x7970, 0x2000,
    0xFCFC, 0x2002,
    0x849E, 0x0000,
    0x84A0, 0x0000,
    0x84A2, 0x0005,
    0xFCFC, 0x2001,
    0x2BB2, 0x1000,
    0x2D32, 0x0010,
    0xFCFC, 0x2000,
    0x703C, 0x0101,
    0x7046, 0x7F02,
    0x7058, 0x8002,
    0x71D4, 0x3F00,
    0x71D6, 0x3D00,
    0x71D8, 0x84F3,
    0x71DA, 0x0040,
    0x7048, 0x1F02,
    0x705A, 0x2002,
    0x7274, 0x0B00,
    0x7276, 0x0B00,
    0x7278, 0x36D2,
    0x727A, 0x0040,
    0x727C, 0x0000,
    0x727E, 0x0000,
    0x7280, 0x0000,
    0x7282, 0x0000,
    0x703E, 0x0100,
    0x704A, 0x000A,
    0x705C, 0x010A,
    0x7314, 0x2E00,
    0x7316, 0x3000,
    0x7318, 0x9EFD,
    0x731A, 0x0040,
    0xBEDC, 0xC526,
    0xBEDE, 0x903E,
    0xBEE0, 0xC00F,
    0xBEE2, 0x0008,
    0xBEE4, 0x0C00,
    0xBEE6, 0x8000,
    0xFCFC, 0x2001,
    0x2A54, 0x0000,
    0x2A56, 0x0400,
    0x2A42, 0x0100,
    0x2A44, 0x3907,
    0x2A46, 0x0000,
    0xFCFC, 0x2000,
    0xD704, 0x0278,
    0x7A0E, 0x0F00,
    0x7A6E, 0x1900,
    0x7A86, 0x1900,
    0x8C9E, 0x3500,
    0x8CCE, 0x9600,
    0x7A10, 0x0F00,
    0x7A70, 0x1900,
    0x7A88, 0x1900,
    0x8CA0, 0x3500,
    0x8CD0, 0x9600,
    0xB224, 0x0103,
    0xB226, 0x0000,
    0xB220, 0x0103,
    0x7A12, 0x0F00,
    0x7A72, 0x1900,
    0x7A8A, 0x1900,
    0x8CA2, 0x7000,
    0x8CD2, 0xBE00,
    0x7EE6, 0x2C00,
    0x7EF2, 0x2C00,
    0x7EFE, 0x6400,
    0x7F0A, 0x5800,
    0x8D0E, 0x0000,
    0x9032, 0x0000,
    0x903E, 0x0000,
    0x7A14, 0x0F00,
    0x7A74, 0x1900,
    0x7A8C, 0x1900,
    0x8CA4, 0x3500,
    0x7F0E, 0x5800,
    0x8CD6, 0x9600,
    0x7BDA, 0x4C00,
    0xD49C, 0x2100,
    0xD4D0, 0x0A00,
    0xD4A8, 0x0000,
    0xD4D6, 0x1A00,
    0xD4E2, 0x3200,
    0xD4BC, 0x3F00,
    0xD4B0, 0x0801,
    0xD4C8, 0x0100,
    0xD624, 0x0000,
    0xD62E, 0x0000,
    0xD638, 0x0000,
    0xD4EA, 0x0100,
    0xD554, 0xC400,
    0xD556, 0xFA00,
    0xD560, 0x5203,
    0xD562, 0x8803,
    0xD4DA, 0x0000,
    0xD4E6, 0x0100,
    0xD4C0, 0x1400,
    0xD4B4, 0x0100,
    0xD4CC, 0x0000,
    0xD5BC, 0x0000,
    0xD5BE, 0x0000,
    0xD5C8, 0x0000,
    0xD5CA, 0x0000,
    0xD4D2, 0x0000,
    0xD4DE, 0x0100,
    0xD4B8, 0x1400,
    0xD4AC, 0x0100,
    0xD4C4, 0x0000,
    0xD4EC, 0x0000,
    0xD4EE, 0x0000,
    0xD4F8, 0x0000,
    0xD4FA, 0x0000,
    0xBF78, 0x5333,
    0xD896, 0x0000,
    0xFCFC, 0x2001,
    0x1C24, 0x0002,
    0x1C26, 0x8001,
    0x1C28, 0x8004,
    0x1C2A, 0x2010,
    0x1C2C, 0x2010,
    0x1C2E, 0x0005,
    0x1C30, 0x00A0,
    0x1C32, 0x2810,
    0x1C34, 0x2810,
    0x1C4E, 0x8001,
    0x1C50, 0x8004,
    0x1C52, 0x0010,
    0x1C54, 0x0010,
    0x1C56, 0x0005,
    0x1C58, 0x00A0,
    0x1C5A, 0x2810,
    0x1C5C, 0x2810,
    0x1C5E, 0x0000,
    0x1C60, 0x0000,
    0x1C62, 0x0000,
    0x1C64, 0x0000,
    0x1C66, 0x0000,
    0x1C68, 0x0000,
    0x1C6A, 0x0000,
    0x1C6C, 0x0000,
    0x1C76, 0x8001,
    0x1C78, 0x8004,
    0x1C7A, 0x2010,
    0x1C7C, 0x2010,
    0x1C7E, 0x0005,
    0x1C80, 0x00A0,
    0x1C82, 0x2810,
    0x1C84, 0x2810,
    0x1C86, 0x0000,
    0x1C88, 0x0000,
    0x1C8A, 0x0000,
    0x1C8C, 0x0000,
    0x1C8E, 0x0000,
    0x1C90, 0x0000,
    0x1C92, 0x0000,
    0x1C94, 0x0000,
    0x1C9E, 0x8001,
    0x1CA0, 0x8004,
    0x1CA2, 0x2010,
    0x1CA4, 0x2010,
    0x1CA6, 0x0005,
    0x1CA8, 0x00A0,
    0x1CAA, 0x2810,
    0x1CAC, 0x2810,
    0x1CC6, 0x8001,
    0x1CC8, 0x8004,
    0x1CCA, 0x2010,
    0x1CCC, 0x2010,
    0x1CCE, 0x0005,
    0x1CD0, 0x00A0,
    0x1CD2, 0x2810,
    0x1CD4, 0x2810,
    0x1CEE, 0x8001,
    0x1CF0, 0x8004,
    0x1CF2, 0x0010,
    0x1CF4, 0x0010,
    0x1CF6, 0x0005,
    0x1CF8, 0x00A0,
    0x1CFA, 0x2810,
    0x1CFC, 0x2810,
    0x1CFE, 0x0000,
    0x1D00, 0x0000,
    0x1D02, 0x0000,
    0x1D04, 0x0000,
    0x1D06, 0x0000,
    0x1D08, 0x0000,
    0x1D0A, 0x0000,
    0x1D0C, 0x0000,
    0x1D16, 0x8001,
    0x1D18, 0x8004,
    0x1D1A, 0x2010,
    0x1D1C, 0x2010,
    0x1D1E, 0x0005,
    0x1D20, 0x00A0,
    0x1D22, 0x2810,
    0x1D24, 0x2810,
    0x1D26, 0x0000,
    0x1D28, 0x0000,
    0x1D2A, 0x0000,
    0x1D2C, 0x0000,
    0x1D2E, 0x0000,
    0x1D30, 0x0000,
    0x1D32, 0x0000,
    0x1D34, 0x0000,
    0x1D3E, 0x8001,
    0x1D40, 0x8004,
    0x1D42, 0x2010,
    0x1D44, 0x2010,
    0x1D46, 0x0005,
    0x1D48, 0x00A0,
    0x1D4A, 0x2810,
    0x1D4C, 0x2810,
    0xFCFC, 0x2000,
    0xB21E, 0x0000,
    0xB222, 0xC000,
    0xB20C, 0x2E00,
    0xB21A, 0x0402,
    0xB378, 0x0100,
    0xDD70, 0x0000,
    0xDE38, 0x0000,
    0xFCFC, 0x2002,
    0xA574, 0x0155,
    0xA59C, 0xA2FD,
    0xA59E, 0xFEFE,
    0xA576, 0x4000,
    0xA588, 0x0E00,
    0xA578, 0x8000,
    0xA58A, 0x2000,
    0xA57A, 0xA000,
    0xA58C, 0x2800,
    0xA57C, 0x4001,
    0xA58E, 0x1400,
    0xA57E, 0x8002,
    0xA590, 0x2200,
    0xA580, 0x0005,
    0xA592, 0x2800,
    0xA582, 0x000A,
    0xA594, 0x2C00,
    0xA584, 0xA00F,
    0xA596, 0x2E00,
    0xA586, 0x4011,
    0xA598, 0x3200,
    0xA59A, 0x3500,
    0xA548, 0x00EA,
    0xA570, 0x0000,
    0xA54A, 0x0000,
    0xA54C, 0x0000,
    0xA54E, 0x0000,
    0xA550, 0x0000,
    0xA552, 0x0000,
    0xA554, 0x0000,
    0xA556, 0x0000,
    0xA55C, 0x0000,
    0xA55E, 0x0000,
    0xA560, 0x0000,
    0xA562, 0x0000,
    0xA564, 0x0000,
    0xA566, 0x0000,
    0xA568, 0x0000,
    0xA56A, 0x0000,
    0xFCFC, 0x2001,
    0x1D96, 0x0000,
    0x1D98, 0x0000,
    0x1DA6, 0x0000,
    0x1DA8, 0x0000,
    0x1D72, 0x0000,
    0x1D74, 0x0000,
    0x1D82, 0x0000,
    0x1D84, 0x0000,
    0x1D92, 0x0000,
    0x1D94, 0x0000,
    0x1DA2, 0x0000,
    0x1DA4, 0x0000,
    0x1D76, 0x0000,
    0x1D78, 0x0000,
    0x1D86, 0x0000,
    0x1D88, 0x0000,
    0x1E16, 0x0B00,
    0x1E18, 0x0B00,
    0x1E26, 0x0B00,
    0x1E28, 0x0B00,
    0x1DF2, 0x0500,
    0x1DF4, 0x0500,
    0x1E02, 0x0500,
    0x1E04, 0x0500,
    0x1E12, 0x0B00,
    0x1E14, 0x0B00,
    0x1E22, 0x0B00,
    0x1E24, 0x0B00,
    0x1DF6, 0x0500,
    0x1DF8, 0x0500,
    0x1E06, 0x0500,
    0x1E08, 0x0500,
    0xFCFC, 0x2000,
    0x82BA, 0x3300,
    0x82A2, 0x1400,
    0xFCFC, 0x2001,
    0x427C, 0x2000,
    0x4280, 0x1000,
    0x4362, 0x0100,
    0x43AA, 0x0000,
    0x43AC, 0x0000,
    0x43C6, 0x0114,
    0x43B4, 0x0000,
    0x43B6, 0x0000,
    0x4396, 0x0B00,
    0x4398, 0x0B00,
    0x437E, 0xE400,
    0xFCFC, 0x2000,
    0xB322, 0x0101,
    0xB324, 0x0100,
    0xB330, 0x2828,
    0xB34A, 0x2828,
    0xB360, 0x2828,
    0xFCFC, 0x2001,
    0x4292, 0x0000,
    0x4364, 0x0000,
    0x4366, 0x0000,
    0x4370, 0x0000,
    0x4290, 0x0100,
    0xFCFC, 0x2002,
    0x84C4, 0x012D,
    0x84A4, 0x0000,
    0xFCFC, 0x2000,
    0xD684, 0x80F3,
    0xB268, 0x80F3,
    0xF09A, 0x00FF,
    0xF2E0, 0x0000,
    0xF372, 0x0000,
    0xF0AA, 0xFFFF,
    0xF0AC, 0xFFFF,
    0xF2EA, 0x4000,
    0xDADA, 0x0001,
    0xDB3C, 0xD2FD,
    0xDADC, 0x0000,
    0xDB0C, 0x1F1F,
    0xDB3E, 0x12D2,
    0xDADE, 0x0000,
    0xDB0E, 0x0080,
    0xDB40, 0x12D2,
    0xDAE0, 0xA000,
    0xDB10, 0x0040,
    0xDB42, 0x12D2,
    0xDAE2, 0x0001,
    0xDB12, 0x0020,
    0xDB44, 0x12D2,
    0xDAE4, 0x0005,
    0xDB14, 0x0040,
    0xDB46, 0x12D2,
    0xDAE6, 0x4011,
    0xDB16, 0x0060,
    0xDBCC, 0x0000,
    0xDB6C, 0x0000,
    0xDB9C, 0x0000,
    0xDBCE, 0x0000,
    0xDB6E, 0x0000,
    0xDB9E, 0x0000,
    0xDBD0, 0x0000,
    0xDB70, 0x0000,
    0xDBA0, 0x0000,
    0xDBD2, 0x0000,
    0xDB72, 0x0000,
    0xDBA2, 0x0000,
    0xDBD4, 0x0000,
    0xDB74, 0x0000,
    0xDBA4, 0x0000,
    0xDBD6, 0x0000,
    0xDB76, 0x0000,
    0xDBA6, 0x0000,
    0xF370, 0x0203,
    0xF3E4, 0x0301,
    0xF3F4, 0x2805,
    0xF3F6, 0xD610,
    0xF014, 0x0700,
    0xB270, 0x8708,
    0xB266, 0xC004,
    0xD682, 0xC004,
    0xBF16, 0x0BAA,
    0xF698, 0x0100,
    0xDC8C, 0x3F0B,
    0xFCFC, 0x4000,
    0x0808, 0x0201,
    0x0E00, 0x0003,
};

/* 07_OceanChangjiang_UW_JN5_Fdsum_DSG_split_4096x2304_30fps_3056Mbps		
    Mode :	07_OceanChangjiang_UW_JN5_Fdsum_DSG_split	
    Purpose :	Porting	
    PHY	DPHY	
    QPDC	QPDC_Off	
    DBPC	DBPC_Off	
    Qmosaic	QMSC_Off	
    Tail :	On (L/R only)	4096x576
    24	MHz	
    920	MHz	
    3056	Mbps/lane	
    4	lane	
    8224	px	
    4640	px	
    4096	px	
    2304	px	
    30.01	fps	
    Raw10		
    9568	px	
    5472	px	
    3204	line	
    900	line	
    9.36	ms	
    Gr	First	
 */
static u16 hhuwide_custom7_setting[] = {
    0xFCFC, 0x4000,
    0x6170, 0xFFFF,
    0x6180, 0x0000,
    0x6190, 0x0000,
    0x6200, 0xFFFF,
    0x6202, 0xFFFF,
    0x6204, 0x0000,
    0x6206, 0x0000,
    0x6208, 0x0000,
    0xA100, 0xFFFF,
    0xA102, 0x0000,
    0xA104, 0x0000,
    0xFCFC, 0x4001,
    0x0100, 0xFFFF,
    0x0102, 0xFFFF,
    0x0104, 0x0000,
    0x0106, 0x0000,
    0x0108, 0x0000,
    0xFCFC, 0x4000,
    0x8100, 0xFFFF,
    0x8104, 0x0000,
    0x8108, 0x0000,
    0x0B30, 0x01FF,
    0xFCFC, 0x2000,
    0x7806, 0x0101,
    0x7808, 0x3F0C,
    0xFCFC, 0x4000,
    0x0344, 0x0000,
    0x0348, 0x201F,
    0x0346, 0x0300,
    0x034A, 0x151F,
    0x034C, 0x1000,
    0x034E, 0x0900,
    0x0350, 0x0008,
    0x0352, 0x0008,
    0x0340, 0x0C84,
    0x0342, 0x2560,
    0x0136, 0x1800,
    0x013E, 0x0000,
    0x0304, 0x0003,
    0x0306, 0x00E6,
    0x030C, 0x0000,
    0x030E, 0x0003,
    0x0310, 0x00B2,
    0x0312, 0x0000,
    0x031A, 0x0003,
    0x031C, 0x0028,
    0x031E, 0x0002,
    0x0202, 0x0014,
    0x0226, 0x0014,
    0x022C, 0x0014,
    0x0702, 0x0000,
    0x0704, 0x0000,
    0x0114, 0x0301,
    0x0118, 0x0004,
    0x011A, 0x0001,
    0x011C, 0x0100,
    0xFCFC, 0x2000,
    0xB176, 0x0602,
    0xB178, 0x0000,
    0x7996, 0x0100,
    0x7994, 0x2020,
    0xFCFC, 0x4000,
    0x0900, 0x2222,
    0x0380, 0x0002,
    0x0382, 0x0002,
    0x0384, 0x0002,
    0x0386, 0x0002,
    0x040C, 0x0000,
    0x0400, 0x1010,
    0x0408, 0x0100,
    0x040A, 0x0100,
    0xFCFC, 0x2000,
    0xD1F6, 0x3A00,
    0xD20C, 0x0908,
    0xD314, 0x2002,
    0xD27A, 0x0500,
    0xD3F0, 0xB01C,
    0xD410, 0x4802,
    0xD426, 0xD204,
    0xD43C, 0x0140,
    0xD412, 0xD204,
    0xD428, 0xEA0A,
    0xD43E, 0x0140,
    0xFCFC, 0x4000,
    0x0260, 0x0102,
    0x0262, 0x0000,
    0x0264, 0x0306,
    0x0266, 0x0700,
    0x0112, 0x0A0A,
    0x0270, 0x2B2B,
    0x0272, 0x2B10,
    0x0274, 0x302B,
    0xFCFC, 0x2001,
    0x44C6, 0x0000,
    0xFCFC, 0x4000,
    0x0B02, 0x0102,
    0x0720, 0x0001,
    0x0722, 0x2000,
    0x0724, 0x0000,
    0x0728, 0x0000,
    0x072A, 0x0000,
    0x072C, 0x0000,
    0x072E, 0x0000,
    0xFCFC, 0x2001,
    0x3132, 0x0200,
    0xFCFC, 0x4000,
    0x021E, 0x0600,
    0x0228, 0x0100,
    0xFCFC, 0x2001,
    0x31D0, 0x0000,
    0x5A70, 0x0100,
    0xFCFC, 0x2000,
    0xDC94, 0x0103,
    0xEF80, 0x0000,
    0x23F0, 0x0001,
    0xF288, 0x0000,
    0xFCFC, 0x2001,
    0x2A30, 0x01FF,
    0x4270, 0x0000,
    0x29BA, 0x2000,
    0x29A8, 0x0100,
    0xFCFC, 0x4000,
    0x0B04, 0x0001,
    0x0B06, 0x0101,
    0x0B08, 0x0100,
    0x0B0A, 0x0101,
    0x0B0C, 0x0100,
    0xFCFC, 0x2000,
    0xC4E0, 0x0100,
    0xC4F6, 0x0000,
    0xC4E2, 0x0000,
    0xC53C, 0x0500,
    0xC544, 0x0005,
    0xC53E, 0x0000,
    0xB23C, 0x6060,
    0xB242, 0x6060,
    0xC554, 0x0010,
    0xC556, 0x0000,
    0xFCFC, 0x2001,
    0x2920, 0x0100,
    0x31F8, 0x0000,
    0x31FA, 0x0000,
    0xFCFC, 0x2000,
    0xD856, 0x0507,
    0xD6D4, 0x0000,
    0x799A, 0x0000,
    0xD8A2, 0x0100,
    0xFCFC, 0x4000,
    0x020A, 0x0000,
    0xFCFC, 0x2000,
    0x78C0, 0x0101,
    0x22C2, 0x0600,
    0x22C4, 0xFF1F,
    0x22EC, 0x1F00,
    0x2306, 0xFF3F,
    0x2314, 0xFF00,
    0x2354, 0x0300,
    0xFCFC, 0x4000,
    0x0936, 0x0000,
    0x0C40, 0x0000,
    0xFCFC, 0x2000,
    0x68DE, 0x0000,
    0xFCFC, 0x2001,
    0x2540, 0x0200,
    0x25E0, 0x0100,
    0x25E2, 0x0000,
    0xFCFC, 0x2000,
    0xD718, 0x0002,
    0xBF30, 0x0000,
    0xFCFC, 0x2001,
    0x3C42, 0x0000,
    0x3C46, 0xEB05,
    0x3C52, 0x4006,
    0xFCFC, 0x2000,
    0xD326, 0x0110,
    0xD3EC, 0xB01C,
    0xFCFC, 0x2001,
    0x195E, 0x0101,
    0x1966, 0x0200,
    0xFCFC, 0x4000,
    0x0086, 0x0280,
    0xFCFC, 0x2000,
    0xE980, 0x9E04,
    0xC4D8, 0x1000,
    0x795A, 0x2000,
    0x7970, 0x2000,
    0xFCFC, 0x2002,
    0x849E, 0x0000,
    0x84A0, 0x0000,
    0x84A2, 0x0005,
    0xFCFC, 0x2001,
    0x2BB2, 0x1000,
    0x2D32, 0x0010,
    0xFCFC, 0x2000,
    0x703C, 0x0101,
    0x7046, 0x7F02,
    0x7058, 0x8002,
    0x71D4, 0x3F00,
    0x71D6, 0x3D00,
    0x71D8, 0x84F3,
    0x71DA, 0x0040,
    0x7048, 0x9F00,
    0x705A, 0xA000,
    0x7274, 0x00B0,
    0x7276, 0x0000,
    0x7278, 0x12D2,
    0x727A, 0x0040,
    0x727C, 0x0000,
    0x727E, 0x0000,
    0x7280, 0x0000,
    0x7282, 0x0000,
    0x703E, 0x0000,
    0x704A, 0x0004,
    0x705C, 0x0004,
    0x7314, 0x0000,
    0x7316, 0x0000,
    0x7318, 0x0000,
    0x731A, 0x0000,
    0xBEDC, 0xC526,
    0xBEDE, 0x903E,
    0xBEE0, 0xC00F,
    0xBEE2, 0x0008,
    0xBEE4, 0x0C00,
    0xBEE6, 0x8000,
    0xFCFC, 0x2001,
    0x2A54, 0x0000,
    0x2A56, 0x0400,
    0x2A42, 0x0100,
    0x2A44, 0xAC04,
    0x2A46, 0x0000,
    0xFCFC, 0x2000,
    0xD704, 0x0078,
    0x7A0E, 0x0F00,
    0x7A6E, 0x1900,
    0x7A86, 0x1900,
    0x8C9E, 0x3500,
    0x8CCE, 0x9600,
    0x7A10, 0x0F00,
    0x7A70, 0x1900,
    0x7A88, 0x1900,
    0x8CA0, 0x3500,
    0x8CD0, 0x9600,
    0xB224, 0x0103,
    0xB226, 0x0000,
    0xB220, 0x0103,
    0x7A12, 0x0F00,
    0x7A72, 0x1900,
    0x7A8A, 0x1900,
    0x8CA2, 0x5000,
    0x8CD2, 0xBE00,
    0x7EE6, 0x2C00,
    0x7EF2, 0x2C00,
    0x7EFE, 0x6400,
    0x7F0A, 0x5800,
    0x8D0E, 0x0000,
    0x9032, 0x0000,
    0x903E, 0x0000,
    0x7A14, 0x0F00,
    0x7A74, 0x1900,
    0x7A8C, 0x1900,
    0x8CA4, 0x3500,
    0x7F0E, 0x5800,
    0x8CD6, 0x9600,
    0x7BDA, 0x3C00,
    0xD49C, 0x2100,
    0xD4D0, 0x0A00,
    0xD4A8, 0x0000,
    0xD4D6, 0x1A00,
    0xD4E2, 0x3200,
    0xD4BC, 0x3A00,
    0xD4B0, 0xB002,
    0xD4C8, 0x0100,
    0xD624, 0x0000,
    0xD62E, 0x0000,
    0xD638, 0x0000,
    0xD4EA, 0x0100,
    0xD554, 0xC400,
    0xD556, 0xFA00,
    0xD560, 0x5203,
    0xD562, 0x8803,
    0xD4DA, 0x0000,
    0xD4E6, 0x0100,
    0xD4C0, 0x1400,
    0xD4B4, 0x0100,
    0xD4CC, 0x0000,
    0xD5BC, 0x0000,
    0xD5BE, 0x0000,
    0xD5C8, 0x0000,
    0xD5CA, 0x0000,
    0xD4D2, 0x0000,
    0xD4DE, 0x0100,
    0xD4B8, 0x1400,
    0xD4AC, 0x0100,
    0xD4C4, 0x0000,
    0xD4EC, 0x0000,
    0xD4EE, 0x0000,
    0xD4F8, 0x0000,
    0xD4FA, 0x0000,
    0xBF78, 0x5333,
    0xD896, 0x0000,
    0xFCFC, 0x2001,
    0x1C24, 0x0002,
    0x1C26, 0x8001,
    0x1C28, 0xFF04,
    0x1C2A, 0x2010,
    0x1C2C, 0x5610,
    0x1C2E, 0x0005,
    0x1C30, 0x00A0,
    0x1C32, 0xB610,
    0x1C34, 0x7011,
    0x1C4E, 0x8001,
    0x1C50, 0xFF04,
    0x1C52, 0x2810,
    0x1C54, 0x5110,
    0x1C56, 0x0005,
    0x1C58, 0xFF09,
    0x1C5A, 0x9710,
    0x1C5C, 0xDA10,
    0x1C5E, 0x000A,
    0x1C60, 0x00A0,
    0x1C62, 0xDA10,
    0x1C64, 0x7011,
    0x1C66, 0x0000,
    0x1C68, 0x0000,
    0x1C6A, 0x0000,
    0x1C6C, 0x0000,
    0x1C76, 0x8001,
    0x1C78, 0xFF04,
    0x1C7A, 0x2810,
    0x1C7C, 0x6610,
    0x1C7E, 0x0005,
    0x1C80, 0xFF09,
    0x1C82, 0x7210,
    0x1C84, 0xDD10,
    0x1C86, 0x000A,
    0x1C88, 0x00A0,
    0x1C8A, 0xDD10,
    0x1C8C, 0x7011,
    0x1C8E, 0x0000,
    0x1C90, 0x0000,
    0x1C92, 0x0000,
    0x1C94, 0x0000,
    0x1C9E, 0x8001,
    0x1CA0, 0xFF04,
    0x1CA2, 0x2010,
    0x1CA4, 0x5610,
    0x1CA6, 0x0005,
    0x1CA8, 0x00A0,
    0x1CAA, 0xC410,
    0x1CAC, 0x7011,
    0x1CC6, 0x8001,
    0x1CC8, 0xFF04,
    0x1CCA, 0x2010,
    0x1CCC, 0x5610,
    0x1CCE, 0x0005,
    0x1CD0, 0x00A0,
    0x1CD2, 0xB610,
    0x1CD4, 0x7011,
    0x1CEE, 0x8001,
    0x1CF0, 0xFF04,
    0x1CF2, 0x2810,
    0x1CF4, 0x5110,
    0x1CF6, 0x0005,
    0x1CF8, 0xFF09,
    0x1CFA, 0x9710,
    0x1CFC, 0xDA10,
    0x1CFE, 0x000A,
    0x1D00, 0x00A0,
    0x1D02, 0xDA10,
    0x1D04, 0x7011,
    0x1D06, 0x0000,
    0x1D08, 0x0000,
    0x1D0A, 0x0000,
    0x1D0C, 0x0000,
    0x1D16, 0x8001,
    0x1D18, 0xFF04,
    0x1D1A, 0x2810,
    0x1D1C, 0x6610,
    0x1D1E, 0x0005,
    0x1D20, 0xFF09,
    0x1D22, 0x7210,
    0x1D24, 0xDD10,
    0x1D26, 0x000A,
    0x1D28, 0x00A0,
    0x1D2A, 0xDD10,
    0x1D2C, 0x7011,
    0x1D2E, 0x0000,
    0x1D30, 0x0000,
    0x1D32, 0x0000,
    0x1D34, 0x0000,
    0x1D3E, 0x8001,
    0x1D40, 0xFF04,
    0x1D42, 0x2010,
    0x1D44, 0x5610,
    0x1D46, 0x0005,
    0x1D48, 0x00A0,
    0x1D4A, 0xC410,
    0x1D4C, 0x7011,
    0xFCFC, 0x2000,
    0xB21E, 0x0000,
    0xB222, 0xC000,
    0xB20C, 0x2E00,
    0xB21A, 0x0402,
    0xB378, 0x0100,
    0xDD70, 0x0000,
    0xDE38, 0x0000,
    0xFCFC, 0x2002,
    0xA574, 0x0155,
    0xA59C, 0xA2FD,
    0xA59E, 0xFEFE,
    0xA576, 0x4000,
    0xA588, 0x0E00,
    0xA578, 0x8000,
    0xA58A, 0x2000,
    0xA57A, 0xA000,
    0xA58C, 0x2800,
    0xA57C, 0x4001,
    0xA58E, 0x1400,
    0xA57E, 0x8002,
    0xA590, 0x2200,
    0xA580, 0x0005,
    0xA592, 0x2800,
    0xA582, 0x000A,
    0xA594, 0x2C00,
    0xA584, 0xA00F,
    0xA596, 0x2E00,
    0xA586, 0x4011,
    0xA598, 0x3200,
    0xA59A, 0x3500,
    0xA548, 0x00EA,
    0xA570, 0x0000,
    0xA54A, 0x0000,
    0xA54C, 0x0000,
    0xA54E, 0x0000,
    0xA550, 0x0000,
    0xA552, 0x0000,
    0xA554, 0x0000,
    0xA556, 0x0000,
    0xA55C, 0x0000,
    0xA55E, 0x0000,
    0xA560, 0x0000,
    0xA562, 0x0000,
    0xA564, 0x0000,
    0xA566, 0x0000,
    0xA568, 0x0000,
    0xA56A, 0x0000,
    0xFCFC, 0x2001,
    0x1D96, 0x0000,
    0x1D98, 0x0000,
    0x1DA6, 0x0000,
    0x1DA8, 0x0000,
    0x1D72, 0x0000,
    0x1D74, 0x0000,
    0x1D82, 0x0000,
    0x1D84, 0x0000,
    0x1D92, 0x0000,
    0x1D94, 0x0000,
    0x1DA2, 0x0000,
    0x1DA4, 0x0000,
    0x1D76, 0x0000,
    0x1D78, 0x0000,
    0x1D86, 0x0000,
    0x1D88, 0x0000,
    0x1E16, 0x0A00,
    0x1E18, 0x0A00,
    0x1E26, 0x0A00,
    0x1E28, 0x0A00,
    0x1DF2, 0x0A00,
    0x1DF4, 0x0A00,
    0x1E02, 0x0A00,
    0x1E04, 0x0A00,
    0x1E12, 0x0A00,
    0x1E14, 0x0A00,
    0x1E22, 0x0A00,
    0x1E24, 0x0A00,
    0x1DF6, 0x0A00,
    0x1DF8, 0x0A00,
    0x1E06, 0x0A00,
    0x1E08, 0x0A00,
    0xFCFC, 0x2000,
    0x82BA, 0x3300,
    0x82A2, 0x1400,
    0xFCFC, 0x2001,
    0x427C, 0x2000,
    0x4280, 0x1000,
    0x4362, 0x0100,
    0x43AA, 0x0000,
    0x43AC, 0x0000,
    0x43C6, 0x010A,
    0x43B4, 0x0000,
    0x43B6, 0x0000,
    0x4396, 0x0D00,
    0x4398, 0x0E00,
    0x437E, 0xA400,
    0xFCFC, 0x2000,
    0xB322, 0x0101,
    0xB324, 0x0100,
    0xB330, 0x2828,
    0xB34A, 0x2828,
    0xB360, 0x2828,
    0xFCFC, 0x2001,
    0x4292, 0x0000,
    0x4364, 0x0000,
    0x4366, 0x0000,
    0x4370, 0x0000,
    0x4290, 0x0100,
    0xFCFC, 0x2002,
    0x84C4, 0x002D,
    0x84A4, 0x0000,
    0xFCFC, 0x2000,
    0xD684, 0x80E3,
    0xB268, 0x80E3,
    0xF09A, 0x00FF,
    0xF2E0, 0x0000,
    0xF372, 0x0000,
    0xF0AA, 0xFFFF,
    0xF0AC, 0xFFFF,
    0xF2EA, 0x4000,
    0xDADA, 0x0001,
    0xDB3C, 0x36D2,
    0xDADC, 0x0000,
    0xDB0C, 0x0D00,
    0xDB3E, 0x36D2,
    0xDADE, 0xA000,
    0xDB0E, 0x0F00,
    0xDB40, 0x36D2,
    0xDAE0, 0x4001,
    0xDB10, 0x0D00,
    0xDB42, 0x0000,
    0xDAE2, 0x0000,
    0xDB12, 0x0000,
    0xDB44, 0x0000,
    0xDAE4, 0x0000,
    0xDB14, 0x0000,
    0xDB46, 0x0000,
    0xDAE6, 0x0000,
    0xDB16, 0x0000,
    0xDBCC, 0x0000,
    0xDB6C, 0x0000,
    0xDB9C, 0x0000,
    0xDBCE, 0x0000,
    0xDB6E, 0x0000,
    0xDB9E, 0x0000,
    0xDBD0, 0x0000,
    0xDB70, 0x0000,
    0xDBA0, 0x0000,
    0xDBD2, 0x0000,
    0xDB72, 0x0000,
    0xDBA2, 0x0000,
    0xDBD4, 0x0000,
    0xDB74, 0x0000,
    0xDBA4, 0x0000,
    0xDBD6, 0x0000,
    0xDB76, 0x0000,
    0xDBA6, 0x0000,
    0xF370, 0x0203,
    0xF3E4, 0x0301,
    0xF3F4, 0xC800,
    0xF3F6, 0xD610,
    0xF014, 0x0600,
    0xB270, 0x8708,
    0xB266, 0xC004,
    0xD682, 0xC004,
    0xBF16, 0x0BAA,
    0xF698, 0x0100,
    0xDC8C, 0x3F0B,
    0xFCFC, 0x4000,
    0x0808, 0x0201,
    0x0E00, 0x0003,
};

/* not use 05_OceanChangjiang_UW_JN5_Fdsum_4096x3072_30.1fps_3056Mbps */
static u16 hhuwide_custom8_setting[] = {
    0xFCFC, 0x4000,
    0x6170, 0xFFFF,
    0x6180, 0x0000,
    0x6190, 0x0000,
    0x6200, 0xFFFF,
    0x6202, 0xFFFF,
    0x6204, 0x0000,
    0x6206, 0x0000,
    0x6208, 0x0000,
    0xA100, 0xFFFF,
    0xA102, 0x0000,
    0xA104, 0x0000,
    0xFCFC, 0x4001,
    0x0100, 0xFFFF,
    0x0102, 0xFFFF,
    0x0104, 0x0000,
    0x0106, 0x0000,
    0x0108, 0x0000,
    0xFCFC, 0x4000,
    0x8100, 0xFFFF,
    0x8104, 0x0000,
    0x8108, 0x0000,
    0x0B30, 0x01FF,
    0xFCFC, 0x2000,
    0x7806, 0x0001,
    0x7808, 0x2408,
    0xFCFC, 0x4000,
    0x0344, 0x0000,
    0x0348, 0x201F,
    0x0346, 0x0000,
    0x034A, 0x181F,
    0x034C, 0x1000,
    0x034E, 0x0C00,
    0x0350, 0x0008,
    0x0352, 0x0008,
    0x0340, 0x1908,
    0x0342, 0x12B0,
    0x0136, 0x1800,
    0x013E, 0x0000,
    0x0304, 0x0003,
    0x0306, 0x00E6,
    0x030C, 0x0000,
    0x030E, 0x0003,
    0x0310, 0x00B2,
    0x0312, 0x0000,
    0x031A, 0x0003,
    0x031C, 0x0028,
    0x031E, 0x0002,
    0x0202, 0x0014,
    0x0226, 0x0014,
    0x022C, 0x0014,
    0x0702, 0x0000,
    0x0704, 0x0000,
    0x0114, 0x0301,
    0x0118, 0x0004,
    0x011A, 0x0001,
    0x011C, 0x0100,
    0xFCFC, 0x2000,
    0xB176, 0x0602,
    0xB178, 0x0000,
    0x7996, 0x0101,
    0x7994, 0x2020,
    0xFCFC, 0x4000,
    0x0900, 0x2222,
    0x0380, 0x0002,
    0x0382, 0x0002,
    0x0384, 0x0002,
    0x0386, 0x0002,
    0x040C, 0x0000,
    0x0400, 0x1010,
    0x0408, 0x0100,
    0x040A, 0x0100,
    0xFCFC, 0x2000,
    0xD1F6, 0x3A00,
    0xD20C, 0x0908,
    0xD314, 0x2002,
    0xD27A, 0x0500,
    0xD3F0, 0xB01C,
    0xD410, 0x4802,
    0xD426, 0xD204,
    0xD43C, 0x0140,
    0xD412, 0xD204,
    0xD428, 0xEA0A,
    0xD43E, 0x0140,
    0xFCFC, 0x4000,
    0x0260, 0x0101,
    0x0262, 0x0000,
    0x0264, 0x0306,
    0x0266, 0x0700,
    0x0112, 0x0A0A,
    0x0270, 0x2B2B,
    0x0272, 0x2B10,
    0x0274, 0x302B,
    0xFCFC, 0x2001,
    0x44C6, 0x0000,
    0xFCFC, 0x4000,
    0x0B02, 0x0102,
    0x0720, 0x0001,
    0x0722, 0x0800,
    0x0724, 0x0000,
    0x0728, 0x0000,
    0x072A, 0x0000,
    0x072C, 0x0000,
    0x072E, 0x0000,
    0xFCFC, 0x2001,
    0x3132, 0x0200,
    0xFCFC, 0x4000,
    0x021E, 0x0000,
    0x0228, 0x0100,
    0xFCFC, 0x2001,
    0x31D0, 0x0000,
    0x5A70, 0x0000,
    0xFCFC, 0x2000,
    0xDC94, 0x0103,
    0xEF80, 0x0000,
    0x23F0, 0x0001,
    0xF288, 0x0000,
    0xFCFC, 0x2001,
    0x2A30, 0x01FF,
    0x4270, 0x0000,
    0x29BA, 0x2000,
    0x29A8, 0x0100,
    0xFCFC, 0x4000,
    0x0B04, 0x0001,
    0x0B06, 0x0101,
    0x0B08, 0x0100,
    0x0B0A, 0x0101,
    0x0B0C, 0x0100,
    0xFCFC, 0x2000,
    0xC4E0, 0x0100,
    0xC4F6, 0x0000,
    0xC4E2, 0x0000,
    0xC53C, 0x0500,
    0xC544, 0x0005,
    0xC53E, 0x0000,
    0xB23C, 0x6060,
    0xB242, 0x6060,
    0xC554, 0x0010,
    0xC556, 0x0000,
    0xFCFC, 0x2001,
    0x2920, 0x0100,
    0x31F8, 0x0000,
    0x31FA, 0x0000,
    0xFCFC, 0x2000,
    0xD856, 0x0507,
    0xD6D4, 0x0000,
    0x799A, 0x0000,
    0xD8A2, 0x0100,
    0xFCFC, 0x4000,
    0x020A, 0x0000,
    0xFCFC, 0x2000,
    0x78C0, 0x0101,
    0x22C2, 0x0600,
    0x22C4, 0xFF1F,
    0x22EC, 0x1F00,
    0x2306, 0xFF3F,
    0x2314, 0xFF00,
    0x2354, 0x0300,
    0xFCFC, 0x4000,
    0x0936, 0x0000,
    0x0C40, 0x0000,
    0xFCFC, 0x2000,
    0x68DE, 0x0000,
    0xFCFC, 0x2001,
    0x2540, 0x0200,
    0x25E0, 0x0100,
    0x25E2, 0x0000,
    0xFCFC, 0x2000,
    0xD718, 0x0002,
    0xBF30, 0x0000,
    0xFCFC, 0x2001,
    0x3C42, 0x0000,
    0x3C46, 0xEB05,
    0x3C52, 0x4006,
    0xFCFC, 0x2000,
    0xD326, 0x0110,
    0xD3EC, 0xB01C,
    0xFCFC, 0x2001,
    0x195E, 0x0100,
    0x1966, 0x0000,
    0xFCFC, 0x4000,
    0x0086, 0x1400,
    0xFCFC, 0x2000,
    0xE980, 0x9E04,
    0xC4D8, 0x2000,
    0x795A, 0x2000,
    0x7970, 0x2000,
    0xFCFC, 0x2002,
    0x849E, 0x0000,
    0x84A0, 0x0000,
    0x84A2, 0x0005,
    0xFCFC, 0x2001,
    0x2BB2, 0x1000,
    0x2D32, 0x0010,
    0xFCFC, 0x2000,
    0x703C, 0x0101,
    0x7046, 0x7F02,
    0x7058, 0x8002,
    0x71D4, 0x3F00,
    0x71D6, 0x3D00,
    0x71D8, 0x84F3,
    0x71DA, 0x0040,
    0x7048, 0x1F02,
    0x705A, 0x2002,
    0x7274, 0x0B00,
    0x7276, 0x0B00,
    0x7278, 0x36D2,
    0x727A, 0x0040,
    0x727C, 0x0000,
    0x727E, 0x0000,
    0x7280, 0x0000,
    0x7282, 0x0000,
    0x703E, 0x0100,
    0x704A, 0x000A,
    0x705C, 0x010A,
    0x7314, 0x2E00,
    0x7316, 0x3000,
    0x7318, 0x9EFD,
    0x731A, 0x0040,
    0xBEDC, 0xC526,
    0xBEDE, 0x903E,
    0xBEE0, 0xC00F,
    0xBEE2, 0x0008,
    0xBEE4, 0x0C00,
    0xBEE6, 0x8000,
    0xFCFC, 0x2001,
    0x2A54, 0x0000,
    0x2A56, 0x0400,
    0x2A42, 0x0100,
    0x2A44, 0x3907,
    0x2A46, 0x0000,
    0xFCFC, 0x2000,
    0xD704, 0x0278,
    0x7A0E, 0x0F00,
    0x7A6E, 0x1900,
    0x7A86, 0x1900,
    0x8C9E, 0x3500,
    0x8CCE, 0x9600,
    0x7A10, 0x0F00,
    0x7A70, 0x1900,
    0x7A88, 0x1900,
    0x8CA0, 0x3500,
    0x8CD0, 0x9600,
    0xB224, 0x0103,
    0xB226, 0x0000,
    0xB220, 0x0103,
    0x7A12, 0x0F00,
    0x7A72, 0x1900,
    0x7A8A, 0x1900,
    0x8CA2, 0x7000,
    0x8CD2, 0xBE00,
    0x7EE6, 0x2C00,
    0x7EF2, 0x2C00,
    0x7EFE, 0x6400,
    0x7F0A, 0x5800,
    0x8D0E, 0x0000,
    0x9032, 0x0000,
    0x903E, 0x0000,
    0x7A14, 0x0F00,
    0x7A74, 0x1900,
    0x7A8C, 0x1900,
    0x8CA4, 0x3500,
    0x7F0E, 0x5800,
    0x8CD6, 0x9600,
    0x7BDA, 0x4C00,
    0xD49C, 0x2100,
    0xD4D0, 0x0A00,
    0xD4A8, 0x0000,
    0xD4D6, 0x1A00,
    0xD4E2, 0x3200,
    0xD4BC, 0x3F00,
    0xD4B0, 0x7003,
    0xD4C8, 0x0100,
    0xD624, 0x0000,
    0xD62E, 0x0000,
    0xD638, 0x0000,
    0xD4EA, 0x0100,
    0xD554, 0xC400,
    0xD556, 0xFA00,
    0xD560, 0x5203,
    0xD562, 0x8803,
    0xD4DA, 0x0000,
    0xD4E6, 0x0100,
    0xD4C0, 0x1400,
    0xD4B4, 0x0100,
    0xD4CC, 0x0000,
    0xD5BC, 0x0000,
    0xD5BE, 0x0000,
    0xD5C8, 0x0000,
    0xD5CA, 0x0000,
    0xD4D2, 0x0000,
    0xD4DE, 0x0100,
    0xD4B8, 0x1400,
    0xD4AC, 0x0100,
    0xD4C4, 0x0000,
    0xD4EC, 0x0000,
    0xD4EE, 0x0000,
    0xD4F8, 0x0000,
    0xD4FA, 0x0000,
    0xBF78, 0x5333,
    0xD896, 0x0000,
    0xFCFC, 0x2001,
    0x1C24, 0x0002,
    0x1C26, 0x8001,
    0x1C28, 0x8004,
    0x1C2A, 0x2010,
    0x1C2C, 0x2010,
    0x1C2E, 0x0005,
    0x1C30, 0x00A0,
    0x1C32, 0x2810,
    0x1C34, 0x2810,
    0x1C4E, 0x8001,
    0x1C50, 0x8004,
    0x1C52, 0x0010,
    0x1C54, 0x0010,
    0x1C56, 0x0005,
    0x1C58, 0x00A0,
    0x1C5A, 0x2810,
    0x1C5C, 0x2810,
    0x1C5E, 0x0000,
    0x1C60, 0x0000,
    0x1C62, 0x0000,
    0x1C64, 0x0000,
    0x1C66, 0x0000,
    0x1C68, 0x0000,
    0x1C6A, 0x0000,
    0x1C6C, 0x0000,
    0x1C76, 0x8001,
    0x1C78, 0x8004,
    0x1C7A, 0x2010,
    0x1C7C, 0x2010,
    0x1C7E, 0x0005,
    0x1C80, 0x00A0,
    0x1C82, 0x2810,
    0x1C84, 0x2810,
    0x1C86, 0x0000,
    0x1C88, 0x0000,
    0x1C8A, 0x0000,
    0x1C8C, 0x0000,
    0x1C8E, 0x0000,
    0x1C90, 0x0000,
    0x1C92, 0x0000,
    0x1C94, 0x0000,
    0x1C9E, 0x8001,
    0x1CA0, 0x8004,
    0x1CA2, 0x2010,
    0x1CA4, 0x2010,
    0x1CA6, 0x0005,
    0x1CA8, 0x00A0,
    0x1CAA, 0x2810,
    0x1CAC, 0x2810,
    0x1CC6, 0x8001,
    0x1CC8, 0x8004,
    0x1CCA, 0x2010,
    0x1CCC, 0x2010,
    0x1CCE, 0x0005,
    0x1CD0, 0x00A0,
    0x1CD2, 0x2810,
    0x1CD4, 0x2810,
    0x1CEE, 0x8001,
    0x1CF0, 0x8004,
    0x1CF2, 0x0010,
    0x1CF4, 0x0010,
    0x1CF6, 0x0005,
    0x1CF8, 0x00A0,
    0x1CFA, 0x2810,
    0x1CFC, 0x2810,
    0x1CFE, 0x0000,
    0x1D00, 0x0000,
    0x1D02, 0x0000,
    0x1D04, 0x0000,
    0x1D06, 0x0000,
    0x1D08, 0x0000,
    0x1D0A, 0x0000,
    0x1D0C, 0x0000,
    0x1D16, 0x8001,
    0x1D18, 0x8004,
    0x1D1A, 0x2010,
    0x1D1C, 0x2010,
    0x1D1E, 0x0005,
    0x1D20, 0x00A0,
    0x1D22, 0x2810,
    0x1D24, 0x2810,
    0x1D26, 0x0000,
    0x1D28, 0x0000,
    0x1D2A, 0x0000,
    0x1D2C, 0x0000,
    0x1D2E, 0x0000,
    0x1D30, 0x0000,
    0x1D32, 0x0000,
    0x1D34, 0x0000,
    0x1D3E, 0x8001,
    0x1D40, 0x8004,
    0x1D42, 0x2010,
    0x1D44, 0x2010,
    0x1D46, 0x0005,
    0x1D48, 0x00A0,
    0x1D4A, 0x2810,
    0x1D4C, 0x2810,
    0xFCFC, 0x2000,
    0xB21E, 0x0000,
    0xB222, 0xC000,
    0xB20C, 0x2E00,
    0xB21A, 0x0402,
    0xB378, 0x0100,
    0xDD70, 0x0000,
    0xDE38, 0x0000,
    0xFCFC, 0x2002,
    0xA574, 0x0155,
    0xA59C, 0xA2FD,
    0xA59E, 0xFEFE,
    0xA576, 0x4000,
    0xA588, 0x0E00,
    0xA578, 0x8000,
    0xA58A, 0x2000,
    0xA57A, 0xA000,
    0xA58C, 0x2800,
    0xA57C, 0x4001,
    0xA58E, 0x1400,
    0xA57E, 0x8002,
    0xA590, 0x2200,
    0xA580, 0x0005,
    0xA592, 0x2800,
    0xA582, 0x000A,
    0xA594, 0x2C00,
    0xA584, 0xA00F,
    0xA596, 0x2E00,
    0xA586, 0x4011,
    0xA598, 0x3200,
    0xA59A, 0x3500,
    0xA548, 0x00EA,
    0xA570, 0x0000,
    0xA54A, 0x0000,
    0xA54C, 0x0000,
    0xA54E, 0x0000,
    0xA550, 0x0000,
    0xA552, 0x0000,
    0xA554, 0x0000,
    0xA556, 0x0000,
    0xA55C, 0x0000,
    0xA55E, 0x0000,
    0xA560, 0x0000,
    0xA562, 0x0000,
    0xA564, 0x0000,
    0xA566, 0x0000,
    0xA568, 0x0000,
    0xA56A, 0x0000,
    0xFCFC, 0x2001,
    0x1D96, 0x0000,
    0x1D98, 0x0000,
    0x1DA6, 0x0000,
    0x1DA8, 0x0000,
    0x1D72, 0x0000,
    0x1D74, 0x0000,
    0x1D82, 0x0000,
    0x1D84, 0x0000,
    0x1D92, 0x0000,
    0x1D94, 0x0000,
    0x1DA2, 0x0000,
    0x1DA4, 0x0000,
    0x1D76, 0x0000,
    0x1D78, 0x0000,
    0x1D86, 0x0000,
    0x1D88, 0x0000,
    0x1E16, 0x1900,
    0x1E18, 0x1900,
    0x1E26, 0x1900,
    0x1E28, 0x1900,
    0x1DF2, 0x1700,
    0x1DF4, 0x1700,
    0x1E02, 0x1700,
    0x1E04, 0x1700,
    0x1E12, 0x1900,
    0x1E14, 0x1900,
    0x1E22, 0x1900,
    0x1E24, 0x1900,
    0x1DF6, 0x1700,
    0x1DF8, 0x1700,
    0x1E06, 0x1700,
    0x1E08, 0x1700,
    0xFCFC, 0x2000,
    0x82BA, 0x3300,
    0x82A2, 0x1400,
    0xFCFC, 0x2001,
    0x427C, 0x2000,
    0x4280, 0x1000,
    0x4362, 0x0100,
    0x43AA, 0x0000,
    0x43AC, 0x0000,
    0x43C6, 0x0114,
    0x43B4, 0x0000,
    0x43B6, 0x0000,
    0x4396, 0x0B00,
    0x4398, 0x0B00,
    0x437E, 0xE400,
    0xFCFC, 0x2000,
    0xB322, 0x0101,
    0xB324, 0x0100,
    0xB330, 0x2828,
    0xB34A, 0x2828,
    0xB360, 0x2828,
    0xFCFC, 0x2001,
    0x4292, 0x0000,
    0x4364, 0x0000,
    0x4366, 0x0000,
    0x4370, 0x0000,
    0x4290, 0x0100,
    0xFCFC, 0x2002,
    0x84C4, 0x012D,
    0x84A4, 0x0000,
    0xFCFC, 0x2000,
    0xD684, 0x80F3,
    0xB268, 0x80F3,
    0xF09A, 0x00FF,
    0xF2E0, 0x0000,
    0xF372, 0x0000,
    0xF0AA, 0xFFFF,
    0xF0AC, 0xFFFF,
    0xF2EA, 0x4000,
    0xDADA, 0x0001,
    0xDB3C, 0xD2FD,
    0xDADC, 0x0000,
    0xDB0C, 0x1F1F,
    0xDB3E, 0x12D2,
    0xDADE, 0x0000,
    0xDB0E, 0x0080,
    0xDB40, 0x12D2,
    0xDAE0, 0xA000,
    0xDB10, 0x0040,
    0xDB42, 0x12D2,
    0xDAE2, 0x0001,
    0xDB12, 0x0020,
    0xDB44, 0x12D2,
    0xDAE4, 0x0005,
    0xDB14, 0x0040,
    0xDB46, 0x12D2,
    0xDAE6, 0x4011,
    0xDB16, 0x0060,
    0xDBCC, 0x0000,
    0xDB6C, 0x0000,
    0xDB9C, 0x0000,
    0xDBCE, 0x0000,
    0xDB6E, 0x0000,
    0xDB9E, 0x0000,
    0xDBD0, 0x0000,
    0xDB70, 0x0000,
    0xDBA0, 0x0000,
    0xDBD2, 0x0000,
    0xDB72, 0x0000,
    0xDBA2, 0x0000,
    0xDBD4, 0x0000,
    0xDB74, 0x0000,
    0xDBA4, 0x0000,
    0xDBD6, 0x0000,
    0xDB76, 0x0000,
    0xDBA6, 0x0000,
    0xF370, 0x0203,
    0xF3E4, 0x0301,
    0xF3F4, 0xC800,
    0xF3F6, 0xD610,
    0xF014, 0x0700,
    0xB270, 0x8708,
    0xB266, 0xC004,
    0xD682, 0xC004,
    0xBF16, 0x0BAA,
    0xF698, 0x0101,
    0xDC8C, 0x3F0B,
    0xFCFC, 0x4000,
    0x0808, 0x0201,
    0x0E00, 0x0003,
};

/* not use 05_OceanChangjiang_UW_JN5_Fdsum_4096x3072_30.1fps_3056Mbps */
static u16 hhuwide_custom9_setting[] = {
    0xFCFC, 0x4000,
    0x6170, 0xFFFF,
    0x6180, 0x0000,
    0x6190, 0x0000,
    0x6200, 0xFFFF,
    0x6202, 0xFFFF,
    0x6204, 0x0000,
    0x6206, 0x0000,
    0x6208, 0x0000,
    0xA100, 0xFFFF,
    0xA102, 0x0000,
    0xA104, 0x0000,
    0xFCFC, 0x4001,
    0x0100, 0xFFFF,
    0x0102, 0xFFFF,
    0x0104, 0x0000,
    0x0106, 0x0000,
    0x0108, 0x0000,
    0xFCFC, 0x4000,
    0x8100, 0xFFFF,
    0x8104, 0x0000,
    0x8108, 0x0000,
    0x0B30, 0x01FF,
    0xFCFC, 0x2000,
    0x7806, 0x0001,
    0x7808, 0x2408,
    0xFCFC, 0x4000,
    0x0344, 0x0000,
    0x0348, 0x201F,
    0x0346, 0x0000,
    0x034A, 0x181F,
    0x034C, 0x1000,
    0x034E, 0x0C00,
    0x0350, 0x0008,
    0x0352, 0x0008,
    0x0340, 0x1908,
    0x0342, 0x12B0,
    0x0136, 0x1800,
    0x013E, 0x0000,
    0x0304, 0x0003,
    0x0306, 0x00E6,
    0x030C, 0x0000,
    0x030E, 0x0003,
    0x0310, 0x00B2,
    0x0312, 0x0000,
    0x031A, 0x0003,
    0x031C, 0x0028,
    0x031E, 0x0002,
    0x0202, 0x0014,
    0x0226, 0x0014,
    0x022C, 0x0014,
    0x0702, 0x0000,
    0x0704, 0x0000,
    0x0114, 0x0301,
    0x0118, 0x0004,
    0x011A, 0x0001,
    0x011C, 0x0100,
    0xFCFC, 0x2000,
    0xB176, 0x0602,
    0xB178, 0x0000,
    0x7996, 0x0101,
    0x7994, 0x2020,
    0xFCFC, 0x4000,
    0x0900, 0x2222,
    0x0380, 0x0002,
    0x0382, 0x0002,
    0x0384, 0x0002,
    0x0386, 0x0002,
    0x040C, 0x0000,
    0x0400, 0x1010,
    0x0408, 0x0100,
    0x040A, 0x0100,
    0xFCFC, 0x2000,
    0xD1F6, 0x3A00,
    0xD20C, 0x0908,
    0xD314, 0x2002,
    0xD27A, 0x0500,
    0xD3F0, 0xB01C,
    0xD410, 0x4802,
    0xD426, 0xD204,
    0xD43C, 0x0140,
    0xD412, 0xD204,
    0xD428, 0xEA0A,
    0xD43E, 0x0140,
    0xFCFC, 0x4000,
    0x0260, 0x0101,
    0x0262, 0x0000,
    0x0264, 0x0306,
    0x0266, 0x0700,
    0x0112, 0x0A0A,
    0x0270, 0x2B2B,
    0x0272, 0x2B10,
    0x0274, 0x302B,
    0xFCFC, 0x2001,
    0x44C6, 0x0000,
    0xFCFC, 0x4000,
    0x0B02, 0x0102,
    0x0720, 0x0001,
    0x0722, 0x0800,
    0x0724, 0x0000,
    0x0728, 0x0000,
    0x072A, 0x0000,
    0x072C, 0x0000,
    0x072E, 0x0000,
    0xFCFC, 0x2001,
    0x3132, 0x0200,
    0xFCFC, 0x4000,
    0x021E, 0x0000,
    0x0228, 0x0100,
    0xFCFC, 0x2001,
    0x31D0, 0x0000,
    0x5A70, 0x0000,
    0xFCFC, 0x2000,
    0xDC94, 0x0103,
    0xEF80, 0x0000,
    0x23F0, 0x0001,
    0xF288, 0x0000,
    0xFCFC, 0x2001,
    0x2A30, 0x01FF,
    0x4270, 0x0000,
    0x29BA, 0x2000,
    0x29A8, 0x0100,
    0xFCFC, 0x4000,
    0x0B04, 0x0001,
    0x0B06, 0x0101,
    0x0B08, 0x0100,
    0x0B0A, 0x0101,
    0x0B0C, 0x0100,
    0xFCFC, 0x2000,
    0xC4E0, 0x0100,
    0xC4F6, 0x0000,
    0xC4E2, 0x0000,
    0xC53C, 0x0500,
    0xC544, 0x0005,
    0xC53E, 0x0000,
    0xB23C, 0x6060,
    0xB242, 0x6060,
    0xC554, 0x0010,
    0xC556, 0x0000,
    0xFCFC, 0x2001,
    0x2920, 0x0100,
    0x31F8, 0x0000,
    0x31FA, 0x0000,
    0xFCFC, 0x2000,
    0xD856, 0x0507,
    0xD6D4, 0x0000,
    0x799A, 0x0000,
    0xD8A2, 0x0100,
    0xFCFC, 0x4000,
    0x020A, 0x0000,
    0xFCFC, 0x2000,
    0x78C0, 0x0101,
    0x22C2, 0x0600,
    0x22C4, 0xFF1F,
    0x22EC, 0x1F00,
    0x2306, 0xFF3F,
    0x2314, 0xFF00,
    0x2354, 0x0300,
    0xFCFC, 0x4000,
    0x0936, 0x0000,
    0x0C40, 0x0000,
    0xFCFC, 0x2000,
    0x68DE, 0x0000,
    0xFCFC, 0x2001,
    0x2540, 0x0200,
    0x25E0, 0x0100,
    0x25E2, 0x0000,
    0xFCFC, 0x2000,
    0xD718, 0x0002,
    0xBF30, 0x0000,
    0xFCFC, 0x2001,
    0x3C42, 0x0000,
    0x3C46, 0xEB05,
    0x3C52, 0x4006,
    0xFCFC, 0x2000,
    0xD326, 0x0110,
    0xD3EC, 0xB01C,
    0xFCFC, 0x2001,
    0x195E, 0x0100,
    0x1966, 0x0000,
    0xFCFC, 0x4000,
    0x0086, 0x1400,
    0xFCFC, 0x2000,
    0xE980, 0x9E04,
    0xC4D8, 0x2000,
    0x795A, 0x2000,
    0x7970, 0x2000,
    0xFCFC, 0x2002,
    0x849E, 0x0000,
    0x84A0, 0x0000,
    0x84A2, 0x0005,
    0xFCFC, 0x2001,
    0x2BB2, 0x1000,
    0x2D32, 0x0010,
    0xFCFC, 0x2000,
    0x703C, 0x0101,
    0x7046, 0x7F02,
    0x7058, 0x8002,
    0x71D4, 0x3F00,
    0x71D6, 0x3D00,
    0x71D8, 0x84F3,
    0x71DA, 0x0040,
    0x7048, 0x1F02,
    0x705A, 0x2002,
    0x7274, 0x0B00,
    0x7276, 0x0B00,
    0x7278, 0x36D2,
    0x727A, 0x0040,
    0x727C, 0x0000,
    0x727E, 0x0000,
    0x7280, 0x0000,
    0x7282, 0x0000,
    0x703E, 0x0100,
    0x704A, 0x000A,
    0x705C, 0x010A,
    0x7314, 0x2E00,
    0x7316, 0x3000,
    0x7318, 0x9EFD,
    0x731A, 0x0040,
    0xBEDC, 0xC526,
    0xBEDE, 0x903E,
    0xBEE0, 0xC00F,
    0xBEE2, 0x0008,
    0xBEE4, 0x0C00,
    0xBEE6, 0x8000,
    0xFCFC, 0x2001,
    0x2A54, 0x0000,
    0x2A56, 0x0400,
    0x2A42, 0x0100,
    0x2A44, 0x3907,
    0x2A46, 0x0000,
    0xFCFC, 0x2000,
    0xD704, 0x0278,
    0x7A0E, 0x0F00,
    0x7A6E, 0x1900,
    0x7A86, 0x1900,
    0x8C9E, 0x3500,
    0x8CCE, 0x9600,
    0x7A10, 0x0F00,
    0x7A70, 0x1900,
    0x7A88, 0x1900,
    0x8CA0, 0x3500,
    0x8CD0, 0x9600,
    0xB224, 0x0103,
    0xB226, 0x0000,
    0xB220, 0x0103,
    0x7A12, 0x0F00,
    0x7A72, 0x1900,
    0x7A8A, 0x1900,
    0x8CA2, 0x7000,
    0x8CD2, 0xBE00,
    0x7EE6, 0x2C00,
    0x7EF2, 0x2C00,
    0x7EFE, 0x6400,
    0x7F0A, 0x5800,
    0x8D0E, 0x0000,
    0x9032, 0x0000,
    0x903E, 0x0000,
    0x7A14, 0x0F00,
    0x7A74, 0x1900,
    0x7A8C, 0x1900,
    0x8CA4, 0x3500,
    0x7F0E, 0x5800,
    0x8CD6, 0x9600,
    0x7BDA, 0x4C00,
    0xD49C, 0x2100,
    0xD4D0, 0x0A00,
    0xD4A8, 0x0000,
    0xD4D6, 0x1A00,
    0xD4E2, 0x3200,
    0xD4BC, 0x3F00,
    0xD4B0, 0x7003,
    0xD4C8, 0x0100,
    0xD624, 0x0000,
    0xD62E, 0x0000,
    0xD638, 0x0000,
    0xD4EA, 0x0100,
    0xD554, 0xC400,
    0xD556, 0xFA00,
    0xD560, 0x5203,
    0xD562, 0x8803,
    0xD4DA, 0x0000,
    0xD4E6, 0x0100,
    0xD4C0, 0x1400,
    0xD4B4, 0x0100,
    0xD4CC, 0x0000,
    0xD5BC, 0x0000,
    0xD5BE, 0x0000,
    0xD5C8, 0x0000,
    0xD5CA, 0x0000,
    0xD4D2, 0x0000,
    0xD4DE, 0x0100,
    0xD4B8, 0x1400,
    0xD4AC, 0x0100,
    0xD4C4, 0x0000,
    0xD4EC, 0x0000,
    0xD4EE, 0x0000,
    0xD4F8, 0x0000,
    0xD4FA, 0x0000,
    0xBF78, 0x5333,
    0xD896, 0x0000,
    0xFCFC, 0x2001,
    0x1C24, 0x0002,
    0x1C26, 0x8001,
    0x1C28, 0x8004,
    0x1C2A, 0x2010,
    0x1C2C, 0x2010,
    0x1C2E, 0x0005,
    0x1C30, 0x00A0,
    0x1C32, 0x2810,
    0x1C34, 0x2810,
    0x1C4E, 0x8001,
    0x1C50, 0x8004,
    0x1C52, 0x0010,
    0x1C54, 0x0010,
    0x1C56, 0x0005,
    0x1C58, 0x00A0,
    0x1C5A, 0x2810,
    0x1C5C, 0x2810,
    0x1C5E, 0x0000,
    0x1C60, 0x0000,
    0x1C62, 0x0000,
    0x1C64, 0x0000,
    0x1C66, 0x0000,
    0x1C68, 0x0000,
    0x1C6A, 0x0000,
    0x1C6C, 0x0000,
    0x1C76, 0x8001,
    0x1C78, 0x8004,
    0x1C7A, 0x2010,
    0x1C7C, 0x2010,
    0x1C7E, 0x0005,
    0x1C80, 0x00A0,
    0x1C82, 0x2810,
    0x1C84, 0x2810,
    0x1C86, 0x0000,
    0x1C88, 0x0000,
    0x1C8A, 0x0000,
    0x1C8C, 0x0000,
    0x1C8E, 0x0000,
    0x1C90, 0x0000,
    0x1C92, 0x0000,
    0x1C94, 0x0000,
    0x1C9E, 0x8001,
    0x1CA0, 0x8004,
    0x1CA2, 0x2010,
    0x1CA4, 0x2010,
    0x1CA6, 0x0005,
    0x1CA8, 0x00A0,
    0x1CAA, 0x2810,
    0x1CAC, 0x2810,
    0x1CC6, 0x8001,
    0x1CC8, 0x8004,
    0x1CCA, 0x2010,
    0x1CCC, 0x2010,
    0x1CCE, 0x0005,
    0x1CD0, 0x00A0,
    0x1CD2, 0x2810,
    0x1CD4, 0x2810,
    0x1CEE, 0x8001,
    0x1CF0, 0x8004,
    0x1CF2, 0x0010,
    0x1CF4, 0x0010,
    0x1CF6, 0x0005,
    0x1CF8, 0x00A0,
    0x1CFA, 0x2810,
    0x1CFC, 0x2810,
    0x1CFE, 0x0000,
    0x1D00, 0x0000,
    0x1D02, 0x0000,
    0x1D04, 0x0000,
    0x1D06, 0x0000,
    0x1D08, 0x0000,
    0x1D0A, 0x0000,
    0x1D0C, 0x0000,
    0x1D16, 0x8001,
    0x1D18, 0x8004,
    0x1D1A, 0x2010,
    0x1D1C, 0x2010,
    0x1D1E, 0x0005,
    0x1D20, 0x00A0,
    0x1D22, 0x2810,
    0x1D24, 0x2810,
    0x1D26, 0x0000,
    0x1D28, 0x0000,
    0x1D2A, 0x0000,
    0x1D2C, 0x0000,
    0x1D2E, 0x0000,
    0x1D30, 0x0000,
    0x1D32, 0x0000,
    0x1D34, 0x0000,
    0x1D3E, 0x8001,
    0x1D40, 0x8004,
    0x1D42, 0x2010,
    0x1D44, 0x2010,
    0x1D46, 0x0005,
    0x1D48, 0x00A0,
    0x1D4A, 0x2810,
    0x1D4C, 0x2810,
    0xFCFC, 0x2000,
    0xB21E, 0x0000,
    0xB222, 0xC000,
    0xB20C, 0x2E00,
    0xB21A, 0x0402,
    0xB378, 0x0100,
    0xDD70, 0x0000,
    0xDE38, 0x0000,
    0xFCFC, 0x2002,
    0xA574, 0x0155,
    0xA59C, 0xA2FD,
    0xA59E, 0xFEFE,
    0xA576, 0x4000,
    0xA588, 0x0E00,
    0xA578, 0x8000,
    0xA58A, 0x2000,
    0xA57A, 0xA000,
    0xA58C, 0x2800,
    0xA57C, 0x4001,
    0xA58E, 0x1400,
    0xA57E, 0x8002,
    0xA590, 0x2200,
    0xA580, 0x0005,
    0xA592, 0x2800,
    0xA582, 0x000A,
    0xA594, 0x2C00,
    0xA584, 0xA00F,
    0xA596, 0x2E00,
    0xA586, 0x4011,
    0xA598, 0x3200,
    0xA59A, 0x3500,
    0xA548, 0x00EA,
    0xA570, 0x0000,
    0xA54A, 0x0000,
    0xA54C, 0x0000,
    0xA54E, 0x0000,
    0xA550, 0x0000,
    0xA552, 0x0000,
    0xA554, 0x0000,
    0xA556, 0x0000,
    0xA55C, 0x0000,
    0xA55E, 0x0000,
    0xA560, 0x0000,
    0xA562, 0x0000,
    0xA564, 0x0000,
    0xA566, 0x0000,
    0xA568, 0x0000,
    0xA56A, 0x0000,
    0xFCFC, 0x2001,
    0x1D96, 0x0000,
    0x1D98, 0x0000,
    0x1DA6, 0x0000,
    0x1DA8, 0x0000,
    0x1D72, 0x0000,
    0x1D74, 0x0000,
    0x1D82, 0x0000,
    0x1D84, 0x0000,
    0x1D92, 0x0000,
    0x1D94, 0x0000,
    0x1DA2, 0x0000,
    0x1DA4, 0x0000,
    0x1D76, 0x0000,
    0x1D78, 0x0000,
    0x1D86, 0x0000,
    0x1D88, 0x0000,
    0x1E16, 0x1900,
    0x1E18, 0x1900,
    0x1E26, 0x1900,
    0x1E28, 0x1900,
    0x1DF2, 0x1700,
    0x1DF4, 0x1700,
    0x1E02, 0x1700,
    0x1E04, 0x1700,
    0x1E12, 0x1900,
    0x1E14, 0x1900,
    0x1E22, 0x1900,
    0x1E24, 0x1900,
    0x1DF6, 0x1700,
    0x1DF8, 0x1700,
    0x1E06, 0x1700,
    0x1E08, 0x1700,
    0xFCFC, 0x2000,
    0x82BA, 0x3300,
    0x82A2, 0x1400,
    0xFCFC, 0x2001,
    0x427C, 0x2000,
    0x4280, 0x1000,
    0x4362, 0x0100,
    0x43AA, 0x0000,
    0x43AC, 0x0000,
    0x43C6, 0x0114,
    0x43B4, 0x0000,
    0x43B6, 0x0000,
    0x4396, 0x0B00,
    0x4398, 0x0B00,
    0x437E, 0xE400,
    0xFCFC, 0x2000,
    0xB322, 0x0101,
    0xB324, 0x0100,
    0xB330, 0x2828,
    0xB34A, 0x2828,
    0xB360, 0x2828,
    0xFCFC, 0x2001,
    0x4292, 0x0000,
    0x4364, 0x0000,
    0x4366, 0x0000,
    0x4370, 0x0000,
    0x4290, 0x0100,
    0xFCFC, 0x2002,
    0x84C4, 0x012D,
    0x84A4, 0x0000,
    0xFCFC, 0x2000,
    0xD684, 0x80F3,
    0xB268, 0x80F3,
    0xF09A, 0x00FF,
    0xF2E0, 0x0000,
    0xF372, 0x0000,
    0xF0AA, 0xFFFF,
    0xF0AC, 0xFFFF,
    0xF2EA, 0x4000,
    0xDADA, 0x0001,
    0xDB3C, 0xD2FD,
    0xDADC, 0x0000,
    0xDB0C, 0x1F1F,
    0xDB3E, 0x12D2,
    0xDADE, 0x0000,
    0xDB0E, 0x0080,
    0xDB40, 0x12D2,
    0xDAE0, 0xA000,
    0xDB10, 0x0040,
    0xDB42, 0x12D2,
    0xDAE2, 0x0001,
    0xDB12, 0x0020,
    0xDB44, 0x12D2,
    0xDAE4, 0x0005,
    0xDB14, 0x0040,
    0xDB46, 0x12D2,
    0xDAE6, 0x4011,
    0xDB16, 0x0060,
    0xDBCC, 0x0000,
    0xDB6C, 0x0000,
    0xDB9C, 0x0000,
    0xDBCE, 0x0000,
    0xDB6E, 0x0000,
    0xDB9E, 0x0000,
    0xDBD0, 0x0000,
    0xDB70, 0x0000,
    0xDBA0, 0x0000,
    0xDBD2, 0x0000,
    0xDB72, 0x0000,
    0xDBA2, 0x0000,
    0xDBD4, 0x0000,
    0xDB74, 0x0000,
    0xDBA4, 0x0000,
    0xDBD6, 0x0000,
    0xDB76, 0x0000,
    0xDBA6, 0x0000,
    0xF370, 0x0203,
    0xF3E4, 0x0301,
    0xF3F4, 0xC800,
    0xF3F6, 0xD610,
    0xF014, 0x0700,
    0xB270, 0x8708,
    0xB266, 0xC004,
    0xD682, 0xC004,
    0xBF16, 0x0BAA,
    0xF698, 0x0101,
    0xDC8C, 0x3F0B,
    0xFCFC, 0x4000,
    0x0808, 0x0201,
    0x0E00, 0x0003,
};

/* not use 05_OceanChangjiang_UW_JN5_Fdsum_4096x3072_30.1fps_3056Mbps */
static u16 hhuwide_custom10_setting[] = {
    0xFCFC, 0x4000,
    0x6170, 0xFFFF,
    0x6180, 0x0000,
    0x6190, 0x0000,
    0x6200, 0xFFFF,
    0x6202, 0xFFFF,
    0x6204, 0x0000,
    0x6206, 0x0000,
    0x6208, 0x0000,
    0xA100, 0xFFFF,
    0xA102, 0x0000,
    0xA104, 0x0000,
    0xFCFC, 0x4001,
    0x0100, 0xFFFF,
    0x0102, 0xFFFF,
    0x0104, 0x0000,
    0x0106, 0x0000,
    0x0108, 0x0000,
    0xFCFC, 0x4000,
    0x8100, 0xFFFF,
    0x8104, 0x0000,
    0x8108, 0x0000,
    0x0B30, 0x01FF,
    0xFCFC, 0x2000,
    0x7806, 0x0001,
    0x7808, 0x2408,
    0xFCFC, 0x4000,
    0x0344, 0x0000,
    0x0348, 0x201F,
    0x0346, 0x0000,
    0x034A, 0x181F,
    0x034C, 0x1000,
    0x034E, 0x0C00,
    0x0350, 0x0008,
    0x0352, 0x0008,
    0x0340, 0x1908,
    0x0342, 0x12B0,
    0x0136, 0x1800,
    0x013E, 0x0000,
    0x0304, 0x0003,
    0x0306, 0x00E6,
    0x030C, 0x0000,
    0x030E, 0x0003,
    0x0310, 0x00B2,
    0x0312, 0x0000,
    0x031A, 0x0003,
    0x031C, 0x0028,
    0x031E, 0x0002,
    0x0202, 0x0014,
    0x0226, 0x0014,
    0x022C, 0x0014,
    0x0702, 0x0000,
    0x0704, 0x0000,
    0x0114, 0x0301,
    0x0118, 0x0004,
    0x011A, 0x0001,
    0x011C, 0x0100,
    0xFCFC, 0x2000,
    0xB176, 0x0602,
    0xB178, 0x0000,
    0x7996, 0x0101,
    0x7994, 0x2020,
    0xFCFC, 0x4000,
    0x0900, 0x2222,
    0x0380, 0x0002,
    0x0382, 0x0002,
    0x0384, 0x0002,
    0x0386, 0x0002,
    0x040C, 0x0000,
    0x0400, 0x1010,
    0x0408, 0x0100,
    0x040A, 0x0100,
    0xFCFC, 0x2000,
    0xD1F6, 0x3A00,
    0xD20C, 0x0908,
    0xD314, 0x2002,
    0xD27A, 0x0500,
    0xD3F0, 0xB01C,
    0xD410, 0x4802,
    0xD426, 0xD204,
    0xD43C, 0x0140,
    0xD412, 0xD204,
    0xD428, 0xEA0A,
    0xD43E, 0x0140,
    0xFCFC, 0x4000,
    0x0260, 0x0101,
    0x0262, 0x0000,
    0x0264, 0x0306,
    0x0266, 0x0700,
    0x0112, 0x0A0A,
    0x0270, 0x2B2B,
    0x0272, 0x2B10,
    0x0274, 0x302B,
    0xFCFC, 0x2001,
    0x44C6, 0x0000,
    0xFCFC, 0x4000,
    0x0B02, 0x0102,
    0x0720, 0x0001,
    0x0722, 0x0800,
    0x0724, 0x0000,
    0x0728, 0x0000,
    0x072A, 0x0000,
    0x072C, 0x0000,
    0x072E, 0x0000,
    0xFCFC, 0x2001,
    0x3132, 0x0200,
    0xFCFC, 0x4000,
    0x021E, 0x0000,
    0x0228, 0x0100,
    0xFCFC, 0x2001,
    0x31D0, 0x0000,
    0x5A70, 0x0000,
    0xFCFC, 0x2000,
    0xDC94, 0x0103,
    0xEF80, 0x0000,
    0x23F0, 0x0001,
    0xF288, 0x0000,
    0xFCFC, 0x2001,
    0x2A30, 0x01FF,
    0x4270, 0x0000,
    0x29BA, 0x2000,
    0x29A8, 0x0100,
    0xFCFC, 0x4000,
    0x0B04, 0x0001,
    0x0B06, 0x0101,
    0x0B08, 0x0100,
    0x0B0A, 0x0101,
    0x0B0C, 0x0100,
    0xFCFC, 0x2000,
    0xC4E0, 0x0100,
    0xC4F6, 0x0000,
    0xC4E2, 0x0000,
    0xC53C, 0x0500,
    0xC544, 0x0005,
    0xC53E, 0x0000,
    0xB23C, 0x6060,
    0xB242, 0x6060,
    0xC554, 0x0010,
    0xC556, 0x0000,
    0xFCFC, 0x2001,
    0x2920, 0x0100,
    0x31F8, 0x0000,
    0x31FA, 0x0000,
    0xFCFC, 0x2000,
    0xD856, 0x0507,
    0xD6D4, 0x0000,
    0x799A, 0x0000,
    0xD8A2, 0x0100,
    0xFCFC, 0x4000,
    0x020A, 0x0000,
    0xFCFC, 0x2000,
    0x78C0, 0x0101,
    0x22C2, 0x0600,
    0x22C4, 0xFF1F,
    0x22EC, 0x1F00,
    0x2306, 0xFF3F,
    0x2314, 0xFF00,
    0x2354, 0x0300,
    0xFCFC, 0x4000,
    0x0936, 0x0000,
    0x0C40, 0x0000,
    0xFCFC, 0x2000,
    0x68DE, 0x0000,
    0xFCFC, 0x2001,
    0x2540, 0x0200,
    0x25E0, 0x0100,
    0x25E2, 0x0000,
    0xFCFC, 0x2000,
    0xD718, 0x0002,
    0xBF30, 0x0000,
    0xFCFC, 0x2001,
    0x3C42, 0x0000,
    0x3C46, 0xEB05,
    0x3C52, 0x4006,
    0xFCFC, 0x2000,
    0xD326, 0x0110,
    0xD3EC, 0xB01C,
    0xFCFC, 0x2001,
    0x195E, 0x0100,
    0x1966, 0x0000,
    0xFCFC, 0x4000,
    0x0086, 0x1400,
    0xFCFC, 0x2000,
    0xE980, 0x9E04,
    0xC4D8, 0x2000,
    0x795A, 0x2000,
    0x7970, 0x2000,
    0xFCFC, 0x2002,
    0x849E, 0x0000,
    0x84A0, 0x0000,
    0x84A2, 0x0005,
    0xFCFC, 0x2001,
    0x2BB2, 0x1000,
    0x2D32, 0x0010,
    0xFCFC, 0x2000,
    0x703C, 0x0101,
    0x7046, 0x7F02,
    0x7058, 0x8002,
    0x71D4, 0x3F00,
    0x71D6, 0x3D00,
    0x71D8, 0x84F3,
    0x71DA, 0x0040,
    0x7048, 0x1F02,
    0x705A, 0x2002,
    0x7274, 0x0B00,
    0x7276, 0x0B00,
    0x7278, 0x36D2,
    0x727A, 0x0040,
    0x727C, 0x0000,
    0x727E, 0x0000,
    0x7280, 0x0000,
    0x7282, 0x0000,
    0x703E, 0x0100,
    0x704A, 0x000A,
    0x705C, 0x010A,
    0x7314, 0x2E00,
    0x7316, 0x3000,
    0x7318, 0x9EFD,
    0x731A, 0x0040,
    0xBEDC, 0xC526,
    0xBEDE, 0x903E,
    0xBEE0, 0xC00F,
    0xBEE2, 0x0008,
    0xBEE4, 0x0C00,
    0xBEE6, 0x8000,
    0xFCFC, 0x2001,
    0x2A54, 0x0000,
    0x2A56, 0x0400,
    0x2A42, 0x0100,
    0x2A44, 0x3907,
    0x2A46, 0x0000,
    0xFCFC, 0x2000,
    0xD704, 0x0278,
    0x7A0E, 0x0F00,
    0x7A6E, 0x1900,
    0x7A86, 0x1900,
    0x8C9E, 0x3500,
    0x8CCE, 0x9600,
    0x7A10, 0x0F00,
    0x7A70, 0x1900,
    0x7A88, 0x1900,
    0x8CA0, 0x3500,
    0x8CD0, 0x9600,
    0xB224, 0x0103,
    0xB226, 0x0000,
    0xB220, 0x0103,
    0x7A12, 0x0F00,
    0x7A72, 0x1900,
    0x7A8A, 0x1900,
    0x8CA2, 0x7000,
    0x8CD2, 0xBE00,
    0x7EE6, 0x2C00,
    0x7EF2, 0x2C00,
    0x7EFE, 0x6400,
    0x7F0A, 0x5800,
    0x8D0E, 0x0000,
    0x9032, 0x0000,
    0x903E, 0x0000,
    0x7A14, 0x0F00,
    0x7A74, 0x1900,
    0x7A8C, 0x1900,
    0x8CA4, 0x3500,
    0x7F0E, 0x5800,
    0x8CD6, 0x9600,
    0x7BDA, 0x4C00,
    0xD49C, 0x2100,
    0xD4D0, 0x0A00,
    0xD4A8, 0x0000,
    0xD4D6, 0x1A00,
    0xD4E2, 0x3200,
    0xD4BC, 0x3F00,
    0xD4B0, 0x7003,
    0xD4C8, 0x0100,
    0xD624, 0x0000,
    0xD62E, 0x0000,
    0xD638, 0x0000,
    0xD4EA, 0x0100,
    0xD554, 0xC400,
    0xD556, 0xFA00,
    0xD560, 0x5203,
    0xD562, 0x8803,
    0xD4DA, 0x0000,
    0xD4E6, 0x0100,
    0xD4C0, 0x1400,
    0xD4B4, 0x0100,
    0xD4CC, 0x0000,
    0xD5BC, 0x0000,
    0xD5BE, 0x0000,
    0xD5C8, 0x0000,
    0xD5CA, 0x0000,
    0xD4D2, 0x0000,
    0xD4DE, 0x0100,
    0xD4B8, 0x1400,
    0xD4AC, 0x0100,
    0xD4C4, 0x0000,
    0xD4EC, 0x0000,
    0xD4EE, 0x0000,
    0xD4F8, 0x0000,
    0xD4FA, 0x0000,
    0xBF78, 0x5333,
    0xD896, 0x0000,
    0xFCFC, 0x2001,
    0x1C24, 0x0002,
    0x1C26, 0x8001,
    0x1C28, 0x8004,
    0x1C2A, 0x2010,
    0x1C2C, 0x2010,
    0x1C2E, 0x0005,
    0x1C30, 0x00A0,
    0x1C32, 0x2810,
    0x1C34, 0x2810,
    0x1C4E, 0x8001,
    0x1C50, 0x8004,
    0x1C52, 0x0010,
    0x1C54, 0x0010,
    0x1C56, 0x0005,
    0x1C58, 0x00A0,
    0x1C5A, 0x2810,
    0x1C5C, 0x2810,
    0x1C5E, 0x0000,
    0x1C60, 0x0000,
    0x1C62, 0x0000,
    0x1C64, 0x0000,
    0x1C66, 0x0000,
    0x1C68, 0x0000,
    0x1C6A, 0x0000,
    0x1C6C, 0x0000,
    0x1C76, 0x8001,
    0x1C78, 0x8004,
    0x1C7A, 0x2010,
    0x1C7C, 0x2010,
    0x1C7E, 0x0005,
    0x1C80, 0x00A0,
    0x1C82, 0x2810,
    0x1C84, 0x2810,
    0x1C86, 0x0000,
    0x1C88, 0x0000,
    0x1C8A, 0x0000,
    0x1C8C, 0x0000,
    0x1C8E, 0x0000,
    0x1C90, 0x0000,
    0x1C92, 0x0000,
    0x1C94, 0x0000,
    0x1C9E, 0x8001,
    0x1CA0, 0x8004,
    0x1CA2, 0x2010,
    0x1CA4, 0x2010,
    0x1CA6, 0x0005,
    0x1CA8, 0x00A0,
    0x1CAA, 0x2810,
    0x1CAC, 0x2810,
    0x1CC6, 0x8001,
    0x1CC8, 0x8004,
    0x1CCA, 0x2010,
    0x1CCC, 0x2010,
    0x1CCE, 0x0005,
    0x1CD0, 0x00A0,
    0x1CD2, 0x2810,
    0x1CD4, 0x2810,
    0x1CEE, 0x8001,
    0x1CF0, 0x8004,
    0x1CF2, 0x0010,
    0x1CF4, 0x0010,
    0x1CF6, 0x0005,
    0x1CF8, 0x00A0,
    0x1CFA, 0x2810,
    0x1CFC, 0x2810,
    0x1CFE, 0x0000,
    0x1D00, 0x0000,
    0x1D02, 0x0000,
    0x1D04, 0x0000,
    0x1D06, 0x0000,
    0x1D08, 0x0000,
    0x1D0A, 0x0000,
    0x1D0C, 0x0000,
    0x1D16, 0x8001,
    0x1D18, 0x8004,
    0x1D1A, 0x2010,
    0x1D1C, 0x2010,
    0x1D1E, 0x0005,
    0x1D20, 0x00A0,
    0x1D22, 0x2810,
    0x1D24, 0x2810,
    0x1D26, 0x0000,
    0x1D28, 0x0000,
    0x1D2A, 0x0000,
    0x1D2C, 0x0000,
    0x1D2E, 0x0000,
    0x1D30, 0x0000,
    0x1D32, 0x0000,
    0x1D34, 0x0000,
    0x1D3E, 0x8001,
    0x1D40, 0x8004,
    0x1D42, 0x2010,
    0x1D44, 0x2010,
    0x1D46, 0x0005,
    0x1D48, 0x00A0,
    0x1D4A, 0x2810,
    0x1D4C, 0x2810,
    0xFCFC, 0x2000,
    0xB21E, 0x0000,
    0xB222, 0xC000,
    0xB20C, 0x2E00,
    0xB21A, 0x0402,
    0xB378, 0x0100,
    0xDD70, 0x0000,
    0xDE38, 0x0000,
    0xFCFC, 0x2002,
    0xA574, 0x0155,
    0xA59C, 0xA2FD,
    0xA59E, 0xFEFE,
    0xA576, 0x4000,
    0xA588, 0x0E00,
    0xA578, 0x8000,
    0xA58A, 0x2000,
    0xA57A, 0xA000,
    0xA58C, 0x2800,
    0xA57C, 0x4001,
    0xA58E, 0x1400,
    0xA57E, 0x8002,
    0xA590, 0x2200,
    0xA580, 0x0005,
    0xA592, 0x2800,
    0xA582, 0x000A,
    0xA594, 0x2C00,
    0xA584, 0xA00F,
    0xA596, 0x2E00,
    0xA586, 0x4011,
    0xA598, 0x3200,
    0xA59A, 0x3500,
    0xA548, 0x00EA,
    0xA570, 0x0000,
    0xA54A, 0x0000,
    0xA54C, 0x0000,
    0xA54E, 0x0000,
    0xA550, 0x0000,
    0xA552, 0x0000,
    0xA554, 0x0000,
    0xA556, 0x0000,
    0xA55C, 0x0000,
    0xA55E, 0x0000,
    0xA560, 0x0000,
    0xA562, 0x0000,
    0xA564, 0x0000,
    0xA566, 0x0000,
    0xA568, 0x0000,
    0xA56A, 0x0000,
    0xFCFC, 0x2001,
    0x1D96, 0x0000,
    0x1D98, 0x0000,
    0x1DA6, 0x0000,
    0x1DA8, 0x0000,
    0x1D72, 0x0000,
    0x1D74, 0x0000,
    0x1D82, 0x0000,
    0x1D84, 0x0000,
    0x1D92, 0x0000,
    0x1D94, 0x0000,
    0x1DA2, 0x0000,
    0x1DA4, 0x0000,
    0x1D76, 0x0000,
    0x1D78, 0x0000,
    0x1D86, 0x0000,
    0x1D88, 0x0000,
    0x1E16, 0x1900,
    0x1E18, 0x1900,
    0x1E26, 0x1900,
    0x1E28, 0x1900,
    0x1DF2, 0x1700,
    0x1DF4, 0x1700,
    0x1E02, 0x1700,
    0x1E04, 0x1700,
    0x1E12, 0x1900,
    0x1E14, 0x1900,
    0x1E22, 0x1900,
    0x1E24, 0x1900,
    0x1DF6, 0x1700,
    0x1DF8, 0x1700,
    0x1E06, 0x1700,
    0x1E08, 0x1700,
    0xFCFC, 0x2000,
    0x82BA, 0x3300,
    0x82A2, 0x1400,
    0xFCFC, 0x2001,
    0x427C, 0x2000,
    0x4280, 0x1000,
    0x4362, 0x0100,
    0x43AA, 0x0000,
    0x43AC, 0x0000,
    0x43C6, 0x0114,
    0x43B4, 0x0000,
    0x43B6, 0x0000,
    0x4396, 0x0B00,
    0x4398, 0x0B00,
    0x437E, 0xE400,
    0xFCFC, 0x2000,
    0xB322, 0x0101,
    0xB324, 0x0100,
    0xB330, 0x2828,
    0xB34A, 0x2828,
    0xB360, 0x2828,
    0xFCFC, 0x2001,
    0x4292, 0x0000,
    0x4364, 0x0000,
    0x4366, 0x0000,
    0x4370, 0x0000,
    0x4290, 0x0100,
    0xFCFC, 0x2002,
    0x84C4, 0x012D,
    0x84A4, 0x0000,
    0xFCFC, 0x2000,
    0xD684, 0x80F3,
    0xB268, 0x80F3,
    0xF09A, 0x00FF,
    0xF2E0, 0x0000,
    0xF372, 0x0000,
    0xF0AA, 0xFFFF,
    0xF0AC, 0xFFFF,
    0xF2EA, 0x4000,
    0xDADA, 0x0001,
    0xDB3C, 0xD2FD,
    0xDADC, 0x0000,
    0xDB0C, 0x1F1F,
    0xDB3E, 0x12D2,
    0xDADE, 0x0000,
    0xDB0E, 0x0080,
    0xDB40, 0x12D2,
    0xDAE0, 0xA000,
    0xDB10, 0x0040,
    0xDB42, 0x12D2,
    0xDAE2, 0x0001,
    0xDB12, 0x0020,
    0xDB44, 0x12D2,
    0xDAE4, 0x0005,
    0xDB14, 0x0040,
    0xDB46, 0x12D2,
    0xDAE6, 0x4011,
    0xDB16, 0x0060,
    0xDBCC, 0x0000,
    0xDB6C, 0x0000,
    0xDB9C, 0x0000,
    0xDBCE, 0x0000,
    0xDB6E, 0x0000,
    0xDB9E, 0x0000,
    0xDBD0, 0x0000,
    0xDB70, 0x0000,
    0xDBA0, 0x0000,
    0xDBD2, 0x0000,
    0xDB72, 0x0000,
    0xDBA2, 0x0000,
    0xDBD4, 0x0000,
    0xDB74, 0x0000,
    0xDBA4, 0x0000,
    0xDBD6, 0x0000,
    0xDB76, 0x0000,
    0xDBA6, 0x0000,
    0xF370, 0x0203,
    0xF3E4, 0x0301,
    0xF3F4, 0xC800,
    0xF3F6, 0xD610,
    0xF014, 0x0700,
    0xB270, 0x8708,
    0xB266, 0xC004,
    0xD682, 0xC004,
    0xBF16, 0x0BAA,
    0xF698, 0x0101,
    0xDC8C, 0x3F0B,
    0xFCFC, 0x4000,
    0x0808, 0x0201,
    0x0E00, 0x0003,
};

/* not use 05_OceanChangjiang_UW_JN5_Fdsum_4096x3072_30.1fps_3056Mbps */
static u16 hhuwide_custom11_setting[] = {
    0xFCFC, 0x4000,
    0x6170, 0xFFFF,
    0x6180, 0x0000,
    0x6190, 0x0000,
    0x6200, 0xFFFF,
    0x6202, 0xFFFF,
    0x6204, 0x0000,
    0x6206, 0x0000,
    0x6208, 0x0000,
    0xA100, 0xFFFF,
    0xA102, 0x0000,
    0xA104, 0x0000,
    0xFCFC, 0x4001,
    0x0100, 0xFFFF,
    0x0102, 0xFFFF,
    0x0104, 0x0000,
    0x0106, 0x0000,
    0x0108, 0x0000,
    0xFCFC, 0x4000,
    0x8100, 0xFFFF,
    0x8104, 0x0000,
    0x8108, 0x0000,
    0x0B30, 0x01FF,
    0xFCFC, 0x2000,
    0x7806, 0x0001,
    0x7808, 0x2408,
    0xFCFC, 0x4000,
    0x0344, 0x0000,
    0x0348, 0x201F,
    0x0346, 0x0000,
    0x034A, 0x181F,
    0x034C, 0x1000,
    0x034E, 0x0C00,
    0x0350, 0x0008,
    0x0352, 0x0008,
    0x0340, 0x1908,
    0x0342, 0x12B0,
    0x0136, 0x1800,
    0x013E, 0x0000,
    0x0304, 0x0003,
    0x0306, 0x00E6,
    0x030C, 0x0000,
    0x030E, 0x0003,
    0x0310, 0x00B2,
    0x0312, 0x0000,
    0x031A, 0x0003,
    0x031C, 0x0028,
    0x031E, 0x0002,
    0x0202, 0x0014,
    0x0226, 0x0014,
    0x022C, 0x0014,
    0x0702, 0x0000,
    0x0704, 0x0000,
    0x0114, 0x0301,
    0x0118, 0x0004,
    0x011A, 0x0001,
    0x011C, 0x0100,
    0xFCFC, 0x2000,
    0xB176, 0x0602,
    0xB178, 0x0000,
    0x7996, 0x0101,
    0x7994, 0x2020,
    0xFCFC, 0x4000,
    0x0900, 0x2222,
    0x0380, 0x0002,
    0x0382, 0x0002,
    0x0384, 0x0002,
    0x0386, 0x0002,
    0x040C, 0x0000,
    0x0400, 0x1010,
    0x0408, 0x0100,
    0x040A, 0x0100,
    0xFCFC, 0x2000,
    0xD1F6, 0x3A00,
    0xD20C, 0x0908,
    0xD314, 0x2002,
    0xD27A, 0x0500,
    0xD3F0, 0xB01C,
    0xD410, 0x4802,
    0xD426, 0xD204,
    0xD43C, 0x0140,
    0xD412, 0xD204,
    0xD428, 0xEA0A,
    0xD43E, 0x0140,
    0xFCFC, 0x4000,
    0x0260, 0x0101,
    0x0262, 0x0000,
    0x0264, 0x0306,
    0x0266, 0x0700,
    0x0112, 0x0A0A,
    0x0270, 0x2B2B,
    0x0272, 0x2B10,
    0x0274, 0x302B,
    0xFCFC, 0x2001,
    0x44C6, 0x0000,
    0xFCFC, 0x4000,
    0x0B02, 0x0102,
    0x0720, 0x0001,
    0x0722, 0x0800,
    0x0724, 0x0000,
    0x0728, 0x0000,
    0x072A, 0x0000,
    0x072C, 0x0000,
    0x072E, 0x0000,
    0xFCFC, 0x2001,
    0x3132, 0x0200,
    0xFCFC, 0x4000,
    0x021E, 0x0000,
    0x0228, 0x0100,
    0xFCFC, 0x2001,
    0x31D0, 0x0000,
    0x5A70, 0x0000,
    0xFCFC, 0x2000,
    0xDC94, 0x0103,
    0xEF80, 0x0000,
    0x23F0, 0x0001,
    0xF288, 0x0000,
    0xFCFC, 0x2001,
    0x2A30, 0x01FF,
    0x4270, 0x0000,
    0x29BA, 0x2000,
    0x29A8, 0x0100,
    0xFCFC, 0x4000,
    0x0B04, 0x0001,
    0x0B06, 0x0101,
    0x0B08, 0x0100,
    0x0B0A, 0x0101,
    0x0B0C, 0x0100,
    0xFCFC, 0x2000,
    0xC4E0, 0x0100,
    0xC4F6, 0x0000,
    0xC4E2, 0x0000,
    0xC53C, 0x0500,
    0xC544, 0x0005,
    0xC53E, 0x0000,
    0xB23C, 0x6060,
    0xB242, 0x6060,
    0xC554, 0x0010,
    0xC556, 0x0000,
    0xFCFC, 0x2001,
    0x2920, 0x0100,
    0x31F8, 0x0000,
    0x31FA, 0x0000,
    0xFCFC, 0x2000,
    0xD856, 0x0507,
    0xD6D4, 0x0000,
    0x799A, 0x0000,
    0xD8A2, 0x0100,
    0xFCFC, 0x4000,
    0x020A, 0x0000,
    0xFCFC, 0x2000,
    0x78C0, 0x0101,
    0x22C2, 0x0600,
    0x22C4, 0xFF1F,
    0x22EC, 0x1F00,
    0x2306, 0xFF3F,
    0x2314, 0xFF00,
    0x2354, 0x0300,
    0xFCFC, 0x4000,
    0x0936, 0x0000,
    0x0C40, 0x0000,
    0xFCFC, 0x2000,
    0x68DE, 0x0000,
    0xFCFC, 0x2001,
    0x2540, 0x0200,
    0x25E0, 0x0100,
    0x25E2, 0x0000,
    0xFCFC, 0x2000,
    0xD718, 0x0002,
    0xBF30, 0x0000,
    0xFCFC, 0x2001,
    0x3C42, 0x0000,
    0x3C46, 0xEB05,
    0x3C52, 0x4006,
    0xFCFC, 0x2000,
    0xD326, 0x0110,
    0xD3EC, 0xB01C,
    0xFCFC, 0x2001,
    0x195E, 0x0100,
    0x1966, 0x0000,
    0xFCFC, 0x4000,
    0x0086, 0x1400,
    0xFCFC, 0x2000,
    0xE980, 0x9E04,
    0xC4D8, 0x2000,
    0x795A, 0x2000,
    0x7970, 0x2000,
    0xFCFC, 0x2002,
    0x849E, 0x0000,
    0x84A0, 0x0000,
    0x84A2, 0x0005,
    0xFCFC, 0x2001,
    0x2BB2, 0x1000,
    0x2D32, 0x0010,
    0xFCFC, 0x2000,
    0x703C, 0x0101,
    0x7046, 0x7F02,
    0x7058, 0x8002,
    0x71D4, 0x3F00,
    0x71D6, 0x3D00,
    0x71D8, 0x84F3,
    0x71DA, 0x0040,
    0x7048, 0x1F02,
    0x705A, 0x2002,
    0x7274, 0x0B00,
    0x7276, 0x0B00,
    0x7278, 0x36D2,
    0x727A, 0x0040,
    0x727C, 0x0000,
    0x727E, 0x0000,
    0x7280, 0x0000,
    0x7282, 0x0000,
    0x703E, 0x0100,
    0x704A, 0x000A,
    0x705C, 0x010A,
    0x7314, 0x2E00,
    0x7316, 0x3000,
    0x7318, 0x9EFD,
    0x731A, 0x0040,
    0xBEDC, 0xC526,
    0xBEDE, 0x903E,
    0xBEE0, 0xC00F,
    0xBEE2, 0x0008,
    0xBEE4, 0x0C00,
    0xBEE6, 0x8000,
    0xFCFC, 0x2001,
    0x2A54, 0x0000,
    0x2A56, 0x0400,
    0x2A42, 0x0100,
    0x2A44, 0x3907,
    0x2A46, 0x0000,
    0xFCFC, 0x2000,
    0xD704, 0x0278,
    0x7A0E, 0x0F00,
    0x7A6E, 0x1900,
    0x7A86, 0x1900,
    0x8C9E, 0x3500,
    0x8CCE, 0x9600,
    0x7A10, 0x0F00,
    0x7A70, 0x1900,
    0x7A88, 0x1900,
    0x8CA0, 0x3500,
    0x8CD0, 0x9600,
    0xB224, 0x0103,
    0xB226, 0x0000,
    0xB220, 0x0103,
    0x7A12, 0x0F00,
    0x7A72, 0x1900,
    0x7A8A, 0x1900,
    0x8CA2, 0x7000,
    0x8CD2, 0xBE00,
    0x7EE6, 0x2C00,
    0x7EF2, 0x2C00,
    0x7EFE, 0x6400,
    0x7F0A, 0x5800,
    0x8D0E, 0x0000,
    0x9032, 0x0000,
    0x903E, 0x0000,
    0x7A14, 0x0F00,
    0x7A74, 0x1900,
    0x7A8C, 0x1900,
    0x8CA4, 0x3500,
    0x7F0E, 0x5800,
    0x8CD6, 0x9600,
    0x7BDA, 0x4C00,
    0xD49C, 0x2100,
    0xD4D0, 0x0A00,
    0xD4A8, 0x0000,
    0xD4D6, 0x1A00,
    0xD4E2, 0x3200,
    0xD4BC, 0x3F00,
    0xD4B0, 0x7003,
    0xD4C8, 0x0100,
    0xD624, 0x0000,
    0xD62E, 0x0000,
    0xD638, 0x0000,
    0xD4EA, 0x0100,
    0xD554, 0xC400,
    0xD556, 0xFA00,
    0xD560, 0x5203,
    0xD562, 0x8803,
    0xD4DA, 0x0000,
    0xD4E6, 0x0100,
    0xD4C0, 0x1400,
    0xD4B4, 0x0100,
    0xD4CC, 0x0000,
    0xD5BC, 0x0000,
    0xD5BE, 0x0000,
    0xD5C8, 0x0000,
    0xD5CA, 0x0000,
    0xD4D2, 0x0000,
    0xD4DE, 0x0100,
    0xD4B8, 0x1400,
    0xD4AC, 0x0100,
    0xD4C4, 0x0000,
    0xD4EC, 0x0000,
    0xD4EE, 0x0000,
    0xD4F8, 0x0000,
    0xD4FA, 0x0000,
    0xBF78, 0x5333,
    0xD896, 0x0000,
    0xFCFC, 0x2001,
    0x1C24, 0x0002,
    0x1C26, 0x8001,
    0x1C28, 0x8004,
    0x1C2A, 0x2010,
    0x1C2C, 0x2010,
    0x1C2E, 0x0005,
    0x1C30, 0x00A0,
    0x1C32, 0x2810,
    0x1C34, 0x2810,
    0x1C4E, 0x8001,
    0x1C50, 0x8004,
    0x1C52, 0x0010,
    0x1C54, 0x0010,
    0x1C56, 0x0005,
    0x1C58, 0x00A0,
    0x1C5A, 0x2810,
    0x1C5C, 0x2810,
    0x1C5E, 0x0000,
    0x1C60, 0x0000,
    0x1C62, 0x0000,
    0x1C64, 0x0000,
    0x1C66, 0x0000,
    0x1C68, 0x0000,
    0x1C6A, 0x0000,
    0x1C6C, 0x0000,
    0x1C76, 0x8001,
    0x1C78, 0x8004,
    0x1C7A, 0x2010,
    0x1C7C, 0x2010,
    0x1C7E, 0x0005,
    0x1C80, 0x00A0,
    0x1C82, 0x2810,
    0x1C84, 0x2810,
    0x1C86, 0x0000,
    0x1C88, 0x0000,
    0x1C8A, 0x0000,
    0x1C8C, 0x0000,
    0x1C8E, 0x0000,
    0x1C90, 0x0000,
    0x1C92, 0x0000,
    0x1C94, 0x0000,
    0x1C9E, 0x8001,
    0x1CA0, 0x8004,
    0x1CA2, 0x2010,
    0x1CA4, 0x2010,
    0x1CA6, 0x0005,
    0x1CA8, 0x00A0,
    0x1CAA, 0x2810,
    0x1CAC, 0x2810,
    0x1CC6, 0x8001,
    0x1CC8, 0x8004,
    0x1CCA, 0x2010,
    0x1CCC, 0x2010,
    0x1CCE, 0x0005,
    0x1CD0, 0x00A0,
    0x1CD2, 0x2810,
    0x1CD4, 0x2810,
    0x1CEE, 0x8001,
    0x1CF0, 0x8004,
    0x1CF2, 0x0010,
    0x1CF4, 0x0010,
    0x1CF6, 0x0005,
    0x1CF8, 0x00A0,
    0x1CFA, 0x2810,
    0x1CFC, 0x2810,
    0x1CFE, 0x0000,
    0x1D00, 0x0000,
    0x1D02, 0x0000,
    0x1D04, 0x0000,
    0x1D06, 0x0000,
    0x1D08, 0x0000,
    0x1D0A, 0x0000,
    0x1D0C, 0x0000,
    0x1D16, 0x8001,
    0x1D18, 0x8004,
    0x1D1A, 0x2010,
    0x1D1C, 0x2010,
    0x1D1E, 0x0005,
    0x1D20, 0x00A0,
    0x1D22, 0x2810,
    0x1D24, 0x2810,
    0x1D26, 0x0000,
    0x1D28, 0x0000,
    0x1D2A, 0x0000,
    0x1D2C, 0x0000,
    0x1D2E, 0x0000,
    0x1D30, 0x0000,
    0x1D32, 0x0000,
    0x1D34, 0x0000,
    0x1D3E, 0x8001,
    0x1D40, 0x8004,
    0x1D42, 0x2010,
    0x1D44, 0x2010,
    0x1D46, 0x0005,
    0x1D48, 0x00A0,
    0x1D4A, 0x2810,
    0x1D4C, 0x2810,
    0xFCFC, 0x2000,
    0xB21E, 0x0000,
    0xB222, 0xC000,
    0xB20C, 0x2E00,
    0xB21A, 0x0402,
    0xB378, 0x0100,
    0xDD70, 0x0000,
    0xDE38, 0x0000,
    0xFCFC, 0x2002,
    0xA574, 0x0155,
    0xA59C, 0xA2FD,
    0xA59E, 0xFEFE,
    0xA576, 0x4000,
    0xA588, 0x0E00,
    0xA578, 0x8000,
    0xA58A, 0x2000,
    0xA57A, 0xA000,
    0xA58C, 0x2800,
    0xA57C, 0x4001,
    0xA58E, 0x1400,
    0xA57E, 0x8002,
    0xA590, 0x2200,
    0xA580, 0x0005,
    0xA592, 0x2800,
    0xA582, 0x000A,
    0xA594, 0x2C00,
    0xA584, 0xA00F,
    0xA596, 0x2E00,
    0xA586, 0x4011,
    0xA598, 0x3200,
    0xA59A, 0x3500,
    0xA548, 0x00EA,
    0xA570, 0x0000,
    0xA54A, 0x0000,
    0xA54C, 0x0000,
    0xA54E, 0x0000,
    0xA550, 0x0000,
    0xA552, 0x0000,
    0xA554, 0x0000,
    0xA556, 0x0000,
    0xA55C, 0x0000,
    0xA55E, 0x0000,
    0xA560, 0x0000,
    0xA562, 0x0000,
    0xA564, 0x0000,
    0xA566, 0x0000,
    0xA568, 0x0000,
    0xA56A, 0x0000,
    0xFCFC, 0x2001,
    0x1D96, 0x0000,
    0x1D98, 0x0000,
    0x1DA6, 0x0000,
    0x1DA8, 0x0000,
    0x1D72, 0x0000,
    0x1D74, 0x0000,
    0x1D82, 0x0000,
    0x1D84, 0x0000,
    0x1D92, 0x0000,
    0x1D94, 0x0000,
    0x1DA2, 0x0000,
    0x1DA4, 0x0000,
    0x1D76, 0x0000,
    0x1D78, 0x0000,
    0x1D86, 0x0000,
    0x1D88, 0x0000,
    0x1E16, 0x1900,
    0x1E18, 0x1900,
    0x1E26, 0x1900,
    0x1E28, 0x1900,
    0x1DF2, 0x1700,
    0x1DF4, 0x1700,
    0x1E02, 0x1700,
    0x1E04, 0x1700,
    0x1E12, 0x1900,
    0x1E14, 0x1900,
    0x1E22, 0x1900,
    0x1E24, 0x1900,
    0x1DF6, 0x1700,
    0x1DF8, 0x1700,
    0x1E06, 0x1700,
    0x1E08, 0x1700,
    0xFCFC, 0x2000,
    0x82BA, 0x3300,
    0x82A2, 0x1400,
    0xFCFC, 0x2001,
    0x427C, 0x2000,
    0x4280, 0x1000,
    0x4362, 0x0100,
    0x43AA, 0x0000,
    0x43AC, 0x0000,
    0x43C6, 0x0114,
    0x43B4, 0x0000,
    0x43B6, 0x0000,
    0x4396, 0x0B00,
    0x4398, 0x0B00,
    0x437E, 0xE400,
    0xFCFC, 0x2000,
    0xB322, 0x0101,
    0xB324, 0x0100,
    0xB330, 0x2828,
    0xB34A, 0x2828,
    0xB360, 0x2828,
    0xFCFC, 0x2001,
    0x4292, 0x0000,
    0x4364, 0x0000,
    0x4366, 0x0000,
    0x4370, 0x0000,
    0x4290, 0x0100,
    0xFCFC, 0x2002,
    0x84C4, 0x012D,
    0x84A4, 0x0000,
    0xFCFC, 0x2000,
    0xD684, 0x80F3,
    0xB268, 0x80F3,
    0xF09A, 0x00FF,
    0xF2E0, 0x0000,
    0xF372, 0x0000,
    0xF0AA, 0xFFFF,
    0xF0AC, 0xFFFF,
    0xF2EA, 0x4000,
    0xDADA, 0x0001,
    0xDB3C, 0xD2FD,
    0xDADC, 0x0000,
    0xDB0C, 0x1F1F,
    0xDB3E, 0x12D2,
    0xDADE, 0x0000,
    0xDB0E, 0x0080,
    0xDB40, 0x12D2,
    0xDAE0, 0xA000,
    0xDB10, 0x0040,
    0xDB42, 0x12D2,
    0xDAE2, 0x0001,
    0xDB12, 0x0020,
    0xDB44, 0x12D2,
    0xDAE4, 0x0005,
    0xDB14, 0x0040,
    0xDB46, 0x12D2,
    0xDAE6, 0x4011,
    0xDB16, 0x0060,
    0xDBCC, 0x0000,
    0xDB6C, 0x0000,
    0xDB9C, 0x0000,
    0xDBCE, 0x0000,
    0xDB6E, 0x0000,
    0xDB9E, 0x0000,
    0xDBD0, 0x0000,
    0xDB70, 0x0000,
    0xDBA0, 0x0000,
    0xDBD2, 0x0000,
    0xDB72, 0x0000,
    0xDBA2, 0x0000,
    0xDBD4, 0x0000,
    0xDB74, 0x0000,
    0xDBA4, 0x0000,
    0xDBD6, 0x0000,
    0xDB76, 0x0000,
    0xDBA6, 0x0000,
    0xF370, 0x0203,
    0xF3E4, 0x0301,
    0xF3F4, 0xC800,
    0xF3F6, 0xD610,
    0xF014, 0x0700,
    0xB270, 0x8708,
    0xB266, 0xC004,
    0xD682, 0xC004,
    0xBF16, 0x0BAA,
    0xF698, 0x0101,
    0xDC8C, 0x3F0B,
    0xFCFC, 0x4000,
    0x0808, 0x0201,
    0x0E00, 0x0003,
};

/* 07_OceanChangjiang_UW_JN5_Fdsum_DSG_split_4096x3072_30fps_3056Mbps		
    Mode :	07_OceanChangjiang_UW_JN5_Fdsum_DSG_split	
    Purpose :	Porting	
    PHY	DPHY	
    QPDC	QPDC_Off	
    DBPC	DBPC_Off	
    Qmosaic	QMSC_Off	
    Tail :	On (L/R only)	4096x768
    24	MHz	
    920	MHz	
    3056	Mbps/lane	
    4	lane	
    8224	px	
    6176	px	
    4096	px	
    3072	px	
    30.01	fps	
    Raw10		
    9568	px	
    5472	px	
    3204	line	
    132	line	
    1.37	ms	
    Gr	First	
*/
static u16 hhuwide_custom12_setting[] = {
    0xFCFC, 0x4000,
    0x6170, 0xFFFF,
    0x6180, 0x0000,
    0x6190, 0x0000,
    0x6200, 0xFFFF,
    0x6202, 0xFFFF,
    0x6204, 0x0000,
    0x6206, 0x0000,
    0x6208, 0x0000,
    0xA100, 0xFFFF,
    0xA102, 0x0000,
    0xA104, 0x0000,
    0xFCFC, 0x4001,
    0x0100, 0xFFFF,
    0x0102, 0xFFFF,
    0x0104, 0x0000,
    0x0106, 0x0000,
    0x0108, 0x0000,
    0xFCFC, 0x4000,
    0x8100, 0xFFFF,
    0x8104, 0x0000,
    0x8108, 0x0000,
    0x0B30, 0x01FF,
    0xFCFC, 0x2000,
    0x7806, 0x0101,
    0x7808, 0x3F0C,
    0xFCFC, 0x4000,
    0x0344, 0x0000,
    0x0348, 0x201F,
    0x0346, 0x0000,
    0x034A, 0x181F,
    0x034C, 0x1000,
    0x034E, 0x0C00,
    0x0350, 0x0008,
    0x0352, 0x0008,
    0x0340, 0x0C84,
    0x0342, 0x2560,
    0x0136, 0x1800,
    0x013E, 0x0000,
    0x0304, 0x0003,
    0x0306, 0x00E6,
    0x030C, 0x0000,
    0x030E, 0x0003,
    0x0310, 0x00B2,
    0x0312, 0x0000,
    0x031A, 0x0003,
    0x031C, 0x0028,
    0x031E, 0x0002,
    0x0202, 0x0014,
    0x0226, 0x0014,
    0x022C, 0x0014,
    0x0702, 0x0000,
    0x0704, 0x0000,
    0x0114, 0x0301,
    0x0118, 0x0004,
    0x011A, 0x0001,
    0x011C, 0x0100,
    0xFCFC, 0x2000,
    0xB176, 0x0602,
    0xB178, 0x0000,
    0x7996, 0x0100,
    0x7994, 0x2020,
    0xFCFC, 0x4000,
    0x0900, 0x2222,
    0x0380, 0x0002,
    0x0382, 0x0002,
    0x0384, 0x0002,
    0x0386, 0x0002,
    0x040C, 0x0000,
    0x0400, 0x1010,
    0x0408, 0x0100,
    0x040A, 0x0100,
    0xFCFC, 0x2000,
    0xD1F6, 0x3A00,
    0xD20C, 0x0908,
    0xD314, 0x2002,
    0xD27A, 0x0500,
    0xD3F0, 0xB01C,
    0xD410, 0x4802,
    0xD426, 0xD204,
    0xD43C, 0x0140,
    0xD412, 0xD204,
    0xD428, 0xEA0A,
    0xD43E, 0x0140,
    0xFCFC, 0x4000,
    0x0260, 0x0102,
    0x0262, 0x0000,
    0x0264, 0x0306,
    0x0266, 0x0700,
    0x0112, 0x0A0A,
    0x0270, 0x2B2B,
    0x0272, 0x2B10,
    0x0274, 0x302B,
    0xFCFC, 0x2001,
    0x44C6, 0x0000,
    0xFCFC, 0x4000,
    0x0B02, 0x0102,
    0x0720, 0x0001,
    0x0722, 0x2000,
    0x0724, 0x0000,
    0x0728, 0x0000,
    0x072A, 0x0000,
    0x072C, 0x0000,
    0x072E, 0x0000,
    0xFCFC, 0x2001,
    0x3132, 0x0200,
    0xFCFC, 0x4000,
    0x021E, 0x0600,
    0x0228, 0x0100,
    0xFCFC, 0x2001,
    0x31D0, 0x0000,
    0x5A70, 0x0100,
    0xFCFC, 0x2000,
    0xDC94, 0x0103,
    0xEF80, 0x0000,
    0x23F0, 0x0001,
    0xF288, 0x0000,
    0xFCFC, 0x2001,
    0x2A30, 0x01FF,
    0x4270, 0x0000,
    0x29BA, 0x2000,
    0x29A8, 0x0100,
    0xFCFC, 0x4000,
    0x0B04, 0x0001,
    0x0B06, 0x0101,
    0x0B08, 0x0100,
    0x0B0A, 0x0101,
    0x0B0C, 0x0100,
    0xFCFC, 0x2000,
    0xC4E0, 0x0100,
    0xC4F6, 0x0000,
    0xC4E2, 0x0000,
    0xC53C, 0x0500,
    0xC544, 0x0005,
    0xC53E, 0x0000,
    0xB23C, 0x6060,
    0xB242, 0x6060,
    0xC554, 0x0010,
    0xC556, 0x0000,
    0xFCFC, 0x2001,
    0x2920, 0x0100,
    0x31F8, 0x0000,
    0x31FA, 0x0000,
    0xFCFC, 0x2000,
    0xD856, 0x0507,
    0xD6D4, 0x0000,
    0x799A, 0x0000,
    0xD8A2, 0x0100,
    0xFCFC, 0x4000,
    0x020A, 0x0000,
    0xFCFC, 0x2000,
    0x78C0, 0x0101,
    0x22C2, 0x0600,
    0x22C4, 0xFF1F,
    0x22EC, 0x1F00,
    0x2306, 0xFF3F,
    0x2314, 0xFF00,
    0x2354, 0x0300,
    0xFCFC, 0x4000,
    0x0936, 0x0000,
    0x0C40, 0x0000,
    0xFCFC, 0x2000,
    0x68DE, 0x0000,
    0xFCFC, 0x2001,
    0x2540, 0x0200,
    0x25E0, 0x0100,
    0x25E2, 0x0000,
    0xFCFC, 0x2000,
    0xD718, 0x0002,
    0xBF30, 0x0000,
    0xFCFC, 0x2001,
    0x3C42, 0x0000,
    0x3C46, 0xEB05,
    0x3C52, 0x4006,
    0xFCFC, 0x2000,
    0xD326, 0x0110,
    0xD3EC, 0xB01C,
    0xFCFC, 0x2001,
    0x195E, 0x0101,
    0x1966, 0x0200,
    0xFCFC, 0x4000,
    0x0086, 0x0280,
    0xFCFC, 0x2000,
    0xE980, 0x9E04,
    0xC4D8, 0x1000,
    0x795A, 0x2000,
    0x7970, 0x2000,
    0xFCFC, 0x2002,
    0x849E, 0x0000,
    0x84A0, 0x0000,
    0x84A2, 0x0005,
    0xFCFC, 0x2001,
    0x2BB2, 0x1000,
    0x2D32, 0x0010,
    0xFCFC, 0x2000,
    0x703C, 0x0101,
    0x7046, 0x7F02,
    0x7058, 0x8002,
    0x71D4, 0x3F00,
    0x71D6, 0x3D00,
    0x71D8, 0x84F3,
    0x71DA, 0x0040,
    0x7048, 0x9F00,
    0x705A, 0xA000,
    0x7274, 0x00B0,
    0x7276, 0x0000,
    0x7278, 0x12D2,
    0x727A, 0x0040,
    0x727C, 0x0000,
    0x727E, 0x0000,
    0x7280, 0x0000,
    0x7282, 0x0000,
    0x703E, 0x0000,
    0x704A, 0x0004,
    0x705C, 0x0004,
    0x7314, 0x0000,
    0x7316, 0x0000,
    0x7318, 0x0000,
    0x731A, 0x0000,
    0xBEDC, 0xC526,
    0xBEDE, 0x903E,
    0xBEE0, 0xC00F,
    0xBEE2, 0x0008,
    0xBEE4, 0x0C00,
    0xBEE6, 0x8000,
    0xFCFC, 0x2001,
    0x2A54, 0x0000,
    0x2A56, 0x0400,
    0x2A42, 0x0100,
    0x2A44, 0xAC04,
    0x2A46, 0x0000,
    0xFCFC, 0x2000,
    0xD704, 0x0078,
    0x7A0E, 0x0F00,
    0x7A6E, 0x1900,
    0x7A86, 0x1900,
    0x8C9E, 0x3500,
    0x8CCE, 0x9600,
    0x7A10, 0x0F00,
    0x7A70, 0x1900,
    0x7A88, 0x1900,
    0x8CA0, 0x3500,
    0x8CD0, 0x9600,
    0xB224, 0x0103,
    0xB226, 0x0000,
    0xB220, 0x0103,
    0x7A12, 0x0F00,
    0x7A72, 0x1900,
    0x7A8A, 0x1900,
    0x8CA2, 0x5000,
    0x8CD2, 0xBE00,
    0x7EE6, 0x2C00,
    0x7EF2, 0x2C00,
    0x7EFE, 0x6400,
    0x7F0A, 0x5800,
    0x8D0E, 0x0000,
    0x9032, 0x0000,
    0x903E, 0x0000,
    0x7A14, 0x0F00,
    0x7A74, 0x1900,
    0x7A8C, 0x1900,
    0x8CA4, 0x3500,
    0x7F0E, 0x5800,
    0x8CD6, 0x9600,
    0x7BDA, 0x3C00,
    0xD49C, 0x2100,
    0xD4D0, 0x0A00,
    0xD4A8, 0x0000,
    0xD4D6, 0x1A00,
    0xD4E2, 0x3200,
    0xD4BC, 0x3A00,
    0xD4B0, 0xA802,
    0xD4C8, 0x0100,
    0xD624, 0x0000,
    0xD62E, 0x0000,
    0xD638, 0x0000,
    0xD4EA, 0x0100,
    0xD554, 0xC400,
    0xD556, 0xFA00,
    0xD560, 0x5203,
    0xD562, 0x8803,
    0xD4DA, 0x0000,
    0xD4E6, 0x0100,
    0xD4C0, 0x1400,
    0xD4B4, 0x0100,
    0xD4CC, 0x0000,
    0xD5BC, 0x0000,
    0xD5BE, 0x0000,
    0xD5C8, 0x0000,
    0xD5CA, 0x0000,
    0xD4D2, 0x0000,
    0xD4DE, 0x0100,
    0xD4B8, 0x1400,
    0xD4AC, 0x0100,
    0xD4C4, 0x0000,
    0xD4EC, 0x0000,
    0xD4EE, 0x0000,
    0xD4F8, 0x0000,
    0xD4FA, 0x0000,
    0xBF78, 0x5333,
    0xD896, 0x0000,
    0xFCFC, 0x2001,
    0x1C24, 0x0002,
    0x1C26, 0x8001,
    0x1C28, 0xFF04,
    0x1C2A, 0x2010,
    0x1C2C, 0x5610,
    0x1C2E, 0x0005,
    0x1C30, 0x00A0,
    0x1C32, 0xB610,
    0x1C34, 0x7011,
    0x1C4E, 0x8001,
    0x1C50, 0xFF04,
    0x1C52, 0x2810,
    0x1C54, 0x5110,
    0x1C56, 0x0005,
    0x1C58, 0xFF09,
    0x1C5A, 0x9710,
    0x1C5C, 0xDA10,
    0x1C5E, 0x000A,
    0x1C60, 0x00A0,
    0x1C62, 0xDA10,
    0x1C64, 0x7011,
    0x1C66, 0x0000,
    0x1C68, 0x0000,
    0x1C6A, 0x0000,
    0x1C6C, 0x0000,
    0x1C76, 0x8001,
    0x1C78, 0xFF04,
    0x1C7A, 0x2810,
    0x1C7C, 0x6610,
    0x1C7E, 0x0005,
    0x1C80, 0xFF09,
    0x1C82, 0x7210,
    0x1C84, 0xDD10,
    0x1C86, 0x000A,
    0x1C88, 0x00A0,
    0x1C8A, 0xDD10,
    0x1C8C, 0x7011,
    0x1C8E, 0x0000,
    0x1C90, 0x0000,
    0x1C92, 0x0000,
    0x1C94, 0x0000,
    0x1C9E, 0x8001,
    0x1CA0, 0xFF04,
    0x1CA2, 0x2010,
    0x1CA4, 0x5610,
    0x1CA6, 0x0005,
    0x1CA8, 0x00A0,
    0x1CAA, 0xC410,
    0x1CAC, 0x7011,
    0x1CC6, 0x8001,
    0x1CC8, 0xFF04,
    0x1CCA, 0x2010,
    0x1CCC, 0x5610,
    0x1CCE, 0x0005,
    0x1CD0, 0x00A0,
    0x1CD2, 0xB610,
    0x1CD4, 0x7011,
    0x1CEE, 0x8001,
    0x1CF0, 0xFF04,
    0x1CF2, 0x2810,
    0x1CF4, 0x5110,
    0x1CF6, 0x0005,
    0x1CF8, 0xFF09,
    0x1CFA, 0x9710,
    0x1CFC, 0xDA10,
    0x1CFE, 0x000A,
    0x1D00, 0x00A0,
    0x1D02, 0xDA10,
    0x1D04, 0x7011,
    0x1D06, 0x0000,
    0x1D08, 0x0000,
    0x1D0A, 0x0000,
    0x1D0C, 0x0000,
    0x1D16, 0x8001,
    0x1D18, 0xFF04,
    0x1D1A, 0x2810,
    0x1D1C, 0x6610,
    0x1D1E, 0x0005,
    0x1D20, 0xFF09,
    0x1D22, 0x7210,
    0x1D24, 0xDD10,
    0x1D26, 0x000A,
    0x1D28, 0x00A0,
    0x1D2A, 0xDD10,
    0x1D2C, 0x7011,
    0x1D2E, 0x0000,
    0x1D30, 0x0000,
    0x1D32, 0x0000,
    0x1D34, 0x0000,
    0x1D3E, 0x8001,
    0x1D40, 0xFF04,
    0x1D42, 0x2010,
    0x1D44, 0x5610,
    0x1D46, 0x0005,
    0x1D48, 0x00A0,
    0x1D4A, 0xC410,
    0x1D4C, 0x7011,
    0xFCFC, 0x2000,
    0xB21E, 0x0000,
    0xB222, 0xC000,
    0xB20C, 0x2E00,
    0xB21A, 0x0402,
    0xB378, 0x0100,
    0xDD70, 0x0000,
    0xDE38, 0x0000,
    0xFCFC, 0x2002,
    0xA574, 0x0155,
    0xA59C, 0xA2FD,
    0xA59E, 0xFEFE,
    0xA576, 0x4000,
    0xA588, 0x0E00,
    0xA578, 0x8000,
    0xA58A, 0x2000,
    0xA57A, 0xA000,
    0xA58C, 0x2800,
    0xA57C, 0x4001,
    0xA58E, 0x1400,
    0xA57E, 0x8002,
    0xA590, 0x2200,
    0xA580, 0x0005,
    0xA592, 0x2800,
    0xA582, 0x000A,
    0xA594, 0x2C00,
    0xA584, 0xA00F,
    0xA596, 0x2E00,
    0xA586, 0x4011,
    0xA598, 0x3200,
    0xA59A, 0x3500,
    0xA548, 0x00EA,
    0xA570, 0x0000,
    0xA54A, 0x0000,
    0xA54C, 0x0000,
    0xA54E, 0x0000,
    0xA550, 0x0000,
    0xA552, 0x0000,
    0xA554, 0x0000,
    0xA556, 0x0000,
    0xA55C, 0x0000,
    0xA55E, 0x0000,
    0xA560, 0x0000,
    0xA562, 0x0000,
    0xA564, 0x0000,
    0xA566, 0x0000,
    0xA568, 0x0000,
    0xA56A, 0x0000,
    0xFCFC, 0x2001,
    0x1D96, 0x0000,
    0x1D98, 0x0000,
    0x1DA6, 0x0000,
    0x1DA8, 0x0000,
    0x1D72, 0x0000,
    0x1D74, 0x0000,
    0x1D82, 0x0000,
    0x1D84, 0x0000,
    0x1D92, 0x0000,
    0x1D94, 0x0000,
    0x1DA2, 0x0000,
    0x1DA4, 0x0000,
    0x1D76, 0x0000,
    0x1D78, 0x0000,
    0x1D86, 0x0000,
    0x1D88, 0x0000,
    0x1E16, 0x1000,
    0x1E18, 0x1000,
    0x1E26, 0x1000,
    0x1E28, 0x1000,
    0x1DF2, 0x1000,
    0x1DF4, 0x1000,
    0x1E02, 0x1000,
    0x1E04, 0x1000,
    0x1E12, 0x1000,
    0x1E14, 0x1000,
    0x1E22, 0x1000,
    0x1E24, 0x1000,
    0x1DF6, 0x1000,
    0x1DF8, 0x1000,
    0x1E06, 0x1000,
    0x1E08, 0x1000,
    0xFCFC, 0x2000,
    0x82BA, 0x3300,
    0x82A2, 0x1400,
    0xFCFC, 0x2001,
    0x427C, 0x2000,
    0x4280, 0x1000,
    0x4362, 0x0100,
    0x43AA, 0x0000,
    0x43AC, 0x0000,
    0x43C6, 0x010A,
    0x43B4, 0x0000,
    0x43B6, 0x0000,
    0x4396, 0x0D00,
    0x4398, 0x0E00,
    0x437E, 0xA400,
    0xFCFC, 0x2000,
    0xB322, 0x0101,
    0xB324, 0x0100,
    0xB330, 0x2828,
    0xB34A, 0x2828,
    0xB360, 0x2828,
    0xFCFC, 0x2001,
    0x4292, 0x0000,
    0x4364, 0x0000,
    0x4366, 0x0000,
    0x4370, 0x0000,
    0x4290, 0x0100,
    0xFCFC, 0x2002,
    0x84C4, 0x002D,
    0x84A4, 0x0000,
    0xFCFC, 0x2000,
    0xD684, 0x80E3,
    0xB268, 0x80E3,
    0xF09A, 0x00FF,
    0xF2E0, 0x0000,
    0xF372, 0x0000,
    0xF0AA, 0xFFFF,
    0xF0AC, 0xFFFF,
    0xF2EA, 0x4000,
    0xDADA, 0x0001,
    0xDB3C, 0x36D2,
    0xDADC, 0x0000,
    0xDB0C, 0x0D00,
    0xDB3E, 0x36D2,
    0xDADE, 0xA000,
    0xDB0E, 0x0F00,
    0xDB40, 0x36D2,
    0xDAE0, 0x4001,
    0xDB10, 0x0D00,
    0xDB42, 0x0000,
    0xDAE2, 0x0000,
    0xDB12, 0x0000,
    0xDB44, 0x0000,
    0xDAE4, 0x0000,
    0xDB14, 0x0000,
    0xDB46, 0x0000,
    0xDAE6, 0x0000,
    0xDB16, 0x0000,
    0xDBCC, 0x0000,
    0xDB6C, 0x0000,
    0xDB9C, 0x0000,
    0xDBCE, 0x0000,
    0xDB6E, 0x0000,
    0xDB9E, 0x0000,
    0xDBD0, 0x0000,
    0xDB70, 0x0000,
    0xDBA0, 0x0000,
    0xDBD2, 0x0000,
    0xDB72, 0x0000,
    0xDBA2, 0x0000,
    0xDBD4, 0x0000,
    0xDB74, 0x0000,
    0xDBA4, 0x0000,
    0xDBD6, 0x0000,
    0xDB76, 0x0000,
    0xDBA6, 0x0000,
    0xF370, 0x0203,
    0xF3E4, 0x0301,
    0xF3F4, 0xC800,
    0xF3F6, 0xD610,
    0xF014, 0x0600,
    0xB270, 0x8708,
    0xB266, 0xC004,
    0xD682, 0xC004,
    0xBF16, 0x0BAA,
    0xF698, 0x0100,
    0xDC8C, 0x3F0B,
    0xFCFC, 0x4000,
    0x0808, 0x0201,
    0x0E00, 0x0003,
};

/* 09_OceanChangjiang_UW_JN5_Fdsum_4096x2560_30fps_3056Mbps		
    Mode :	09_OceanChangjiang_UW_JN5_Fdsum	
    Purpose :	Porting	
    PHY	DPHY	
    QPDC	QPDC_Off	
    DBPC	DBPC_Off	
    Qmosaic	QMSC_Off	
    Tail :	On (L/R only)	4096x640
    24	MHz	
    920	MHz	
    3056	Mbps/lane	
    4	lane	
    8224	px	
    5152	px	
    4096	px	
    2560	px	
    30	fps	
    Raw10		
    4864	px	
    768	px	
    6304	line	
    3744	line	
    19.79	ms	
    Gr	First	
*/
static u16 hhuwide_custom13_setting[] = {
    0xFCFC, 0x4000,
    0x6170, 0xFFFF,
    0x6180, 0x0000,
    0x6190, 0x0000,
    0x6200, 0xFFFF,
    0x6202, 0xFFFF,
    0x6204, 0x0000,
    0x6206, 0x0000,
    0x6208, 0x0000,
    0xA100, 0xFFFF,
    0xA102, 0x0000,
    0xA104, 0x0000,
    0xFCFC, 0x4001,
    0x0100, 0xFFFF,
    0x0102, 0xFFFF,
    0x0104, 0x0000,
    0x0106, 0x0000,
    0x0108, 0x0000,
    0xFCFC, 0x4000,
    0x8100, 0xFFFF,
    0x8104, 0x0000,
    0x8108, 0x0000,
    0x0B30, 0x01FF,
    0xFCFC, 0x2000,
    0x7806, 0x0001,
    0x7808, 0x2408,
    0xFCFC, 0x4000,
    0x0344, 0x0000,
    0x0348, 0x201F,
    0x0346, 0x0200,
    0x034A, 0x161F,
    0x034C, 0x1000,
    0x034E, 0x0A00,
    0x0350, 0x0008,
    0x0352, 0x0008,
    0x0340, 0x1908,
    0x0342, 0x12B0,
    0x0136, 0x1800,
    0x013E, 0x0000,
    0x0304, 0x0003,
    0x0306, 0x00E6,
    0x030C, 0x0000,
    0x030E, 0x0003,
    0x0310, 0x00B2,
    0x0312, 0x0000,
    0x031A, 0x0003,
    0x031C, 0x0028,
    0x031E, 0x0002,
    0x0202, 0x0014,
    0x0226, 0x0014,
    0x022C, 0x0014,
    0x0702, 0x0000,
    0x0704, 0x0000,
    0x0114, 0x0301,
    0x0118, 0x0004,
    0x011A, 0x0001,
    0x011C, 0x0100,
    0xFCFC, 0x2000,
    0xB176, 0x0602,
    0xB178, 0x0000,
    0x7996, 0x0101,
    0x7994, 0x2020,
    0xFCFC, 0x4000,
    0x0900, 0x2222,
    0x0380, 0x0002,
    0x0382, 0x0002,
    0x0384, 0x0002,
    0x0386, 0x0002,
    0x040C, 0x0000,
    0x0400, 0x1010,
    0x0408, 0x0100,
    0x040A, 0x0100,
    0xFCFC, 0x2000,
    0xD1F6, 0x3A00,
    0xD20C, 0x0908,
    0xD314, 0x2002,
    0xD27A, 0x0500,
    0xD3F0, 0xB01C,
    0xD410, 0x4802,
    0xD426, 0xD204,
    0xD43C, 0x0140,
    0xD412, 0xD204,
    0xD428, 0xEA0A,
    0xD43E, 0x0140,
    0xFCFC, 0x4000,
    0x0260, 0x0101,
    0x0262, 0x0000,
    0x0264, 0x0306,
    0x0266, 0x0700,
    0x0112, 0x0A0A,
    0x0270, 0x2B2B,
    0x0272, 0x2B10,
    0x0274, 0x302B,
    0xFCFC, 0x2001,
    0x44C6, 0x0000,
    0xFCFC, 0x4000,
    0x0B02, 0x0102,
    0x0720, 0x0001,
    0x0722, 0x0800,
    0x0724, 0x0000,
    0x0728, 0x0000,
    0x072A, 0x0000,
    0x072C, 0x0000,
    0x072E, 0x0000,
    0xFCFC, 0x2001,
    0x3132, 0x0200,
    0xFCFC, 0x4000,
    0x021E, 0x0000,
    0x0228, 0x0100,
    0xFCFC, 0x2001,
    0x31D0, 0x0000,
    0x5A70, 0x0000,
    0xFCFC, 0x2000,
    0xDC94, 0x0103,
    0xEF80, 0x0000,
    0x23F0, 0x0001,
    0xF288, 0x0000,
    0xFCFC, 0x2001,
    0x2A30, 0x01FF,
    0x4270, 0x0000,
    0x29BA, 0x2000,
    0x29A8, 0x0100,
    0xFCFC, 0x4000,
    0x0B04, 0x0001,
    0x0B06, 0x0101,
    0x0B08, 0x0100,
    0x0B0A, 0x0101,
    0x0B0C, 0x0100,
    0xFCFC, 0x2000,
    0xC4E0, 0x0100,
    0xC4F6, 0x0000,
    0xC4E2, 0x0000,
    0xC53C, 0x0500,
    0xC544, 0x0005,
    0xC53E, 0x0000,
    0xB23C, 0x6060,
    0xB242, 0x6060,
    0xC554, 0x0010,
    0xC556, 0x0000,
    0xFCFC, 0x2001,
    0x2920, 0x0100,
    0x31F8, 0x0000,
    0x31FA, 0x0000,
    0xFCFC, 0x2000,
    0xD856, 0x0507,
    0xD6D4, 0x0000,
    0x799A, 0x0000,
    0xD8A2, 0x0100,
    0xFCFC, 0x4000,
    0x020A, 0x0000,
    0xFCFC, 0x2000,
    0x78C0, 0x0101,
    0x22C2, 0x0600,
    0x22C4, 0xFF1F,
    0x22EC, 0x1F00,
    0x2306, 0xFF3F,
    0x2314, 0xFF00,
    0x2354, 0x0300,
    0xFCFC, 0x4000,
    0x0936, 0x0000,
    0x0C40, 0x0000,
    0xFCFC, 0x2000,
    0x68DE, 0x0000,
    0xFCFC, 0x2001,
    0x2540, 0x0200,
    0x25E0, 0x0100,
    0x25E2, 0x0000,
    0xFCFC, 0x2000,
    0xD718, 0x0002,
    0xBF30, 0x0000,
    0xFCFC, 0x2001,
    0x3C42, 0x0000,
    0x3C46, 0xEB05,
    0x3C52, 0x4006,
    0xFCFC, 0x2000,
    0xD326, 0x0110,
    0xD3EC, 0xB01C,
    0xFCFC, 0x2001,
    0x195E, 0x0100,
    0x1966, 0x0000,
    0xFCFC, 0x4000,
    0x0086, 0x1400,
    0xFCFC, 0x2000,
    0xE980, 0x9E04,
    0xC4D8, 0x2000,
    0x795A, 0x2000,
    0x7970, 0x2000,
    0xFCFC, 0x2002,
    0x849E, 0x0000,
    0x84A0, 0x0000,
    0x84A2, 0x0005,
    0xFCFC, 0x2001,
    0x2BB2, 0x1000,
    0x2D32, 0x0010,
    0xFCFC, 0x2000,
    0x703C, 0x0101,
    0x7046, 0x7F02,
    0x7058, 0x8002,
    0x71D4, 0x3F00,
    0x71D6, 0x3D00,
    0x71D8, 0x84F3,
    0x71DA, 0x0040,
    0x7048, 0x1F02,
    0x705A, 0x2002,
    0x7274, 0x0B00,
    0x7276, 0x0B00,
    0x7278, 0x36D2,
    0x727A, 0x0040,
    0x727C, 0x0000,
    0x727E, 0x0000,
    0x7280, 0x0000,
    0x7282, 0x0000,
    0x703E, 0x0100,
    0x704A, 0x000A,
    0x705C, 0x010A,
    0x7314, 0x2E00,
    0x7316, 0x3000,
    0x7318, 0x9EFD,
    0x731A, 0x0040,
    0xBEDC, 0xC526,
    0xBEDE, 0x903E,
    0xBEE0, 0xC00F,
    0xBEE2, 0x0008,
    0xBEE4, 0x0C00,
    0xBEE6, 0x8000,
    0xFCFC, 0x2001,
    0x2A54, 0x0000,
    0x2A56, 0x0400,
    0x2A42, 0x0100,
    0x2A44, 0x3907,
    0x2A46, 0x0000,
    0xFCFC, 0x2000,
    0xD704, 0x0278,
    0x7A0E, 0x0F00,
    0x7A6E, 0x1900,
    0x7A86, 0x1900,
    0x8C9E, 0x3500,
    0x8CCE, 0x9600,
    0x7A10, 0x0F00,
    0x7A70, 0x1900,
    0x7A88, 0x1900,
    0x8CA0, 0x3500,
    0x8CD0, 0x9600,
    0xB224, 0x0103,
    0xB226, 0x0000,
    0xB220, 0x0103,
    0x7A12, 0x0F00,
    0x7A72, 0x1900,
    0x7A8A, 0x1900,
    0x8CA2, 0x7000,
    0x8CD2, 0xBE00,
    0x7EE6, 0x2C00,
    0x7EF2, 0x2C00,
    0x7EFE, 0x6400,
    0x7F0A, 0x5800,
    0x8D0E, 0x0000,
    0x9032, 0x0000,
    0x903E, 0x0000,
    0x7A14, 0x0F00,
    0x7A74, 0x1900,
    0x7A8C, 0x1900,
    0x8CA4, 0x3500,
    0x7F0E, 0x5800,
    0x8CD6, 0x9600,
    0x7BDA, 0x4C00,
    0xD49C, 0x2100,
    0xD4D0, 0x0A00,
    0xD4A8, 0x0000,
    0xD4D6, 0x1A00,
    0xD4E2, 0x3200,
    0xD4BC, 0x3F00,
    0xD4B0, 0x7004,
    0xD4C8, 0x0100,
    0xD624, 0x0000,
    0xD62E, 0x0000,
    0xD638, 0x0000,
    0xD4EA, 0x0100,
    0xD554, 0xC400,
    0xD556, 0xFA00,
    0xD560, 0x5203,
    0xD562, 0x8803,
    0xD4DA, 0x0000,
    0xD4E6, 0x0100,
    0xD4C0, 0x1400,
    0xD4B4, 0x0100,
    0xD4CC, 0x0000,
    0xD5BC, 0x0000,
    0xD5BE, 0x0000,
    0xD5C8, 0x0000,
    0xD5CA, 0x0000,
    0xD4D2, 0x0000,
    0xD4DE, 0x0100,
    0xD4B8, 0x1400,
    0xD4AC, 0x0100,
    0xD4C4, 0x0000,
    0xD4EC, 0x0000,
    0xD4EE, 0x0000,
    0xD4F8, 0x0000,
    0xD4FA, 0x0000,
    0xBF78, 0x5333,
    0xD896, 0x0000,
    0xFCFC, 0x2001,
    0x1C24, 0x0002,
    0x1C26, 0x8001,
    0x1C28, 0x8004,
    0x1C2A, 0x2010,
    0x1C2C, 0x2010,
    0x1C2E, 0x0005,
    0x1C30, 0x00A0,
    0x1C32, 0x2810,
    0x1C34, 0x2810,
    0x1C4E, 0x8001,
    0x1C50, 0x8004,
    0x1C52, 0x0010,
    0x1C54, 0x0010,
    0x1C56, 0x0005,
    0x1C58, 0x00A0,
    0x1C5A, 0x2810,
    0x1C5C, 0x2810,
    0x1C5E, 0x0000,
    0x1C60, 0x0000,
    0x1C62, 0x0000,
    0x1C64, 0x0000,
    0x1C66, 0x0000,
    0x1C68, 0x0000,
    0x1C6A, 0x0000,
    0x1C6C, 0x0000,
    0x1C76, 0x8001,
    0x1C78, 0x8004,
    0x1C7A, 0x2010,
    0x1C7C, 0x2010,
    0x1C7E, 0x0005,
    0x1C80, 0x00A0,
    0x1C82, 0x2810,
    0x1C84, 0x2810,
    0x1C86, 0x0000,
    0x1C88, 0x0000,
    0x1C8A, 0x0000,
    0x1C8C, 0x0000,
    0x1C8E, 0x0000,
    0x1C90, 0x0000,
    0x1C92, 0x0000,
    0x1C94, 0x0000,
    0x1C9E, 0x8001,
    0x1CA0, 0x8004,
    0x1CA2, 0x2010,
    0x1CA4, 0x2010,
    0x1CA6, 0x0005,
    0x1CA8, 0x00A0,
    0x1CAA, 0x2810,
    0x1CAC, 0x2810,
    0x1CC6, 0x8001,
    0x1CC8, 0x8004,
    0x1CCA, 0x2010,
    0x1CCC, 0x2010,
    0x1CCE, 0x0005,
    0x1CD0, 0x00A0,
    0x1CD2, 0x2810,
    0x1CD4, 0x2810,
    0x1CEE, 0x8001,
    0x1CF0, 0x8004,
    0x1CF2, 0x0010,
    0x1CF4, 0x0010,
    0x1CF6, 0x0005,
    0x1CF8, 0x00A0,
    0x1CFA, 0x2810,
    0x1CFC, 0x2810,
    0x1CFE, 0x0000,
    0x1D00, 0x0000,
    0x1D02, 0x0000,
    0x1D04, 0x0000,
    0x1D06, 0x0000,
    0x1D08, 0x0000,
    0x1D0A, 0x0000,
    0x1D0C, 0x0000,
    0x1D16, 0x8001,
    0x1D18, 0x8004,
    0x1D1A, 0x2010,
    0x1D1C, 0x2010,
    0x1D1E, 0x0005,
    0x1D20, 0x00A0,
    0x1D22, 0x2810,
    0x1D24, 0x2810,
    0x1D26, 0x0000,
    0x1D28, 0x0000,
    0x1D2A, 0x0000,
    0x1D2C, 0x0000,
    0x1D2E, 0x0000,
    0x1D30, 0x0000,
    0x1D32, 0x0000,
    0x1D34, 0x0000,
    0x1D3E, 0x8001,
    0x1D40, 0x8004,
    0x1D42, 0x2010,
    0x1D44, 0x2010,
    0x1D46, 0x0005,
    0x1D48, 0x00A0,
    0x1D4A, 0x2810,
    0x1D4C, 0x2810,
    0xFCFC, 0x2000,
    0xB21E, 0x0000,
    0xB222, 0xC000,
    0xB20C, 0x2E00,
    0xB21A, 0x0402,
    0xB378, 0x0100,
    0xDD70, 0x0000,
    0xDE38, 0x0000,
    0xFCFC, 0x2002,
    0xA574, 0x0155,
    0xA59C, 0xA2FD,
    0xA59E, 0xFEFE,
    0xA576, 0x4000,
    0xA588, 0x0E00,
    0xA578, 0x8000,
    0xA58A, 0x2000,
    0xA57A, 0xA000,
    0xA58C, 0x2800,
    0xA57C, 0x4001,
    0xA58E, 0x1400,
    0xA57E, 0x8002,
    0xA590, 0x2200,
    0xA580, 0x0005,
    0xA592, 0x2800,
    0xA582, 0x000A,
    0xA594, 0x2C00,
    0xA584, 0xA00F,
    0xA596, 0x2E00,
    0xA586, 0x4011,
    0xA598, 0x3200,
    0xA59A, 0x3500,
    0xA548, 0x00EA,
    0xA570, 0x0000,
    0xA54A, 0x0000,
    0xA54C, 0x0000,
    0xA54E, 0x0000,
    0xA550, 0x0000,
    0xA552, 0x0000,
    0xA554, 0x0000,
    0xA556, 0x0000,
    0xA55C, 0x0000,
    0xA55E, 0x0000,
    0xA560, 0x0000,
    0xA562, 0x0000,
    0xA564, 0x0000,
    0xA566, 0x0000,
    0xA568, 0x0000,
    0xA56A, 0x0000,
    0xFCFC, 0x2001,
    0x1D96, 0x0000,
    0x1D98, 0x0000,
    0x1DA6, 0x0000,
    0x1DA8, 0x0000,
    0x1D72, 0x0000,
    0x1D74, 0x0000,
    0x1D82, 0x0000,
    0x1D84, 0x0000,
    0x1D92, 0x0000,
    0x1D94, 0x0000,
    0x1DA2, 0x0000,
    0x1DA4, 0x0000,
    0x1D76, 0x0000,
    0x1D78, 0x0000,
    0x1D86, 0x0000,
    0x1D88, 0x0000,
    0x1E16, 0x0400,
    0x1E18, 0x0400,
    0x1E26, 0x0400,
    0x1E28, 0x0400,
    0x1DF2, 0x0800,
    0x1DF4, 0x0800,
    0x1E02, 0x0800,
    0x1E04, 0x0800,
    0x1E12, 0x0400,
    0x1E14, 0x0400,
    0x1E22, 0x0400,
    0x1E24, 0x0400,
    0x1DF6, 0x0800,
    0x1DF8, 0x0800,
    0x1E06, 0x0800,
    0x1E08, 0x0800,
    0xFCFC, 0x2000,
    0x82BA, 0x3300,
    0x82A2, 0x1400,
    0xFCFC, 0x2001,
    0x427C, 0x2000,
    0x4280, 0x1000,
    0x4362, 0x0100,
    0x43AA, 0x0000,
    0x43AC, 0x0000,
    0x43C6, 0x0114,
    0x43B4, 0x0000,
    0x43B6, 0x0000,
    0x4396, 0x0B00,
    0x4398, 0x0B00,
    0x437E, 0xE400,
    0xFCFC, 0x2000,
    0xB322, 0x0101,
    0xB324, 0x0100,
    0xB330, 0x2828,
    0xB34A, 0x2828,
    0xB360, 0x2828,
    0xFCFC, 0x2001,
    0x4292, 0x0000,
    0x4364, 0x0000,
    0x4366, 0x0000,
    0x4370, 0x0000,
    0x4290, 0x0100,
    0xFCFC, 0x2002,
    0x84C4, 0x012D,
    0x84A4, 0x0000,
    0xFCFC, 0x2000,
    0xD684, 0x80F3,
    0xB268, 0x80F3,
    0xF09A, 0x00FF,
    0xF2E0, 0x0000,
    0xF372, 0x0000,
    0xF0AA, 0xFFFF,
    0xF0AC, 0xFFFF,
    0xF2EA, 0x4000,
    0xDADA, 0x0001,
    0xDB3C, 0xD2FD,
    0xDADC, 0x0000,
    0xDB0C, 0x1F1F,
    0xDB3E, 0x12D2,
    0xDADE, 0x0000,
    0xDB0E, 0x0080,
    0xDB40, 0x12D2,
    0xDAE0, 0xA000,
    0xDB10, 0x0040,
    0xDB42, 0x12D2,
    0xDAE2, 0x0001,
    0xDB12, 0x0020,
    0xDB44, 0x12D2,
    0xDAE4, 0x0005,
    0xDB14, 0x0040,
    0xDB46, 0x12D2,
    0xDAE6, 0x4011,
    0xDB16, 0x0060,
    0xDBCC, 0x0000,
    0xDB6C, 0x0000,
    0xDB9C, 0x0000,
    0xDBCE, 0x0000,
    0xDB6E, 0x0000,
    0xDB9E, 0x0000,
    0xDBD0, 0x0000,
    0xDB70, 0x0000,
    0xDBA0, 0x0000,
    0xDBD2, 0x0000,
    0xDB72, 0x0000,
    0xDBA2, 0x0000,
    0xDBD4, 0x0000,
    0xDB74, 0x0000,
    0xDBA4, 0x0000,
    0xDBD6, 0x0000,
    0xDB76, 0x0000,
    0xDBA6, 0x0000,
    0xF370, 0x0203,
    0xF3E4, 0x0301,
    0xF3F4, 0xC800,
    0xF3F6, 0xD610,
    0xF014, 0x0700,
    0xB270, 0x8708,
    0xB266, 0xC004,
    0xD682, 0xC004,
    0xBF16, 0x0BAA,
    0xF698, 0x0100,
    0xDC8C, 0x3F0B,
    0xFCFC, 0x4000,
    0x0808, 0x0201,
    0x0E00, 0x0003,
};

/* 07_OceanChangjiang_UW_JN5_Fdsum_DSG_split_4096x2560_30fps_3056Mbps		
    Mode :	07_OceanChangjiang_UW_JN5_Fdsum_DSG_split	
    Purpose :	Porting	
    PHY	DPHY	
    QPDC	QPDC_Off	
    DBPC	DBPC_Off	
    Qmosaic	QMSC_Off	
    Tail :	On (L/R only)	4096x640
    24	MHz	
    920	MHz	
    3056	Mbps/lane	
    4	lane	
    8224	px	
    5152	px	
    4096	px	
    2560	px	
    30.01	fps	
    Raw10		
    9568	px	
    5472	px	
    3204	line	
    644	line	
    6.7	ms	
    Gr	First	
*/
static u16 hhuwide_custom14_setting[] = {
    0xFCFC, 0x4000,
    0x6170, 0xFFFF,
    0x6180, 0x0000,
    0x6190, 0x0000,
    0x6200, 0xFFFF,
    0x6202, 0xFFFF,
    0x6204, 0x0000,
    0x6206, 0x0000,
    0x6208, 0x0000,
    0xA100, 0xFFFF,
    0xA102, 0x0000,
    0xA104, 0x0000,
    0xFCFC, 0x4001,
    0x0100, 0xFFFF,
    0x0102, 0xFFFF,
    0x0104, 0x0000,
    0x0106, 0x0000,
    0x0108, 0x0000,
    0xFCFC, 0x4000,
    0x8100, 0xFFFF,
    0x8104, 0x0000,
    0x8108, 0x0000,
    0x0B30, 0x01FF,
    0xFCFC, 0x2000,
    0x7806, 0x0101,
    0x7808, 0x3F0C,
    0xFCFC, 0x4000,
    0x0344, 0x0000,
    0x0348, 0x201F,
    0x0346, 0x0200,
    0x034A, 0x161F,
    0x034C, 0x1000,
    0x034E, 0x0A00,
    0x0350, 0x0008,
    0x0352, 0x0008,
    0x0340, 0x0C84,
    0x0342, 0x2560,
    0x0136, 0x1800,
    0x013E, 0x0000,
    0x0304, 0x0003,
    0x0306, 0x00E6,
    0x030C, 0x0000,
    0x030E, 0x0003,
    0x0310, 0x00B2,
    0x0312, 0x0000,
    0x031A, 0x0003,
    0x031C, 0x0028,
    0x031E, 0x0002,
    0x0202, 0x0014,
    0x0226, 0x0014,
    0x022C, 0x0014,
    0x0702, 0x0000,
    0x0704, 0x0000,
    0x0114, 0x0301,
    0x0118, 0x0004,
    0x011A, 0x0001,
    0x011C, 0x0100,
    0xFCFC, 0x2000,
    0xB176, 0x0602,
    0xB178, 0x0000,
    0x7996, 0x0100,
    0x7994, 0x2020,
    0xFCFC, 0x4000,
    0x0900, 0x2222,
    0x0380, 0x0002,
    0x0382, 0x0002,
    0x0384, 0x0002,
    0x0386, 0x0002,
    0x040C, 0x0000,
    0x0400, 0x1010,
    0x0408, 0x0100,
    0x040A, 0x0100,
    0xFCFC, 0x2000,
    0xD1F6, 0x3A00,
    0xD20C, 0x0908,
    0xD314, 0x2002,
    0xD27A, 0x0500,
    0xD3F0, 0xB01C,
    0xD410, 0x4802,
    0xD426, 0xD204,
    0xD43C, 0x0140,
    0xD412, 0xD204,
    0xD428, 0xEA0A,
    0xD43E, 0x0140,
    0xFCFC, 0x4000,
    0x0260, 0x0102,
    0x0262, 0x0000,
    0x0264, 0x0306,
    0x0266, 0x0700,
    0x0112, 0x0A0A,
    0x0270, 0x2B2B,
    0x0272, 0x2B10,
    0x0274, 0x302B,
    0xFCFC, 0x2001,
    0x44C6, 0x0000,
    0xFCFC, 0x4000,
    0x0B02, 0x0102,
    0x0720, 0x0001,
    0x0722, 0x2000,
    0x0724, 0x0000,
    0x0728, 0x0000,
    0x072A, 0x0000,
    0x072C, 0x0000,
    0x072E, 0x0000,
    0xFCFC, 0x2001,
    0x3132, 0x0200,
    0xFCFC, 0x4000,
    0x021E, 0x0600,
    0x0228, 0x0100,
    0xFCFC, 0x2001,
    0x31D0, 0x0000,
    0x5A70, 0x0100,
    0xFCFC, 0x2000,
    0xDC94, 0x0103,
    0xEF80, 0x0000,
    0x23F0, 0x0001,
    0xF288, 0x0000,
    0xFCFC, 0x2001,
    0x2A30, 0x01FF,
    0x4270, 0x0000,
    0x29BA, 0x2000,
    0x29A8, 0x0100,
    0xFCFC, 0x4000,
    0x0B04, 0x0001,
    0x0B06, 0x0101,
    0x0B08, 0x0100,
    0x0B0A, 0x0101,
    0x0B0C, 0x0100,
    0xFCFC, 0x2000,
    0xC4E0, 0x0100,
    0xC4F6, 0x0000,
    0xC4E2, 0x0000,
    0xC53C, 0x0500,
    0xC544, 0x0005,
    0xC53E, 0x0000,
    0xB23C, 0x6060,
    0xB242, 0x6060,
    0xC554, 0x0010,
    0xC556, 0x0000,
    0xFCFC, 0x2001,
    0x2920, 0x0100,
    0x31F8, 0x0000,
    0x31FA, 0x0000,
    0xFCFC, 0x2000,
    0xD856, 0x0507,
    0xD6D4, 0x0000,
    0x799A, 0x0000,
    0xD8A2, 0x0100,
    0xFCFC, 0x4000,
    0x020A, 0x0000,
    0xFCFC, 0x2000,
    0x78C0, 0x0101,
    0x22C2, 0x0600,
    0x22C4, 0xFF1F,
    0x22EC, 0x1F00,
    0x2306, 0xFF3F,
    0x2314, 0xFF00,
    0x2354, 0x0300,
    0xFCFC, 0x4000,
    0x0936, 0x0000,
    0x0C40, 0x0000,
    0xFCFC, 0x2000,
    0x68DE, 0x0000,
    0xFCFC, 0x2001,
    0x2540, 0x0200,
    0x25E0, 0x0100,
    0x25E2, 0x0000,
    0xFCFC, 0x2000,
    0xD718, 0x0002,
    0xBF30, 0x0000,
    0xFCFC, 0x2001,
    0x3C42, 0x0000,
    0x3C46, 0xEB05,
    0x3C52, 0x4006,
    0xFCFC, 0x2000,
    0xD326, 0x0110,
    0xD3EC, 0xB01C,
    0xFCFC, 0x2001,
    0x195E, 0x0101,
    0x1966, 0x0200,
    0xFCFC, 0x4000,
    0x0086, 0x0280,
    0xFCFC, 0x2000,
    0xE980, 0x9E04,
    0xC4D8, 0x1000,
    0x795A, 0x2000,
    0x7970, 0x2000,
    0xFCFC, 0x2002,
    0x849E, 0x0000,
    0x84A0, 0x0000,
    0x84A2, 0x0005,
    0xFCFC, 0x2001,
    0x2BB2, 0x1000,
    0x2D32, 0x0010,
    0xFCFC, 0x2000,
    0x703C, 0x0101,
    0x7046, 0x7F02,
    0x7058, 0x8002,
    0x71D4, 0x3F00,
    0x71D6, 0x3D00,
    0x71D8, 0x84F3,
    0x71DA, 0x0040,
    0x7048, 0x9F00,
    0x705A, 0xA000,
    0x7274, 0x00B0,
    0x7276, 0x0000,
    0x7278, 0x12D2,
    0x727A, 0x0040,
    0x727C, 0x0000,
    0x727E, 0x0000,
    0x7280, 0x0000,
    0x7282, 0x0000,
    0x703E, 0x0000,
    0x704A, 0x0004,
    0x705C, 0x0004,
    0x7314, 0x0000,
    0x7316, 0x0000,
    0x7318, 0x0000,
    0x731A, 0x0000,
    0xBEDC, 0xC526,
    0xBEDE, 0x903E,
    0xBEE0, 0xC00F,
    0xBEE2, 0x0008,
    0xBEE4, 0x0C00,
    0xBEE6, 0x8000,
    0xFCFC, 0x2001,
    0x2A54, 0x0000,
    0x2A56, 0x0400,
    0x2A42, 0x0100,
    0x2A44, 0xAC04,
    0x2A46, 0x0000,
    0xFCFC, 0x2000,
    0xD704, 0x0078,
    0x7A0E, 0x0F00,
    0x7A6E, 0x1900,
    0x7A86, 0x1900,
    0x8C9E, 0x3500,
    0x8CCE, 0x9600,
    0x7A10, 0x0F00,
    0x7A70, 0x1900,
    0x7A88, 0x1900,
    0x8CA0, 0x3500,
    0x8CD0, 0x9600,
    0xB224, 0x0103,
    0xB226, 0x0000,
    0xB220, 0x0103,
    0x7A12, 0x0F00,
    0x7A72, 0x1900,
    0x7A8A, 0x1900,
    0x8CA2, 0x5000,
    0x8CD2, 0xBE00,
    0x7EE6, 0x2C00,
    0x7EF2, 0x2C00,
    0x7EFE, 0x6400,
    0x7F0A, 0x5800,
    0x8D0E, 0x0000,
    0x9032, 0x0000,
    0x903E, 0x0000,
    0x7A14, 0x0F00,
    0x7A74, 0x1900,
    0x7A8C, 0x1900,
    0x8CA4, 0x3500,
    0x7F0E, 0x5800,
    0x8CD6, 0x9600,
    0x7BDA, 0x3C00,
    0xD49C, 0x2100,
    0xD4D0, 0x0A00,
    0xD4A8, 0x0000,
    0xD4D6, 0x1A00,
    0xD4E2, 0x3200,
    0xD4BC, 0x3F00,
    0xD4B0, 0xAB02,
    0xD4C8, 0x0100,
    0xD624, 0x0000,
    0xD62E, 0x0000,
    0xD638, 0x0000,
    0xD4EA, 0x0100,
    0xD554, 0xC400,
    0xD556, 0xFA00,
    0xD560, 0x5203,
    0xD562, 0x8803,
    0xD4DA, 0x0000,
    0xD4E6, 0x0100,
    0xD4C0, 0x1400,
    0xD4B4, 0x0100,
    0xD4CC, 0x0000,
    0xD5BC, 0x0000,
    0xD5BE, 0x0000,
    0xD5C8, 0x0000,
    0xD5CA, 0x0000,
    0xD4D2, 0x0000,
    0xD4DE, 0x0100,
    0xD4B8, 0x1400,
    0xD4AC, 0x0100,
    0xD4C4, 0x0000,
    0xD4EC, 0x0000,
    0xD4EE, 0x0000,
    0xD4F8, 0x0000,
    0xD4FA, 0x0000,
    0xBF78, 0x5333,
    0xD896, 0x0000,
    0xFCFC, 0x2001,
    0x1C24, 0x0002,
    0x1C26, 0x8001,
    0x1C28, 0xFF04,
    0x1C2A, 0x2010,
    0x1C2C, 0x5610,
    0x1C2E, 0x0005,
    0x1C30, 0x00A0,
    0x1C32, 0xB610,
    0x1C34, 0x7011,
    0x1C4E, 0x8001,
    0x1C50, 0xFF04,
    0x1C52, 0x2810,
    0x1C54, 0x5110,
    0x1C56, 0x0005,
    0x1C58, 0xFF09,
    0x1C5A, 0x9710,
    0x1C5C, 0xDA10,
    0x1C5E, 0x000A,
    0x1C60, 0x00A0,
    0x1C62, 0xDA10,
    0x1C64, 0x7011,
    0x1C66, 0x0000,
    0x1C68, 0x0000,
    0x1C6A, 0x0000,
    0x1C6C, 0x0000,
    0x1C76, 0x8001,
    0x1C78, 0xFF04,
    0x1C7A, 0x2810,
    0x1C7C, 0x6610,
    0x1C7E, 0x0005,
    0x1C80, 0xFF09,
    0x1C82, 0x7210,
    0x1C84, 0xDD10,
    0x1C86, 0x000A,
    0x1C88, 0x00A0,
    0x1C8A, 0xDD10,
    0x1C8C, 0x7011,
    0x1C8E, 0x0000,
    0x1C90, 0x0000,
    0x1C92, 0x0000,
    0x1C94, 0x0000,
    0x1C9E, 0x8001,
    0x1CA0, 0xFF04,
    0x1CA2, 0x2010,
    0x1CA4, 0x5610,
    0x1CA6, 0x0005,
    0x1CA8, 0x00A0,
    0x1CAA, 0xC410,
    0x1CAC, 0x7011,
    0x1CC6, 0x8001,
    0x1CC8, 0xFF04,
    0x1CCA, 0x2010,
    0x1CCC, 0x5610,
    0x1CCE, 0x0005,
    0x1CD0, 0x00A0,
    0x1CD2, 0xB610,
    0x1CD4, 0x7011,
    0x1CEE, 0x8001,
    0x1CF0, 0xFF04,
    0x1CF2, 0x2810,
    0x1CF4, 0x5110,
    0x1CF6, 0x0005,
    0x1CF8, 0xFF09,
    0x1CFA, 0x9710,
    0x1CFC, 0xDA10,
    0x1CFE, 0x000A,
    0x1D00, 0x00A0,
    0x1D02, 0xDA10,
    0x1D04, 0x7011,
    0x1D06, 0x0000,
    0x1D08, 0x0000,
    0x1D0A, 0x0000,
    0x1D0C, 0x0000,
    0x1D16, 0x8001,
    0x1D18, 0xFF04,
    0x1D1A, 0x2810,
    0x1D1C, 0x6610,
    0x1D1E, 0x0005,
    0x1D20, 0xFF09,
    0x1D22, 0x7210,
    0x1D24, 0xDD10,
    0x1D26, 0x000A,
    0x1D28, 0x00A0,
    0x1D2A, 0xDD10,
    0x1D2C, 0x7011,
    0x1D2E, 0x0000,
    0x1D30, 0x0000,
    0x1D32, 0x0000,
    0x1D34, 0x0000,
    0x1D3E, 0x8001,
    0x1D40, 0xFF04,
    0x1D42, 0x2010,
    0x1D44, 0x5610,
    0x1D46, 0x0005,
    0x1D48, 0x00A0,
    0x1D4A, 0xC410,
    0x1D4C, 0x7011,
    0xFCFC, 0x2000,
    0xB21E, 0x0000,
    0xB222, 0xC000,
    0xB20C, 0x2E00,
    0xB21A, 0x0402,
    0xB378, 0x0100,
    0xDD70, 0x0000,
    0xDE38, 0x0000,
    0xFCFC, 0x2002,
    0xA574, 0x0155,
    0xA59C, 0xA2FD,
    0xA59E, 0xFEFE,
    0xA576, 0x4000,
    0xA588, 0x0E00,
    0xA578, 0x8000,
    0xA58A, 0x2000,
    0xA57A, 0xA000,
    0xA58C, 0x2800,
    0xA57C, 0x4001,
    0xA58E, 0x1400,
    0xA57E, 0x8002,
    0xA590, 0x2200,
    0xA580, 0x0005,
    0xA592, 0x2800,
    0xA582, 0x000A,
    0xA594, 0x2C00,
    0xA584, 0xA00F,
    0xA596, 0x2E00,
    0xA586, 0x4011,
    0xA598, 0x3200,
    0xA59A, 0x3500,
    0xA548, 0x00EA,
    0xA570, 0x0000,
    0xA54A, 0x0000,
    0xA54C, 0x0000,
    0xA54E, 0x0000,
    0xA550, 0x0000,
    0xA552, 0x0000,
    0xA554, 0x0000,
    0xA556, 0x0000,
    0xA55C, 0x0000,
    0xA55E, 0x0000,
    0xA560, 0x0000,
    0xA562, 0x0000,
    0xA564, 0x0000,
    0xA566, 0x0000,
    0xA568, 0x0000,
    0xA56A, 0x0000,
    0xFCFC, 0x2001,
    0x1D96, 0x0000,
    0x1D98, 0x0000,
    0x1DA6, 0x0000,
    0x1DA8, 0x0000,
    0x1D72, 0x0000,
    0x1D74, 0x0000,
    0x1D82, 0x0000,
    0x1D84, 0x0000,
    0x1D92, 0x0000,
    0x1D94, 0x0000,
    0x1DA2, 0x0000,
    0x1DA4, 0x0000,
    0x1D76, 0x0000,
    0x1D78, 0x0000,
    0x1D86, 0x0000,
    0x1D88, 0x0000,
    0x1E16, 0x0E00,
    0x1E18, 0x0E00,
    0x1E26, 0x0E00,
    0x1E28, 0x0E00,
    0x1DF2, 0x0E00,
    0x1DF4, 0x0E00,
    0x1E02, 0x0E00,
    0x1E04, 0x0E00,
    0x1E12, 0x1200,
    0x1E14, 0x1200,
    0x1E22, 0x1200,
    0x1E24, 0x1200,
    0x1DF6, 0x1200,
    0x1DF8, 0x1200,
    0x1E06, 0x1200,
    0x1E08, 0x1200,
    0xFCFC, 0x2000,
    0x82BA, 0x3300,
    0x82A2, 0x1400,
    0xFCFC, 0x2001,
    0x427C, 0x2000,
    0x4280, 0x1000,
    0x4362, 0x0100,
    0x43AA, 0x0000,
    0x43AC, 0x0000,
    0x43C6, 0x010A,
    0x43B4, 0x0000,
    0x43B6, 0x0000,
    0x4396, 0x0D00,
    0x4398, 0x0E00,
    0x437E, 0xA400,
    0xFCFC, 0x2000,
    0xB322, 0x0101,
    0xB324, 0x0100,
    0xB330, 0x2828,
    0xB34A, 0x2828,
    0xB360, 0x2828,
    0xFCFC, 0x2001,
    0x4292, 0x0000,
    0x4364, 0x0000,
    0x4366, 0x0000,
    0x4370, 0x0000,
    0x4290, 0x0100,
    0xFCFC, 0x2002,
    0x84C4, 0x002D,
    0x84A4, 0x0000,
    0xFCFC, 0x2000,
    0xD684, 0x80E3,
    0xB268, 0x80E3,
    0xF09A, 0x00FF,
    0xF2E0, 0x0000,
    0xF372, 0x0000,
    0xF0AA, 0xFFFF,
    0xF0AC, 0xFFFF,
    0xF2EA, 0x4000,
    0xDADA, 0x0001,
    0xDB3C, 0x36D2,
    0xDADC, 0x0000,
    0xDB0C, 0x0D00,
    0xDB3E, 0x36D2,
    0xDADE, 0xA000,
    0xDB0E, 0x0F00,
    0xDB40, 0x36D2,
    0xDAE0, 0x4001,
    0xDB10, 0x0D00,
    0xDB42, 0x0000,
    0xDAE2, 0x0000,
    0xDB12, 0x0000,
    0xDB44, 0x0000,
    0xDAE4, 0x0000,
    0xDB14, 0x0000,
    0xDB46, 0x0000,
    0xDAE6, 0x0000,
    0xDB16, 0x0000,
    0xDBCC, 0x0000,
    0xDB6C, 0x0000,
    0xDB9C, 0x0000,
    0xDBCE, 0x0000,
    0xDB6E, 0x0000,
    0xDB9E, 0x0000,
    0xDBD0, 0x0000,
    0xDB70, 0x0000,
    0xDBA0, 0x0000,
    0xDBD2, 0x0000,
    0xDB72, 0x0000,
    0xDBA2, 0x0000,
    0xDBD4, 0x0000,
    0xDB74, 0x0000,
    0xDBA4, 0x0000,
    0xDBD6, 0x0000,
    0xDB76, 0x0000,
    0xDBA6, 0x0000,
    0xF370, 0x0203,
    0xF3E4, 0x0301,
    0xF3F4, 0xC800,
    0xF3F6, 0xD610,
    0xF014, 0x0600,
    0xB270, 0x8708,
    0xB266, 0xC004,
    0xD682, 0xC004,
    0xBF16, 0x0BAA,
    0xF698, 0x0100,
    0xDC8C, 0x3F0B,
    0xFCFC, 0x4000,
    0x0808, 0x0201,
    0x0E00, 0x0003,
};

/*4sum 4096x3072 30*/
static u16 hhuwide_seamless_preview[] = {
	0xFCFC,	0x4000,
    0x0B30, 0x0101,
    0x0340, 0x1908,
    /* VCID Setting */
    0x0260, 0x0101,
    0x0264, 0x0306,
};

/*4sum 4096x2304 30*/
static u16 hhuwide_seamless_vid[] = {
	0xFCFC,	0x4000,
	0x0b30,	0x0104,
	0x0340,	0x1908,
    /* VCID Setting */
    0x0260, 0x0101,
    0x0264, 0x0306,
};

/*4sum 4096x3072 30 AEB*/
static u16 hhuwide_seamless_custom1[] = {
	0xFCFC,	0x4000,
    0x0B30, 0x0102,
    0x0E14, 0x0C84,
    0x0E20, 0x0C84,
};

/* 8192x6144 Fullsize QBC mode 7*/
static u16 hhuwide_seamless_custom3[] = {
	0xFCFC,	0x4000,
	0x0b30,	0x0100,
	0x0340,	0x18CA,
    /* VCID Setting */
    0x0260, 0x0101,
    0x0264, 0x0306,
};

/* DSG_split_4096x2304_30fps_3056Msps AP merge*/
static u16 hhuwide_seamless_custom7[] = {
	0xFCFC,	0x4000,
	0x0b30,	0x0105,
	0x0340,	0x0C84,
    /* VCID Setting */
    0x0260, 0x0102,
    0x0264, 0x0306,
};

/* DSG_split_4096x3072_30fps_3056Msps AP merge*/
static u16 hhuwide_seamless_custom12[] = {
	0xFCFC,	0x4000,
	0x0b30,	0x0103,
	0x0340,	0x0C84,
    /* VCID Setting */
    0x0260, 0x0101,
    0x0264, 0x0306,
};

/* 4096x2560_30fps_3056Msps*/
static u16 hhuwide_seamless_custom13[] = {
	0xFCFC,	0x4000,
	0x0b30,	0x0106,
	0x0340,	0x1908,
    /* VCID Setting */
    0x0260, 0x0101,
    0x0264, 0x0306,
};

/* DSG_split_4096x2560_30fps_3056Msps AP merge*/
static u16 hhuwide_seamless_custom14[] = {
	0xFCFC,	0x4000,
	0x0b30,	0x0107,
	0x0340,	0x0C84,
    /* VCID Setting */
    0x0260, 0x0102,
    0x0264, 0x0306,
};

static struct mode_setting_list_struct zj_mode[] = {
    {
        .mode_setting_table = hhuwide_preview_setting,
        .mode_setting_len = ARRAY_SIZE(hhuwide_preview_setting),
    },
    {
        .mode_setting_table = hhuwide_capture_setting,
        .mode_setting_len = ARRAY_SIZE(hhuwide_capture_setting),
    },
    {
        .mode_setting_table = hhuwide_normal_video_setting,
        .mode_setting_len = ARRAY_SIZE(hhuwide_normal_video_setting),
    },
    {
        .mode_setting_table = hhuwide_hs_video_setting,
        .mode_setting_len = ARRAY_SIZE(hhuwide_hs_video_setting),
    },
    {
        .mode_setting_table = hhuwide_slim_video_setting,
        .mode_setting_len = ARRAY_SIZE(hhuwide_slim_video_setting),
    },
    {
        .mode_setting_table = hhuwide_custom1_setting,
        .mode_setting_len = ARRAY_SIZE(hhuwide_custom1_setting),
    },
    {
        .mode_setting_table = hhuwide_custom2_setting,
        .mode_setting_len = ARRAY_SIZE(hhuwide_custom2_setting),
    },
    {
        .mode_setting_table = hhuwide_custom3_setting,
        .mode_setting_len = ARRAY_SIZE(hhuwide_custom3_setting),
    },
    {
        .mode_setting_table = hhuwide_custom4_setting,
        .mode_setting_len = ARRAY_SIZE(hhuwide_custom4_setting),
    },
    {
        .mode_setting_table = hhuwide_custom5_setting,
        .mode_setting_len = ARRAY_SIZE(hhuwide_custom5_setting),
    },
    {
        .mode_setting_table = hhuwide_custom6_setting,
        .mode_setting_len = ARRAY_SIZE(hhuwide_custom6_setting),
    },
    {
        .mode_setting_table = hhuwide_custom7_setting,
        .mode_setting_len = ARRAY_SIZE(hhuwide_custom7_setting),
    },
    {
        .mode_setting_table = hhuwide_custom8_setting,
        .mode_setting_len = ARRAY_SIZE(hhuwide_custom8_setting),
    },
    {
        .mode_setting_table = hhuwide_custom9_setting,
        .mode_setting_len = ARRAY_SIZE(hhuwide_custom9_setting),
    },
    {
        .mode_setting_table = hhuwide_custom10_setting,
        .mode_setting_len = ARRAY_SIZE(hhuwide_custom10_setting),
    },
    {
        .mode_setting_table = hhuwide_custom11_setting,
        .mode_setting_len = ARRAY_SIZE(hhuwide_custom11_setting),
    },
    {
        .mode_setting_table = hhuwide_custom12_setting,
        .mode_setting_len = ARRAY_SIZE(hhuwide_custom12_setting),
    },
    {
        .mode_setting_table = hhuwide_custom13_setting,
        .mode_setting_len = ARRAY_SIZE(hhuwide_custom13_setting),
    },
    {
        .mode_setting_table = hhuwide_custom14_setting,
        .mode_setting_len = ARRAY_SIZE(hhuwide_custom14_setting),
    },
};
#endif
