/* SPDX-License-Identifier: GPL-2.0 */
/*
 * Copyright (c) 2019 MediaTek Inc.
 */
/*****************************************************************************
 *
 * Filename:
 * ---------
 *	 cjfront_Sensor_setting.h
 *
 * Project:
 * --------
 * Description:
 * ------------
 *	 CMOS sensor header file
 *
 ****************************************************************************/
#ifndef _CJFRONTMIPI_SENSOR_SETTING_H
#define _CJFRONTMIPI_SENSOR_SETTING_H

#include "kd_camera_typedef.h"

static u16 cjfront_sensor_init_pre_setting[] = {
	0xFCFC, 0x4000,
	0x0000, 0x000E,
	0x0000, 0x38E5,
	0x6018, 0x0001,
	0x7002, 0x0408,
	0x6014, 0x0001,
	0xFCFC, 0x2002,
	0x1E92, 0x8000,
	0x1E84, 0x282B,
	0x1E86, 0x0320,
	0xFCFC, 0x4000,
	0x7002, 0x0008,
};

static u16 cjfront_sensor_init_setting[] = {
	0xFCFC, 0x2000,
	0xDCF0, 0x0000,
	0xFCFC, 0x2001,
	0x3C60, 0x0000,
	0xFCFC, 0x2002,
	0x849C, 0x0100,
	0x849E, 0x0000,
	0x84A0, 0x0000,
	0x84A2, 0x0005,
	0x84A4, 0x0000,
	0x84A6, 0x0000,
	0x84A8, 0x0000,
	0x84AA, 0x0001,
	0x84AC, 0x01FF,
	0x84B0, 0x8089,
	0x84B2, 0x0000,
	0x84B4, 0x8889,
	0x84B6, 0x0000,
	0x84B8, 0xC097,
	0x84BA, 0x0000,
	0x84BC, 0xA60E,
	0x84BE, 0x0000,
	0x84C0, 0x2206,
	0x84C2, 0x0000,
	0x84C4, 0x006C,
	0x84C8, 0x34B6,
	0x84CA, 0x0224,
	0x84CC, 0xB8AA,
	0x84CE, 0x0224,
	0x84D0, 0xB8AA,
	0x84D2, 0x0224,
	0x84D4, 0xB8AA,
	0x84D6, 0x0224,
	0x84D8, 0xB8AA,
	0x84DA, 0x0224,
	0x84DC, 0xB8AA,
	0x84DE, 0x0224,
	0xA548, 0x0046,
	0xA54A, 0x0000,
	0xA54C, 0x0000,
	0xA54E, 0x0000,
	0xA550, 0x0000,
	0xA552, 0x0000,
	0xA554, 0x0000,
	0xA556, 0x0000,
	0xA558, 0x0000,
	0xA55A, 0x0000,
	0xA55C, 0x0000,
	0xA55E, 0x0000,
	0xA560, 0x0000,
	0xA562, 0x0000,
	0xA564, 0x0000,
	0xA566, 0x0000,
	0xA568, 0x0000,
	0xA56A, 0x0000,
	0xA56C, 0x0000,
	0xA56E, 0x0000,
	0xA570, 0x0000,
	0xA572, 0x0000,
	0xA574, 0x00DB,
	0xA576, 0x0000,
	0xA578, 0x0000,
	0xA57A, 0x0000,
	0xA57C, 0x0000,
	0xA57E, 0x0000,
	0xA580, 0x0000,
	0xA582, 0x0000,
	0xA584, 0x0000,
	0xA586, 0x0000,
	0xA588, 0x0000,
	0xA58A, 0x0000,
	0xA58C, 0x0000,
	0xA58E, 0x0000,
	0xA590, 0x0000,
	0xA592, 0x0000,
	0xA594, 0x0000,
	0xA596, 0x0000,
	0xA598, 0x0000,
	0xA59A, 0x0000,
	0xA59C, 0x0000,
	0xA59E, 0x0000,
	0xA5A0, 0x013C,
	0xFCFC, 0x2001,
	0x5634, 0x041D,
	0x5636, 0x0420,
	0x5638, 0x3C85,
	0x563A, 0x0224,
	0x563C, 0x3CE6,
	0x563E, 0x0320,
	0x5640, 0xD885,
	0x5642, 0x0224,
	0x5644, 0xD06E,
	0x5646, 0x0320,
	0x5648, 0xC48D,
	0x564A, 0x0224,
	0x564C, 0x4877,
	0x564E, 0x0320,
	0x5650, 0xCC90,
	0x5652, 0x0224,
	0x5654, 0x6812,
	0x5656, 0x0320,
	0x5658, 0xB88F,
	0x565A, 0x0224,
	0x565C, 0xE8FE,
	0x565E, 0x0220,
	0x5660, 0x5491,
	0x5662, 0x0224,
	0x5664, 0xA462,
	0x5666, 0x0320,
	0x5668, 0x9C95,
	0x566A, 0x0224,
	0x566C, 0x901B,
	0x566E, 0x0020,
	0x5670, 0x2896,
	0x5672, 0x0224,
	0x5674, 0xC446,
	0x5676, 0x0320,
	0x5678, 0xE896,
	0x567A, 0x0224,
	0x567C, 0x1427,
	0x567E, 0x0320,
	0x5680, 0xC498,
	0x5682, 0x0224,
	0x5684, 0x304C,
	0x5686, 0x0220,
	0x5688, 0x749B,
	0x568A, 0x0224,
	0x568C, 0xC82C,
	0x568E, 0x0220,
	0x5690, 0xD09B,
	0x5692, 0x0224,
	0x5694, 0x484F,
	0x5696, 0x0220,
	0x5698, 0x289C,
	0x569A, 0x0224,
	0x569C, 0xB041,
	0x569E, 0x0220,
	0x56A0, 0x3C9A,
	0x56A2, 0x0224,
	0x56A4, 0xC81D,
	0x56A6, 0x0420,
	0x56A8, 0xFC9A,
	0x56AA, 0x0224,
	0x56AC, 0xAC7F,
	0x56AE, 0x0420,
	0x56B0, 0x8C86,
	0x56B2, 0x0224,
	0x56B4, 0x7C80,
	0x56B6, 0x0420,
	0x56B8, 0x1086,
	0x56BA, 0x0224,
	0x56BC, 0xF887,
	0x56BE, 0x0320,
	0x56C0, 0xF0AB,
	0x56C2, 0x0224,
	0x56C4, 0x1007,
	0x56C6, 0x0320,
	0x56C8, 0xE08E,
	0x56CA, 0x0224,
	0x56CC, 0x1409,
	0x56CE, 0x0020,
	0x56D0, 0x2495,
	0x56D2, 0x0224,
	0x56D4, 0x2046,
	0x56D6, 0x0420,
	0x56D8, 0xC087,
	0x56DA, 0x0224,
	0x56DC, 0xB05B,
	0x56DE, 0x0420,
	0x56E0, 0x4088,
	0x56E2, 0x0224,
	0x56E4, 0x505C,
	0x56E6, 0x0320,
	0x56E8, 0x448A,
	0x56EA, 0x0224,
	0x56EC, 0xA45B,
	0x56EE, 0x0320,
	0x56F0, 0x5089,
	0x56F2, 0x0224,
	0x56F4, 0x306A,
	0x56F6, 0x0420,
	0x56F8, 0x1485,
	0x56FA, 0x0224,
	0x56FC, 0x90F8,
	0x56FE, 0x0220,
	0x5700, 0x44A1,
	0x5702, 0x0224,
	0x5704, 0x0454,
	0x5706, 0x0120,
	0x5708, 0xB0A5,
	0x570A, 0x0224,
	0x570C, 0x0453,
	0x570E, 0x0020,
	0x5710, 0x20A7,
	0x5712, 0x0224,
	0x5714, 0xC850,
	0x5716, 0x0220,
	0x5718, 0x2CAC,
	0x571A, 0x0224,
	0x571C, 0x2C88,
	0x571E, 0x0220,
	0x5720, 0x58AD,
	0x5722, 0x0224,
	0x5724, 0x7C82,
	0x5726, 0x0120,
	0x5728, 0x18B4,
	0x572A, 0x0224,
	0x572C, 0xACF3,
	0x572E, 0x0320,
	0x5730, 0xA8B4,
	0x5732, 0x0224,
	0x5734, 0x1081,
	0x5736, 0x0320,
	0x5738, 0xCCB5,
	0x573A, 0x0224,
	0xFCFC, 0x2002,
	0xA5B0, 0x1753,
	0xA5B2, 0x02FC,
	0xA5B4, 0xE702,
	0xA5B6, 0x03F1,
	0xA5B8, 0xB7E7,
	0xA5BA, 0x0124,
	0xA5BC, 0x9387,
	0xA5BE, 0x0787,
	0xA5C0, 0x83A4,
	0xA5C2, 0x870D,
	0xA5C4, 0x03A4,
	0xA5C6, 0xC70D,
	0xA5C8, 0x0146,
	0xA5CA, 0xA685,
	0xA5CC, 0x2285,
	0xA5CE, 0x9740,
	0xA5D0, 0x01FC,
	0xA5D2, 0xE780,
	0xA5D4, 0x6047,
	0xA5D6, 0x97B0,
	0xA5D8, 0xFEFB,
	0xA5DA, 0xE780,
	0xA5DC, 0xE0E2,
	0xA5DE, 0x0546,
	0xA5E0, 0xA685,
	0xA5E2, 0x2285,
	0xA5E4, 0x9740,
	0xA5E6, 0x01FC,
	0xA5E8, 0xE780,
	0xA5EA, 0x0046,
	0xA5EC, 0x37A7,
	0xA5EE, 0x0224,
	0xA5F0, 0x9307,
	0xA5F2, 0x8754,
	0xA5F4, 0x03C6,
	0xA5F6, 0xC702,
	0xA5F8, 0x8546,
	0xA5FA, 0x630B,
	0xA5FC, 0xD600,
	0xA5FE, 0x83C6,
	0xA600, 0x0700,
	0xA602, 0x0947,
	0xA604, 0x638E,
	0xA606, 0xE606,
	0xA608, 0x1753,
	0xA60A, 0x02FC,
	0xA60C, 0x6700,
	0xA60E, 0xC3ED,
	0xA610, 0x03D5,
	0xA612, 0x4705,
	0xA614, 0x05C9,
	0xA616, 0x83D8,
	0xA618, 0x2705,
	0xA61A, 0xB7E6,
	0xA61C, 0x0124,
	0xA61E, 0x83D5,
	0xA620, 0x665F,
	0xA622, 0x1307,
	0xA624, 0x8754,
	0xA626, 0x8146,
	0xA628, 0x2548,
	0xA62A, 0x0356,
	0xA62C, 0xE702,
	0xA62E, 0x0907,
	0xA630, 0x63EA,
	0xA632, 0xC50C,
	0xA634, 0x8506,
	0xA636, 0xE39A,
	0xA638, 0x06FF,
	0xA63A, 0x3707,
	0xA63C, 0x0040,
	0xA63E, 0x3A95,
	0xA640, 0x2310,
	0xA642, 0x1501,
	0xA644, 0x03D5,
	0xA646, 0x6705,
	0xA648, 0x5DD9,
	0xA64A, 0x83D8,
	0xA64C, 0x2705,
	0xA64E, 0x37E7,
	0xA650, 0x0124,
	0xA652, 0x8355,
	0xA654, 0x675F,
	0xA656, 0xBE86,
	0xA658, 0x0147,
	0xA65A, 0x2548,
	0xA65C, 0x03D6,
	0xA65E, 0xE602,
	0xA660, 0x8906,
	0xA662, 0x63E8,
	0xA664, 0xC50A,
	0xA666, 0x0507,
	0xA668, 0xE31A,
	0xA66A, 0x07FF,
	0xA66C, 0x3707,
	0xA66E, 0x0040,
	0xA670, 0x3A95,
	0xA672, 0x2310,
	0xA674, 0x1501,
	0xA676, 0x83C6,
	0xA678, 0x0700,
	0xA67A, 0x0947,
	0xA67C, 0xE396,
	0xA67E, 0xE6F8,
	0xA680, 0x03D5,
	0xA682, 0x8702,
	0xA684, 0x1DC5,
	0xA686, 0x83D8,
	0xA688, 0x6702,
	0xA68A, 0x37F7,
	0xA68C, 0x0124,
	0xA68E, 0x8355,
	0xA690, 0xA781,
	0xA692, 0xBE86,
	0xA694, 0x0147,
	0xA696, 0x2548,
	0xA698, 0x03D6,
	0xA69A, 0x2600,
	0xA69C, 0x8906,
	0xA69E, 0x63ED,
	0xA6A0, 0xC504,
	0xA6A2, 0x0507,
	0xA6A4, 0xE31A,
	0xA6A6, 0x07FF,
	0xA6A8, 0x3707,
	0xA6AA, 0x0040,
	0xA6AC, 0x3A95,
	0xA6AE, 0x2310,
	0xA6B0, 0x1501,
	0xA6B2, 0x03D5,
	0xA6B4, 0xA702,
	0xA6B6, 0x29D9,
	0xA6B8, 0x83D8,
	0xA6BA, 0x6702,
	0xA6BC, 0x37F7,
	0xA6BE, 0x0124,
	0xA6C0, 0x8355,
	0xA6C2, 0xA781,
	0xA6C4, 0xBE86,
	0xA6C6, 0x0147,
	0xA6C8, 0x2548,
	0xA6CA, 0x03D6,
	0xA6CC, 0x2600,
	0xA6CE, 0x8906,
	0xA6D0, 0x63EE,
	0xA6D2, 0xC500,
	0xA6D4, 0x0507,
	0xA6D6, 0xE31A,
	0xA6D8, 0x07FF,
	0xA6DA, 0xB707,
	0xA6DC, 0x0040,
	0xA6DE, 0x3E95,
	0xA6E0, 0x2310,
	0xA6E2, 0x1501,
	0xA6E4, 0x1753,
	0xA6E6, 0x02FC,
	0xA6E8, 0x6700,
	0xA6EA, 0x03E0,
	0xA6EC, 0x2107,
	0xA6EE, 0x0607,
	0xA6F0, 0xBA97,
	0xA6F2, 0x83D8,
	0xA6F4, 0x4700,
	0xA6F6, 0xD5B7,
	0xA6F8, 0x2107,
	0xA6FA, 0x0607,
	0xA6FC, 0x3E97,
	0xA6FE, 0x8358,
	0xA700, 0x4700,
	0xA702, 0x5DB7,
	0xA704, 0x1387,
	0xA706, 0x0602,
	0xA708, 0x0607,
	0xA70A, 0x3E97,
	0xA70C, 0x8358,
	0xA70E, 0x0700,
	0xA710, 0x2DB7,
	0xA712, 0x1307,
	0xA714, 0x0702,
	0xA716, 0x0607,
	0xA718, 0x3E97,
	0xA71A, 0x8358,
	0xA71C, 0x0700,
	0xA71E, 0xB9B7,
	0xA720, 0x1753,
	0xA722, 0x02FC,
	0xA724, 0xE702,
	0xA726, 0x83D7,
	0xA728, 0x3284,
	0xA72A, 0xB7E7,
	0xA72C, 0x0124,
	0xA72E, 0x032B,
	0xA730, 0x4600,
	0xA732, 0x832A,
	0xA734, 0x4609,
	0xA736, 0x032A,
	0xA738, 0xC604,
	0xA73A, 0x0348,
	0xA73C, 0x8600,
	0xA73E, 0x9387,
	0xA740, 0x0787,
	0xA742, 0x0346,
	0xA744, 0x8609,
	0xA746, 0x0347,
	0xA748, 0x0405,
	0xA74A, 0x03AC,
	0xA74C, 0x070E,
	0xA74E, 0x83AB,
	0xA750, 0x470E,
	0xA752, 0x3318,
	0xA754, 0x0B01,
	0xA756, 0x3317,
	0xA758, 0xEA00,
	0xA75A, 0x3396,
	0xA75C, 0xCA00,
	0xA75E, 0x2322,
	0xA760, 0x0401,
	0xA762, 0x78C4,
	0xA764, 0xAA84,
	0xA766, 0x2E89,
	0xA768, 0x232A,
	0xA76A, 0xC408,
	0xA76C, 0xE285,
	0xA76E, 0x5E85,
	0xA770, 0x0146,
	0xA772, 0xB689,
	0xA774, 0x9740,
	0xA776, 0x01FC,
	0xA778, 0xE780,
	0xA77A, 0x002D,
	0xA77C, 0xCE86,
	0xA77E, 0x2286,
	0xA780, 0xCA85,
	0xA782, 0x2685,
	0xA784, 0x97B0,
	0xA786, 0xFDFB,
	0xA788, 0xE780,
	0xA78A, 0x00B8,
	0xA78C, 0x0546,
	0xA78E, 0xE285,
	0xA790, 0x5E85,
	0xA792, 0x9740,
	0xA794, 0x01FC,
	0xA796, 0xE780,
	0xA798, 0x202B,
	0xA79A, 0x2322,
	0xA79C, 0x6401,
	0xA79E, 0x232A,
	0xA7A0, 0x5409,
	0xA7A2, 0x2326,
	0xA7A4, 0x4405,
	0xA7A6, 0x1753,
	0xA7A8, 0x02FC,
	0xA7AA, 0x6700,
	0xA7AC, 0xA3D2,
	0xA7AE, 0x0100,
	0xA7B0, 0x1753,
	0xA7B2, 0x02FC,
	0xA7B4, 0xE702,
	0xA7B6, 0x03D1,
	0xA7B8, 0x2A84,
	0xA7BA, 0xEFE0,
	0xA7BC, 0xAFB2,
	0xA7BE, 0xA147,
	0xA7C0, 0x6306,
	0xA7C2, 0xF400,
	0xA7C4, 0x1753,
	0xA7C6, 0x02FC,
	0xA7C8, 0x6700,
	0xA7CA, 0x03D2,
	0xA7CC, 0x9770,
	0xA7CE, 0xFFFB,
	0xA7D0, 0xE780,
	0xA7D2, 0xC014,
	0xA7D4, 0x39C5,
	0xA7D6, 0xB737,
	0xA7D8, 0x0124,
	0xA7DA, 0x83C7,
	0xA7DC, 0x271A,
	0xA7DE, 0xFDD3,
	0xA7E0, 0x3784,
	0xA7E2, 0x0040,
	0xA7E4, 0x8355,
	0xA7E6, 0xE4F3,
	0xA7E8, 0x0D45,
	0xA7EA, 0x93E5,
	0xA7EC, 0x0524,
	0xA7EE, 0x97D0,
	0xA7F0, 0xFFFB,
	0xA7F2, 0xE780,
	0xA7F4, 0x6013,
	0xA7F6, 0x8355,
	0xA7F8, 0x24F7,
	0xA7FA, 0xB7A7,
	0xA7FC, 0x0124,
	0xA7FE, 0x9387,
	0xA800, 0x0753,
	0xA802, 0x03D7,
	0xA804, 0x47B6,
	0xA806, 0xC205,
	0xA808, 0xC181,
	0xA80A, 0x1377,
	0xA80C, 0xF7DB,
	0xA80E, 0x93F5,
	0xA810, 0xF5DB,
	0xA812, 0x4145,
	0xA814, 0x2392,
	0xA816, 0xE7B6,
	0xA818, 0x97D0,
	0xA81A, 0xFFFB,
	0xA81C, 0xE780,
	0xA81E, 0xC010,
	0xA820, 0x55B7,
	0xA822, 0x9770,
	0xA824, 0xFFFB,
	0xA826, 0xE780,
	0xA828, 0x600C,
	0xA82A, 0x55D5,
	0xA82C, 0x9780,
	0xA82E, 0xFFFB,
	0xA830, 0xE780,
	0xA832, 0x4086,
	0xA834, 0x19C9,
	0xA836, 0xB797,
	0xA838, 0x0124,
	0xA83A, 0x9387,
	0xA83C, 0x07D7,
	0xA83E, 0x03C7,
	0xA840, 0x8703,
	0xA842, 0x83C7,
	0xA844, 0x2706,
	0xA846, 0x6306,
	0xA848, 0xF706,
	0xA84A, 0x9780,
	0xA84C, 0xFFFB,
	0xA84E, 0xE780,
	0xA850, 0x6084,
	0xA852, 0x51D1,
	0xA854, 0xB797,
	0xA856, 0x0124,
	0xA858, 0x9387,
	0xA85A, 0x07D7,
	0xA85C, 0x03C7,
	0xA85E, 0xC701,
	0xA860, 0x83C7,
	0xA862, 0x2706,
	0xA864, 0xE319,
	0xA866, 0xF7F6,
	0xA868, 0xB727,
	0xA86A, 0x0224,
	0xA86C, 0x0564,
	0xA86E, 0x9387,
	0xA870, 0x076B,
	0xA872, 0xA297,
	0xA874, 0x03C7,
	0xA876, 0xF780,
	0xA878, 0x8547,
	0xA87A, 0x6317,
	0xA87C, 0xF700,
	0xA87E, 0xB737,
	0xA880, 0x0124,
	0xA882, 0x83C7,
	0xA884, 0x57A5,
	0xA886, 0xB1C3,
	0xA888, 0xB787,
	0xA88A, 0x0040,
	0xA88C, 0x83D5,
	0xA88E, 0xE7F3,
	0xA890, 0x0D45,
	0xA892, 0x93E5,
	0xA894, 0x0501,
	0xA896, 0x97D0,
	0xA898, 0xFFFB,
	0xA89A, 0xE780,
	0xA89C, 0xE008,
	0xA89E, 0xB7A7,
	0xA8A0, 0x0124,
	0xA8A2, 0x9387,
	0xA8A4, 0x0753,
	0xA8A6, 0x03D7,
	0xA8A8, 0x47B6,
	0xA8AA, 0x3D9B,
	0xA8AC, 0x2392,
	0xA8AE, 0xE7B6,
	0xA8B0, 0x1DB7,
	0xA8B2, 0xB727,
	0xA8B4, 0x0224,
	0xA8B6, 0x0564,
	0xA8B8, 0x9387,
	0xA8BA, 0x076B,
	0xA8BC, 0xA297,
	0xA8BE, 0x03C7,
	0xA8C0, 0xF780,
	0xA8C2, 0x9147,
	0xA8C4, 0xE30D,
	0xA8C6, 0xF7FA,
	0xA8C8, 0xC1B7,
	0xA8CA, 0xB787,
	0xA8CC, 0x0040,
	0xA8CE, 0x83D5,
	0xA8D0, 0xE7F3,
	0xA8D2, 0x0D45,
	0xA8D4, 0x93E5,
	0xA8D6, 0x0504,
	0xA8D8, 0x97D0,
	0xA8DA, 0xFFFB,
	0xA8DC, 0xE780,
	0xA8DE, 0xC004,
	0xA8E0, 0xB797,
	0xA8E2, 0x0124,
	0xA8E4, 0x9387,
	0xA8E6, 0x0753,
	0xA8E8, 0xA297,
	0xA8EA, 0x03D7,
	0xA8EC, 0x47B6,
	0xA8EE, 0x1377,
	0xA8F0, 0xF7FB,
	0xA8F2, 0x2392,
	0xA8F4, 0xE7B6,
	0xA8F6, 0xC5B5,
	0xA8F8, 0x3571,
	0xA8FA, 0x22CF,
	0xA8FC, 0x26CD,
	0xA8FE, 0x7324,
	0xA900, 0x2034,
	0xA902, 0xF324,
	0xA904, 0x1034,
	0xA906, 0x7360,
	0xA908, 0x0430,
	0xA90A, 0x06CB,
	0xA90C, 0x16C9,
	0xA90E, 0x1AC7,
	0xA910, 0x1EC5,
	0xA912, 0x2AC3,
	0xA914, 0x2EC1,
	0xA916, 0xB2DE,
	0xA918, 0xB6DC,
	0xA91A, 0xBADA,
	0xA91C, 0xBED8,
	0xA91E, 0xC2D6,
	0xA920, 0xC6D4,
	0xA922, 0xF2D2,
	0xA924, 0xF6D0,
	0xA926, 0xFACE,
	0xA928, 0xFECC,
	0xA92A, 0x82E2,
	0xA92C, 0x86E0,
	0xA92E, 0x0AFE,
	0xA930, 0x0EFC,
	0xA932, 0x12FA,
	0xA934, 0x16F8,
	0xA936, 0x1AF6,
	0xA938, 0x1EF4,
	0xA93A, 0x2AF2,
	0xA93C, 0x2EF0,
	0xA93E, 0x32EE,
	0xA940, 0x36EC,
	0xA942, 0x3AEA,
	0xA944, 0x3EE8,
	0xA946, 0x42E6,
	0xA948, 0x46E4,
	0xA94A, 0x72E2,
	0xA94C, 0x76E0,
	0xA94E, 0x272E,
	0xA950, 0xE1FF,
	0xA952, 0x272C,
	0xA954, 0xF1FF,
	0xA956, 0x9770,
	0xA958, 0xFFFB,
	0xA95A, 0xE780,
	0xA95C, 0x20FC,
	0xA95E, 0x19C5,
	0xA960, 0x9770,
	0xA962, 0xFFFB,
	0xA964, 0xE780,
	0xA966, 0x80F8,
	0xA968, 0x631C,
	0xA96A, 0x0512,
	0xA96C, 0x9305,
	0xA96E, 0x0024,
	0xA970, 0x4145,
	0xA972, 0x97D0,
	0xA974, 0xFFFB,
	0xA976, 0xE780,
	0xA978, 0x2002,
	0xA97A, 0x8145,
	0xA97C, 0x9377,
	0xA97E, 0x1500,
	0xA980, 0x85C7,
	0xA982, 0x37D7,
	0xA984, 0x0124,
	0xA986, 0xB7A7,
	0xA988, 0x0124,
	0xA98A, 0x1307,
	0xA98C, 0x07C4,
	0xA98E, 0x9387,
	0xA990, 0x0753,
	0xA992, 0x0356,
	0xA994, 0x4707,
	0xA996, 0x83D6,
	0xA998, 0xA7B6,
	0xA99A, 0x0506,
	0xA99C, 0x93E6,
	0xA99E, 0x1600,
	0xA9A0, 0x231A,
	0xA9A2, 0xC706,
	0xA9A4, 0x2395,
	0xA9A6, 0xD7B6,
	0xA9A8, 0x9377,
	0xA9AA, 0x2500,
	0xA9AC, 0x85C7,
	0xA9AE, 0x37D7,
	0xA9B0, 0x0124,
	0xA9B2, 0xB7A7,
	0xA9B4, 0x0124,
	0xA9B6, 0x1307,
	0xA9B8, 0x07C4,
	0xA9BA, 0x9387,
	0xA9BC, 0x0753,
	0xA9BE, 0x0356,
	0xA9C0, 0xC70C,
	0xA9C2, 0x83D6,
	0xA9C4, 0xA7B6,
	0xA9C6, 0x0506,
	0xA9C8, 0x93E6,
	0xA9CA, 0x2600,
	0xA9CC, 0x2316,
	0xA9CE, 0xC70C,
	0xA9D0, 0x2395,
	0xA9D2, 0xD7B6,
	0xA9D4, 0x9377,
	0xA9D6, 0x0520,
	0xA9D8, 0x1375,
	0xA9DA, 0x0504,
	0xA9DC, 0xC5C3,
	0xA9DE, 0xB7D7,
	0xA9E0, 0x0124,
	0xA9E2, 0x9387,
	0xA9E4, 0x07C4,
	0xA9E6, 0x03D7,
	0xA9E8, 0x6708,
	0xA9EA, 0x0507,
	0xA9EC, 0x2393,
	0xA9EE, 0xE708,
	0xA9F0, 0xD1C5,
	0xA9F2, 0x37A7,
	0xA9F4, 0x0124,
	0xA9F6, 0x1307,
	0xA9F8, 0x0753,
	0xA9FA, 0x8356,
	0xA9FC, 0xA7B6,
	0xA9FE, 0x93E6,
	0xAA00, 0x0620,
	0xAA02, 0x2315,
	0xAA04, 0xD7B6,
	0xAA06, 0x11C9,
	0xAA08, 0x03D6,
	0xAA0A, 0xA708,
	0xAA0C, 0x0506,
	0xAA0E, 0x2395,
	0xAA10, 0xC708,
	0xAA12, 0x93E6,
	0xAA14, 0x0604,
	0xAA16, 0x2315,
	0xAA18, 0xD7B6,
	0xAA1A, 0xDA40,
	0xAA1C, 0xCA42,
	0xAA1E, 0x3A43,
	0xAA20, 0xAA43,
	0xAA22, 0x1A45,
	0xAA24, 0x8A45,
	0xAA26, 0x7656,
	0xAA28, 0xE656,
	0xAA2A, 0x5657,
	0xAA2C, 0xC657,
	0xAA2E, 0x3658,
	0xAA30, 0xA658,
	0xAA32, 0x165E,
	0xAA34, 0x865E,
	0xAA36, 0x764F,
	0xAA38, 0xE64F,
	0xAA3A, 0x1660,
	0xAA3C, 0x8660,
	0xAA3E, 0x7271,
	0xAA40, 0xE271,
	0xAA42, 0x5272,
	0xAA44, 0xC272,
	0xAA46, 0x3273,
	0xAA48, 0xA273,
	0xAA4A, 0x1275,
	0xAA4C, 0x8275,
	0xAA4E, 0x7266,
	0xAA50, 0xE266,
	0xAA52, 0x5267,
	0xAA54, 0xC267,
	0xAA56, 0x3268,
	0xAA58, 0xA268,
	0xAA5A, 0x126E,
	0xAA5C, 0x826E,
	0xAA5E, 0x072F,
	0xAA60, 0xC1FF,
	0xAA62, 0x872F,
	0xAA64, 0x81FF,
	0xAA66, 0x7370,
	0xAA68, 0x0430,
	0xAA6A, 0x7390,
	0xAA6C, 0x1434,
	0xAA6E, 0x7310,
	0xAA70, 0x2434,
	0xAA72, 0x7A44,
	0xAA74, 0xEA44,
	0xAA76, 0x0D61,
	0xAA78, 0x7300,
	0xAA7A, 0x2030,
	0xAA7C, 0x59DD,
	0xAA7E, 0xB7D7,
	0xAA80, 0x0124,
	0xAA82, 0x9387,
	0xAA84, 0x07C4,
	0xAA86, 0x03D7,
	0xAA88, 0xA708,
	0xAA8A, 0x0507,
	0xAA8C, 0x2395,
	0xAA8E, 0xE708,
	0xAA90, 0xC9D5,
	0xAA92, 0x37A7,
	0xAA94, 0x0124,
	0xAA96, 0x1307,
	0xAA98, 0x0753,
	0xAA9A, 0x8356,
	0xAA9C, 0xA7B6,
	0xAA9E, 0x95BF,
	0xAAA0, 0xB7A7,
	0xAAA2, 0x0124,
	0xAAA4, 0x83D5,
	0xAAA6, 0x8709,
	0xAAA8, 0x4145,
	0xAAAA, 0x97D0,
	0xAAAC, 0xFFFB,
	0xAAAE, 0xE780,
	0xAAB0, 0xA0EE,
	0xAAB2, 0x8545,
	0xAAB4, 0xE1B5,
	0xAAB6, 0x0100,
	0xAAB8, 0x8280,
	0xAABA, 0x0100,
	0xAABC, 0x1753,
	0xAABE, 0x02FC,
	0xAAC0, 0xE702,
	0xAAC2, 0x43A0,
	0xAAC4, 0x37E4,
	0xAAC6, 0x0124,
	0xAAC8, 0x1304,
	0xAACA, 0x044C,
	0xAACC, 0x8344,
	0xAACE, 0xE40A,
	0xAAD0, 0x8547,
	0xAAD2, 0x2307,
	0xAAD4, 0xF40A,
	0xAAD6, 0x97A0,
	0xAAD8, 0xFDFB,
	0xAADA, 0xE780,
	0xAADC, 0xE0EB,
	0xAADE, 0x2307,
	0xAAE0, 0x940A,
	0xAAE2, 0x1753,
	0xAAE4, 0x02FC,
	0xAAE6, 0x6700,
	0xAAE8, 0x23A0,
	0xAAEA, 0x0100,
	0xAAEC, 0xB7A7,
	0xAAEE, 0x0224,
	0xAAF0, 0x83C7,
	0xAAF2, 0x075A,
	0xAAF4, 0x0547,
	0xAAF6, 0x6383,
	0xAAF8, 0xE700,
	0xAAFA, 0x8280,
	0xAAFC, 0x1753,
	0xAAFE, 0x02FC,
	0xAB00, 0xE702,
	0xAB02, 0xA39A,
	0xAB04, 0x3794,
	0xAB06, 0x0124,
	0xAB08, 0x1304,
	0xAB0A, 0x0453,
	0xAB0C, 0x0347,
	0xAB0E, 0x041B,
	0xAB10, 0x4111,
	0xAB12, 0x6307,
	0xAB14, 0xF700,
	0xAB16, 0x4101,
	0xAB18, 0x1753,
	0xAB1A, 0x02FC,
	0xAB1C, 0x6700,
	0xAB1E, 0x239C,
	0xAB20, 0x8947,
	0xAB22, 0xE31A,
	0xAB24, 0xF5FE,
	0xAB26, 0x8347,
	0xAB28, 0x3441,
	0xAB2A, 0xADC3,
	0xAB2C, 0x83A9,
	0xAB2E, 0x0500,
	0xAB30, 0x2EC6,
	0xAB32, 0x97C0,
	0xAB34, 0x01FC,
	0xAB36, 0xE780,
	0xAB38, 0xE0C0,
	0xAB3A, 0xAA84,
	0xAB3C, 0x9780,
	0xAB3E, 0x01FC,
	0xAB40, 0xE780,
	0xAB42, 0x40D0,
	0xAB44, 0xB245,
	0xAB46, 0x2A89,
	0xAB48, 0x9C41,
	0xAB4A, 0x63F3,
	0xAB4C, 0x9700,
	0xAB4E, 0xA687,
	0xAB50, 0x8851,
	0xAB52, 0x9CC1,
	0xAB54, 0x2EC6,
	0xAB56, 0x4A95,
	0xAB58, 0x97B0,
	0xAB5A, 0x00FC,
	0xAB5C, 0xE780,
	0xAB5E, 0xC0CD,
	0xAB60, 0xB245,
	0xAB62, 0xAA84,
	0xAB64, 0xE8C9,
	0xAB66, 0x3385,
	0xAB68, 0x2901,
	0xAB6A, 0x97B0,
	0xAB6C, 0x00FC,
	0xAB6E, 0xE780,
	0xAB70, 0xA0CC,
	0xAB72, 0x8567,
	0xAB74, 0x3E94,
	0xAB76, 0x8327,
	0xAB78, 0xC483,
	0xAB7A, 0x2695,
	0xAB7C, 0xB245,
	0xAB7E, 0x63F3,
	0xAB80, 0xA700,
	0xAB82, 0xAA87,
	0xAB84, 0x2322,
	0xAB86, 0xF498,
	0xAB88, 0xE8C5,
	0xAB8A, 0x71B7,
	0xAB8C, 0x0145,
	0xAB8E, 0x2EC6,
	0xAB90, 0x97B0,
	0xAB92, 0x01FC,
	0xAB94, 0xE780,
	0xAB96, 0x403E,
	0xAB98, 0xB245,
	0xAB9A, 0xAA89,
	0xAB9C, 0x51BF,
	0xAB9E, 0x0100,
	0xABA0, 0x1753,
	0xABA2, 0x02FC,
	0xABA4, 0xE702,
	0xABA6, 0x0392,
	0xABA8, 0x2A84,
	0xABAA, 0xEFE0,
	0xABAC, 0x7F85,
	0xABAE, 0x01E8,
	0xABB0, 0xB7D7,
	0xABB2, 0x0124,
	0xABB4, 0x03A7,
	0xABB6, 0x87C1,
	0xABB8, 0x9147,
	0xABBA, 0x6306,
	0xABBC, 0xF700,
	0xABBE, 0x1753,
	0xABC0, 0x02FC,
	0xABC2, 0x6700,
	0xABC4, 0x6392,
	0xABC6, 0xB7D7,
	0xABC8, 0x0124,
	0xABCA, 0x83C7,
	0xABCC, 0x07FA,
	0xABCE, 0xE5DB,
	0xABD0, 0xB747,
	0xABD2, 0x0124,
	0xABD4, 0x83C7,
	0xABD6, 0x27C4,
	0xABD8, 0xFDF3,
	0xABDA, 0x97E0,
	0xABDC, 0x00FC,
	0xABDE, 0xE780,
	0xABE0, 0x60A0,
	0xABE2, 0xB787,
	0xABE4, 0x0224,
	0xABE6, 0x0547,
	0xABE8, 0xA380,
	0xABEA, 0xE74E,
	0xABEC, 0xC9BF,
	0xABEE, 0x0100,
	0xABF0, 0x1753,
	0xABF2, 0x02FC,
	0xABF4, 0xE702,
	0xABF6, 0x038D,
	0xABF8, 0x3784,
	0xABFA, 0x0224,
	0xABFC, 0x1304,
	0xABFE, 0xC449,
	0xAC00, 0x8347,
	0xAC02, 0x5404,
	0xAC04, 0x99E7,
	0xAC06, 0xEFE0,
	0xAC08, 0x3F8B,
	0xAC0A, 0x1753,
	0xAC0C, 0x02FC,
	0xAC0E, 0x6700,
	0xAC10, 0xA38D,
	0xAC12, 0x97E0,
	0xAC14, 0x00FC,
	0xAC16, 0xE780,
	0xAC18, 0xE0B7,
	0xAC1A, 0xA302,
	0xAC1C, 0x0404,
	0xAC1E, 0xEFE0,
	0xAC20, 0xBF89,
	0xAC22, 0x1753,
	0xAC24, 0x02FC,
	0xAC26, 0x6700,
	0xAC28, 0x238C,
	0xAC2A, 0x0100,
	0xAC2C, 0x1753,
	0xAC2E, 0x02FC,
	0xAC30, 0xE702,
	0xAC32, 0x4389,
	0xAC34, 0xB7E7,
	0xAC36, 0x0124,
	0xAC38, 0x9387,
	0xAC3A, 0x0787,
	0xAC3C, 0x03A9,
	0xAC3E, 0x870E,
	0xAC40, 0x83A4,
	0xAC42, 0xC70E,
	0xAC44, 0x0146,
	0xAC46, 0xCA85,
	0xAC48, 0x2A84,
	0xAC4A, 0x2685,
	0xAC4C, 0x9740,
	0xAC4E, 0x01FC,
	0xAC50, 0xE780,
	0xAC52, 0x80DF,
	0xAC54, 0x2285,
	0xAC56, 0x97A0,
	0xAC58, 0xFFFB,
	0xAC5A, 0xE780,
	0xAC5C, 0x2047,
	0xAC5E, 0x0546,
	0xAC60, 0xCA85,
	0xAC62, 0x2685,
	0xAC64, 0x9740,
	0xAC66, 0x01FC,
	0xAC68, 0xE780,
	0xAC6A, 0x00DE,
	0xAC6C, 0x8547,
	0xAC6E, 0x6309,
	0xAC70, 0xF400,
	0xAC72, 0x9147,
	0xAC74, 0x6306,
	0xAC76, 0xF400,
	0xAC78, 0x1753,
	0xAC7A, 0x02FC,
	0xAC7C, 0x6700,
	0xAC7E, 0xC386,
	0xAC80, 0x9770,
	0xAC82, 0xFFFB,
	0xAC84, 0xE780,
	0xAC86, 0x80C9,
	0xAC88, 0x65F9,
	0xAC8A, 0x9770,
	0xAC8C, 0xFFFB,
	0xAC8E, 0xE780,
	0xAC90, 0xE0C5,
	0xAC92, 0x7DD1,
	0xAC94, 0x9770,
	0xAC96, 0xFFFB,
	0xAC98, 0xE780,
	0xAC9A, 0xC03F,
	0xAC9C, 0x19C9,
	0xAC9E, 0xB797,
	0xACA0, 0x0124,
	0xACA2, 0x9387,
	0xACA4, 0x07D7,
	0xACA6, 0x03C7,
	0xACA8, 0x8703,
	0xACAA, 0x83C7,
	0xACAC, 0x2706,
	0xACAE, 0x6306,
	0xACB0, 0xF706,
	0xACB2, 0x9770,
	0xACB4, 0xFFFB,
	0xACB6, 0xE780,
	0xACB8, 0xE03D,
	0xACBA, 0x5DDD,
	0xACBC, 0xB797,
	0xACBE, 0x0124,
	0xACC0, 0x9387,
	0xACC2, 0x07D7,
	0xACC4, 0x03C7,
	0xACC6, 0xC701,
	0xACC8, 0x83C7,
	0xACCA, 0x2706,
	0xACCC, 0xE316,
	0xACCE, 0xF7FA,
	0xACD0, 0xB7B7,
	0xACD2, 0x0224,
	0xACD4, 0x83A7,
	0xACD6, 0x0773,
	0xACD8, 0xB706,
	0xACDA, 0x0040,
	0xACDC, 0x1386,
	0xACDE, 0x4606,
	0xACE0, 0x8965,
	0xACE2, 0x3E96,
	0xACE4, 0x1387,
	0xACE6, 0x061F,
	0xACE8, 0x9385,
	0xACEA, 0xF5F1,
	0xACEC, 0x2310,
	0xACEE, 0xB600,
	0xACF0, 0x3E97,
	0xACF2, 0x7D56,
	0xACF4, 0x2310,
	0xACF6, 0xC700,
	0xACF8, 0x37D6,
	0xACFA, 0x0124,
	0xACFC, 0x1306,
	0xACFE, 0x06E7,
	0xAD00, 0x0357,
	0xAD02, 0xC605,
	0xAD04, 0x0356,
	0xAD06, 0x6606,
	0xAD08, 0x9386,
	0xAD0A, 0x861D,
	0xAD0C, 0x3297,
	0xAD0E, 0x4207,
	0xAD10, 0xB697,
	0xAD12, 0x4183,
	0xAD14, 0x2390,
	0xAD16, 0xE700,
	0xAD18, 0x85B7,
	0xAD1A, 0xB7B7,
	0xAD1C, 0x0224,
	0xAD1E, 0x83A7,
	0xAD20, 0x0773,
	0xAD22, 0xB706,
	0xAD24, 0x0040,
	0xAD26, 0x1386,
	0xAD28, 0x4606,
	0xAD2A, 0x8965,
	0xAD2C, 0x3E96,
	0xAD2E, 0x1387,
	0xAD30, 0x061F,
	0xAD32, 0x9385,
	0xAD34, 0xF5F1,
	0xAD36, 0x2310,
	0xAD38, 0xB600,
	0xAD3A, 0x3E97,
	0xAD3C, 0x7D56,
	0xAD3E, 0x2310,
	0xAD40, 0xC700,
	0xAD42, 0x37D6,
	0xAD44, 0x0124,
	0xAD46, 0x1306,
	0xAD48, 0x06E7,
	0xAD4A, 0x0357,
	0xAD4C, 0x0606,
	0xAD4E, 0x9386,
	0xAD50, 0xA61D,
	0xAD52, 0x0356,
	0xAD54, 0x6606,
	0xAD56, 0x5DBF,
	0xAD58, 0x1743,
	0xAD5A, 0x02FC,
	0xAD5C, 0xE702,
	0xAD5E, 0x8376,
	0xAD60, 0xB7D7,
	0xAD62, 0x0024,
	0xAD64, 0x83C7,
	0xAD66, 0x476D,
	0xAD68, 0x8544,
	0xAD6A, 0x6380,
	0xAD6C, 0x9714,
	0xAD6E, 0xB7E7,
	0xAD70, 0x0024,
	0xAD72, 0x03C4,
	0xAD74, 0xC784,
	0xAD76, 0xB7A7,
	0xAD78, 0x0124,
	0xAD7A, 0x83C7,
	0xAD7C, 0x6792,
	0xAD7E, 0x3334,
	0xAD80, 0x8000,
	0xAD82, 0x3304,
	0xAD84, 0x8040,
	0xAD86, 0x7998,
	0xAD88, 0x1304,
	0xAD8A, 0x6402,
	0xAD8C, 0xEDE7,
	0xAD8E, 0xB767,
	0xAD90, 0x0024,
	0xAD92, 0x9387,
	0xAD94, 0x0733,
	0xAD96, 0x03D7,
	0xAD98, 0xE75B,
	0xAD9A, 0x19C7,
	0xAD9C, 0x1347,
	0xAD9E, 0xF7FF,
	0xADA0, 0x618F,
	0xADA2, 0x1314,
	0xADA4, 0x0701,
	0xADA6, 0x4180,
	0xADA8, 0x83D7,
	0xADAA, 0x075C,
	0xADAC, 0x0D45,
	0xADAE, 0x5D8C,
	0xADB0, 0x4204,
	0xADB2, 0x4180,
	0xADB4, 0xA285,
	0xADB6, 0x97D0,
	0xADB8, 0xFFFB,
	0xADBA, 0xE780,
	0xADBC, 0x20C5,
	0xADBE, 0x9315,
	0xADC0, 0x0501,
	0xADC2, 0xC181,
	0xADC4, 0xAA84,
	0xADC6, 0x6309,
	0xADC8, 0xB400,
	0xADCA, 0x0565,
	0xADCC, 0xA18D,
	0xADCE, 0x2D05,
	0xADD0, 0x97A0,
	0xADD2, 0xFFFB,
	0xADD4, 0xE780,
	0xADD6, 0x0050,
	0xADD8, 0x1395,
	0xADDA, 0x0401,
	0xADDC, 0x93F7,
	0xADDE, 0x1400,
	0xADE0, 0x4181,
	0xADE2, 0x91CB,
	0xADE4, 0xB7D7,
	0xADE6, 0x0124,
	0xADE8, 0x9387,
	0xADEA, 0x07C4,
	0xADEC, 0x03D7,
	0xADEE, 0x4707,
	0xADF0, 0x0507,
	0xADF2, 0x239A,
	0xADF4, 0xE706,
	0xADF6, 0x9377,
	0xADF8, 0x2500,
	0xADFA, 0x91CB,
	0xADFC, 0xB7D7,
	0xADFE, 0x0124,
	0xAE00, 0x9387,
	0xAE02, 0x07C4,
	0xAE04, 0x03D7,
	0xAE06, 0xC70C,
	0xAE08, 0x0507,
	0xAE0A, 0x2396,
	0xAE0C, 0xE70C,
	0xAE0E, 0x9377,
	0xAE10, 0x4500,
	0xAE12, 0x91CB,
	0xAE14, 0xB7D7,
	0xAE16, 0x0124,
	0xAE18, 0x9387,
	0xAE1A, 0x07C4,
	0xAE1C, 0x03D7,
	0xAE1E, 0xE70C,
	0xAE20, 0x0507,
	0xAE22, 0x2397,
	0xAE24, 0xE70C,
	0xAE26, 0x9377,
	0xAE28, 0x0502,
	0xAE2A, 0x91CB,
	0xAE2C, 0xB7D7,
	0xAE2E, 0x0124,
	0xAE30, 0x9387,
	0xAE32, 0x07C4,
	0xAE34, 0x03D7,
	0xAE36, 0x070F,
	0xAE38, 0x0507,
	0xAE3A, 0x2398,
	0xAE3C, 0xE70E,
	0xAE3E, 0x9377,
	0xAE40, 0x0520,
	0xAE42, 0x91CB,
	0xAE44, 0xB7D7,
	0xAE46, 0x0124,
	0xAE48, 0x9387,
	0xAE4A, 0x07C4,
	0xAE4C, 0x03D7,
	0xAE4E, 0x6708,
	0xAE50, 0x0507,
	0xAE52, 0x2393,
	0xAE54, 0xE708,
	0xAE56, 0x1375,
	0xAE58, 0x0504,
	0xAE5A, 0x11C9,
	0xAE5C, 0xB7D7,
	0xAE5E, 0x0124,
	0xAE60, 0x9387,
	0xAE62, 0x07C4,
	0xAE64, 0x03D7,
	0xAE66, 0xA708,
	0xAE68, 0x0507,
	0xAE6A, 0x2395,
	0xAE6C, 0xE708,
	0xAE6E, 0x1743,
	0xAE70, 0x02FC,
	0xAE72, 0x6700,
	0xAE74, 0x6367,
	0xAE76, 0xB7D7,
	0xAE78, 0x0124,
	0xAE7A, 0x83D7,
	0xAE7C, 0xA7E7,
	0xAE7E, 0x81DB,
	0xAE80, 0x9760,
	0xAE82, 0xFEFB,
	0xAE84, 0xE780,
	0xAE86, 0x0072,
	0xAE88, 0x6311,
	0xAE8A, 0x9506,
	0xAE8C, 0xB797,
	0xAE8E, 0x0124,
	0xAE90, 0x9387,
	0xAE92, 0x07D7,
	0xAE94, 0x03C7,
	0xAE96, 0xC701,
	0xAE98, 0x83C7,
	0xAE9A, 0x2706,
	0xAE9C, 0x6307,
	0xAE9E, 0xF704,
	0xAEA0, 0x1364,
	0xAEA2, 0x0424,
	0xAEA4, 0x4204,
	0xAEA6, 0x4180,
	0xAEA8, 0x11A0,
	0xAEAA, 0x0144,
	0xAEAC, 0xB767,
	0xAEAE, 0x0024,
	0xAEB0, 0x9387,
	0xAEB2, 0x0733,
	0xAEB4, 0x03C7,
	0xAEB6, 0x273B,
	0xAEB8, 0xE30F,
	0xAEBA, 0x07EC,
	0xAEBC, 0x37A7,
	0xAEBE, 0x0124,
	0xAEC0, 0x0347,
	0xAEC2, 0x6792,
	0xAEC4, 0xE309,
	0xAEC6, 0x07EC,
	0xAEC8, 0x37D7,
	0xAECA, 0x0124,
	0xAECC, 0x0357,
	0xAECE, 0xA7E7,
	0xAED0, 0xE303,
	0xAED2, 0x07EC,
	0xAED4, 0x3797,
	0xAED6, 0x0124,
	0xAED8, 0x0347,
	0xAEDA, 0x1700,
	0xAEDC, 0xE30D,
	0xAEDE, 0x07EA,
	0xAEE0, 0x1374,
	0xAEE2, 0xF4DF,
	0xAEE4, 0x4204,
	0xAEE6, 0x4180,
	0xAEE8, 0x7DB5,
	0xAEEA, 0x9760,
	0xAEEC, 0xFEFB,
	0xAEEE, 0xE780,
	0xAEF0, 0x606B,
	0xAEF2, 0x8547,
	0xAEF4, 0xE31C,
	0xAEF6, 0xF5FA,
	0xAEF8, 0xB797,
	0xAEFA, 0x0124,
	0xAEFC, 0x9387,
	0xAEFE, 0x07D7,
	0xAF00, 0x03C7,
	0xAF02, 0xC701,
	0xAF04, 0x83C7,
	0xAF06, 0x2706,
	0xAF08, 0xE312,
	0xAF0A, 0xF7FA,
	0xAF0C, 0x1364,
	0xAF0E, 0x0420,
	0xAF10, 0x4204,
	0xAF12, 0x4180,
	0xAF14, 0x61BF,
	0xAF16, 0x0100,
	0xAF18, 0x7171,
	0xAF1A, 0x22D7,
	0xAF1C, 0x26D5,
	0xAF1E, 0x7324,
	0xAF20, 0x2034,
	0xAF22, 0xF324,
	0xAF24, 0x1034,
	0xAF26, 0x7360,
	0xAF28, 0x0430,
	0xAF2A, 0x2EC5,
	0xAF2C, 0xA565,
	0xAF2E, 0xBEDC,
	0xAF30, 0x06D3,
	0xAF32, 0x16D1,
	0xAF34, 0x1ACF,
	0xAF36, 0x1ECD,
	0xAF38, 0x22CB,
	0xAF3A, 0x2AC7,
	0xAF3C, 0x32C3,
	0xAF3E, 0x36C1,
	0xAF40, 0xBADE,
	0xAF42, 0xC2DA,
	0xAF44, 0xC6D8,
	0xAF46, 0xF2D0,
	0xAF48, 0xF6CE,
	0xAF4A, 0xFACC,
	0xAF4C, 0xFECA,
	0xAF4E, 0x82E2,
	0xAF50, 0x86E0,
	0xAF52, 0x0AFE,
	0xAF54, 0x0EFC,
	0xAF56, 0x12FA,
	0xAF58, 0x16F8,
	0xAF5A, 0x1AF6,
	0xAF5C, 0x1EF4,
	0xAF5E, 0x2AF2,
	0xAF60, 0x2EF0,
	0xAF62, 0x32EE,
	0xAF64, 0x26C9,
	0xAF66, 0xCAD6,
	0xAF68, 0xCED4,
	0xAF6A, 0xD2D2,
	0xAF6C, 0x9385,
	0xAF6E, 0x0540,
	0xAF70, 0x0545,
	0xAF72, 0x36EC,
	0xAF74, 0x3AEA,
	0xAF76, 0x3EE8,
	0xAF78, 0x42E6,
	0xAF7A, 0x46E4,
	0xAF7C, 0x72E2,
	0xAF7E, 0x76E0,
	0xAF80, 0x272E,
	0xAF82, 0xE1FF,
	0xAF84, 0x272C,
	0xAF86, 0xF1FF,
	0xAF88, 0x97D0,
	0xAF8A, 0xFFFB,
	0xAF8C, 0xE780,
	0xAF8E, 0xC0A0,
	0xAF90, 0xA167,
	0xAF92, 0xE98F,
	0xAF94, 0x2A84,
	0xAF96, 0x6394,
	0xAF98, 0x0718,
	0xAF9A, 0xB764,
	0xAF9C, 0x0124,
	0xAF9E, 0x9384,
	0xAFA0, 0x0440,
	0xAFA2, 0x8567,
	0xAFA4, 0xE18F,
	0xAFA6, 0xCDCF,
	0xAFA8, 0x37D7,
	0xAFAA, 0x0124,
	0xAFAC, 0x3789,
	0xAFAE, 0x0224,
	0xAFB0, 0x1307,
	0xAFB2, 0x07C4,
	0xAFB4, 0x1309,
	0xAFB6, 0xC949,
	0xAFB8, 0x8356,
	0xAFBA, 0x670E,
	0xAFBC, 0x8327,
	0xAFBE, 0x0905,
	0xAFC0, 0x8506,
	0xAFC2, 0x8507,
	0xAFC4, 0x2328,
	0xAFC6, 0xF904,
	0xAFC8, 0x2313,
	0xAFCA, 0xD70E,
	0xAFCC, 0x858B,
	0xAFCE, 0x639F,
	0xAFD0, 0x071A,
	0xAFD2, 0x8547,
	0xAFD4, 0xA30A,
	0xAFD6, 0xF904,
	0xAFD8, 0x9770,
	0xAFDA, 0xFFFB,
	0xAFDC, 0xE780,
	0xAFDE, 0x8008,
	0xAFE0, 0x19C5,
	0xAFE2, 0x0357,
	0xAFE4, 0x4905,
	0xAFE6, 0x9307,
	0xAFE8, 0x1010,
	0xAFEA, 0x6306,
	0xAFEC, 0xF724,
	0xAFEE, 0xDC50,
	0xAFF0, 0x0945,
	0xAFF2, 0x8297,
	0xAFF4, 0x9770,
	0xAFF6, 0xFFFB,
	0xAFF8, 0xE780,
	0xAFFA, 0x408F,
	0xAFFC, 0x11C5,
	0xAFFE, 0x9770,
	0xB000, 0xFFFB,
	0xB002, 0xE780,
	0xB004, 0xA091,
	0xB006, 0x55C5,
	0xB008, 0x9760,
	0xB00A, 0x00FC,
	0xB00C, 0xE780,
	0xB00E, 0xC063,
	0xB010, 0xB787,
	0xB012, 0x0024,
	0xB014, 0x83C7,
	0xB016, 0x078C,
	0xB018, 0xAA89,
	0xB01A, 0x6392,
	0xB01C, 0x071C,
	0xB01E, 0xB7D7,
	0xB020, 0x0124,
	0xB022, 0x9387,
	0xB024, 0x07E7,
	0xB026, 0xBC5F,
	0xB028, 0x639A,
	0xB02A, 0x0716,
	0xB02C, 0x3799,
	0xB02E, 0x0124,
	0xB030, 0x1309,
	0xB032, 0x0953,
	0xB034, 0xB727,
	0xB036, 0x0024,
	0xB038, 0x83C7,
	0xB03A, 0x7752,
	0xB03C, 0x6396,
	0xB03E, 0x071E,
	0xB040, 0x0345,
	0xB042, 0xC918,
	0xB044, 0x631D,
	0xB046, 0x051C,
	0xB048, 0xDC50,
	0xB04A, 0x0D45,
	0xB04C, 0x8297,
	0xB04E, 0x4E85,
	0xB050, 0x9760,
	0xB052, 0x00FC,
	0xB054, 0xE780,
	0xB056, 0x8063,
	0xB058, 0x8567,
	0xB05A, 0x3E99,
	0xB05C, 0x2320,
	0xB05E, 0xA9A2,
	0xB060, 0x1374,
	0xB062, 0x0440,
	0xB064, 0x21C4,
	0xB066, 0xB7D7,
	0xB068, 0x0124,
	0xB06A, 0x9387,
	0xB06C, 0x07C4,
	0xB06E, 0x37A7,
	0xB070, 0x0124,
	0xB072, 0x83D6,
	0xB074, 0x670E,
	0xB076, 0x1307,
	0xB078, 0x0753,
	0xB07A, 0x0347,
	0xB07C, 0x179B,
	0xB07E, 0x8506,
	0xB080, 0x3784,
	0xB082, 0x0224,
	0xB084, 0x1304,
	0xB086, 0xC449,
	0xB088, 0x1337,
	0xB08A, 0x1700,
	0xB08C, 0x2393,
	0xB08E, 0xD70E,
	0xB090, 0x230A,
	0xB092, 0xE404,
	0xB094, 0x9770,
	0xB096, 0xFFFB,
	0xB098, 0xE780,
	0xB09A, 0xC0FC,
	0xB09C, 0x6306,
	0xB09E, 0x0510,
	0xB0A0, 0x0357,
	0xB0A2, 0x4405,
	0xB0A4, 0x9307,
	0xB0A6, 0x1010,
	0xB0A8, 0x6300,
	0xB0AA, 0xF710,
	0xB0AC, 0xDC50,
	0xB0AE, 0x1D45,
	0xB0B0, 0x8297,
	0xB0B2, 0x9A50,
	0xB0B4, 0x8A52,
	0xB0B6, 0x7A43,
	0xB0B8, 0xEA43,
	0xB0BA, 0x5A44,
	0xB0BC, 0xCA44,
	0xB0BE, 0x3A45,
	0xB0C0, 0xAA45,
	0xB0C2, 0x1A46,
	0xB0C4, 0x8A46,
	0xB0C6, 0x7657,
	0xB0C8, 0xE657,
	0xB0CA, 0x5658,
	0xB0CC, 0xC658,
	0xB0CE, 0x3659,
	0xB0D0, 0xA659,
	0xB0D2, 0x165A,
	0xB0D4, 0x065E,
	0xB0D6, 0xF64E,
	0xB0D8, 0x664F,
	0xB0DA, 0xD64F,
	0xB0DC, 0x1660,
	0xB0DE, 0x8660,
	0xB0E0, 0x7271,
	0xB0E2, 0xE271,
	0xB0E4, 0x5272,
	0xB0E6, 0xC272,
	0xB0E8, 0x3273,
	0xB0EA, 0xA273,
	0xB0EC, 0x1275,
	0xB0EE, 0x8275,
	0xB0F0, 0x7266,
	0xB0F2, 0xE266,
	0xB0F4, 0x5267,
	0xB0F6, 0xC267,
	0xB0F8, 0x3268,
	0xB0FA, 0xA268,
	0xB0FC, 0x126E,
	0xB0FE, 0x826E,
	0xB100, 0x072F,
	0xB102, 0xC1FF,
	0xB104, 0x872F,
	0xB106, 0x81FF,
	0xB108, 0x7370,
	0xB10A, 0x0430,
	0xB10C, 0x7390,
	0xB10E, 0x1434,
	0xB110, 0x7310,
	0xB112, 0x2434,
	0xB114, 0x3A54,
	0xB116, 0xAA54,
	0xB118, 0x4D61,
	0xB11A, 0x7300,
	0xB11C, 0x2030,
	0xB11E, 0x37D9,
	0xB120, 0x0124,
	0xB122, 0x1309,
	0xB124, 0x09C4,
	0xB126, 0x8357,
	0xB128, 0x490E,
	0xB12A, 0xB764,
	0xB12C, 0x0124,
	0xB12E, 0x9384,
	0xB130, 0x0440,
	0xB132, 0xD850,
	0xB134, 0x8507,
	0xB136, 0x0145,
	0xB138, 0x2312,
	0xB13A, 0xF90E,
	0xB13C, 0x0297,
	0xB13E, 0x9760,
	0xB140, 0xFFFB,
	0xB142, 0xE780,
	0xB144, 0xA07A,
	0xB146, 0x25E5,
	0xB148, 0xB729,
	0xB14A, 0x0024,
	0xB14C, 0x3799,
	0xB14E, 0x0124,
	0xB150, 0x9389,
	0xB152, 0x0933,
	0xB154, 0x1309,
	0xB156, 0x0953,
	0xB158, 0x056A,
	0xB15A, 0x83C7,
	0xB15C, 0x791F,
	0xB15E, 0x4A9A,
	0xB160, 0x2320,
	0xB162, 0x0AA2,
	0xB164, 0xB9EF,
	0xB166, 0x0345,
	0xB168, 0xC918,
	0xB16A, 0x2DE5,
	0xB16C, 0x83C7,
	0xB16E, 0x0920,
	0xB170, 0x89C7,
	0xB172, 0x0327,
	0xB174, 0x4AB3,
	0xB176, 0x630A,
	0xB178, 0xF700,
	0xB17A, 0x97E0,
	0xB17C, 0x00FC,
	0xB17E, 0xE780,
	0xB180, 0x60DC,
	0xB182, 0xDC50,
	0xB184, 0x0545,
	0xB186, 0x8297,
	0xB188, 0x29BD,
	0xB18A, 0x01A0,
	0xB18C, 0x8547,
	0xB18E, 0x230A,
	0xB190, 0x0904,
	0xB192, 0xA30A,
	0xB194, 0x0904,
	0xB196, 0x2328,
	0xB198, 0xF904,
	0xB19A, 0x3DBD,
	0xB19C, 0x7D55,
	0xB19E, 0x9770,
	0xB1A0, 0x01FC,
	0xB1A2, 0xE780,
	0xB1A4, 0x200E,
	0xB1A6, 0x59B5,
	0xB1A8, 0xEFE0,
	0xB1AA, 0xDFE2,
	0xB1AC, 0x01B7,
	0xB1AE, 0x9760,
	0xB1B0, 0xFFFB,
	0xB1B2, 0xE780,
	0xB1B4, 0xA076,
	0xB1B6, 0x49F9,
	0xB1B8, 0x8357,
	0xB1BA, 0x490E,
	0xB1BC, 0x858B,
	0xB1BE, 0xC9F7,
	0xB1C0, 0xCDBD,
	0xB1C2, 0x9770,
	0xB1C4, 0x01FC,
	0xB1C6, 0xE780,
	0xB1C8, 0xA00C,
	0xB1CA, 0x2311,
	0xB1CC, 0xA94E,
	0xB1CE, 0x0345,
	0xB1D0, 0xC918,
	0xB1D2, 0x49DD,
	0xB1D4, 0x97C0,
	0xB1D6, 0xFFFB,
	0xB1D8, 0xE780,
	0xB1DA, 0xC0BD,
	0xB1DC, 0x41BF,
	0xB1DE, 0x9770,
	0xB1E0, 0x01FC,
	0xB1E2, 0xE780,
	0xB1E4, 0xE00A,
	0xB1E6, 0x3799,
	0xB1E8, 0x0124,
	0xB1EA, 0x1309,
	0xB1EC, 0x0953,
	0xB1EE, 0x8D67,
	0xB1F0, 0xCA97,
	0xB1F2, 0x03C7,
	0xB1F4, 0xD76F,
	0xB1F6, 0x232E,
	0xB1F8, 0xA94E,
	0xB1FA, 0x8547,
	0xB1FC, 0x6306,
	0xB1FE, 0xF700,
	0xB200, 0x8327,
	0xB202, 0x094F,
	0xB204, 0xE377,
	0xB206, 0xF5EA,
	0xB208, 0x9760,
	0xB20A, 0x00FC,
	0xB20C, 0xE780,
	0xB20E, 0x0006,
	0xB210, 0x9770,
	0xB212, 0x01FC,
	0xB214, 0xE780,
	0xB216, 0xC007,
	0xB218, 0x2320,
	0xB21A, 0xA950,
	0xB21C, 0x21BD,
	0xB21E, 0x97C0,
	0xB220, 0xFFFB,
	0xB222, 0xE780,
	0xB224, 0x20BC,
	0xB226, 0x0DB5,
	0xB228, 0x9770,
	0xB22A, 0x01FC,
	0xB22C, 0xE780,
	0xB22E, 0x4006,
	0xB230, 0x2312,
	0xB232, 0xA94E,
	0xB234, 0x31B5,
	0xB236, 0xEFE0,
	0xB238, 0xFFD9,
	0xB23A, 0x55BB,
	0xB23C, 0x1743,
	0xB23E, 0x02FC,
	0xB240, 0xE702,
	0xB242, 0x4328,
	0xB244, 0x2A84,
	0xB246, 0xEFD0,
	0xB248, 0x3FB1,
	0xB24A, 0x8947,
	0xB24C, 0x6306,
	0xB24E, 0xF400,
	0xB250, 0x1743,
	0xB252, 0x02FC,
	0xB254, 0x6700,
	0xB256, 0x4329,
	0xB258, 0xB7A4,
	0xB25A, 0x0224,
	0xB25C, 0x9384,
	0xB25E, 0x8454,
	0xB260, 0x83C7,
	0xB262, 0x1406,
	0xB264, 0xF5F7,
	0xB266, 0x9770,
	0xB268, 0xFFFB,
	0xB26A, 0xE780,
	0xB26C, 0xA0ED,
	0xB26E, 0x6DF1,
	0xB270, 0x9770,
	0xB272, 0xFFFB,
	0xB274, 0xE780,
	0xB276, 0x40EE,
	0xB278, 0x61FD,
	0xB27A, 0x3725,
	0xB27C, 0x0224,
	0xB27E, 0x1305,
	0xB280, 0x05ED,
	0xB282, 0x9700,
	0xB284, 0xFFFB,
	0xB286, 0xE780,
	0xB288, 0x2005,
	0xB28A, 0xB767,
	0xB28C, 0x0124,
	0xB28E, 0x83A7,
	0xB290, 0x0740,
	0xB292, 0x0549,
	0xB294, 0x37A7,
	0xB296, 0x0124,
	0xB298, 0x1D45,
	0xB29A, 0x2305,
	0xB29C, 0x2723,
	0xB29E, 0x8297,
	0xB2A0, 0xA380,
	0xB2A2, 0x2407,
	0xB2A4, 0x9780,
	0xB2A6, 0x01FC,
	0xB2A8, 0xE780,
	0xB2AA, 0x008E,
	0xB2AC, 0x55F1,
	0xB2AE, 0xB727,
	0xB2B0, 0x0124,
	0xB2B2, 0x2380,
	0xB2B4, 0x8754,
	0xB2B6, 0x97B0,
	0xB2B8, 0xFEFB,
	0xB2BA, 0xE780,
	0xB2BC, 0x600D,
	0xB2BE, 0x2381,
	0xB2C0, 0x2407,
	0xB2C2, 0x79B7,
	0xB2C4, 0x1743,
	0xB2C6, 0x02FC,
	0xB2C8, 0xE702,
	0xB2CA, 0xC31F,
	0xB2CC, 0x37A4,
	0xB2CE, 0x0224,
	0xB2D0, 0x1304,
	0xB2D2, 0x8454,
	0xB2D4, 0x0347,
	0xB2D6, 0x2406,
	0xB2D8, 0x8547,
	0xB2DA, 0x630A,
	0xB2DC, 0xF700,
	0xB2DE, 0x97B0,
	0xB2E0, 0xFEFB,
	0xB2E2, 0xE780,
	0xB2E4, 0xE074,
	0xB2E6, 0x1743,
	0xB2E8, 0x02FC,
	0xB2EA, 0x6700,
	0xB2EC, 0xE31F,
	0xB2EE, 0x9780,
	0xB2F0, 0x01FC,
	0xB2F2, 0xE780,
	0xB2F4, 0x6089,
	0xB2F6, 0x65F5,
	0xB2F8, 0x97B0,
	0xB2FA, 0xFEFB,
	0xB2FC, 0xE780,
	0xB2FE, 0x801A,
	0xB300, 0x2301,
	0xB302, 0x0406,
	0xB304, 0xE9BF,
	0xB306, 0x0100,
	0xB308, 0x1743,
	0xB30A, 0x02FC,
	0xB30C, 0xE702,
	0xB30E, 0x831B,
	0xB310, 0x9D47,
	0xB312, 0x631F,
	0xB314, 0xF500,
	0xB316, 0x3794,
	0xB318, 0x0124,
	0xB31A, 0x1304,
	0xB31C, 0x0453,
	0xB31E, 0x8567,
	0xB320, 0xA297,
	0xB322, 0x83C7,
	0xB324, 0xA7CF,
	0xB326, 0x9DE7,
	0xB328, 0x1743,
	0xB32A, 0x02FC,
	0xB32C, 0x6700,
	0xB32E, 0xC31B,
	0xB330, 0x2A84,
	0xB332, 0xEFD0,
	0xB334, 0x7FE8,
	0xB336, 0x8547,
	0xB338, 0xE318,
	0xB33A, 0xF4FE,
	0xB33C, 0xB7E7,
	0xB33E, 0x0124,
	0xB340, 0x9387,
	0xB342, 0x074C,
	0xB344, 0x23AE,
	0xB346, 0x0710,
	0xB348, 0x23A4,
	0xB34A, 0x077E,
	0xB34C, 0x1743,
	0xB34E, 0x02FC,
	0xB350, 0x6700,
	0xB352, 0x8319,
	0xB354, 0x9770,
	0xB356, 0xFFFB,
	0xB358, 0xE780,
	0xB35A, 0xC0DE,
	0xB35C, 0x71F5,
	0xB35E, 0x9770,
	0xB360, 0xFFFB,
	0xB362, 0xE780,
	0xB364, 0x60DF,
	0xB366, 0x69F1,
	0xB368, 0x8D67,
	0xB36A, 0x3E94,
	0xB36C, 0x8327,
	0xB36E, 0x846D,
	0xB370, 0xB724,
	0xB372, 0x0124,
	0xB374, 0x9384,
	0xB376, 0x045F,
	0xB378, 0x91EF,
	0xB37A, 0x83A7,
	0xB37C, 0x440E,
	0xB37E, 0x99CB,
	0xB380, 0xB7D7,
	0xB382, 0x0124,
	0xB384, 0x83C7,
	0xB386, 0x07FA,
	0xB388, 0xC5D3,
	0xB38A, 0x9700,
	0xB38C, 0xFFFB,
	0xB38E, 0xE780,
	0xB390, 0x20EE,
	0xB392, 0x59BF,
	0xB394, 0x83A7,
	0xB396, 0xC40A,
	0xB398, 0xC1DB,
	0xB39A, 0x0545,
	0xB39C, 0x9730,
	0xB39E, 0xFEFB,
	0xB3A0, 0xE780,
	0xB3A2, 0x805C,
	0xB3A4, 0xB735,
	0xB3A6, 0x202D,
	0xB3A8, 0x7578,
	0xB3AA, 0x37F5,
	0xB3AC, 0x202D,
	0xB3AE, 0x9385,
	0xB3B0, 0x0560,
	0xB3B2, 0x1308,
	0xB3B4, 0x08A0,
	0xB3B6, 0x9168,
	0xB3B8, 0x1305,
	0xB3BA, 0x0560,
	0xB3BC, 0xB387,
	0xB3BE, 0x0501,
	0xB3C0, 0x03C7,
	0xB3C2, 0x0700,
	0xB3C4, 0x9306,
	0xB3C6, 0xF00F,
	0xB3C8, 0x1316,
	0xB3CA, 0x8701,
	0xB3CC, 0x6186,
	0xB3CE, 0x0607,
	0xB3D0, 0x6344,
	0xB3D2, 0x0600,
	0xB3D4, 0x9376,
	0xB3D6, 0xF70F,
	0xB3D8, 0x2380,
	0xB3DA, 0xD700,
	0xB3DC, 0x8507,
	0xB3DE, 0xE391,
	0xB3E0, 0xB7FE,
	0xB3E2, 0xB385,
	0xB3E4, 0x1701,
	0xB3E6, 0xE39B,
	0xB3E8, 0xA5FC,
	0xB3EA, 0xB7A7,
	0xB3EC, 0x0224,
	0xB3EE, 0x0547,
	0xB3F0, 0x0145,
	0xB3F2, 0xA384,
	0xB3F4, 0xE75A,
	0xB3F6, 0x9730,
	0xB3F8, 0xFEFB,
	0xB3FA, 0xE780,
	0xB3FC, 0xE056,
	0xB3FE, 0xB7D7,
	0xB400, 0x0124,
	0xB402, 0x83C7,
	0xB404, 0x07FA,
	0xB406, 0x8DD3,
	0xB408, 0x8327,
	0xB40A, 0x846D,
	0xB40C, 0x91FF,
	0xB40E, 0x83A7,
	0xB410, 0x440E,
	0xB412, 0x99DB,
	0xB414, 0x9DBF,
	0xB416, 0x0100,
	0xB418, 0x1743,
	0xB41A, 0x02FC,
	0xB41C, 0xE702,
	0xB41E, 0x830A,
	0xB420, 0xB7D7,
	0xB422, 0x0124,
	0xB424, 0x9387,
	0xB426, 0x07F4,
	0xB428, 0x03C7,
	0xB42A, 0x1705,
	0xB42C, 0x2A84,
	0xB42E, 0x11C7,
	0xB430, 0x03C7,
	0xB432, 0x1700,
	0xB434, 0x8947,
	0xB436, 0x6301,
	0xB438, 0xF704,
	0xB43A, 0xB7E7,
	0xB43C, 0x0124,
	0xB43E, 0x9387,
	0xB440, 0x0787,
	0xB442, 0x03A9,
	0xB444, 0x870F,
	0xB446, 0x83A4,
	0xB448, 0xC70F,
	0xB44A, 0x0146,
	0xB44C, 0xCA85,
	0xB44E, 0x2685,
	0xB450, 0x9730,
	0xB452, 0x01FC,
	0xB454, 0xE780,
	0xB456, 0x405F,
	0xB458, 0x2285,
	0xB45A, 0x97D0,
	0xB45C, 0xFEFB,
	0xB45E, 0xE780,
	0xB460, 0x20E2,
	0xB462, 0x0546,
	0xB464, 0xCA85,
	0xB466, 0x2685,
	0xB468, 0x9730,
	0xB46A, 0x01FC,
	0xB46C, 0xE780,
	0xB46E, 0xC05D,
	0xB470, 0x1743,
	0xB472, 0x02FC,
	0xB474, 0x6700,
	0xB476, 0x4307,
	0xB478, 0xB7E7,
	0xB47A, 0x0024,
	0xB47C, 0x83D6,
	0xB47E, 0xC7C8,
	0xB480, 0x8567,
	0xB482, 0x1387,
	0xB484, 0xF7B3,
	0xB486, 0xE39A,
	0xB488, 0xE6FA,
	0xB48A, 0x3797,
	0xB48C, 0x0124,
	0xB48E, 0x1307,
	0xB490, 0x0753,
	0xB492, 0xBA97,
	0xB494, 0x03A5,
	0xB496, 0x07B2,
	0xB498, 0x8145,
	0xB49A, 0x3325,
	0xB49C, 0xA000,
	0xB49E, 0x97D0,
	0xB4A0, 0x00FC,
	0xB4A2, 0xE780,
	0xB4A4, 0x20C7,
	0xB4A6, 0x51BF,
	0xB4A8, 0x1743,
	0xB4AA, 0x02FC,
	0xB4AC, 0xE702,
	0xB4AE, 0x8301,
	0xB4B0, 0x9760,
	0xB4B2, 0xFFFB,
	0xB4B4, 0xE780,
	0xB4B6, 0x8043,
	0xB4B8, 0x11C5,
	0xB4BA, 0xB7E7,
	0xB4BC, 0x0024,
	0xB4BE, 0x83C7,
	0xB4C0, 0xC784,
	0xB4C2, 0xBDEF,
	0xB4C4, 0x1384,
	0xB4C6, 0x81E7,
	0xB4C8, 0x0347,
	0xB4CA, 0x8400,
	0xB4CC, 0x8547,
	0xB4CE, 0x6303,
	0xB4D0, 0xF706,
	0xB4D2, 0x0357,
	0xB4D4, 0x2403,
	0xB4D6, 0xB767,
	0xB4D8, 0x0040,
	0xB4DA, 0x2398,
	0xB4DC, 0xE718,
	0xB4DE, 0x8357,
	0xB4E0, 0x4403,
	0xB4E2, 0x3767,
	0xB4E4, 0x0040,
	0xB4E6, 0x2314,
	0xB4E8, 0xF720,
	0xB4EA, 0x9760,
	0xB4EC, 0xFFFB,
	0xB4EE, 0xE780,
	0xB4F0, 0xE03F,
	0xB4F2, 0x19C5,
	0xB4F4, 0xB7E7,
	0xB4F6, 0x0024,
	0xB4F8, 0x03C7,
	0xB4FA, 0xC784,
	0xB4FC, 0x8147,
	0xB4FE, 0x09EB,
	0xB500, 0x8346,
	0xB502, 0x8400,
	0xB504, 0x0547,
	0xB506, 0x8147,
	0xB508, 0x6384,
	0xB50A, 0xE600,
	0xB50C, 0x8357,
	0xB50E, 0xC405,
	0xB510, 0x37A7,
	0xB512, 0x0040,
	0xB514, 0x2312,
	0xB516, 0xF710,
	0xB518, 0x9770,
	0xB51A, 0xFFFB,
	0xB51C, 0xE780,
	0xB51E, 0x80C2,
	0xB520, 0x35C1,
	0xB522, 0x9770,
	0xB524, 0xFFFB,
	0xB526, 0xE780,
	0xB528, 0x20C3,
	0xB52A, 0x05C9,
	0xB52C, 0x1743,
	0xB52E, 0x02FC,
	0xB530, 0x6700,
	0xB532, 0x83FB,
	0xB534, 0xB767,
	0xB536, 0x0040,
	0xB538, 0x2398,
	0xB53A, 0x0718,
	0xB53C, 0x8147,
	0xB53E, 0x55B7,
	0xB540, 0xB767,
	0xB542, 0x0040,
	0xB544, 0x2398,
	0xB546, 0x0718,
	0xB548, 0x1384,
	0xB54A, 0x81E7,
	0xB54C, 0x8346,
	0xB54E, 0x8400,
	0xB550, 0x0547,
	0xB552, 0x8147,
	0xB554, 0xE395,
	0xB556, 0xE6F8,
	0xB558, 0x69B7,
	0xB55A, 0x9760,
	0xB55C, 0xFFFB,
	0xB55E, 0xE780,
	0xB560, 0xE038,
	0xB562, 0x31ED,
	0xB564, 0x8346,
	0xB566, 0x8400,
	0xB568, 0x0547,
	0xB56A, 0x8147,
	0xB56C, 0x6384,
	0xB56E, 0xE600,
	0xB570, 0x8357,
	0xB572, 0x4408,
	0xB574, 0x3787,
	0xB576, 0x0040,
	0xB578, 0x2314,
	0xB57A, 0xF710,
	0xB57C, 0x1743,
	0xB57E, 0x02FC,
	0xB580, 0x6700,
	0xB582, 0x83F6,
	0xB584, 0x9770,
	0xB586, 0xFFFB,
	0xB588, 0xE780,
	0xB58A, 0x00BD,
	0xB58C, 0x59F9,
	0xB58E, 0x9760,
	0xB590, 0xFFFB,
	0xB592, 0xE780,
	0xB594, 0xA035,
	0xB596, 0x19C5,
	0xB598, 0xB7E7,
	0xB59A, 0x0024,
	0xB59C, 0x03C7,
	0xB59E, 0xC784,
	0xB5A0, 0x8147,
	0xB5A2, 0x09EB,
	0xB5A4, 0x8346,
	0xB5A6, 0x8400,
	0xB5A8, 0x0547,
	0xB5AA, 0x8147,
	0xB5AC, 0x6384,
	0xB5AE, 0xE600,
	0xB5B0, 0x8357,
	0xB5B2, 0x6407,
	0xB5B4, 0x3707,
	0xB5B6, 0x0140,
	0xB5B8, 0x2314,
	0xB5BA, 0xF710,
	0xB5BC, 0x9DB7,
	0xB5BE, 0xB7E7,
	0xB5C0, 0x0024,
	0xB5C2, 0x03C7,
	0xB5C4, 0xC784,
	0xB5C6, 0x8147,
	0xB5C8, 0x55F7,
	0xB5CA, 0x69BF,
	0xB5CC, 0x1743,
	0xB5CE, 0x02FC,
	0xB5D0, 0xE702,
	0xB5D2, 0xA3ED,
	0xB5D4, 0xB747,
	0xB5D6, 0x0124,
	0xB5D8, 0x03D7,
	0xB5DA, 0xC7E1,
	0xB5DC, 0x8947,
	0xB5DE, 0x2A84,
	0xB5E0, 0xAE84,
	0xB5E2, 0x6319,
	0xB5E4, 0xF700,
	0xB5E6, 0xB7A7,
	0xB5E8, 0x0124,
	0xB5EA, 0x03A7,
	0xB5EC, 0x4706,
	0xB5EE, 0xFD57,
	0xB5F0, 0x630E,
	0xB5F2, 0xF702,
	0xB5F4, 0xB7E7,
	0xB5F6, 0x0124,
	0xB5F8, 0x9387,
	0xB5FA, 0x0787,
	0xB5FC, 0x83A9,
	0xB5FE, 0x8710,
	0xB600, 0x03A9,
	0xB602, 0xC710,
	0xB604, 0x0146,
	0xB606, 0xCE85,
	0xB608, 0x4A85,
	0xB60A, 0x9730,
	0xB60C, 0x01FC,
	0xB60E, 0xE780,
	0xB610, 0xA043,
	0xB612, 0xA685,
	0xB614, 0x2285,
	0xB616, 0x97D0,
	0xB618, 0x00FC,
	0xB61A, 0xE780,
	0xB61C, 0xA0AF,
	0xB61E, 0x0546,
	0xB620, 0xCE85,
	0xB622, 0x4A85,
	0xB624, 0x9730,
	0xB626, 0x01FC,
	0xB628, 0xE780,
	0xB62A, 0x0042,
	0xB62C, 0x1743,
	0xB62E, 0x02FC,
	0xB630, 0x6700,
	0xB632, 0xE3EA,
	0xB634, 0x1743,
	0xB636, 0x02FC,
	0xB638, 0xE702,
	0xB63A, 0xC3E8,
	0xB63C, 0xB7B6,
	0xB63E, 0x0224,
	0xB640, 0xB787,
	0xB642, 0x0324,
	0xB644, 0x9386,
	0xB646, 0x4673,
	0xB648, 0x37A7,
	0xB64A, 0x0124,
	0xB64C, 0x9387,
	0xB64E, 0x07FF,
	0xB650, 0x1307,
	0xB652, 0x0753,
	0xB654, 0x958F,
	0xB656, 0x232C,
	0xB658, 0xD7B4,
	0xB65A, 0x232E,
	0xB65C, 0xF7B4,
	0xB65E, 0x9730,
	0xB660, 0x01FC,
	0xB662, 0xE780,
	0xB664, 0x20E2,
	0xB666, 0x01C5,
	0xB668, 0xEFE0,
	0xB66A, 0xDFD5,
	0xB66C, 0x3120,
	0xB66E, 0x1743,
	0xB670, 0x02FC,
	0xB672, 0x6700,
	0xB674, 0x63E7,
	0xB676, 0x0100,
	0xB678, 0x1743,
	0xB67A, 0x02FC,
	0xB67C, 0xE702,
	0xB67E, 0x83E4,
	0xB680, 0xB7B7,
	0xB682, 0x0224,
	0xB684, 0x9387,
	0xB686, 0xC7AB,
	0xB688, 0x23AE,
	0xB68A, 0xF194,
	0xB68C, 0x3764,
	0xB68E, 0x0124,
	0xB690, 0x9D66,
	0xB692, 0xB7B5,
	0xB694, 0x0224,
	0xB696, 0xB7A7,
	0xB698, 0x0224,
	0xB69A, 0x1304,
	0xB69C, 0x0440,
	0xB69E, 0x9387,
	0xB6A0, 0x077B,
	0xB6A2, 0x9386,
	0xB6A4, 0xF6BF,
	0xB6A6, 0x1146,
	0xB6A8, 0x9385,
	0xB6AA, 0x85F1,
	0xB6AC, 0x0545,
	0xB6AE, 0x5CC4,
	0xB6B0, 0x97E0,
	0xB6B2, 0xFFFB,
	0xB6B4, 0xE780,
	0xB6B6, 0x002E,
	0xB6B8, 0xC166,
	0xB6BA, 0xB7B5,
	0xB6BC, 0x0224,
	0xB6BE, 0xFD16,
	0xB6C0, 0x3146,
	0xB6C2, 0x9385,
	0xB6C4, 0x858F,
	0xB6C6, 0x4145,
	0xB6C8, 0x97E0,
	0xB6CA, 0xFFFB,
	0xB6CC, 0xE780,
	0xB6CE, 0x802C,
	0xB6D0, 0x37B7,
	0xB6D2, 0x0224,
	0xB6D4, 0x1307,
	0xB6D6, 0xC7AE,
	0xB6D8, 0xB7A7,
	0xB6DA, 0x0224,
	0xB6DC, 0x9387,
	0xB6DE, 0x8754,
	0xB6E0, 0x78C8,
	0xB6E2, 0x37B7,
	0xB6E4, 0x0224,
	0xB6E6, 0xA380,
	0xB6E8, 0x0706,
	0xB6EA, 0x2381,
	0xB6EC, 0x0706,
	0xB6EE, 0x1307,
	0xB6F0, 0x07BA,
	0xB6F2, 0xB7B7,
	0xB6F4, 0x0224,
	0xB6F6, 0x18D4,
	0xB6F8, 0x9387,
	0xB6FA, 0xC723,
	0xB6FC, 0x37B7,
	0xB6FE, 0x0224,
	0xB700, 0x7CC4,
	0xB702, 0x1307,
	0xB704, 0x8730,
	0xB706, 0xB7B7,
	0xB708, 0x0224,
	0xB70A, 0x18C0,
	0xB70C, 0x9387,
	0xB70E, 0x472C,
	0xB710, 0x23AA,
	0xB712, 0xF1A4,
	0xB714, 0x1743,
	0xB716, 0x02FC,
	0xB718, 0x6700,
	0xB71A, 0x03DD,
	0xB71C, 0x0000,
	0xB71E, 0x0000,
	0xB720, 0x6610,
	0xB722, 0xE538,
	0xB724, 0x0000,
	0xB726, 0x0000,
	0xB728, 0xBF3F,
	0xB72A, 0x0000,
	0xB72C, 0x0000,
	0xB72E, 0x0000,
	0xB730, 0x008D,
	0xB732, 0x0000,
	0xFCFC, 0x2000,
	0x2366, 0x001C,
	0x2368, 0x001C,
	0x238E, 0x3F28,
	0x2398, 0x5037,
	0x24B8, 0x0101,
	0x66E4, 0x1E8D,
	0x66E6, 0x0000,
	0x6874, 0x0000,
	0x6876, 0x0000,
	0x6878, 0x0000,
	0x687A, 0x0000,
	0x6884, 0x0100,
	0x6886, 0x0100,
	0x6888, 0x0100,
	0x688A, 0x0100,
	0x77D2, 0x0000,
	0x780A, 0x0000,
	0x793E, 0x0100,
	0x7940, 0x7017,
	0x795C, 0x0400,
	0x795E, 0x0400,
	0x7960, 0x0800,
	0x7962, 0x1000,
	0x7964, 0x0800,
	0x7966, 0x1000,
	0x7968, 0x0800,
	0x796A, 0x0800,
	0x796C, 0x0800,
	0x796E, 0x0800,
	0x7972, 0x0400,
	0x7974, 0x0400,
	0x7976, 0x0800,
	0x7978, 0x1000,
	0x797A, 0x0800,
	0x797C, 0x1000,
	0x797E, 0x0800,
	0x7980, 0x0800,
	0x7982, 0x0800,
	0x7984, 0x0800,
	0xB3AC, 0x4000,
	0xB3B4, 0x2000,
	0xB3B8, 0x1000,
	0xB3F8, 0x8000,
	0xB400, 0x4000,
	0xB404, 0x2000,
	0xBF70, 0x3A46,
	0xBF7C, 0x0800,
	0xC4A8, 0x0000,
	0xC4F8, 0x00A8,
	0xC4FA, 0x0000,
	0xD3DA, 0x0D00,
	0xD3E0, 0x0D00,
	0xD3E2, 0x0D00,
	0xD3E4, 0x0D00,
	0xD3E6, 0x0D00,
	0xD3EA, 0x0D00,
	0xD3F4, 0x301C,
	0xD3F8, 0x301C,
	0xDD6C, 0xB47E,
	0xDD6E, 0xB67E,
	0xDE34, 0x0000,
	0xDE36, 0x9231,
	0xEC42, 0x0100,
	0xEC44, 0x0100,
	0xFCFC, 0x2001,
	0x2542, 0x2020,
	0x2544, 0x2018,
	0x2554, 0x0000,
	0x2556, 0x0000,
	0x256E, 0x0000,
	0x25D2, 0x0102,
	0x2936, 0x4400,
	0x2A14, 0x0002,
	0x2A16, 0xDF03,
	0x2A18, 0x0002,
	0x2A1A, 0x0002,
	0x3252, 0x8C00,
	0x3254, 0x8C00,
	0x3256, 0x8C00,
	0x3258, 0x8700,
	0x325A, 0x8200,
	0x3E1C, 0x0200,
	0x3E1E, 0x2000,
	0x5ACC, 0x6505,
	0xFCFC, 0x4000,
	0x1858, 0x123F,
	0xFCFC, 0x2001,
	0x3EB8, 0x00FF,
	0x3ECC, 0xFE03,
	0x3F12, 0x9001,
	0x33E0, 0x1E00,
	0x33E2, 0x1E00,
	0x33E4, 0x1E00,
	0x33E6, 0x1E00,
	0x33E8, 0x1E00,
	0x33EA, 0x1E00,
	0x3440, 0x0500,
	0x3442, 0x0500,
	0x3444, 0x0500,
	0x3446, 0x0500,
	0x3448, 0x0500,
	0x344A, 0x0500,
	0x3450, 0x0A00,
	0x3452, 0x0A00,
	0x3454, 0x0A00,
	0x3456, 0x0A00,
	0x3458, 0x0A00,
	0x345A, 0x0A00,
	0x34E0, 0x1400,
	0x34E2, 0x1400,
	0x34E4, 0x1400,
	0x34E6, 0x1400,
	0x34E8, 0x1400,
	0x34EA, 0x1400,
	0x3500, 0x1400,
	0x3502, 0x1400,
	0x3504, 0x1400,
	0x3506, 0x1400,
	0x3508, 0x1400,
	0x350A, 0x1400,
	0x3520, 0x1400,
	0x3522, 0x1400,
	0x3524, 0x1400,
	0x3526, 0x1400,
	0x3528, 0x1400,
	0x352A, 0x1400,
	0x3580, 0x2300,
	0x3582, 0x2300,
	0x3584, 0x2300,
	0x3586, 0x2300,
	0x3588, 0x2300,
	0x358A, 0x2300,
	0x35A0, 0x1900,
	0x35A2, 0x1900,
	0x35A4, 0x1900,
	0x35A6, 0x1900,
	0x35A8, 0x1900,
	0x35AA, 0x1900,
	0x35D0, 0x1E00,
	0x35D2, 0x1E00,
	0x35D4, 0x1E00,
	0x35D6, 0x1E00,
	0x35D8, 0x1E00,
	0x35DA, 0x1E00,
	0x35E0, 0x1E00,
	0x35E2, 0x1E00,
	0x35E4, 0x1E00,
	0x35E6, 0x1E00,
	0x35E8, 0x1E00,
	0x35EA, 0x1E00,
	0x35F0, 0x1E00,
	0x35F2, 0x1E00,
	0x35F4, 0x1E00,
	0x35F6, 0x1E00,
	0x35F8, 0x1E00,
	0x35FA, 0x1E00,
	0x3600, 0x1E00,
	0x3602, 0x1E00,
	0x3604, 0x1E00,
	0x3606, 0x1E00,
	0x3608, 0x1E00,
	0x360A, 0x1E00,
	0x3610, 0x1E00,
	0x3612, 0x1E00,
	0x3614, 0x1E00,
	0x3616, 0x1E00,
	0x3618, 0x1E00,
	0x361A, 0x1E00,
	0x3620, 0x0000,
	0x3622, 0x0000,
	0x3624, 0x0000,
	0x3626, 0x0000,
	0x3628, 0x0000,
	0x362A, 0x0000,
	0x3630, 0x0A00,
	0x3632, 0x0A00,
	0x3634, 0x0A00,
	0x3636, 0x0A00,
	0x3638, 0x0A00,
	0x363A, 0x0A00,
	0x3650, 0x1E00,
	0x3652, 0x1E00,
	0x3654, 0x1E00,
	0x3656, 0x1E00,
	0x3658, 0x1E00,
	0x365A, 0x1E00,
	0x3660, 0x1E00,
	0x3662, 0x1E00,
	0x3664, 0x1E00,
	0x3666, 0x1E00,
	0x3668, 0x1E00,
	0x366A, 0x1E00,
	0x36A0, 0x6400,
	0x36A2, 0x6400,
	0x36A4, 0x6400,
	0x36A6, 0x6400,
	0x36A8, 0x6400,
	0x36AA, 0x6400,
	0x36C0, 0x8C00,
	0x36C2, 0x8C00,
	0x36C4, 0x8C00,
	0x36C6, 0x8C00,
	0x36C8, 0x8C00,
	0x36CA, 0x8C00,
	0x36E0, 0x6400,
	0x36E2, 0x6400,
	0x36E4, 0x6400,
	0x36E6, 0x6400,
	0x36E8, 0x6400,
	0x36EA, 0x6400,
	0x36F0, 0x3200,
	0x36F2, 0x3200,
	0x36F4, 0x3200,
	0x36F6, 0x3200,
	0x36F8, 0x3200,
	0x36FA, 0x3200,
	0x3700, 0x3200,
	0x3702, 0x3200,
	0x3704, 0x3200,
	0x3706, 0x3200,
	0x3708, 0x3200,
	0x370A, 0x3200,
	0x3720, 0x3200,
	0x3722, 0x3200,
	0x3724, 0x3200,
	0x3726, 0x3200,
	0x3728, 0x3200,
	0x372A, 0x3200,
	0x3730, 0x3200,
	0x3732, 0x3200,
	0x3734, 0x3200,
	0x3736, 0x3200,
	0x3738, 0x3200,
	0x373A, 0x3200,
	0x3790, 0x3200,
	0x3792, 0x3200,
	0x3794, 0x3200,
	0x3796, 0x3200,
	0x3798, 0x3200,
	0x379A, 0x3200,
	0x37A0, 0x5000,
	0x37A2, 0x5000,
	0x37A4, 0x5000,
	0x37A6, 0x5000,
	0x37A8, 0x5000,
	0x37AA, 0x5000,
	0x37B0, 0x6400,
	0x37B2, 0x6400,
	0x37B4, 0x6400,
	0x37B6, 0x6400,
	0x37B8, 0x6400,
	0x37BA, 0x6400,
	0x37C0, 0x5000,
	0x37C2, 0x5000,
	0x37C4, 0x5000,
	0x37C6, 0x5000,
	0x37C8, 0x5000,
	0x37CA, 0x5000,
	0x37D0, 0x3200,
	0x37D2, 0x3200,
	0x37D4, 0x3200,
	0x37D6, 0x3200,
	0x37D8, 0x3200,
	0x37DA, 0x3200,
	0x37E0, 0x1E00,
	0x37E2, 0x1E00,
	0x37E4, 0x1E00,
	0x37E6, 0x1E00,
	0x37E8, 0x1E00,
	0x37EA, 0x1E00,
	0x37F0, 0x1E00,
	0x37F2, 0x1E00,
	0x37F4, 0x1E00,
	0x37F6, 0x1E00,
	0x37F8, 0x1E00,
	0x37FA, 0x1E00,
	0x3800, 0x1E00,
	0x3802, 0x1E00,
	0x3804, 0x1E00,
	0x3806, 0x1E00,
	0x3808, 0x1E00,
	0x380A, 0x1E00,
	0x3810, 0x1E00,
	0x3812, 0x1E00,
	0x3814, 0x1E00,
	0x3816, 0x1E00,
	0x3818, 0x1E00,
	0x381A, 0x1E00,
	0x3820, 0x1E00,
	0x3822, 0x1E00,
	0x3824, 0x1E00,
	0x3826, 0x1E00,
	0x3828, 0x1E00,
	0x382A, 0x1E00,
	0x3870, 0x3200,
	0x3872, 0x3200,
	0x3874, 0x3200,
	0x3876, 0x3200,
	0x3878, 0x3200,
	0x387A, 0x3200,
	0x3880, 0x3200,
	0x3882, 0x3200,
	0x3884, 0x3200,
	0x3886, 0x3200,
	0x3888, 0x3200,
	0x388A, 0x3200,
	0x3890, 0x3200,
	0x3892, 0x3200,
	0x3894, 0x3200,
	0x3896, 0x3200,
	0x3898, 0x3200,
	0x389A, 0x3200,
	0x38A0, 0x3200,
	0x38A2, 0x3200,
	0x38A4, 0x3200,
	0x38A6, 0x3200,
	0x38A8, 0x3200,
	0x38AA, 0x3200,
	0x38B0, 0x3200,
	0x38B2, 0x3200,
	0x38B4, 0x3200,
	0x38B6, 0x3200,
	0x38B8, 0x3200,
	0x38BA, 0x3200,
	0x320A, 0xFF03,
	0x320C, 0x0700,
	0x320E, 0xFF03,
	0x3210, 0x0700,
	0x321E, 0x0000,
	0x31D4, 0x00FF,
	0x321A, 0x0406,
	0x3244, 0x0101,
	0x3246, 0x0101,
	0x3248, 0x0010,
	0x3266, 0x0100,
	0x3330, 0x0108,
	0x3334, 0x0100,
	0x3336, 0x0000,
	0xFCFC, 0x2002,
	0xBB8A, 0x0100,
	0xBB8C, 0x0800,
	0xBB8E, 0x1000,
	0xBB90, 0x2000,
	0xBB92, 0xC800,
	0xBB94, 0xC800,
	0xBB96, 0xC800,
	0xBB98, 0xC800,
	0xBB9A, 0xC400,
	0xBB9C, 0xC400,
	0xBB9E, 0xC400,
	0xBBA0, 0xC400,
	0xBBA2, 0xC200,
	0xBBA4, 0xC200,
	0xBBA6, 0xC200,
	0xBBA8, 0xC200,
	0xBBAA, 0xBE00,
	0xBBAC, 0xBE00,
	0xBBAE, 0xBE00,
	0xBBB0, 0xBE00,
	0xBBB2, 0xBC00,
	0xBBB4, 0xBC00,
	0xBBB6, 0xBC00,
	0xBBB8, 0xBC00,
	0xBBBA, 0x2000,
	0xBBBC, 0x2000,
	0xBBBE, 0x2000,
	0xBBC0, 0x2000,
	0xBBC2, 0x1600,
	0xBBC4, 0x1600,
	0xBBC6, 0x1600,
	0xBBC8, 0x1600,
	0xBBCA, 0x0000,
	0xBBCC, 0x0000,
	0xBBCE, 0x0000,
	0xBBD0, 0x0000,
	0xBBD2, 0x0A00,
	0xBBD4, 0x0A00,
	0xBBD6, 0x0A00,
	0xBBD8, 0x0A00,
	0xBBDA, 0x1400,
	0xBBDC, 0x1400,
	0xBBDE, 0x1400,
	0xBBE0, 0x1400,
	0xBBE2, 0x2A00,
	0xBBE4, 0x2A00,
	0xBBE6, 0x2A00,
	0xBBE8, 0x2A00,
	0xBBEA, 0x2A00,
	0xBBEC, 0x2A00,
	0xBBEE, 0x2A00,
	0xBBF0, 0x2A00,
	0xBBF2, 0x0100,
	0xBBF4, 0x0100,
	0xBBF6, 0x0100,
	0xBBF8, 0x0100,
	0xBBFA, 0x0F00,
	0xBBFC, 0x0F00,
	0xBBFE, 0x0F00,
	0xBC00, 0x0F00,
	0xBC02, 0x0400,
	0xBC04, 0x0400,
	0xBC06, 0x0400,
	0xBC08, 0x0400,
	0xBC0A, 0x1900,
	0xBC0C, 0x1900,
	0xBC0E, 0x1900,
	0xBC10, 0x1900,
	0xBC12, 0x1400,
	0xBC14, 0x1400,
	0xBC16, 0x1400,
	0xBC18, 0x1400,
	0xBC1A, 0x3A00,
	0xBC1C, 0x3A00,
	0xBC1E, 0x3A00,
	0xBC20, 0x3A00,
	0xBC22, 0x0A00,
	0xBC24, 0x0A00,
	0xBC26, 0x0A00,
	0xBC28, 0x0A00,
	0xBC2A, 0x4B00,
	0xBC2C, 0x4B00,
	0xBC2E, 0x4B00,
	0xBC30, 0x4B00,
	0xBC32, 0x0200,
	0xBC34, 0x0600,
	0xBC36, 0x0C00,
	0xBC38, 0x0C00,
	0xBC3A, 0x2A00,
	0xBC3C, 0x2500,
	0xBC3E, 0x2000,
	0xBC40, 0x2000,
	0xBC42, 0x0000,
	0xBC44, 0x1000,
	0xBC46, 0x2300,
	0xBC48, 0x2300,
	0xBC4A, 0x3F00,
	0xBC4C, 0x3100,
	0xBC4E, 0x2100,
	0xBC50, 0x2100,
	0xBC52, 0x0A00,
	0xBC54, 0x1B00,
	0xBC56, 0x3000,
	0xBC58, 0x3000,
	0xBC5A, 0x1900,
	0xBC5C, 0x1500,
	0xBC5E, 0x1100,
	0xBC60, 0x1100,
	0xBC62, 0x0F00,
	0xBC64, 0x0F00,
	0xBC66, 0x0F00,
	0xBC68, 0x0F00,
	0xBC6A, 0x1900,
	0xBC6C, 0x1900,
	0xBC6E, 0x1900,
	0xBC70, 0x1900,
	0xBC72, 0x0A00,
	0xBC74, 0x0A00,
	0xBC76, 0x0A00,
	0xBC78, 0x0A00,
	0xBC7A, 0x0B00,
	0xBC7C, 0x0B00,
	0xBC7E, 0x0B00,
	0xBC80, 0x0B00,
	0xBC82, 0x0000,
	0xBC84, 0x0000,
	0xBC86, 0x0000,
	0xBC88, 0x0000,
	0xBC8A, 0x0800,
	0xBC8C, 0x0800,
	0xBC8E, 0x0800,
	0xBC90, 0x0800,
	0xFCFC, 0x4000,
};

static u16 cjfront_sensor_init_setting_short[] = {
	0xFCFC, 0x2000,
	0xDCF0, 0x0000,
	0xFCFC, 0x2001,
	0x3C60, 0x0000,
	0xFCFC, 0x4000,
	0x6170, 0xFFFF,
	0x6180, 0x0000,
	0x6190, 0x0000,
	0x6200, 0xFFFF,
	0x6202, 0xFFFF,
	0x6204, 0x0000,
	0x6206, 0x0000,
	0x6208, 0x0000,
	0xA100, 0xFFFF,
	0xA102, 0x0000,
	0xA104, 0x0000,
	0xFCFC, 0x4001,
	0x0100, 0xFFFF,
	0x0102, 0xFFFF,
	0x0104, 0x0000,
	0x0106, 0x0000,
	0x0108, 0x0000,
	0xFCFC, 0x4000,
	0x8100, 0xFFFF,
	0x8104, 0x0000,
	0x8108, 0x0000,
	0xFCFC, 0x4000,
	0x0136, 0x1800,
	0x013E, 0x0000,
	0x0304, 0x0003,
	0x0306, 0x00E6,
	0x030C, 0x0000,
	0x030E, 0x0003,
	0x0310, 0x00BF,
	0x0312, 0x0000,
	0x031A, 0x0003,
	0x031C, 0x0028,
	0x031E, 0x0002,
	0x011C, 0x0100,
	0xFCFC, 0x2002,
	0x849C, 0x0100,
	0x849E, 0x0000,
	0x84A0, 0x0000,
	0x84A2, 0x0005,
	0x84A4, 0x0000,
	0x84A6, 0x0000,
	0x84A8, 0x0000,
	0x84AA, 0x0001,
	0x84AC, 0x01FF,
	0x84B0, 0x8089,
	0x84B2, 0x0000,
	0x84B4, 0x8889,
	0x84B6, 0x0000,
	0x84B8, 0xC097,
	0x84BA, 0x0000,
	0x84BC, 0xA60E,
	0x84BE, 0x0000,
	0x84C0, 0x2206,
	0x84C2, 0x0000,
	0x84C4, 0x002D,
	0x84C8, 0x54C6,
	0x84CA, 0x0224,
	0x84CC, 0x44AB,
	0x84CE, 0x0224,
	0x84D0, 0x44AB,
	0x84D2, 0x0224,
	0x84D4, 0x44AB,
	0x84D6, 0x0224,
	0x84D8, 0x44AB,
	0x84DA, 0x0224,
	0x84DC, 0x44AB,
	0x84DE, 0x0224,
	0xA548, 0x00EA,
	0xA54A, 0x0000,
	0xA54C, 0x0000,
	0xA54E, 0x0000,
	0xA550, 0x0000,
	0xA552, 0x0000,
	0xA554, 0x0000,
	0xA556, 0x0000,
	0xA558, 0x0000,
	0xA55A, 0x0000,
	0xA55C, 0x0000,
	0xA55E, 0x0000,
	0xA560, 0x0000,
	0xA562, 0x0000,
	0xA564, 0x0000,
	0xA566, 0x0000,
	0xA568, 0x0000,
	0xA56A, 0x0000,
	0xA56C, 0x0000,
	0xA56E, 0x0000,
	0xA570, 0x0000,
	0xA572, 0x0000,
	0xA574, 0x0055,
	0xA576, 0x0000,
	0xA578, 0x0000,
	0xA57A, 0x0000,
	0xA57C, 0x0000,
	0xA57E, 0x0000,
	0xA580, 0x0000,
	0xA582, 0x0000,
	0xA584, 0x0000,
	0xA586, 0x0000,
	0xA588, 0x0000,
	0xA58A, 0x0000,
	0xA58C, 0x0000,
	0xA58E, 0x0000,
	0xA590, 0x0000,
	0xA592, 0x0000,
	0xA594, 0x0000,
	0xA596, 0x0000,
	0xA598, 0x0000,
	0xA59A, 0x0000,
	0xA59C, 0x0000,
	0xA59E, 0x0000,
	0xA5A0, 0x0100,
	0xA5A2, 0x00B0,
	0xA5A4, 0x0000,
	0xA5A6, 0x0000,
	0xA5A8, 0x0000,
	0xA5AA, 0x0000,
	0xA5AC, 0x0000,
	0xA5AE, 0x0000,
	0xA5B0, 0x0000,
	0xA5B2, 0x0000,
	0xA5B4, 0x0000,
	0xA5B6, 0x0000,
	0xA5B8, 0x0000,
	0xA5BA, 0x0000,
	0xA5BC, 0x0000,
	0xA5BE, 0x0000,
	0xA5C0, 0x0000,
	0xA5C2, 0x0000,
	0xA5C4, 0x0000,
	0xA5C6, 0x0000,
	0xA5C8, 0x0000,
	0xA5CA, 0x0000,
	0xA5CC, 0x0000,
	0xA5CE, 0x0000,
	0xA5D0, 0x0000,
	0xA5D2, 0x0000,
	0xA5D4, 0x0000,
	0xA5D6, 0x0000,
	0xA5D8, 0x0000,
	0xA5DA, 0x0000,
	0xA5DC, 0x0000,
	0xA5DE, 0x0000,
	0xA5E0, 0x0000,
	0xA5E2, 0x0000,
	0xA5E4, 0x0000,
	0xA5E6, 0x0000,
	0xA5E8, 0x0000,
	0xA5EA, 0x0000,
	0xA5EC, 0x000F,
	0xA5EE, 0x000F,
	0xA5F0, 0x000F,
	0xA5F2, 0x000F,
	0xA5F4, 0x0000,
	0xA5F6, 0x0000,
	0xA5F8, 0x0000,
	0xA5FA, 0x0000,
	0xA5FC, 0x0000,
	0xA5FE, 0x0000,
	0xA600, 0x0000,
	0xA602, 0x0000,
	0xA604, 0x0000,
	0xA606, 0x000A,
	0xBB84, 0x00AB,
	0xBB86, 0x0000,
	0xBB88, 0x0000,
	0xBB8A, 0x0100,
	0xBB8C, 0x0800,
	0xBB8E, 0x1000,
	0xBB90, 0x2000,
	0xBB92, 0x9A00,
	0xBB94, 0x9A00,
	0xBB96, 0x9A00,
	0xBB98, 0x9A00,
	0xBB9A, 0x9600,
	0xBB9C, 0x9600,
	0xBB9E, 0x9600,
	0xBBA0, 0x9600,
	0xBBA2, 0x9300,
	0xBBA4, 0x9300,
	0xBBA6, 0x9300,
	0xBBA8, 0x9300,
	0xBBAA, 0x9000,
	0xBBAC, 0x9000,
	0xBBAE, 0x9000,
	0xBBB0, 0x9000,
	0xBBB2, 0x8D00,
	0xBBB4, 0x8D00,
	0xBBB6, 0x8D00,
	0xBBB8, 0x8D00,
	0xBBBA, 0x3F00,
	0xBBBC, 0x3F00,
	0xBBBE, 0x3F00,
	0xBBC0, 0x3F00,
	0xBBC2, 0x1E00,
	0xBBC4, 0x1E00,
	0xBBC6, 0x1E00,
	0xBBC8, 0x1E00,
	0xBBCA, 0x0000,
	0xBBCC, 0x0000,
	0xBBCE, 0x0000,
	0xBBD0, 0x0000,
	0xBBD2, 0x0800,
	0xBBD4, 0x0800,
	0xBBD6, 0x0800,
	0xBBD8, 0x0800,
	0xBBDA, 0x0000,
	0xBBDC, 0x0000,
	0xBBDE, 0x0000,
	0xBBE0, 0x0000,
	0xBBE2, 0x3F00,
	0xBBE4, 0x3F00,
	0xBBE6, 0x3F00,
	0xBBE8, 0x3F00,
	0xBBEA, 0x3400,
	0xBBEC, 0x3400,
	0xBBEE, 0x3400,
	0xBBF0, 0x3400,
	0xBBF2, 0x0A00,
	0xBBF4, 0x0A00,
	0xBBF6, 0x0A00,
	0xBBF8, 0x0A00,
	0xBBFA, 0x1000,
	0xBBFC, 0x1000,
	0xBBFE, 0x1000,
	0xBC00, 0x1000,
	0xBC02, 0x0600,
	0xBC04, 0x0600,
	0xBC06, 0x0600,
	0xBC08, 0x0600,
	0xBC0A, 0x0C00,
	0xBC0C, 0x0C00,
	0xBC0E, 0x0C00,
	0xBC10, 0x0C00,
	0xBC12, 0x0000,
	0xBC14, 0x0000,
	0xBC16, 0x0000,
	0xBC18, 0x0000,
	0xBC1A, 0x1000,
	0xBC1C, 0x1000,
	0xBC1E, 0x1000,
	0xBC20, 0x1000,
	0xBC22, 0x1000,
	0xBC24, 0x1000,
	0xBC26, 0x1000,
	0xBC28, 0x1000,
	0xBC2A, 0x2000,
	0xBC2C, 0x1000,
	0xBC2E, 0x1000,
	0xBC30, 0x1000,
	0xBC32, 0x0600,
	0xBC34, 0x0600,
	0xBC36, 0x0600,
	0xBC38, 0x0600,
	0xBC3A, 0x1C00,
	0xBC3C, 0x1C00,
	0xBC3E, 0x1C00,
	0xBC40, 0x1C00,
	0xBC42, 0x0600,
	0xBC44, 0x0600,
	0xBC46, 0x0600,
	0xBC48, 0x0600,
	0xBC4A, 0x2A00,
	0xBC4C, 0x2A00,
	0xBC4E, 0x2A00,
	0xBC50, 0x2A00,
	0xBC52, 0x0200,
	0xBC54, 0x0200,
	0xBC56, 0x0200,
	0xBC58, 0x0200,
	0xBC5A, 0x1000,
	0xBC5C, 0x1000,
	0xBC5E, 0x1000,
	0xBC60, 0x1000,
	0xBC62, 0x0E00,
	0xBC64, 0x0E00,
	0xBC66, 0x0E00,
	0xBC68, 0x0E00,
	0xBC6A, 0x2800,
	0xBC6C, 0x2800,
	0xBC6E, 0x2800,
	0xBC70, 0x2800,
	0xBC72, 0x1800,
	0xBC74, 0x1800,
	0xBC76, 0x1800,
	0xBC78, 0x1800,
	0xBC7A, 0x0800,
	0xBC7C, 0x0800,
	0xBC7E, 0x0800,
	0xBC80, 0x0800,
	0xBC82, 0x0000,
	0xBC84, 0x0000,
	0xBC86, 0x0000,
	0xBC88, 0x0000,
	0xBC8A, 0x2400,
	0xBC8C, 0x2400,
	0xBC8E, 0x2400,
	0xBC90, 0x2400,
	0xBC92, 0x004D,
	0xFCFC, 0x2000,
	0x22E4, 0x0300,
	0x2338, 0x0101,
	0xFCFC, 0x2000,
	0xDD6C, 0xB47E,
	0xDD6E, 0xB67E,
	0xDE34, 0x0000,
	0xDE36, 0x9231,
	0xFCFC, 0x4000,
	0x0B30, 0x01FF,
	0xFCFC, 0x2000,
	0x3D44, 0x0000,
	0x3D88, 0xFCFC,
	0x3D8A, 0xFEFF,
	0x3D8C, 0xFCFC,
	0x3D8E, 0xFEFF,
	0x3FE0, 0x0324,
	0x3FE2, 0x0080,
	0x3FE4, 0x0000,
	0x3FE6, 0x0000,
	0x4238, 0x0324,
	0x423A, 0x0080,
	0x423C, 0x0324,
	0x423E, 0xF086,
	0x4490, 0x0324,
	0x4492, 0x0080,
	0x4494, 0x0324,
	0x4496, 0xD489,
	0xFCFC, 0x2006,
	0x0000, 0x535A,
	0x0002, 0x0100,
	0x0004, 0x09C9,
	0x0006, 0x5A00,
	0x0008, 0x0001,
	0x000A, 0x00F0,
	0x000C, 0x1300,
	0x000E, 0x0000,
	0x0010, 0x0000,
	0x0012, 0x0000,
	0x0014, 0x7FBF,
	0x0016, 0x624E,
	0x0018, 0x20FF,
	0x001A, 0x1FBB,
	0x001C, 0x8063,
	0x001E, 0x31F1,
	0x0020, 0x3150,
	0x0022, 0x4585,
	0x0024, 0x69C5,
	0x0026, 0xE4E2,
	0x0028, 0xAD66,
	0x002A, 0x1F3E,
	0x002C, 0x9A96,
	0x002E, 0x960B,
	0x0030, 0xF874,
	0x0032, 0x7B86,
	0x0034, 0x9393,
	0x0036, 0x0425,
	0x0038, 0x5858,
	0x003A, 0xCE9A,
	0x003C, 0xA1D2,
	0x003E, 0x0F5B,
	0x0040, 0xD4C0,
	0x0042, 0xE087,
	0x0044, 0x3C80,
	0x0046, 0x7000,
	0x0048, 0x73D0,
	0x004A, 0x4E2E,
	0x004C, 0xF158,
	0x004E, 0x3F00,
	0x0050, 0x083D,
	0x0052, 0xBD21,
	0x0054, 0x011B,
	0x0056, 0x4DD0,
	0x0058, 0xC778,
	0x005A, 0xE94C,
	0x005C, 0x076A,
	0x005E, 0x68E7,
	0x0060, 0xCACC,
	0x0062, 0x6B7D,
	0x0064, 0x6988,
	0x0066, 0x8D8D,
	0x0068, 0x8762,
	0x006A, 0xFADB,
	0x006C, 0xB944,
	0x006E, 0x8587,
	0x0070, 0xAACE,
	0x0072, 0x634F,
	0x0074, 0x02F4,
	0x0076, 0xAD6A,
	0x0078, 0xE077,
	0x007A, 0xA4F7,
	0x007C, 0x68D8,
	0x007E, 0x0F83,
	0x0080, 0x78D7,
	0x0082, 0xDF1F,
	0x0084, 0x5E22,
	0x0086, 0x4F8D,
	0x0088, 0x7156,
	0x008A, 0xB927,
	0x008C, 0xD8DE,
	0x008E, 0x4961,
	0x0090, 0x968E,
	0x0092, 0xD0CC,
	0x0094, 0x592A,
	0x0096, 0xD869,
	0x0098, 0xE39F,
	0x009A, 0xFCCC,
	0x009C, 0x10B6,
	0x009E, 0x5689,
	0x00A0, 0xE561,
	0x00A2, 0x16E2,
	0x00A4, 0xA853,
	0x00A6, 0x450E,
	0x00A8, 0x5C9A,
	0x00AA, 0xB0FC,
	0x00AC, 0xAD35,
	0x00AE, 0xCDE1,
	0x00B0, 0xB0CF,
	0x00B2, 0x62C1,
	0x00B4, 0x2ECA,
	0x00B6, 0x2782,
	0x00B8, 0x5DCE,
	0x00BA, 0x498D,
	0x00BC, 0x6931,
	0x00BE, 0x7C39,
	0x00C0, 0xB921,
	0x00C2, 0xCDF7,
	0x00C4, 0xEDA7,
	0x00C6, 0x92AA,
	0x00C8, 0x4B4B,
	0x00CA, 0xFC28,
	0x00CC, 0x8164,
	0x00CE, 0x9493,
	0x00D0, 0x8BAB,
	0x00D2, 0x0EBA,
	0x00D4, 0x970A,
	0x00D6, 0xE908,
	0x00D8, 0xFF1D,
	0x00DA, 0xAD28,
	0x00DC, 0x2E73,
	0x00DE, 0x7798,
	0x00E0, 0x281A,
	0x00E2, 0xA07C,
	0x00E4, 0x433C,
	0x00E6, 0x2ADE,
	0x00E8, 0x7C86,
	0x00EA, 0x9117,
	0x00EC, 0x1781,
	0x00EE, 0x3151,
	0x00F0, 0x70B9,
	0x00F2, 0xFEA2,
	0x00F4, 0xF3E1,
	0x00F6, 0x7885,
	0x00F8, 0xB0DA,
	0x00FA, 0xEC70,
	0x00FC, 0xF1C5,
	0x00FE, 0x83E3,
	0x0100, 0x5EA4,
	0x0102, 0xB223,
	0x0104, 0x72C4,
	0x0106, 0xA933,
	0x0108, 0x1F9C,
	0x010A, 0xDE0E,
	0x010C, 0xC095,
	0x010E, 0x9D1E,
	0x0110, 0xE526,
	0x0112, 0x6C36,
	0x0114, 0xED4E,
	0x0116, 0x94B4,
	0x0118, 0xF9EA,
	0x011A, 0xA554,
	0x011C, 0x8C38,
	0x011E, 0x6187,
	0x0120, 0x854A,
	0x0122, 0x9C15,
	0x0124, 0x64EF,
	0x0126, 0x893E,
	0x0128, 0x01F2,
	0x012A, 0x66E0,
	0x012C, 0xF737,
	0x012E, 0x5C1B,
	0x0130, 0x55B0,
	0x0132, 0xD8BE,
	0x0134, 0x69AD,
	0x0136, 0x9943,
	0x0138, 0x74B8,
	0x013A, 0x2BB2,
	0x013C, 0xFD7B,
	0x013E, 0xF25D,
	0x0140, 0xB012,
	0x0142, 0x0977,
	0x0144, 0x2CAE,
	0x0146, 0x9843,
	0x0148, 0x9758,
	0x014A, 0x9A23,
	0x014C, 0x7E44,
	0x014E, 0xF782,
	0x0150, 0x7F65,
	0x0152, 0x83AB,
	0x0154, 0xAB0B,
	0x0156, 0xD21C,
	0x0158, 0x63FA,
	0x015A, 0xB0C5,
	0x015C, 0x74B1,
	0x015E, 0x39E8,
	0x0160, 0xC98C,
	0x0162, 0x5CCB,
	0x0164, 0x0642,
	0x0166, 0x74BA,
	0x0168, 0xB33F,
	0x016A, 0xAF36,
	0x016C, 0x9098,
	0x016E, 0x4AC4,
	0x0170, 0x44F0,
	0x0172, 0xE774,
	0x0174, 0xB4B7,
	0x0176, 0xFD53,
	0x0178, 0x161F,
	0x017A, 0xB52A,
	0x017C, 0xC8F3,
	0x017E, 0x040E,
	0x0180, 0x4C3A,
	0x0182, 0x0A10,
	0x0184, 0x0476,
	0x0186, 0x5267,
	0x0188, 0xF143,
	0x018A, 0xF21C,
	0x018C, 0xD08E,
	0x018E, 0x2C1C,
	0x0190, 0x50A1,
	0x0192, 0x703F,
	0x0194, 0x1DCC,
	0x0196, 0x82E3,
	0x0198, 0x954F,
	0x019A, 0x0CF3,
	0x019C, 0x7EEE,
	0x019E, 0x23B4,
	0x01A0, 0x90CD,
	0x01A2, 0xB22D,
	0x01A4, 0xE80E,
	0x01A6, 0x0345,
	0x01A8, 0x597D,
	0x01AA, 0x15A2,
	0x01AC, 0x2919,
	0x01AE, 0x7C90,
	0x01B0, 0x5A9D,
	0x01B2, 0x1665,
	0x01B4, 0xDC57,
	0x01B6, 0x7FFB,
	0x01B8, 0x95E7,
	0x01BA, 0xB56B,
	0x01BC, 0xF526,
	0x01BE, 0x44C1,
	0x01C0, 0x62E8,
	0x01C2, 0x081E,
	0x01C4, 0x9852,
	0x01C6, 0x15AA,
	0x01C8, 0xDBB4,
	0x01CA, 0xBD46,
	0x01CC, 0x267D,
	0x01CE, 0xC510,
	0x01D0, 0x11FF,
	0x01D2, 0xD642,
	0x01D4, 0xFFCD,
	0x01D6, 0x607E,
	0x01D8, 0x5480,
	0x01DA, 0xBD6C,
	0x01DC, 0x626D,
	0x01DE, 0x269D,
	0x01E0, 0x457E,
	0x01E2, 0x9161,
	0x01E4, 0x028F,
	0x01E6, 0xB870,
	0x01E8, 0xA288,
	0x01EA, 0x68C7,
	0x01EC, 0xBAF1,
	0x01EE, 0x9BC0,
	0x01F0, 0x9D99,
	0x01F2, 0x8BE0,
	0x01F4, 0xC4F2,
	0x01F6, 0xFEBA,
	0x01F8, 0xE899,
	0x01FA, 0x929E,
	0x01FC, 0x1B74,
	0x01FE, 0xECAF,
	0x0200, 0x3900,
	0x0202, 0x1ECF,
	0x0204, 0x0034,
	0x0206, 0xC688,
	0x0208, 0x83D6,
	0x020A, 0x4239,
	0x020C, 0x6CEC,
	0x020E, 0xFDBE,
	0x0210, 0x563D,
	0x0212, 0x4B91,
	0x0214, 0x2981,
	0x0216, 0x6226,
	0x0218, 0x7C79,
	0x021A, 0xC0CA,
	0x021C, 0x7476,
	0x021E, 0xEFB5,
	0x0220, 0x7C56,
	0x0222, 0x47D2,
	0x0224, 0x3300,
	0x0226, 0x5BA7,
	0x0228, 0xB75B,
	0x022A, 0x785A,
	0x022C, 0xD09C,
	0x022E, 0x9D66,
	0x0230, 0xDA47,
	0x0232, 0xA3CD,
	0x0234, 0xB093,
	0x0236, 0x3CA4,
	0x0238, 0x4C58,
	0x023A, 0x3DFA,
	0x023C, 0x5E7E,
	0x023E, 0x22A6,
	0x0240, 0x492F,
	0x0242, 0xB5CA,
	0x0244, 0xD140,
	0x0246, 0x679B,
	0x0248, 0x32EC,
	0x024A, 0xD68E,
	0x024C, 0x99D9,
	0x024E, 0x9459,
	0x0250, 0xF623,
	0x0252, 0xDE64,
	0x0254, 0xC3F7,
	0x0256, 0x0F09,
	0x0258, 0x0C5D,
	0x025A, 0x1585,
	0x025C, 0x2947,
	0x025E, 0x6078,
	0x0260, 0x83FB,
	0x0262, 0x06B2,
	0x0264, 0xD6AA,
	0x0266, 0x32CF,
	0x0268, 0x039E,
	0x026A, 0xB5D1,
	0x026C, 0xF51C,
	0x026E, 0xB1BA,
	0x0270, 0x850F,
	0x0272, 0xCF36,
	0x0274, 0x1C66,
	0x0276, 0xB291,
	0x0278, 0x8B9C,
	0x027A, 0xF968,
	0x027C, 0xA50E,
	0x027E, 0x660F,
	0x0280, 0xB55B,
	0x0282, 0xB7BA,
	0x0284, 0xA882,
	0x0286, 0xB838,
	0x0288, 0x82CD,
	0x028A, 0xBA6C,
	0x028C, 0x991F,
	0x028E, 0xE18B,
	0x0290, 0x1A9B,
	0x0292, 0x9652,
	0x0294, 0x4429,
	0x0296, 0xDE5A,
	0x0298, 0xAA5B,
	0x029A, 0x186E,
	0x029C, 0x9ACE,
	0x029E, 0x5D6A,
	0x02A0, 0x1206,
	0x02A2, 0xF227,
	0x02A4, 0x1371,
	0x02A6, 0x3984,
	0x02A8, 0x7A9C,
	0x02AA, 0xE633,
	0x02AC, 0x0C3F,
	0x02AE, 0x5E3E,
	0x02B0, 0xB557,
	0x02B2, 0x9F86,
	0x02B4, 0x11BC,
	0x02B6, 0xADDA,
	0x02B8, 0xF60E,
	0x02BA, 0x6B39,
	0x02BC, 0x759D,
	0x02BE, 0x7661,
	0x02C0, 0x6114,
	0x02C2, 0x5E07,
	0x02C4, 0x1EC9,
	0x02C6, 0x6C74,
	0x02C8, 0xD15B,
	0x02CA, 0x861A,
	0x02CC, 0x5875,
	0x02CE, 0x9F90,
	0x02D0, 0x0382,
	0x02D2, 0x5928,
	0x02D4, 0x8737,
	0x02D6, 0x4B85,
	0x02D8, 0xE193,
	0x02DA, 0xFECD,
	0x02DC, 0xE8EA,
	0x02DE, 0x90D1,
	0x02E0, 0x0F03,
	0x02E2, 0x496A,
	0x02E4, 0x4387,
	0x02E6, 0xA65A,
	0x02E8, 0x5280,
	0x02EA, 0x69E5,
	0x02EC, 0xF642,
	0x02EE, 0x27CF,
	0x02F0, 0x398C,
	0x02F2, 0xE231,
	0x02F4, 0x4B38,
	0x02F6, 0x5E4A,
	0x02F8, 0x8697,
	0x02FA, 0x6AF6,
	0x02FC, 0x54B6,
	0x02FE, 0xD94A,
	0x0300, 0xC81E,
	0x0302, 0xC0C4,
	0x0304, 0xCFA4,
	0x0306, 0xA961,
	0x0308, 0x4458,
	0x030A, 0x7950,
	0x030C, 0x9CC1,
	0x030E, 0x087C,
	0x0310, 0xC7A9,
	0x0312, 0x873C,
	0x0314, 0xE731,
	0x0316, 0xD2AA,
	0x0318, 0x056A,
	0x031A, 0xF15A,
	0x031C, 0x3453,
	0x031E, 0x7F8B,
	0x0320, 0xBAEA,
	0x0322, 0xE5C0,
	0x0324, 0xE6CF,
	0x0326, 0xC62B,
	0x0328, 0xDFEF,
	0x032A, 0xAFB8,
	0x032C, 0x06A7,
	0x032E, 0xF634,
	0x0330, 0xF257,
	0x0332, 0xC4CD,
	0x0334, 0xDCD7,
	0x0336, 0x8DE4,
	0x0338, 0x5D90,
	0x033A, 0x5556,
	0x033C, 0xCF34,
	0x033E, 0x7462,
	0x0340, 0xC30E,
	0x0342, 0xD4F7,
	0x0344, 0x7AE9,
	0x0346, 0x9A97,
	0x0348, 0xDA97,
	0x034A, 0xE963,
	0x034C, 0x2ABE,
	0x034E, 0xBEDD,
	0x0350, 0xA678,
	0x0352, 0x0F55,
	0x0354, 0x835F,
	0x0356, 0x8C65,
	0x0358, 0x2D3B,
	0x035A, 0x1261,
	0x035C, 0x9328,
	0x035E, 0x39D2,
	0x0360, 0x6463,
	0x0362, 0xC784,
	0x0364, 0xE194,
	0x0366, 0x2315,
	0x0368, 0xF89C,
	0x036A, 0xF658,
	0x036C, 0xB3AB,
	0x036E, 0x81CF,
	0x0370, 0x5EE9,
	0x0372, 0x1B3D,
	0x0374, 0xAD4D,
	0x0376, 0x565B,
	0x0378, 0xAE4B,
	0x037A, 0xE674,
	0x037C, 0xDED3,
	0x037E, 0x3925,
	0x0380, 0x47D6,
	0x0382, 0x9B0D,
	0x0384, 0xF37F,
	0x0386, 0xE746,
	0x0388, 0x0117,
	0x038A, 0x5FC5,
	0x038C, 0x64F6,
	0x038E, 0x2EA4,
	0x0390, 0x71C9,
	0x0392, 0x92B3,
	0x0394, 0x5DD2,
	0x0396, 0x9C7D,
	0x0398, 0xCC62,
	0x039A, 0x1F28,
	0x039C, 0xAB7C,
	0x039E, 0xF1E3,
	0x03A0, 0xD6B9,
	0x03A2, 0x2D8B,
	0x03A4, 0x3454,
	0x03A6, 0xBE1F,
	0x03A8, 0xF105,
	0x03AA, 0x17E4,
	0x03AC, 0x63B4,
	0x03AE, 0x30A9,
	0x03B0, 0x129B,
	0x03B2, 0x9F77,
	0x03B4, 0x7CFA,
	0x03B6, 0xA147,
	0x03B8, 0xD2CD,
	0x03BA, 0x3D42,
	0x03BC, 0xFB6B,
	0x03BE, 0x157E,
	0x03C0, 0x9836,
	0x03C2, 0xFCB9,
	0x03C4, 0xD1A0,
	0x03C6, 0xE30A,
	0x03C8, 0xA8C2,
	0x03CA, 0x802E,
	0x03CC, 0x2EEE,
	0x03CE, 0x4A5A,
	0x03D0, 0x1103,
	0x03D2, 0x3841,
	0x03D4, 0x5052,
	0x03D6, 0xB58B,
	0x03D8, 0xEEA9,
	0x03DA, 0x2E63,
	0x03DC, 0xDFC9,
	0x03DE, 0xF8EC,
	0x03E0, 0x35EC,
	0x03E2, 0xB516,
	0x03E4, 0xFDCE,
	0x03E6, 0xADBB,
	0x03E8, 0xD573,
	0x03EA, 0xB32C,
	0x03EC, 0x952E,
	0x03EE, 0x47A2,
	0x03F0, 0xA266,
	0x03F2, 0xCD71,
	0x03F4, 0xCE22,
	0x03F6, 0x6F70,
	0x03F8, 0x361E,
	0x03FA, 0x5212,
	0x03FC, 0xA254,
	0x03FE, 0x7B45,
	0x0400, 0x61B3,
	0x0402, 0x4905,
	0x0404, 0x5CE5,
	0x0406, 0x8E84,
	0x0408, 0x6BE2,
	0x040A, 0xC4AA,
	0x040C, 0xFD8C,
	0x040E, 0xADEC,
	0x0410, 0xD283,
	0x0412, 0xA91E,
	0x0414, 0x321E,
	0x0416, 0xE601,
	0x0418, 0x0E45,
	0x041A, 0x598B,
	0x041C, 0xF8E9,
	0x041E, 0x9592,
	0x0420, 0x6347,
	0x0422, 0xDB2B,
	0x0424, 0x02D6,
	0x0426, 0xB604,
	0x0428, 0x1521,
	0x042A, 0xFA39,
	0x042C, 0x40AA,
	0x042E, 0xB0B7,
	0x0430, 0xF1FF,
	0x0432, 0x4E74,
	0x0434, 0xB567,
	0x0436, 0x0D01,
	0x0438, 0x274F,
	0x043A, 0x622E,
	0x043C, 0x8E14,
	0x043E, 0x49A4,
	0x0440, 0xFCDB,
	0x0442, 0x4A34,
	0x0444, 0x85F4,
	0x0446, 0x5AFB,
	0x0448, 0x1BD6,
	0x044A, 0xB502,
	0x044C, 0x7568,
	0x044E, 0x55D1,
	0x0450, 0x92A4,
	0x0452, 0x8F46,
	0x0454, 0x9A17,
	0x0456, 0xE39C,
	0x0458, 0x39B7,
	0x045A, 0x1787,
	0x045C, 0xD28F,
	0x045E, 0x6354,
	0x0460, 0x9220,
	0x0462, 0x85A5,
	0x0464, 0xDA59,
	0x0466, 0x2EE8,
	0x0468, 0x0188,
	0x046A, 0x92BA,
	0x046C, 0xE428,
	0x046E, 0x0D49,
	0x0470, 0x4804,
	0x0472, 0xA5E5,
	0x0474, 0xD17C,
	0x0476, 0x8175,
	0x0478, 0xB071,
	0x047A, 0xB4C4,
	0x047C, 0xEECA,
	0x047E, 0x08CE,
	0x0480, 0x9E2C,
	0x0482, 0x0E84,
	0x0484, 0x9297,
	0x0486, 0x3BAB,
	0x0488, 0x5A62,
	0x048A, 0x4C68,
	0x048C, 0x9D56,
	0x048E, 0x5DA4,
	0x0490, 0xB04C,
	0x0492, 0x5B12,
	0x0494, 0xE7FC,
	0x0496, 0xF9EE,
	0x0498, 0x9D0D,
	0x049A, 0x29D6,
	0x049C, 0x6EF5,
	0x049E, 0x7961,
	0x04A0, 0x5379,
	0x04A2, 0xD98F,
	0x04A4, 0x448C,
	0x04A6, 0x4253,
	0x04A8, 0xCE03,
	0x04AA, 0xD9FD,
	0x04AC, 0x0276,
	0x04AE, 0x015B,
	0x04B0, 0x7BCC,
	0x04B2, 0x689A,
	0x04B4, 0x1E28,
	0x04B6, 0x62D1,
	0x04B8, 0xC771,
	0x04BA, 0xBEEC,
	0x04BC, 0xEB6D,
	0x04BE, 0x93AF,
	0x04C0, 0xE8BE,
	0x04C2, 0x2809,
	0x04C4, 0x2839,
	0x04C6, 0xA93B,
	0x04C8, 0xD676,
	0x04CA, 0xCC94,
	0x04CC, 0xC015,
	0x04CE, 0x1224,
	0x04D0, 0xC07B,
	0x04D2, 0x3CE8,
	0x04D4, 0xDCDA,
	0x04D6, 0x9F50,
	0x04D8, 0x7FB8,
	0x04DA, 0xE7FF,
	0x04DC, 0x296C,
	0x04DE, 0x509E,
	0x04E0, 0x6F4F,
	0x04E2, 0x756E,
	0x04E4, 0xC353,
	0x04E6, 0x8AAB,
	0x04E8, 0xCD3C,
	0x04EA, 0x0AAA,
	0x04EC, 0x3BB0,
	0x04EE, 0x978A,
	0x04F0, 0xDFA9,
	0x04F2, 0xB2DB,
	0x04F4, 0xBBAF,
	0x04F6, 0xAB34,
	0x04F8, 0x6042,
	0x04FA, 0xBB16,
	0x04FC, 0x1ADE,
	0x04FE, 0x2713,
	0x0500, 0xEC98,
	0x0502, 0x0801,
	0x0504, 0xF0E2,
	0x0506, 0x2E0B,
	0x0508, 0x8E73,
	0x050A, 0x99BF,
	0x050C, 0x5FD0,
	0x050E, 0x62E8,
	0x0510, 0xA83B,
	0x0512, 0x562F,
	0x0514, 0x4C33,
	0x0516, 0x3744,
	0x0518, 0xD26D,
	0x051A, 0x7921,
	0x051C, 0xB49A,
	0x051E, 0x870C,
	0x0520, 0xF700,
	0x0522, 0x601A,
	0x0524, 0xD66A,
	0x0526, 0x1851,
	0x0528, 0x59A0,
	0x052A, 0x6733,
	0x052C, 0x0595,
	0x052E, 0x4D41,
	0x0530, 0x43C8,
	0x0532, 0xCBE1,
	0x0534, 0x23CB,
	0x0536, 0x26DB,
	0x0538, 0x7A7A,
	0x053A, 0xE872,
	0x053C, 0x7152,
	0x053E, 0x8A98,
	0x0540, 0x194D,
	0x0542, 0x6CE1,
	0x0544, 0xA7B9,
	0x0546, 0x5905,
	0x0548, 0xC8AB,
	0x054A, 0xA998,
	0x054C, 0xFEB0,
	0x054E, 0xCF39,
	0x0550, 0x1764,
	0x0552, 0xEA69,
	0x0554, 0x4860,
	0x0556, 0x6F40,
	0x0558, 0x2357,
	0x055A, 0x7923,
	0x055C, 0x8F3A,
	0x055E, 0xC391,
	0x0560, 0x6373,
	0x0562, 0x4D0D,
	0x0564, 0x108C,
	0x0566, 0x5117,
	0x0568, 0x6BE0,
	0x056A, 0xEF03,
	0x056C, 0x5702,
	0x056E, 0xF5ED,
	0x0570, 0xE5AE,
	0x0572, 0xECE9,
	0x0574, 0x1586,
	0x0576, 0x4445,
	0x0578, 0x4961,
	0x057A, 0x4CA9,
	0x057C, 0x3D11,
	0x057E, 0x094B,
	0x0580, 0x19A3,
	0x0582, 0xFC40,
	0x0584, 0x7E57,
	0x0586, 0xFE0D,
	0x0588, 0xEDBF,
	0x058A, 0xD598,
	0x058C, 0x6212,
	0x058E, 0x56CD,
	0x0590, 0x9845,
	0x0592, 0x826E,
	0x0594, 0x5FC4,
	0x0596, 0x30A3,
	0x0598, 0x6DFF,
	0x059A, 0x44FE,
	0x059C, 0x3C94,
	0x059E, 0x5DB2,
	0x05A0, 0x756C,
	0x05A2, 0xE9C1,
	0x05A4, 0xB420,
	0x05A6, 0x4136,
	0x05A8, 0x95CF,
	0x05AA, 0xC4E4,
	0x05AC, 0x042D,
	0x05AE, 0x2E8F,
	0x05B0, 0x9169,
	0x05B2, 0xB8FD,
	0x05B4, 0x8A3C,
	0x05B6, 0xA20C,
	0x05B8, 0xBAC0,
	0x05BA, 0x5575,
	0x05BC, 0x3501,
	0x05BE, 0x4652,
	0x05C0, 0x457C,
	0x05C2, 0xC15A,
	0x05C4, 0x8307,
	0x05C6, 0x3745,
	0x05C8, 0x3D42,
	0x05CA, 0xE042,
	0x05CC, 0x9970,
	0x05CE, 0x348B,
	0x05D0, 0xFC14,
	0x05D2, 0xA700,
	0x05D4, 0xD1E8,
	0x05D6, 0xA7B9,
	0x05D8, 0x7AA1,
	0x05DA, 0x2BF7,
	0x05DC, 0x0ABC,
	0x05DE, 0x8E2C,
	0x05E0, 0x4AFD,
	0x05E2, 0xFF7F,
	0x05E4, 0xACD9,
	0x05E6, 0x611F,
	0x05E8, 0x5A8B,
	0x05EA, 0xE82A,
	0x05EC, 0xE6BB,
	0x05EE, 0x9330,
	0x05F0, 0x1638,
	0x05F2, 0x033B,
	0x05F4, 0xC9AD,
	0x05F6, 0x86E5,
	0x05F8, 0x1044,
	0x05FA, 0x7252,
	0x05FC, 0x9E39,
	0x05FE, 0xBE42,
	0x0600, 0x3A3E,
	0x0602, 0xDB46,
	0x0604, 0x3706,
	0x0606, 0xE81C,
	0x0608, 0xC505,
	0x060A, 0xFD61,
	0x060C, 0x2BE3,
	0x060E, 0x2486,
	0x0610, 0xD76D,
	0x0612, 0xF293,
	0x0614, 0xBD8B,
	0x0616, 0x65A7,
	0x0618, 0x3F9A,
	0x061A, 0xA4AB,
	0x061C, 0x7F9E,
	0x061E, 0x73ED,
	0x0620, 0xCB0A,
	0x0622, 0x261E,
	0x0624, 0x348C,
	0x0626, 0xC600,
	0x0628, 0x8984,
	0x062A, 0x5981,
	0x062C, 0x2D78,
	0x062E, 0x6792,
	0x0630, 0x6CFA,
	0x0632, 0x9EA4,
	0x0634, 0x96B3,
	0x0636, 0xCA40,
	0x0638, 0x4121,
	0x063A, 0x486D,
	0x063C, 0x2E44,
	0x063E, 0xCEFB,
	0x0640, 0x84A6,
	0x0642, 0xA197,
	0x0644, 0xCB55,
	0x0646, 0x3026,
	0x0648, 0x644F,
	0x064A, 0x6A3B,
	0x064C, 0x77DF,
	0x064E, 0x0005,
	0x0650, 0x593E,
	0x0652, 0x959E,
	0x0654, 0x1DD0,
	0x0656, 0xDAB3,
	0x0658, 0xE6E6,
	0x065A, 0xB2BF,
	0x065C, 0xFB07,
	0x065E, 0x55C2,
	0x0660, 0xA98B,
	0x0662, 0x99F0,
	0x0664, 0x4CD1,
	0x0666, 0x19F8,
	0x0668, 0x8045,
	0x066A, 0x4658,
	0x066C, 0x86BA,
	0x066E, 0x90A3,
	0x0670, 0xDEF0,
	0x0672, 0xF364,
	0x0674, 0xF864,
	0x0676, 0xDDBF,
	0x0678, 0xDE87,
	0x067A, 0xFABC,
	0x067C, 0x6D05,
	0x067E, 0x413E,
	0x0680, 0xC659,
	0x0682, 0xE10F,
	0x0684, 0xEB98,
	0x0686, 0x59F9,
	0x0688, 0x7DA2,
	0x068A, 0x3B85,
	0x068C, 0xBE0A,
	0x068E, 0xDD2A,
	0x0690, 0x7164,
	0x0692, 0x9529,
	0x0694, 0xF230,
	0x0696, 0x8342,
	0x0698, 0x2E0D,
	0x069A, 0x4421,
	0x069C, 0x738B,
	0x069E, 0x5C2A,
	0x06A0, 0xC36B,
	0x06A2, 0xC8FC,
	0x06A4, 0xBB80,
	0x06A6, 0x2AE0,
	0x06A8, 0x1E10,
	0x06AA, 0xDB8D,
	0x06AC, 0xD524,
	0x06AE, 0x6F19,
	0x06B0, 0xA2CB,
	0x06B2, 0x7FC8,
	0x06B4, 0xD01F,
	0x06B6, 0x78C3,
	0x06B8, 0x5FA6,
	0x06BA, 0x8A4B,
	0x06BC, 0xEBA1,
	0x06BE, 0xE1E6,
	0x06C0, 0xDB26,
	0x06C2, 0x864A,
	0x06C4, 0x940E,
	0x06C6, 0x32EC,
	0x06C8, 0xD91E,
	0x06CA, 0xCEE3,
	0x06CC, 0x04F9,
	0x06CE, 0x596C,
	0x06D0, 0x6F7A,
	0x06D2, 0xED8E,
	0x06D4, 0x7C71,
	0x06D6, 0x25FF,
	0x06D8, 0x0F68,
	0x06DA, 0xDEC6,
	0x06DC, 0x34ED,
	0x06DE, 0x52C7,
	0x06E0, 0xA7F1,
	0x06E2, 0x6AE1,
	0x06E4, 0xDA9B,
	0x06E6, 0xCF67,
	0x06E8, 0x6BEA,
	0x06EA, 0xDE57,
	0x06EC, 0x7CD1,
	0x06EE, 0x4E66,
	0x06F0, 0xC0DD,
	0x06F2, 0x41A6,
	0x06F4, 0x544F,
	0x06F6, 0xA084,
	0x06F8, 0xAE5F,
	0x06FA, 0x849F,
	0x06FC, 0x98DB,
	0x06FE, 0xA74D,
	0x0700, 0x32A3,
	0x0702, 0x8F38,
	0x0704, 0x65A0,
	0x0706, 0xA631,
	0x0708, 0xD0FE,
	0x070A, 0x211C,
	0x070C, 0x2D86,
	0x070E, 0x91AD,
	0x0710, 0x8445,
	0x0712, 0x2FBB,
	0x0714, 0x08F7,
	0x0716, 0x8CAD,
	0x0718, 0x5605,
	0x071A, 0x396E,
	0x071C, 0x253B,
	0x071E, 0xAD8C,
	0x0720, 0x21F9,
	0x0722, 0x4BDB,
	0x0724, 0x8057,
	0x0726, 0xE42A,
	0x0728, 0x5BF1,
	0x072A, 0xEA8A,
	0x072C, 0x7E6F,
	0x072E, 0xE2A2,
	0x0730, 0xC188,
	0x0732, 0xDAE8,
	0x0734, 0x9C8F,
	0x0736, 0x593B,
	0x0738, 0xFC6C,
	0x073A, 0x08EB,
	0x073C, 0xEB9A,
	0x073E, 0x2252,
	0x0740, 0x5BC2,
	0x0742, 0x6849,
	0x0744, 0x0265,
	0x0746, 0xAD3C,
	0x0748, 0x596F,
	0x074A, 0x312C,
	0x074C, 0xEF21,
	0x074E, 0xAEB4,
	0x0750, 0x88BB,
	0x0752, 0x1AE7,
	0x0754, 0x7094,
	0x0756, 0x8842,
	0x0758, 0xA170,
	0x075A, 0x2E16,
	0x075C, 0x0548,
	0x075E, 0x7C82,
	0x0760, 0xF578,
	0x0762, 0xCB4D,
	0x0764, 0x62A9,
	0x0766, 0x40D8,
	0x0768, 0xF466,
	0x076A, 0x6421,
	0x076C, 0x2348,
	0x076E, 0xE7AB,
	0x0770, 0xF854,
	0x0772, 0x8C28,
	0x0774, 0x7176,
	0x0776, 0x9F2F,
	0x0778, 0xDBB6,
	0x077A, 0x5B53,
	0x077C, 0x9094,
	0x077E, 0xB8E9,
	0x0780, 0x955F,
	0x0782, 0xD791,
	0x0784, 0xE1A7,
	0x0786, 0x3741,
	0x0788, 0xCB42,
	0x078A, 0xBD67,
	0x078C, 0xFCFF,
	0x078E, 0xAAD0,
	0x0790, 0x5717,
	0x0792, 0xED92,
	0x0794, 0x702B,
	0x0796, 0xBCE1,
	0x0798, 0xF2C6,
	0x079A, 0x6F1B,
	0x079C, 0xD06D,
	0x079E, 0x5FD2,
	0x07A0, 0x4CB3,
	0x07A2, 0x0924,
	0x07A4, 0x6180,
	0x07A6, 0xDA77,
	0x07A8, 0xE74F,
	0x07AA, 0x1EF1,
	0x07AC, 0x552E,
	0x07AE, 0x815D,
	0x07B0, 0x914E,
	0x07B2, 0xA546,
	0x07B4, 0xBD63,
	0x07B6, 0x9336,
	0x07B8, 0xB70B,
	0x07BA, 0x0419,
	0x07BC, 0x44B7,
	0x07BE, 0xB847,
	0x07C0, 0x1AF8,
	0x07C2, 0x5E0A,
	0x07C4, 0xE5B9,
	0x07C6, 0x8509,
	0x07C8, 0x5646,
	0x07CA, 0x57E5,
	0x07CC, 0xC947,
	0x07CE, 0x3FDC,
	0x07D0, 0x47EC,
	0x07D2, 0xF052,
	0x07D4, 0xABCC,
	0x07D6, 0xBC6B,
	0x07D8, 0xB686,
	0x07DA, 0xA9FE,
	0x07DC, 0xD743,
	0x07DE, 0x4994,
	0x07E0, 0x390E,
	0x07E2, 0x96B5,
	0x07E4, 0x9C8F,
	0x07E6, 0x2BEC,
	0x07E8, 0xC03F,
	0x07EA, 0x9F67,
	0x07EC, 0xF59D,
	0x07EE, 0xD807,
	0x07F0, 0x948A,
	0x07F2, 0x1C08,
	0x07F4, 0xA8EC,
	0x07F6, 0x73F2,
	0x07F8, 0xC481,
	0x07FA, 0x2217,
	0x07FC, 0x1CB3,
	0x07FE, 0xF58D,
	0x0800, 0x5B23,
	0x0802, 0x1EAC,
	0x0804, 0x466E,
	0x0806, 0x160C,
	0x0808, 0x6BE9,
	0x080A, 0xC612,
	0x080C, 0xA97B,
	0x080E, 0x97D7,
	0x0810, 0xE629,
	0x0812, 0x5CC1,
	0x0814, 0x2639,
	0x0816, 0x39A0,
	0x0818, 0xCB4D,
	0x081A, 0x619E,
	0x081C, 0xAFD0,
	0x081E, 0x61B6,
	0x0820, 0x686C,
	0x0822, 0x5229,
	0x0824, 0x92DB,
	0x0826, 0xC1E6,
	0x0828, 0x55FD,
	0x082A, 0x27C3,
	0x082C, 0x5957,
	0x082E, 0xCC68,
	0x0830, 0x3157,
	0x0832, 0x5A39,
	0x0834, 0x7051,
	0x0836, 0x2E4D,
	0x0838, 0xA81F,
	0x083A, 0xB510,
	0x083C, 0x9C1D,
	0x083E, 0xB5FC,
	0x0840, 0xA383,
	0x0842, 0x76FF,
	0x0844, 0xB4FA,
	0x0846, 0x7F47,
	0x0848, 0x6A98,
	0x084A, 0x3C6F,
	0x084C, 0xF744,
	0x084E, 0x7AA0,
	0x0850, 0x769D,
	0x0852, 0x83BE,
	0x0854, 0x88BB,
	0x0856, 0x9763,
	0x0858, 0x06E4,
	0x085A, 0x8027,
	0x085C, 0xE889,
	0x085E, 0x6D88,
	0x0860, 0x0E57,
	0x0862, 0xD411,
	0x0864, 0x7A0E,
	0x0866, 0x019B,
	0x0868, 0xD9BB,
	0x086A, 0x4534,
	0x086C, 0xA301,
	0x086E, 0x5448,
	0x0870, 0x5489,
	0x0872, 0xB502,
	0x0874, 0x7E36,
	0x0876, 0x2A4C,
	0x0878, 0x2990,
	0x087A, 0xFFBD,
	0x087C, 0x5D53,
	0x087E, 0xF038,
	0x0880, 0xDF9A,
	0x0882, 0x640E,
	0x0884, 0x303B,
	0x0886, 0xD79B,
	0x0888, 0xAD11,
	0x088A, 0x5327,
	0x088C, 0x8A96,
	0x088E, 0x8751,
	0x0890, 0xF9D8,
	0x0892, 0xB59D,
	0x0894, 0xB366,
	0x0896, 0x43C8,
	0x0898, 0x2165,
	0x089A, 0x1C01,
	0x089C, 0x7D6C,
	0x089E, 0x8175,
	0x08A0, 0x6439,
	0x08A2, 0xB940,
	0x08A4, 0x407B,
	0x08A6, 0x4EAB,
	0x08A8, 0xE40B,
	0x08AA, 0xF5C4,
	0x08AC, 0x2186,
	0x08AE, 0x9D6D,
	0x08B0, 0xC656,
	0x08B2, 0x1EBE,
	0x08B4, 0xE817,
	0x08B6, 0x344C,
	0x08B8, 0x4FC4,
	0x08BA, 0x1C42,
	0x08BC, 0x0D4D,
	0x08BE, 0x0988,
	0x08C0, 0x9A5B,
	0x08C2, 0xD89A,
	0x08C4, 0x8D3C,
	0x08C6, 0x2E1C,
	0x08C8, 0xDE80,
	0x08CA, 0xF8DB,
	0x08CC, 0x0EA8,
	0x08CE, 0xE2E8,
	0x08D0, 0xC9AA,
	0x08D2, 0x058A,
	0x08D4, 0x55B4,
	0x08D6, 0xCD9C,
	0x08D8, 0x0B95,
	0x08DA, 0x8D9F,
	0x08DC, 0xD488,
	0x08DE, 0x597A,
	0x08E0, 0x1FF3,
	0x08E2, 0x4A5A,
	0x08E4, 0x6E90,
	0x08E6, 0x46AF,
	0x08E8, 0x6402,
	0x08EA, 0x9A7B,
	0x08EC, 0x58E1,
	0x08EE, 0xC698,
	0x08F0, 0x4442,
	0x08F2, 0x6901,
	0x08F4, 0x4850,
	0x08F6, 0x8B3C,
	0x08F8, 0x30CB,
	0x08FA, 0x3B93,
	0x08FC, 0xCADC,
	0x08FE, 0x7D33,
	0x0900, 0x109D,
	0x0902, 0x8648,
	0x0904, 0x79C6,
	0x0906, 0x0F48,
	0x0908, 0x457C,
	0x090A, 0x998E,
	0x090C, 0x7B66,
	0x090E, 0xB8D6,
	0x0910, 0xCB86,
	0x0912, 0x9532,
	0x0914, 0xC41E,
	0x0916, 0x6FCA,
	0x0918, 0x59B5,
	0x091A, 0x88AA,
	0x091C, 0x212B,
	0x091E, 0x6AED,
	0x0920, 0x5F87,
	0x0922, 0x82BC,
	0x0924, 0x68A8,
	0x0926, 0x8342,
	0x0928, 0x0FAD,
	0x092A, 0x61CD,
	0x092C, 0x72BB,
	0x092E, 0xEDB5,
	0x0930, 0x5548,
	0x0932, 0x451A,
	0x0934, 0x3D76,
	0x0936, 0x1A13,
	0x0938, 0xF846,
	0x093A, 0x0368,
	0x093C, 0xC0A1,
	0x093E, 0x0DF7,
	0x0940, 0x6E5E,
	0x0942, 0xE89C,
	0x0944, 0xF160,
	0x0946, 0xEF49,
	0x0948, 0x6278,
	0x094A, 0xCB60,
	0x094C, 0xC413,
	0x094E, 0x6F8C,
	0x0950, 0x3BDC,
	0x0952, 0x2B58,
	0x0954, 0xE17D,
	0x0956, 0xD991,
	0x0958, 0x2C04,
	0x095A, 0x8571,
	0x095C, 0x2384,
	0x095E, 0xE17F,
	0x0960, 0xB0A9,
	0x0962, 0x927E,
	0x0964, 0x168F,
	0x0966, 0x777F,
	0x0968, 0x0666,
	0x096A, 0x7465,
	0x096C, 0x466B,
	0x096E, 0xBBB4,
	0x0970, 0x4498,
	0x0972, 0xB082,
	0x0974, 0x0F33,
	0x0976, 0x90C4,
	0x0978, 0xC316,
	0x097A, 0x713A,
	0x097C, 0xC788,
	0x097E, 0x5345,
	0x0980, 0x71DD,
	0x0982, 0x141A,
	0x0984, 0xAB50,
	0x0986, 0x1D69,
	0x0988, 0xB9BC,
	0x098A, 0xDE07,
	0x098C, 0xCD79,
	0x098E, 0xEDD3,
	0x0990, 0x49A4,
	0x0992, 0x5631,
	0x0994, 0xEB77,
	0x0996, 0x51A2,
	0x0998, 0x7E41,
	0x099A, 0x82F5,
	0x099C, 0x7AC0,
	0x099E, 0xDB4B,
	0x09A0, 0xEFBA,
	0x09A2, 0x6CC3,
	0x09A4, 0x49CE,
	0x09A6, 0xDF78,
	0x09A8, 0xF93D,
	0x09AA, 0x9017,
	0x09AC, 0xBCB9,
	0x09AE, 0x6AD2,
	0x09B0, 0x59B8,
	0x09B2, 0x40D1,
	0x09B4, 0x9053,
	0x09B6, 0x98D4,
	0x09B8, 0xF101,
	0x09BA, 0xA501,
	0x09BC, 0x2BB9,
	0x09BE, 0x2BD9,
	0x09C0, 0x533C,
	0x09C2, 0x8C68,
	0x09C4, 0xE329,
	0x09C6, 0x5B94,
	0x09C8, 0xDE96,
	0x09CA, 0x64A9,
	0x09CC, 0xED47,
	0x09CE, 0x6E00,
	0xFCFC, 0x4000,
};

/*Complete	2
	mode 0 Preview
	250307		
	05_OceanChangjiang_JN5_Fdsum_4096x3072_30fps_3056Msps		
	Mode :	05_OceanChangjiang_JN5_Fdsum	
	Purpose :	Porting	
	PHY	DPHY	
	QPDC	QPDC_Off	
	DBPC	DBPC_Off	
	Qmosaic	QMSC_Off	
	Tail :	On (L/R only)	4096x768
	24	MHz	
	920	MHz	
	3056	Mbps/lane	
	4	lane	
	8224	px	
	6176	px	
	4096	px	
	3072	px	
	30.01	fps	
	Raw10		
	4784	px	
	688	px	
	6408	line	
	3336	line	
	17.35	ms	
	Gr	First	
*/
static u16 cjfront_preview_setting[] = {
	0xFCFC, 0x4000,
	0x0B30, 0x01FF,
	0x6170, 0xFFFF,
	0x6180, 0x0000,
	0x6190, 0x0000,
	0x6200, 0xFFFF,
	0x6202, 0xFFFF,
	0x6204, 0x0000,
	0x6206, 0x0000,
	0x6208, 0x0000,
	0xA100, 0xFFFF,
	0xA102, 0x0000,
	0xA104, 0x0000,
	0xFCFC, 0x4001,
	0x0100, 0xFFFF,
	0x0102, 0xFFFF,
	0x0104, 0x0000,
	0x0106, 0x0000,
	0x0108, 0x0000,
	0xFCFC, 0x4000,
	0x8100, 0xFFFF,
	0x8104, 0x0000,
	0x8108, 0x0000,
	0xFCFC, 0x2000,
	0x7806, 0x0001,
	0x7808, 0x2408,
	0xFCFC, 0x4000,
	0x0344, 0x0000,
	0x0348, 0x201F,
	0x0346, 0x0000,
	0x034A, 0x181F,
	0x034C, 0x1000,
	0x034E, 0x0C00,
	0x0350, 0x0008,
	0x0352, 0x0008,
	0x0340, 0x1908,
	0x0342, 0x12B0,
	0x0136, 0x1800,
	0x013E, 0x0000,
	0x0304, 0x0003,
	0x0306, 0x00E6,
	0x030C, 0x0000,
	0x030E, 0x0003,
	0x0310, 0x00BF,
	0x0312, 0x0000,
	0x031A, 0x0003,
	0x031C, 0x0028,
	0x031E, 0x0002,
	0x0202, 0x0014,
	0x0226, 0x0014,
	0x022C, 0x0014,
	0x0702, 0x0000,
	0x0704, 0x0000,
	0x0114, 0x0301,
	0x0118, 0x0004,
	0x011A, 0x0001,
	0x011C, 0x0100,
	0xFCFC, 0x2000,
	0xB176, 0x0602,
	0xB178, 0x0000,
	0x7996, 0x0101,
	0x7994, 0x2020,
	0xFCFC, 0x4000,
	0x0900, 0x2222,
	0x0380, 0x0002,
	0x0382, 0x0002,
	0x0384, 0x0002,
	0x0386, 0x0002,
	0x040C, 0x0000,
	0x0400, 0x1010,
	0x0408, 0x0100,
	0x040A, 0x0100,
	0xFCFC, 0x2000,
	0xD1F6, 0x3A00,
	0xD20C, 0x0908,
	0xD314, 0x2002,
	0xD27A, 0x0500,
	0xD3F0, 0xB01C,
	0xD410, 0x4802,
	0xD426, 0xD204,
	0xD43C, 0x0140,
	0xD412, 0xD204,
	0xD428, 0xEA0A,
	0xD43E, 0x0140,
	0xFCFC, 0x4000,
	0x0260, 0x0001,
	0x0262, 0x0000,
	0x0264, 0x0006,
	0x0266, 0x0700,
	0x0112, 0x0A0A,
	0x0270, 0x2B2B,
	0x0272, 0x2B10,
	0x0274, 0x302B,
	0xFCFC, 0x2001,
	0x44C6, 0x0000,
	0xFCFC, 0x4000,
	0x0B02, 0x0102,
	0x0720, 0x0001,
	0x0722, 0x0800,
	0x0724, 0x0000,
	0x0728, 0x0000,
	0x072A, 0x0000,
	0x072C, 0x0000,
	0x072E, 0x0000,
	0xFCFC, 0x2001,
	0x3132, 0x0200,
	0xFCFC, 0x4000,
	0x021E, 0x0000,
	0x0228, 0x0100,
	0xFCFC, 0x2001,
	0x31D0, 0x0000,
	0x5A70, 0x0000,
	0xFCFC, 0x2000,
	0xDC94, 0x0103,
	0xEF80, 0x0000,
	0x23F0, 0x0001,
	0xF288, 0x0000,
	0xFCFC, 0x2001,
	0x2A30, 0x01FF,
	0x4270, 0x0000,
	0x29BA, 0x2000,
	0x29A8, 0x0100,
	0xFCFC, 0x4000,
	0x0B04, 0x0001,
	0x0B06, 0x0101,
	0x0B08, 0x0100,
	0x0B0A, 0x0101,
	0x0B0C, 0x0100,
	0xFCFC, 0x2000,
	0xC4E0, 0x0100,
	0xC4F6, 0x0000,
	0xC4E2, 0x0000,
	0xC53C, 0x0500,
	0xC544, 0x0005,
	0xC53E, 0x0000,
	0xB23C, 0x6060,
	0xB242, 0x6060,
	0xC554, 0x0010,
	0xC556, 0x0000,
	0xFCFC, 0x2001,
	0x2920, 0x0100,
	0x31F8, 0x0000,
	0x31FA, 0x0000,
	0xFCFC, 0x2000,
	0xD856, 0x0507,
	0xD6D4, 0x0000,
	0x799A, 0x0000,
	0xD8A2, 0x0100,
	0xFCFC, 0x4000,
	0x020A, 0x0000,
	0xFCFC, 0x2000,
	0x78C0, 0x0101,
	0x22C2, 0x0600,
	0x22C4, 0xFF1F,
	0x22EC, 0x1F00,
	0x2306, 0xFF3F,
	0x2314, 0xFF00,
	0x2354, 0x0300,
	0xFCFC, 0x4000,
	0x0936, 0x0000,
	0x0C40, 0x0000,
	0xFCFC, 0x2000,
	0x68DE, 0x0000,
	0xFCFC, 0x2001,
	0x2540, 0x0000,
	0x25E0, 0x0000,
	0x25E2, 0x0000,
	0xFCFC, 0x2000,
	0xD718, 0x0002,
	0xBF30, 0x0000,
	0xFCFC, 0x2001,
	0x3C42, 0x0000,
	0x3C46, 0xEB05,
	0x3C52, 0x4006,
	0xFCFC, 0x2000,
	0xD326, 0x0110,
	0xD3EC, 0xB01C,
	0xFCFC, 0x2001,
	0x195E, 0x0100,
	0x1966, 0x0000,
	0xFCFC, 0x4000,
	0x0086, 0x1400,
	0xFCFC, 0x2000,
	0xE980, 0x9E04,
	0xC4D8, 0x2000,
	0x795A, 0x2000,
	0x7970, 0x2000,
	0xFCFC, 0x2002,
	0x849E, 0x0000,
	0x84A0, 0x0000,
	0x84A2, 0x0005,
	0xFCFC, 0x2001,
	0x2BB2, 0x1000,
	0x2D32, 0x0010,
	0xFCFC, 0x2000,
	0x703C, 0x0101,
	0x7046, 0x7F02,
	0x7058, 0x8002,
	0x71D4, 0x3F00,
	0x71D6, 0x3D00,
	0x71D8, 0x84F3,
	0x71DA, 0x0040,
	0x7048, 0x1F02,
	0x705A, 0x2002,
	0x7274, 0x0B00,
	0x7276, 0x0B00,
	0x7278, 0x36D2,
	0x727A, 0x0040,
	0x727C, 0x0000,
	0x727E, 0x0000,
	0x7280, 0x0000,
	0x7282, 0x0000,
	0x703E, 0x0100,
	0x704A, 0x000A,
	0x705C, 0x010A,
	0x7314, 0x2E00,
	0x7316, 0x3000,
	0x7318, 0x9EFD,
	0x731A, 0x0040,
	0xBEDC, 0xC526,
	0xBEDE, 0x903E,
	0xBEE0, 0xC00F,
	0xBEE2, 0x0008,
	0xBEE4, 0x0C00,
	0xBEE6, 0x8000,
	0xFCFC, 0x2001,
	0x2A54, 0x0000,
	0x2A56, 0x0400,
	0x2A42, 0x0100,
	0x2A44, 0x3907,
	0x2A46, 0x0000,
	0xFCFC, 0x2000,
	0xD704, 0x0278,
	0x7A0E, 0x0F00,
	0x7A6E, 0x1900,
	0x7A86, 0x1900,
	0x8C9E, 0x3500,
	0x8CCE, 0x9600,
	0x7A10, 0x0F00,
	0x7A70, 0x1900,
	0x7A88, 0x1900,
	0x8CA0, 0x3500,
	0x8CD0, 0x9600,
	0xB224, 0x0103,
	0xB226, 0x0000,
	0xB220, 0x0103,
	0x7A12, 0x0F00,
	0x7A72, 0x1900,
	0x7A8A, 0x1900,
	0x8CA2, 0x7000,
	0x8CD2, 0xBE00,
	0x7EE6, 0x2C00,
	0x7EF2, 0x2C00,
	0x7EFE, 0x6400,
	0x7F0A, 0x5800,
	0x8D0E, 0x0000,
	0x9032, 0x0000,
	0x903E, 0x0000,
	0x7A14, 0x0F00,
	0x7A74, 0x1900,
	0x7A8C, 0x1900,
	0x8CA4, 0x3500,
	0x7F0E, 0x5800,
	0x8CD6, 0x9600,
	0x7BDA, 0x4C00,
	0xD49C, 0x2100,
	0xD4D0, 0x0A00,
	0xD4A8, 0x0100,
	0xD4D6, 0x1A00,
	0xD4E2, 0x0000,
	0xD4BC, 0x3F00,
	0xD4B0, 0x5800,
	0xD4C8, 0x0100,
	0xD624, 0x0000,
	0xD62E, 0x0000,
	0xD638, 0x0000,
	0xD4EA, 0x0100,
	0xD554, 0xC400,
	0xD556, 0xC400,
	0xD560, 0x5203,
	0xD562, 0x5203,
	0xD4DA, 0x0000,
	0xD4E6, 0x0100,
	0xD4C0, 0x1400,
	0xD4B4, 0x0100,
	0xD4CC, 0x0000,
	0xD5BC, 0x0000,
	0xD5BE, 0x0000,
	0xD5C8, 0x0000,
	0xD5CA, 0x0000,
	0xD4D2, 0x0000,
	0xD4DE, 0x0100,
	0xD4B8, 0x1400,
	0xD4AC, 0x0100,
	0xD4C4, 0x0000,
	0xD4EC, 0x0000,
	0xD4EE, 0x0000,
	0xD4F8, 0x0000,
	0xD4FA, 0x0000,
	0xBF78, 0x5333,
	0xD896, 0x0000,
	0xFCFC, 0x2001,
	0x1C24, 0x0002,
	0x1C26, 0x8001,
	0x1C28, 0x8004,
	0x1C2A, 0x2010,
	0x1C2C, 0x2010,
	0x1C2E, 0x0005,
	0x1C30, 0x00A0,
	0x1C32, 0x2810,
	0x1C34, 0x2810,
	0x1C4E, 0x8001,
	0x1C50, 0x8004,
	0x1C52, 0x0010,
	0x1C54, 0x0010,
	0x1C56, 0x0005,
	0x1C58, 0x00A0,
	0x1C5A, 0x2810,
	0x1C5C, 0x2810,
	0x1C5E, 0x0000,
	0x1C60, 0x0000,
	0x1C62, 0x0000,
	0x1C64, 0x0000,
	0x1C66, 0x0000,
	0x1C68, 0x0000,
	0x1C6A, 0x0000,
	0x1C6C, 0x0000,
	0x1C76, 0x8001,
	0x1C78, 0x8004,
	0x1C7A, 0x2010,
	0x1C7C, 0x2010,
	0x1C7E, 0x0005,
	0x1C80, 0x00A0,
	0x1C82, 0x2810,
	0x1C84, 0x2810,
	0x1C86, 0x0000,
	0x1C88, 0x0000,
	0x1C8A, 0x0000,
	0x1C8C, 0x0000,
	0x1C8E, 0x0000,
	0x1C90, 0x0000,
	0x1C92, 0x0000,
	0x1C94, 0x0000,
	0x1C9E, 0x8001,
	0x1CA0, 0x8004,
	0x1CA2, 0x2010,
	0x1CA4, 0x2010,
	0x1CA6, 0x0005,
	0x1CA8, 0x00A0,
	0x1CAA, 0x2810,
	0x1CAC, 0x2810,
	0x1CC6, 0x8001,
	0x1CC8, 0x8004,
	0x1CCA, 0x2010,
	0x1CCC, 0x2010,
	0x1CCE, 0x0005,
	0x1CD0, 0x00A0,
	0x1CD2, 0x2810,
	0x1CD4, 0x2810,
	0x1CEE, 0x8001,
	0x1CF0, 0x8004,
	0x1CF2, 0x0010,
	0x1CF4, 0x0010,
	0x1CF6, 0x0005,
	0x1CF8, 0x00A0,
	0x1CFA, 0x2810,
	0x1CFC, 0x2810,
	0x1CFE, 0x0000,
	0x1D00, 0x0000,
	0x1D02, 0x0000,
	0x1D04, 0x0000,
	0x1D06, 0x0000,
	0x1D08, 0x0000,
	0x1D0A, 0x0000,
	0x1D0C, 0x0000,
	0x1D16, 0x8001,
	0x1D18, 0x8004,
	0x1D1A, 0x2010,
	0x1D1C, 0x2010,
	0x1D1E, 0x0005,
	0x1D20, 0x00A0,
	0x1D22, 0x2810,
	0x1D24, 0x2810,
	0x1D26, 0x0000,
	0x1D28, 0x0000,
	0x1D2A, 0x0000,
	0x1D2C, 0x0000,
	0x1D2E, 0x0000,
	0x1D30, 0x0000,
	0x1D32, 0x0000,
	0x1D34, 0x0000,
	0x1D3E, 0x8001,
	0x1D40, 0x8004,
	0x1D42, 0x2010,
	0x1D44, 0x2010,
	0x1D46, 0x0005,
	0x1D48, 0x00A0,
	0x1D4A, 0x2810,
	0x1D4C, 0x2810,
	0xFCFC, 0x2000,
	0xB21E, 0x0000,
	0xB222, 0xC000,
	0xB20C, 0x2E00,
	0xB21A, 0x0402,
	0xB378, 0x0100,
	0xDD70, 0x0000,
	0xDE38, 0x0000,
	0xFCFC, 0x2002,
	0xA574, 0x0100,
	0xA59C, 0xA2FD,
	0xA59E, 0xFEFE,
	0xA576, 0x4000,
	0xA588, 0x0E00,
	0xA578, 0x8000,
	0xA58A, 0x2000,
	0xA57A, 0xA000,
	0xA58C, 0x2800,
	0xA57C, 0x4001,
	0xA58E, 0x1400,
	0xA57E, 0x8002,
	0xA590, 0x2200,
	0xA580, 0x0005,
	0xA592, 0x2800,
	0xA582, 0x000A,
	0xA594, 0x2C00,
	0xA584, 0xA00F,
	0xA596, 0x2E00,
	0xA586, 0x4011,
	0xA598, 0x3200,
	0xA59A, 0x3500,
	0xA548, 0x0000,
	0xA570, 0x0000,
	0xA54A, 0x0000,
	0xA54C, 0x0000,
	0xA54E, 0x0000,
	0xA550, 0x0000,
	0xA552, 0x0000,
	0xA554, 0x0000,
	0xA556, 0x0000,
	0xA55C, 0x0000,
	0xA55E, 0x0000,
	0xA560, 0x0000,
	0xA562, 0x0000,
	0xA564, 0x0000,
	0xA566, 0x0000,
	0xA568, 0x0000,
	0xA56A, 0x0000,
	0xFCFC, 0x2001,
	0x1D96, 0x0000,
	0x1D98, 0x0000,
	0x1DA6, 0x0000,
	0x1DA8, 0x0000,
	0x1D72, 0x0000,
	0x1D74, 0x0000,
	0x1D82, 0x0000,
	0x1D84, 0x0000,
	0x1D92, 0x0000,
	0x1D94, 0x0000,
	0x1DA2, 0x0000,
	0x1DA4, 0x0000,
	0x1D76, 0x0000,
	0x1D78, 0x0000,
	0x1D86, 0x0000,
	0x1D88, 0x0000,
	0x1E16, 0x1600,
	0x1E18, 0x1600,
	0x1E26, 0x1600,
	0x1E28, 0x1600,
	0x1DF2, 0x1600,
	0x1DF4, 0x1600,
	0x1E02, 0x1600,
	0x1E04, 0x1600,
	0x1E12, 0x1600,
	0x1E14, 0x1600,
	0x1E22, 0x1600,
	0x1E24, 0x1600,
	0x1DF6, 0x1600,
	0x1DF8, 0x1600,
	0x1E06, 0x1600,
	0x1E08, 0x1600,
	0xFCFC, 0x2000,
	0x82BA, 0x3300,
	0x82A2, 0x1400,
	0xFCFC, 0x2001,
	0x427C, 0x2000,
	0x4280, 0x1000,
	0x4362, 0x0100,
	0x43AA, 0x0000,
	0x43AC, 0x0000,
	0x43C6, 0x0114,
	0x43B4, 0x0000,
	0x43B6, 0x0000,
	0x4396, 0x0B00,
	0x4398, 0x0B00,
	0x437E, 0xE400,
	0xFCFC, 0x2000,
	0xB322, 0x0101,
	0xB324, 0x0100,
	0xB330, 0x2828,
	0xB34A, 0x2828,
	0xB360, 0x2828,
	0xFCFC, 0x2001,
	0x4292, 0x0000,
	0x4364, 0x0000,
	0x4366, 0x0000,
	0x4370, 0x0000,
	0x4290, 0x0100,
	0xFCFC, 0x2002,
	0x84C4, 0x0100,
	0x84A4, 0x0000,
	0xFCFC, 0x2000,
	0xD684, 0x80F3,
	0xB268, 0x80F3,
	0xF09A, 0x00FF,
	0xF2E0, 0x0000,
	0xF372, 0x0000,
	0xF0AA, 0xFFFF,
	0xF0AC, 0xFFFF,
	0xF2EA, 0x4000,
	0xDADA, 0x0001,
	0xDB3C, 0xD2FD,
	0xDADC, 0x0000,
	0xDB0C, 0x1F1F,
	0xDB3E, 0x12D2,
	0xDADE, 0x0000,
	0xDB0E, 0x0080,
	0xDB40, 0x12D2,
	0xDAE0, 0xA000,
	0xDB10, 0x0040,
	0xDB42, 0x12D2,
	0xDAE2, 0x0001,
	0xDB12, 0x0020,
	0xDB44, 0x12D2,
	0xDAE4, 0x0005,
	0xDB14, 0x0040,
	0xDB46, 0x12D2,
	0xDAE6, 0x4011,
	0xDB16, 0x0060,
	0xDBCC, 0x0000,
	0xDB6C, 0x0000,
	0xDB9C, 0x0000,
	0xDBCE, 0x0000,
	0xDB6E, 0x0000,
	0xDB9E, 0x0000,
	0xDBD0, 0x0000,
	0xDB70, 0x0000,
	0xDBA0, 0x0000,
	0xDBD2, 0x0000,
	0xDB72, 0x0000,
	0xDBA2, 0x0000,
	0xDBD4, 0x0000,
	0xDB74, 0x0000,
	0xDBA4, 0x0000,
	0xDBD6, 0x0000,
	0xDB76, 0x0000,
	0xDBA6, 0x0000,
	0xF370, 0x0203,
	0xF3E4, 0x0301,
	0xF3F4, 0xC800,
	0xF3F6, 0xD610,
	0xF014, 0x0700,
	0xB270, 0x8708,
	0xB266, 0xC004,
	0xD682, 0xC004,
	0xBF16, 0x0BAA,
	0xDC8C, 0x3F0B,
	0xFCFC, 0x4000,
	0x0808, 0x0201,
	0x0E00, 0x0003,
};

/*Complete	2
mode 0 Preview
250307		
05_OceanChangjiang_JN5_Fdsum_4096x3072_30fps_3056Msps		
Mode :	05_OceanChangjiang_JN5_Fdsum	
Purpose :	Porting	
PHY	DPHY	
QPDC	QPDC_Off	
DBPC	DBPC_Off	
Qmosaic	QMSC_Off	
Tail :	On (L/R only)	4096x768
24	MHz	
920	MHz	
3056	Mbps/lane	
4	lane	
8224	px	
6176	px	
4096	px	
3072	px	
30.01	fps	
Raw10		
4784	px	
688	px	
6408	line	
3336	line	
17.35	ms	
Gr	First	*/
static u16 cjfront_capture_setting[] = {
	0xFCFC, 0x4000,
	0x0B30, 0x01FF,
	0x6170, 0xFFFF,
	0x6180, 0x0000,
	0x6190, 0x0000,
	0x6200, 0xFFFF,
	0x6202, 0xFFFF,
	0x6204, 0x0000,
	0x6206, 0x0000,
	0x6208, 0x0000,
	0xA100, 0xFFFF,
	0xA102, 0x0000,
	0xA104, 0x0000,
	0xFCFC, 0x4001,
	0x0100, 0xFFFF,
	0x0102, 0xFFFF,
	0x0104, 0x0000,
	0x0106, 0x0000,
	0x0108, 0x0000,
	0xFCFC, 0x4000,
	0x8100, 0xFFFF,
	0x8104, 0x0000,
	0x8108, 0x0000,
	0xFCFC, 0x2000,
	0x7806, 0x0001,
	0x7808, 0x2408,
	0xFCFC, 0x4000,
	0x0344, 0x0000,
	0x0348, 0x201F,
	0x0346, 0x0000,
	0x034A, 0x181F,
	0x034C, 0x1000,
	0x034E, 0x0C00,
	0x0350, 0x0008,
	0x0352, 0x0008,
	0x0340, 0x1908,
	0x0342, 0x12B0,
	0x0136, 0x1800,
	0x013E, 0x0000,
	0x0304, 0x0003,
	0x0306, 0x00E6,
	0x030C, 0x0000,
	0x030E, 0x0003,
	0x0310, 0x00BF,
	0x0312, 0x0000,
	0x031A, 0x0003,
	0x031C, 0x0028,
	0x031E, 0x0002,
	0x0202, 0x0014,
	0x0226, 0x0014,
	0x022C, 0x0014,
	0x0702, 0x0000,
	0x0704, 0x0000,
	0x0114, 0x0301,
	0x0118, 0x0004,
	0x011A, 0x0001,
	0x011C, 0x0100,
	0xFCFC, 0x2000,
	0xB176, 0x0602,
	0xB178, 0x0000,
	0x7996, 0x0101,
	0x7994, 0x2020,
	0xFCFC, 0x4000,
	0x0900, 0x2222,
	0x0380, 0x0002,
	0x0382, 0x0002,
	0x0384, 0x0002,
	0x0386, 0x0002,
	0x040C, 0x0000,
	0x0400, 0x1010,
	0x0408, 0x0100,
	0x040A, 0x0100,
	0xFCFC, 0x2000,
	0xD1F6, 0x3A00,
	0xD20C, 0x0908,
	0xD314, 0x2002,
	0xD27A, 0x0500,
	0xD3F0, 0xB01C,
	0xD410, 0x4802,
	0xD426, 0xD204,
	0xD43C, 0x0140,
	0xD412, 0xD204,
	0xD428, 0xEA0A,
	0xD43E, 0x0140,
	0xFCFC, 0x4000,
	0x0260, 0x0001,
	0x0262, 0x0000,
	0x0264, 0x0006,
	0x0266, 0x0700,
	0x0112, 0x0A0A,
	0x0270, 0x2B2B,
	0x0272, 0x2B10,
	0x0274, 0x302B,
	0xFCFC, 0x2001,
	0x44C6, 0x0000,
	0xFCFC, 0x4000,
	0x0B02, 0x0102,
	0x0720, 0x0001,
	0x0722, 0x0800,
	0x0724, 0x0000,
	0x0728, 0x0000,
	0x072A, 0x0000,
	0x072C, 0x0000,
	0x072E, 0x0000,
	0xFCFC, 0x2001,
	0x3132, 0x0200,
	0xFCFC, 0x4000,
	0x021E, 0x0000,
	0x0228, 0x0100,
	0xFCFC, 0x2001,
	0x31D0, 0x0000,
	0x5A70, 0x0000,
	0xFCFC, 0x2000,
	0xDC94, 0x0103,
	0xEF80, 0x0000,
	0x23F0, 0x0001,
	0xF288, 0x0000,
	0xFCFC, 0x2001,
	0x2A30, 0x01FF,
	0x4270, 0x0000,
	0x29BA, 0x2000,
	0x29A8, 0x0100,
	0xFCFC, 0x4000,
	0x0B04, 0x0001,
	0x0B06, 0x0101,
	0x0B08, 0x0100,
	0x0B0A, 0x0101,
	0x0B0C, 0x0100,
	0xFCFC, 0x2000,
	0xC4E0, 0x0100,
	0xC4F6, 0x0000,
	0xC4E2, 0x0000,
	0xC53C, 0x0500,
	0xC544, 0x0005,
	0xC53E, 0x0000,
	0xB23C, 0x6060,
	0xB242, 0x6060,
	0xC554, 0x0010,
	0xC556, 0x0000,
	0xFCFC, 0x2001,
	0x2920, 0x0100,
	0x31F8, 0x0000,
	0x31FA, 0x0000,
	0xFCFC, 0x2000,
	0xD856, 0x0507,
	0xD6D4, 0x0000,
	0x799A, 0x0000,
	0xD8A2, 0x0100,
	0xFCFC, 0x4000,
	0x020A, 0x0000,
	0xFCFC, 0x2000,
	0x78C0, 0x0101,
	0x22C2, 0x0600,
	0x22C4, 0xFF1F,
	0x22EC, 0x1F00,
	0x2306, 0xFF3F,
	0x2314, 0xFF00,
	0x2354, 0x0300,
	0xFCFC, 0x4000,
	0x0936, 0x0000,
	0x0C40, 0x0000,
	0xFCFC, 0x2000,
	0x68DE, 0x0000,
	0xFCFC, 0x2001,
	0x2540, 0x0000,
	0x25E0, 0x0000,
	0x25E2, 0x0000,
	0xFCFC, 0x2000,
	0xD718, 0x0002,
	0xBF30, 0x0000,
	0xFCFC, 0x2001,
	0x3C42, 0x0000,
	0x3C46, 0xEB05,
	0x3C52, 0x4006,
	0xFCFC, 0x2000,
	0xD326, 0x0110,
	0xD3EC, 0xB01C,
	0xFCFC, 0x2001,
	0x195E, 0x0100,
	0x1966, 0x0000,
	0xFCFC, 0x4000,
	0x0086, 0x1400,
	0xFCFC, 0x2000,
	0xE980, 0x9E04,
	0xC4D8, 0x2000,
	0x795A, 0x2000,
	0x7970, 0x2000,
	0xFCFC, 0x2002,
	0x849E, 0x0000,
	0x84A0, 0x0000,
	0x84A2, 0x0005,
	0xFCFC, 0x2001,
	0x2BB2, 0x1000,
	0x2D32, 0x0010,
	0xFCFC, 0x2000,
	0x703C, 0x0101,
	0x7046, 0x7F02,
	0x7058, 0x8002,
	0x71D4, 0x3F00,
	0x71D6, 0x3D00,
	0x71D8, 0x84F3,
	0x71DA, 0x0040,
	0x7048, 0x1F02,
	0x705A, 0x2002,
	0x7274, 0x0B00,
	0x7276, 0x0B00,
	0x7278, 0x36D2,
	0x727A, 0x0040,
	0x727C, 0x0000,
	0x727E, 0x0000,
	0x7280, 0x0000,
	0x7282, 0x0000,
	0x703E, 0x0100,
	0x704A, 0x000A,
	0x705C, 0x010A,
	0x7314, 0x2E00,
	0x7316, 0x3000,
	0x7318, 0x9EFD,
	0x731A, 0x0040,
	0xBEDC, 0xC526,
	0xBEDE, 0x903E,
	0xBEE0, 0xC00F,
	0xBEE2, 0x0008,
	0xBEE4, 0x0C00,
	0xBEE6, 0x8000,
	0xFCFC, 0x2001,
	0x2A54, 0x0000,
	0x2A56, 0x0400,
	0x2A42, 0x0100,
	0x2A44, 0x3907,
	0x2A46, 0x0000,
	0xFCFC, 0x2000,
	0xD704, 0x0278,
	0x7A0E, 0x0F00,
	0x7A6E, 0x1900,
	0x7A86, 0x1900,
	0x8C9E, 0x3500,
	0x8CCE, 0x9600,
	0x7A10, 0x0F00,
	0x7A70, 0x1900,
	0x7A88, 0x1900,
	0x8CA0, 0x3500,
	0x8CD0, 0x9600,
	0xB224, 0x0103,
	0xB226, 0x0000,
	0xB220, 0x0103,
	0x7A12, 0x0F00,
	0x7A72, 0x1900,
	0x7A8A, 0x1900,
	0x8CA2, 0x7000,
	0x8CD2, 0xBE00,
	0x7EE6, 0x2C00,
	0x7EF2, 0x2C00,
	0x7EFE, 0x6400,
	0x7F0A, 0x5800,
	0x8D0E, 0x0000,
	0x9032, 0x0000,
	0x903E, 0x0000,
	0x7A14, 0x0F00,
	0x7A74, 0x1900,
	0x7A8C, 0x1900,
	0x8CA4, 0x3500,
	0x7F0E, 0x5800,
	0x8CD6, 0x9600,
	0x7BDA, 0x4C00,
	0xD49C, 0x2100,
	0xD4D0, 0x0A00,
	0xD4A8, 0x0100,
	0xD4D6, 0x1A00,
	0xD4E2, 0x0000,
	0xD4BC, 0x3F00,
	0xD4B0, 0x5800,
	0xD4C8, 0x0100,
	0xD624, 0x0000,
	0xD62E, 0x0000,
	0xD638, 0x0000,
	0xD4EA, 0x0100,
	0xD554, 0xC400,
	0xD556, 0xC400,
	0xD560, 0x5203,
	0xD562, 0x5203,
	0xD4DA, 0x0000,
	0xD4E6, 0x0100,
	0xD4C0, 0x1400,
	0xD4B4, 0x0100,
	0xD4CC, 0x0000,
	0xD5BC, 0x0000,
	0xD5BE, 0x0000,
	0xD5C8, 0x0000,
	0xD5CA, 0x0000,
	0xD4D2, 0x0000,
	0xD4DE, 0x0100,
	0xD4B8, 0x1400,
	0xD4AC, 0x0100,
	0xD4C4, 0x0000,
	0xD4EC, 0x0000,
	0xD4EE, 0x0000,
	0xD4F8, 0x0000,
	0xD4FA, 0x0000,
	0xBF78, 0x5333,
	0xD896, 0x0000,
	0xFCFC, 0x2001,
	0x1C24, 0x0002,
	0x1C26, 0x8001,
	0x1C28, 0x8004,
	0x1C2A, 0x2010,
	0x1C2C, 0x2010,
	0x1C2E, 0x0005,
	0x1C30, 0x00A0,
	0x1C32, 0x2810,
	0x1C34, 0x2810,
	0x1C4E, 0x8001,
	0x1C50, 0x8004,
	0x1C52, 0x0010,
	0x1C54, 0x0010,
	0x1C56, 0x0005,
	0x1C58, 0x00A0,
	0x1C5A, 0x2810,
	0x1C5C, 0x2810,
	0x1C5E, 0x0000,
	0x1C60, 0x0000,
	0x1C62, 0x0000,
	0x1C64, 0x0000,
	0x1C66, 0x0000,
	0x1C68, 0x0000,
	0x1C6A, 0x0000,
	0x1C6C, 0x0000,
	0x1C76, 0x8001,
	0x1C78, 0x8004,
	0x1C7A, 0x2010,
	0x1C7C, 0x2010,
	0x1C7E, 0x0005,
	0x1C80, 0x00A0,
	0x1C82, 0x2810,
	0x1C84, 0x2810,
	0x1C86, 0x0000,
	0x1C88, 0x0000,
	0x1C8A, 0x0000,
	0x1C8C, 0x0000,
	0x1C8E, 0x0000,
	0x1C90, 0x0000,
	0x1C92, 0x0000,
	0x1C94, 0x0000,
	0x1C9E, 0x8001,
	0x1CA0, 0x8004,
	0x1CA2, 0x2010,
	0x1CA4, 0x2010,
	0x1CA6, 0x0005,
	0x1CA8, 0x00A0,
	0x1CAA, 0x2810,
	0x1CAC, 0x2810,
	0x1CC6, 0x8001,
	0x1CC8, 0x8004,
	0x1CCA, 0x2010,
	0x1CCC, 0x2010,
	0x1CCE, 0x0005,
	0x1CD0, 0x00A0,
	0x1CD2, 0x2810,
	0x1CD4, 0x2810,
	0x1CEE, 0x8001,
	0x1CF0, 0x8004,
	0x1CF2, 0x0010,
	0x1CF4, 0x0010,
	0x1CF6, 0x0005,
	0x1CF8, 0x00A0,
	0x1CFA, 0x2810,
	0x1CFC, 0x2810,
	0x1CFE, 0x0000,
	0x1D00, 0x0000,
	0x1D02, 0x0000,
	0x1D04, 0x0000,
	0x1D06, 0x0000,
	0x1D08, 0x0000,
	0x1D0A, 0x0000,
	0x1D0C, 0x0000,
	0x1D16, 0x8001,
	0x1D18, 0x8004,
	0x1D1A, 0x2010,
	0x1D1C, 0x2010,
	0x1D1E, 0x0005,
	0x1D20, 0x00A0,
	0x1D22, 0x2810,
	0x1D24, 0x2810,
	0x1D26, 0x0000,
	0x1D28, 0x0000,
	0x1D2A, 0x0000,
	0x1D2C, 0x0000,
	0x1D2E, 0x0000,
	0x1D30, 0x0000,
	0x1D32, 0x0000,
	0x1D34, 0x0000,
	0x1D3E, 0x8001,
	0x1D40, 0x8004,
	0x1D42, 0x2010,
	0x1D44, 0x2010,
	0x1D46, 0x0005,
	0x1D48, 0x00A0,
	0x1D4A, 0x2810,
	0x1D4C, 0x2810,
	0xFCFC, 0x2000,
	0xB21E, 0x0000,
	0xB222, 0xC000,
	0xB20C, 0x2E00,
	0xB21A, 0x0402,
	0xB378, 0x0100,
	0xDD70, 0x0000,
	0xDE38, 0x0000,
	0xFCFC, 0x2002,
	0xA574, 0x0100,
	0xA59C, 0xA2FD,
	0xA59E, 0xFEFE,
	0xA576, 0x4000,
	0xA588, 0x0E00,
	0xA578, 0x8000,
	0xA58A, 0x2000,
	0xA57A, 0xA000,
	0xA58C, 0x2800,
	0xA57C, 0x4001,
	0xA58E, 0x1400,
	0xA57E, 0x8002,
	0xA590, 0x2200,
	0xA580, 0x0005,
	0xA592, 0x2800,
	0xA582, 0x000A,
	0xA594, 0x2C00,
	0xA584, 0xA00F,
	0xA596, 0x2E00,
	0xA586, 0x4011,
	0xA598, 0x3200,
	0xA59A, 0x3500,
	0xA548, 0x0000,
	0xA570, 0x0000,
	0xA54A, 0x0000,
	0xA54C, 0x0000,
	0xA54E, 0x0000,
	0xA550, 0x0000,
	0xA552, 0x0000,
	0xA554, 0x0000,
	0xA556, 0x0000,
	0xA55C, 0x0000,
	0xA55E, 0x0000,
	0xA560, 0x0000,
	0xA562, 0x0000,
	0xA564, 0x0000,
	0xA566, 0x0000,
	0xA568, 0x0000,
	0xA56A, 0x0000,
	0xFCFC, 0x2001,
	0x1D96, 0x0000,
	0x1D98, 0x0000,
	0x1DA6, 0x0000,
	0x1DA8, 0x0000,
	0x1D72, 0x0000,
	0x1D74, 0x0000,
	0x1D82, 0x0000,
	0x1D84, 0x0000,
	0x1D92, 0x0000,
	0x1D94, 0x0000,
	0x1DA2, 0x0000,
	0x1DA4, 0x0000,
	0x1D76, 0x0000,
	0x1D78, 0x0000,
	0x1D86, 0x0000,
	0x1D88, 0x0000,
	0x1E16, 0x1600,
	0x1E18, 0x1600,
	0x1E26, 0x1600,
	0x1E28, 0x1600,
	0x1DF2, 0x1600,
	0x1DF4, 0x1600,
	0x1E02, 0x1600,
	0x1E04, 0x1600,
	0x1E12, 0x1600,
	0x1E14, 0x1600,
	0x1E22, 0x1600,
	0x1E24, 0x1600,
	0x1DF6, 0x1600,
	0x1DF8, 0x1600,
	0x1E06, 0x1600,
	0x1E08, 0x1600,
	0xFCFC, 0x2000,
	0x82BA, 0x3300,
	0x82A2, 0x1400,
	0xFCFC, 0x2001,
	0x427C, 0x2000,
	0x4280, 0x1000,
	0x4362, 0x0100,
	0x43AA, 0x0000,
	0x43AC, 0x0000,
	0x43C6, 0x0114,
	0x43B4, 0x0000,
	0x43B6, 0x0000,
	0x4396, 0x0B00,
	0x4398, 0x0B00,
	0x437E, 0xE400,
	0xFCFC, 0x2000,
	0xB322, 0x0101,
	0xB324, 0x0100,
	0xB330, 0x2828,
	0xB34A, 0x2828,
	0xB360, 0x2828,
	0xFCFC, 0x2001,
	0x4292, 0x0000,
	0x4364, 0x0000,
	0x4366, 0x0000,
	0x4370, 0x0000,
	0x4290, 0x0100,
	0xFCFC, 0x2002,
	0x84C4, 0x0100,
	0x84A4, 0x0000,
	0xFCFC, 0x2000,
	0xD684, 0x80F3,
	0xB268, 0x80F3,
	0xF09A, 0x00FF,
	0xF2E0, 0x0000,
	0xF372, 0x0000,
	0xF0AA, 0xFFFF,
	0xF0AC, 0xFFFF,
	0xF2EA, 0x4000,
	0xDADA, 0x0001,
	0xDB3C, 0xD2FD,
	0xDADC, 0x0000,
	0xDB0C, 0x1F1F,
	0xDB3E, 0x12D2,
	0xDADE, 0x0000,
	0xDB0E, 0x0080,
	0xDB40, 0x12D2,
	0xDAE0, 0xA000,
	0xDB10, 0x0040,
	0xDB42, 0x12D2,
	0xDAE2, 0x0001,
	0xDB12, 0x0020,
	0xDB44, 0x12D2,
	0xDAE4, 0x0005,
	0xDB14, 0x0040,
	0xDB46, 0x12D2,
	0xDAE6, 0x4011,
	0xDB16, 0x0060,
	0xDBCC, 0x0000,
	0xDB6C, 0x0000,
	0xDB9C, 0x0000,
	0xDBCE, 0x0000,
	0xDB6E, 0x0000,
	0xDB9E, 0x0000,
	0xDBD0, 0x0000,
	0xDB70, 0x0000,
	0xDBA0, 0x0000,
	0xDBD2, 0x0000,
	0xDB72, 0x0000,
	0xDBA2, 0x0000,
	0xDBD4, 0x0000,
	0xDB74, 0x0000,
	0xDBA4, 0x0000,
	0xDBD6, 0x0000,
	0xDB76, 0x0000,
	0xDBA6, 0x0000,
	0xF370, 0x0203,
	0xF3E4, 0x0301,
	0xF3F4, 0xC800,
	0xF3F6, 0xD610,
	0xF014, 0x0700,
	0xB270, 0x8708,
	0xB266, 0xC004,
	0xD682, 0xC004,
	0xBF16, 0x0BAA,
	0xDC8C, 0x3F0B,
	0xFCFC, 0x4000,
	0x0808, 0x0201,
	0x0E00, 0x0003,
};

/* Complete	3	
	mode 2 video
	250307
	09_OceanChangjiang_JN5_Fdsum_4096x2304_30fps_3056Msps		
	Mode :	09_OceanChangjiang_JN5_Fdsum	
	Purpose :	Porting	
	PHY	DPHY	
	QPDC	QPDC_Off	
	DBPC	DBPC_Off	
	Qmosaic	QMSC_Off	
	Tail :	On (L/R only)	4096x576
	24	MHz	
	920	MHz	
	3056	Mbps/lane	
	4	lane	
	8224	px	
	4640	px	
	4096	px	
	2304	px	
	30.01	fps	
	Raw10		
	4784	px	
	688	px	
	6408	line	
	4104	line	
	21.34	ms	
	Gr	First	
*/
static u16 cjfront_normal_video_setting[] = {
	0xFCFC, 0x4000,
	0x0B30, 0x01FF,
	0x6170, 0xFFFF,
	0x6180, 0x0000,
	0x6190, 0x0000,
	0x6200, 0xFFFF,
	0x6202, 0xFFFF,
	0x6204, 0x0000,
	0x6206, 0x0000,
	0x6208, 0x0000,
	0xA100, 0xFFFF,
	0xA102, 0x0000,
	0xA104, 0x0000,
	0xFCFC, 0x4001,
	0x0100, 0xFFFF,
	0x0102, 0xFFFF,
	0x0104, 0x0000,
	0x0106, 0x0000,
	0x0108, 0x0000,
	0xFCFC, 0x4000,
	0x8100, 0xFFFF,
	0x8104, 0x0000,
	0x8108, 0x0000,
	0xFCFC, 0x2000,
	0x7806, 0x0001,
	0x7808, 0x2408,
	0xFCFC, 0x4000,
	0x0344, 0x0000,
	0x0348, 0x201F,
	0x0346, 0x0300,
	0x034A, 0x151F,
	0x034C, 0x1000,
	0x034E, 0x0900,
	0x0350, 0x0008,
	0x0352, 0x0008,
	0x0340, 0x1908,
	0x0342, 0x12B0,
	0x0136, 0x1800,
	0x013E, 0x0000,
	0x0304, 0x0003,
	0x0306, 0x00E6,
	0x030C, 0x0000,
	0x030E, 0x0003,
	0x0310, 0x00BF,
	0x0312, 0x0000,
	0x031A, 0x0003,
	0x031C, 0x0028,
	0x031E, 0x0002,
	0x0202, 0x0014,
	0x0226, 0x0014,
	0x022C, 0x0014,
	0x0702, 0x0000,
	0x0704, 0x0000,
	0x0114, 0x0301,
	0x0118, 0x0004,
	0x011A, 0x0001,
	0x011C, 0x0100,
	0xFCFC, 0x2000,
	0xB176, 0x0602,
	0xB178, 0x0000,
	0x7996, 0x0101,
	0x7994, 0x2020,
	0xFCFC, 0x4000,
	0x0900, 0x2222,
	0x0380, 0x0002,
	0x0382, 0x0002,
	0x0384, 0x0002,
	0x0386, 0x0002,
	0x040C, 0x0000,
	0x0400, 0x1010,
	0x0408, 0x0100,
	0x040A, 0x0100,
	0xFCFC, 0x2000,
	0xD1F6, 0x3A00,
	0xD20C, 0x0908,
	0xD314, 0x2002,
	0xD27A, 0x0500,
	0xD3F0, 0xB01C,
	0xD410, 0x4802,
	0xD426, 0xD204,
	0xD43C, 0x0140,
	0xD412, 0xD204,
	0xD428, 0xEA0A,
	0xD43E, 0x0140,
	0xFCFC, 0x4000,
	0x0260, 0x0001,
	0x0262, 0x0000,
	0x0264, 0x0006,
	0x0266, 0x0700,
	0x0112, 0x0A0A,
	0x0270, 0x2B2B,
	0x0272, 0x2B10,
	0x0274, 0x302B,
	0xFCFC, 0x2001,
	0x44C6, 0x0000,
	0xFCFC, 0x4000,
	0x0B02, 0x0102,
	0x0720, 0x0001,
	0x0722, 0x0800,
	0x0724, 0x0000,
	0x0728, 0x0000,
	0x072A, 0x0000,
	0x072C, 0x0000,
	0x072E, 0x0000,
	0xFCFC, 0x2001,
	0x3132, 0x0200,
	0xFCFC, 0x4000,
	0x021E, 0x0000,
	0x0228, 0x0100,
	0xFCFC, 0x2001,
	0x31D0, 0x0000,
	0x5A70, 0x0000,
	0xFCFC, 0x2000,
	0xDC94, 0x0103,
	0xEF80, 0x0000,
	0x23F0, 0x0001,
	0xF288, 0x0000,
	0xFCFC, 0x2001,
	0x2A30, 0x01FF,
	0x4270, 0x0000,
	0x29BA, 0x2000,
	0x29A8, 0x0100,
	0xFCFC, 0x4000,
	0x0B04, 0x0001,
	0x0B06, 0x0101,
	0x0B08, 0x0100,
	0x0B0A, 0x0101,
	0x0B0C, 0x0100,
	0xFCFC, 0x2000,
	0xC4E0, 0x0100,
	0xC4F6, 0x0000,
	0xC4E2, 0x0000,
	0xC53C, 0x0500,
	0xC544, 0x0005,
	0xC53E, 0x0000,
	0xB23C, 0x6060,
	0xB242, 0x6060,
	0xC554, 0x0010,
	0xC556, 0x0000,
	0xFCFC, 0x2001,
	0x2920, 0x0100,
	0x31F8, 0x0000,
	0x31FA, 0x0000,
	0xFCFC, 0x2000,
	0xD856, 0x0507,
	0xD6D4, 0x0000,
	0x799A, 0x0000,
	0xD8A2, 0x0100,
	0xFCFC, 0x4000,
	0x020A, 0x0000,
	0xFCFC, 0x2000,
	0x78C0, 0x0101,
	0x22C2, 0x0600,
	0x22C4, 0xFF1F,
	0x22EC, 0x1F00,
	0x2306, 0xFF3F,
	0x2314, 0xFF00,
	0x2354, 0x0300,
	0xFCFC, 0x4000,
	0x0936, 0x0000,
	0x0C40, 0x0000,
	0xFCFC, 0x2000,
	0x68DE, 0x0000,
	0xFCFC, 0x2001,
	0x2540, 0x0000,
	0x25E0, 0x0000,
	0x25E2, 0x0000,
	0xFCFC, 0x2000,
	0xD718, 0x0002,
	0xBF30, 0x0000,
	0xFCFC, 0x2001,
	0x3C42, 0x0000,
	0x3C46, 0xEB05,
	0x3C52, 0x4006,
	0xFCFC, 0x2000,
	0xD326, 0x0110,
	0xD3EC, 0xB01C,
	0xFCFC, 0x2001,
	0x195E, 0x0100,
	0x1966, 0x0000,
	0xFCFC, 0x4000,
	0x0086, 0x1400,
	0xFCFC, 0x2000,
	0xE980, 0x9E04,
	0xC4D8, 0x2000,
	0x795A, 0x2000,
	0x7970, 0x2000,
	0xFCFC, 0x2002,
	0x849E, 0x0000,
	0x84A0, 0x0000,
	0x84A2, 0x0005,
	0xFCFC, 0x2001,
	0x2BB2, 0x1000,
	0x2D32, 0x0010,
	0xFCFC, 0x2000,
	0x703C, 0x0101,
	0x7046, 0x7F02,
	0x7058, 0x8002,
	0x71D4, 0x3F00,
	0x71D6, 0x3D00,
	0x71D8, 0x84F3,
	0x71DA, 0x0040,
	0x7048, 0x1F02,
	0x705A, 0x2002,
	0x7274, 0x0B00,
	0x7276, 0x0B00,
	0x7278, 0x36D2,
	0x727A, 0x0040,
	0x727C, 0x0000,
	0x727E, 0x0000,
	0x7280, 0x0000,
	0x7282, 0x0000,
	0x703E, 0x0100,
	0x704A, 0x000A,
	0x705C, 0x010A,
	0x7314, 0x2E00,
	0x7316, 0x3000,
	0x7318, 0x9EFD,
	0x731A, 0x0040,
	0xBEDC, 0xC526,
	0xBEDE, 0x903E,
	0xBEE0, 0xC00F,
	0xBEE2, 0x0008,
	0xBEE4, 0x0C00,
	0xBEE6, 0x8000,
	0xFCFC, 0x2001,
	0x2A54, 0x0000,
	0x2A56, 0x0400,
	0x2A42, 0x0100,
	0x2A44, 0x3907,
	0x2A46, 0x0000,
	0xFCFC, 0x2000,
	0xD704, 0x0278,
	0x7A0E, 0x0F00,
	0x7A6E, 0x1900,
	0x7A86, 0x1900,
	0x8C9E, 0x3500,
	0x8CCE, 0x9600,
	0x7A10, 0x0F00,
	0x7A70, 0x1900,
	0x7A88, 0x1900,
	0x8CA0, 0x3500,
	0x8CD0, 0x9600,
	0xB224, 0x0103,
	0xB226, 0x0000,
	0xB220, 0x0103,
	0x7A12, 0x0F00,
	0x7A72, 0x1900,
	0x7A8A, 0x1900,
	0x8CA2, 0x7000,
	0x8CD2, 0xBE00,
	0x7EE6, 0x2C00,
	0x7EF2, 0x2C00,
	0x7EFE, 0x6400,
	0x7F0A, 0x5800,
	0x8D0E, 0x0000,
	0x9032, 0x0000,
	0x903E, 0x0000,
	0x7A14, 0x0F00,
	0x7A74, 0x1900,
	0x7A8C, 0x1900,
	0x8CA4, 0x3500,
	0x7F0E, 0x5800,
	0x8CD6, 0x9600,
	0x7BDA, 0x4C00,
	0xD49C, 0x2100,
	0xD4D0, 0x0A00,
	0xD4A8, 0x0100,
	0xD4D6, 0x1A00,
	0xD4E2, 0x0000,
	0xD4BC, 0x3700,
	0xD4B0, 0x5800,
	0xD4C8, 0x0100,
	0xD624, 0x0000,
	0xD62E, 0x0000,
	0xD638, 0x0000,
	0xD4EA, 0x0100,
	0xD554, 0xC400,
	0xD556, 0xC400,
	0xD560, 0x5203,
	0xD562, 0x5203,
	0xD4DA, 0x0000,
	0xD4E6, 0x0100,
	0xD4C0, 0x1400,
	0xD4B4, 0x0100,
	0xD4CC, 0x0000,
	0xD5BC, 0x0000,
	0xD5BE, 0x0000,
	0xD5C8, 0x0000,
	0xD5CA, 0x0000,
	0xD4D2, 0x0000,
	0xD4DE, 0x0100,
	0xD4B8, 0x1400,
	0xD4AC, 0x0100,
	0xD4C4, 0x0000,
	0xD4EC, 0x0000,
	0xD4EE, 0x0000,
	0xD4F8, 0x0000,
	0xD4FA, 0x0000,
	0xBF78, 0x5333,
	0xD896, 0x0000,
	0xFCFC, 0x2001,
	0x1C24, 0x0002,
	0x1C26, 0x8001,
	0x1C28, 0x8004,
	0x1C2A, 0x2010,
	0x1C2C, 0x2010,
	0x1C2E, 0x0005,
	0x1C30, 0x00A0,
	0x1C32, 0x2810,
	0x1C34, 0x2810,
	0x1C4E, 0x8001,
	0x1C50, 0x8004,
	0x1C52, 0x0010,
	0x1C54, 0x0010,
	0x1C56, 0x0005,
	0x1C58, 0x00A0,
	0x1C5A, 0x2810,
	0x1C5C, 0x2810,
	0x1C5E, 0x0000,
	0x1C60, 0x0000,
	0x1C62, 0x0000,
	0x1C64, 0x0000,
	0x1C66, 0x0000,
	0x1C68, 0x0000,
	0x1C6A, 0x0000,
	0x1C6C, 0x0000,
	0x1C76, 0x8001,
	0x1C78, 0x8004,
	0x1C7A, 0x2010,
	0x1C7C, 0x2010,
	0x1C7E, 0x0005,
	0x1C80, 0x00A0,
	0x1C82, 0x2810,
	0x1C84, 0x2810,
	0x1C86, 0x0000,
	0x1C88, 0x0000,
	0x1C8A, 0x0000,
	0x1C8C, 0x0000,
	0x1C8E, 0x0000,
	0x1C90, 0x0000,
	0x1C92, 0x0000,
	0x1C94, 0x0000,
	0x1C9E, 0x8001,
	0x1CA0, 0x8004,
	0x1CA2, 0x2010,
	0x1CA4, 0x2010,
	0x1CA6, 0x0005,
	0x1CA8, 0x00A0,
	0x1CAA, 0x2810,
	0x1CAC, 0x2810,
	0x1CC6, 0x8001,
	0x1CC8, 0x8004,
	0x1CCA, 0x2010,
	0x1CCC, 0x2010,
	0x1CCE, 0x0005,
	0x1CD0, 0x00A0,
	0x1CD2, 0x2810,
	0x1CD4, 0x2810,
	0x1CEE, 0x8001,
	0x1CF0, 0x8004,
	0x1CF2, 0x0010,
	0x1CF4, 0x0010,
	0x1CF6, 0x0005,
	0x1CF8, 0x00A0,
	0x1CFA, 0x2810,
	0x1CFC, 0x2810,
	0x1CFE, 0x0000,
	0x1D00, 0x0000,
	0x1D02, 0x0000,
	0x1D04, 0x0000,
	0x1D06, 0x0000,
	0x1D08, 0x0000,
	0x1D0A, 0x0000,
	0x1D0C, 0x0000,
	0x1D16, 0x8001,
	0x1D18, 0x8004,
	0x1D1A, 0x2010,
	0x1D1C, 0x2010,
	0x1D1E, 0x0005,
	0x1D20, 0x00A0,
	0x1D22, 0x2810,
	0x1D24, 0x2810,
	0x1D26, 0x0000,
	0x1D28, 0x0000,
	0x1D2A, 0x0000,
	0x1D2C, 0x0000,
	0x1D2E, 0x0000,
	0x1D30, 0x0000,
	0x1D32, 0x0000,
	0x1D34, 0x0000,
	0x1D3E, 0x8001,
	0x1D40, 0x8004,
	0x1D42, 0x2010,
	0x1D44, 0x2010,
	0x1D46, 0x0005,
	0x1D48, 0x00A0,
	0x1D4A, 0x2810,
	0x1D4C, 0x2810,
	0xFCFC, 0x2000,
	0xB21E, 0x0000,
	0xB222, 0xC000,
	0xB20C, 0x2E00,
	0xB21A, 0x0402,
	0xB378, 0x0100,
	0xDD70, 0x0000,
	0xDE38, 0x0000,
	0xFCFC, 0x2002,
	0xA574, 0x0100,
	0xA59C, 0xA2FD,
	0xA59E, 0xFEFE,
	0xA576, 0x4000,
	0xA588, 0x0E00,
	0xA578, 0x8000,
	0xA58A, 0x2000,
	0xA57A, 0xA000,
	0xA58C, 0x2800,
	0xA57C, 0x4001,
	0xA58E, 0x1400,
	0xA57E, 0x8002,
	0xA590, 0x2200,
	0xA580, 0x0005,
	0xA592, 0x2800,
	0xA582, 0x000A,
	0xA594, 0x2C00,
	0xA584, 0xA00F,
	0xA596, 0x2E00,
	0xA586, 0x4011,
	0xA598, 0x3200,
	0xA59A, 0x3500,
	0xA548, 0x0000,
	0xA570, 0x0000,
	0xA54A, 0x0000,
	0xA54C, 0x0000,
	0xA54E, 0x0000,
	0xA550, 0x0000,
	0xA552, 0x0000,
	0xA554, 0x0000,
	0xA556, 0x0000,
	0xA55C, 0x0000,
	0xA55E, 0x0000,
	0xA560, 0x0000,
	0xA562, 0x0000,
	0xA564, 0x0000,
	0xA566, 0x0000,
	0xA568, 0x0000,
	0xA56A, 0x0000,
	0xFCFC, 0x2001,
	0x1D96, 0x0000,
	0x1D98, 0x0000,
	0x1DA6, 0x0000,
	0x1DA8, 0x0000,
	0x1D72, 0x0000,
	0x1D74, 0x0000,
	0x1D82, 0x0000,
	0x1D84, 0x0000,
	0x1D92, 0x0000,
	0x1D94, 0x0000,
	0x1DA2, 0x0000,
	0x1DA4, 0x0000,
	0x1D76, 0x0000,
	0x1D78, 0x0000,
	0x1D86, 0x0000,
	0x1D88, 0x0000,
	0x1E16, 0x1400,
	0x1E18, 0x1400,
	0x1E26, 0x1400,
	0x1E28, 0x1400,
	0x1DF2, 0x1400,
	0x1DF4, 0x1400,
	0x1E02, 0x1400,
	0x1E04, 0x1400,
	0x1E12, 0x1400,
	0x1E14, 0x1400,
	0x1E22, 0x1400,
	0x1E24, 0x1400,
	0x1DF6, 0x1400,
	0x1DF8, 0x1400,
	0x1E06, 0x1400,
	0x1E08, 0x1400,
	0xFCFC, 0x2000,
	0x82BA, 0x3300,
	0x82A2, 0x1400,
	0xFCFC, 0x2001,
	0x427C, 0x2000,
	0x4280, 0x1000,
	0x4362, 0x0100,
	0x43AA, 0x0000,
	0x43AC, 0x0000,
	0x43C6, 0x0114,
	0x43B4, 0x0000,
	0x43B6, 0x0000,
	0x4396, 0x0B00,
	0x4398, 0x0B00,
	0x437E, 0xE400,
	0xFCFC, 0x2000,
	0xB322, 0x0101,
	0xB324, 0x0100,
	0xB330, 0x2828,
	0xB34A, 0x2828,
	0xB360, 0x2828,
	0xFCFC, 0x2001,
	0x4292, 0x0000,
	0x4364, 0x0000,
	0x4366, 0x0000,
	0x4370, 0x0000,
	0x4290, 0x0100,
	0xFCFC, 0x2002,
	0x84C4, 0x0100,
	0x84A4, 0x0000,
	0xFCFC, 0x2000,
	0xD684, 0x80F3,
	0xB268, 0x80F3,
	0xF09A, 0x00FF,
	0xF2E0, 0x0000,
	0xF372, 0x0000,
	0xF0AA, 0xFFFF,
	0xF0AC, 0xFFFF,
	0xF2EA, 0x4000,
	0xDADA, 0x0001,
	0xDB3C, 0xD2FD,
	0xDADC, 0x0000,
	0xDB0C, 0x1F1F,
	0xDB3E, 0x12D2,
	0xDADE, 0x0000,
	0xDB0E, 0x0080,
	0xDB40, 0x12D2,
	0xDAE0, 0xA000,
	0xDB10, 0x0040,
	0xDB42, 0x12D2,
	0xDAE2, 0x0001,
	0xDB12, 0x0020,
	0xDB44, 0x12D2,
	0xDAE4, 0x0005,
	0xDB14, 0x0040,
	0xDB46, 0x12D2,
	0xDAE6, 0x4011,
	0xDB16, 0x0060,
	0xDBCC, 0x0000,
	0xDB6C, 0x0000,
	0xDB9C, 0x0000,
	0xDBCE, 0x0000,
	0xDB6E, 0x0000,
	0xDB9E, 0x0000,
	0xDBD0, 0x0000,
	0xDB70, 0x0000,
	0xDBA0, 0x0000,
	0xDBD2, 0x0000,
	0xDB72, 0x0000,
	0xDBA2, 0x0000,
	0xDBD4, 0x0000,
	0xDB74, 0x0000,
	0xDBA4, 0x0000,
	0xDBD6, 0x0000,
	0xDB76, 0x0000,
	0xDBA6, 0x0000,
	0xF370, 0x0203,
	0xF3E4, 0x0301,
	0xF3F4, 0xC800,
	0xF3F6, 0xD610,
	0xF014, 0x0700,
	0xB270, 0x8708,
	0xB266, 0xC004,
	0xD682, 0xC004,
	0xBF16, 0x0BAA,
	0xDC8C, 0x3F0B,
	0xFCFC, 0x4000,
	0x0808, 0x0201,
	0x0E00, 0x0003,
};

/* Complete	4
	mode 3 high speed video
	250307		
	09_OceanChangjiang_JN5_Fdsum_4096x2304_60fps_3056Msps		
	Mode :	09_OceanChangjiang_JN5_Fdsum	
	Purpose :	Porting	
	PHY	DPHY	
	QPDC	QPDC_Off	
	DBPC	DBPC_Off	
	Qmosaic	QMSC_Off	
	Tail :	On (L/R only)	4096x576
	24	MHz	
	920	MHz	
	3056	Mbps/lane	
	4	lane	
	8224	px	
	4640	px	
	4096	px	
	2304	px	
	60.02	fps	
	Raw10		
	4784	px	
	688	px	
	3204	line	
	900	line	
	4.68	ms	
	Gr	First	
*/
static u16 cjfront_hs_video_setting[] = {
	0xFCFC, 0x4000,
	0x0B30, 0x01FF,
	0x6170, 0xFFFF,
	0x6180, 0x0000,
	0x6190, 0x0000,
	0x6200, 0xFFFF,
	0x6202, 0xFFFF,
	0x6204, 0x0000,
	0x6206, 0x0000,
	0x6208, 0x0000,
	0xA100, 0xFFFF,
	0xA102, 0x0000,
	0xA104, 0x0000,
	0xFCFC, 0x4001,
	0x0100, 0xFFFF,
	0x0102, 0xFFFF,
	0x0104, 0x0000,
	0x0106, 0x0000,
	0x0108, 0x0000,
	0xFCFC, 0x4000,
	0x8100, 0xFFFF,
	0x8104, 0x0000,
	0x8108, 0x0000,
	0xFCFC, 0x2000,
	0x7806, 0x0001,
	0x7808, 0x2408,
	0xFCFC, 0x4000,
	0x0344, 0x0000,
	0x0348, 0x201F,
	0x0346, 0x0300,
	0x034A, 0x151F,
	0x034C, 0x1000,
	0x034E, 0x0900,
	0x0350, 0x0008,
	0x0352, 0x0008,
	0x0340, 0x0C84,
	0x0342, 0x12B0,
	0x0136, 0x1800,
	0x013E, 0x0000,
	0x0304, 0x0003,
	0x0306, 0x00E6,
	0x030C, 0x0000,
	0x030E, 0x0003,
	0x0310, 0x00BF,
	0x0312, 0x0000,
	0x031A, 0x0003,
	0x031C, 0x0028,
	0x031E, 0x0002,
	0x0202, 0x0014,
	0x0226, 0x0014,
	0x022C, 0x0014,
	0x0702, 0x0000,
	0x0704, 0x0000,
	0x0114, 0x0301,
	0x0118, 0x0004,
	0x011A, 0x0001,
	0x011C, 0x0100,
	0xFCFC, 0x2000,
	0xB176, 0x0602,
	0xB178, 0x0000,
	0x7996, 0x0101,
	0x7994, 0x2020,
	0xFCFC, 0x4000,
	0x0900, 0x2222,
	0x0380, 0x0002,
	0x0382, 0x0002,
	0x0384, 0x0002,
	0x0386, 0x0002,
	0x040C, 0x0000,
	0x0400, 0x1010,
	0x0408, 0x0100,
	0x040A, 0x0100,
	0xFCFC, 0x2000,
	0xD1F6, 0x3A00,
	0xD20C, 0x0908,
	0xD314, 0x2002,
	0xD27A, 0x0500,
	0xD3F0, 0xB01C,
	0xD410, 0x4802,
	0xD426, 0xD204,
	0xD43C, 0x0140,
	0xD412, 0xD204,
	0xD428, 0xEA0A,
	0xD43E, 0x0140,
	0xFCFC, 0x4000,
	0x0260, 0x0001,
	0x0262, 0x0000,
	0x0264, 0x0006,
	0x0266, 0x0700,
	0x0112, 0x0A0A,
	0x0270, 0x2B2B,
	0x0272, 0x2B10,
	0x0274, 0x302B,
	0xFCFC, 0x2001,
	0x44C6, 0x0000,
	0xFCFC, 0x4000,
	0x0B02, 0x0102,
	0x0720, 0x0001,
	0x0722, 0x0800,
	0x0724, 0x0000,
	0x0728, 0x0000,
	0x072A, 0x0000,
	0x072C, 0x0000,
	0x072E, 0x0000,
	0xFCFC, 0x2001,
	0x3132, 0x0200,
	0xFCFC, 0x4000,
	0x021E, 0x0000,
	0x0228, 0x0100,
	0xFCFC, 0x2001,
	0x31D0, 0x0000,
	0x5A70, 0x0000,
	0xFCFC, 0x2000,
	0xDC94, 0x0103,
	0xEF80, 0x0000,
	0x23F0, 0x0001,
	0xF288, 0x0000,
	0xFCFC, 0x2001,
	0x2A30, 0x01FF,
	0x4270, 0x0000,
	0x29BA, 0x2000,
	0x29A8, 0x0100,
	0xFCFC, 0x4000,
	0x0B04, 0x0001,
	0x0B06, 0x0101,
	0x0B08, 0x0100,
	0x0B0A, 0x0101,
	0x0B0C, 0x0100,
	0xFCFC, 0x2000,
	0xC4E0, 0x0100,
	0xC4F6, 0x0000,
	0xC4E2, 0x0000,
	0xC53C, 0x0500,
	0xC544, 0x0005,
	0xC53E, 0x0000,
	0xB23C, 0x6060,
	0xB242, 0x6060,
	0xC554, 0x0010,
	0xC556, 0x0000,
	0xFCFC, 0x2001,
	0x2920, 0x0100,
	0x31F8, 0x0000,
	0x31FA, 0x0000,
	0xFCFC, 0x2000,
	0xD856, 0x0507,
	0xD6D4, 0x0000,
	0x799A, 0x0000,
	0xD8A2, 0x0100,
	0xFCFC, 0x4000,
	0x020A, 0x0000,
	0xFCFC, 0x2000,
	0x78C0, 0x0101,
	0x22C2, 0x0600,
	0x22C4, 0xFF1F,
	0x22EC, 0x1F00,
	0x2306, 0xFF3F,
	0x2314, 0xFF00,
	0x2354, 0x0300,
	0xFCFC, 0x4000,
	0x0936, 0x0000,
	0x0C40, 0x0000,
	0xFCFC, 0x2000,
	0x68DE, 0x0000,
	0xFCFC, 0x2001,
	0x2540, 0x0000,
	0x25E0, 0x0000,
	0x25E2, 0x0000,
	0xFCFC, 0x2000,
	0xD718, 0x0002,
	0xBF30, 0x0000,
	0xFCFC, 0x2001,
	0x3C42, 0x0000,
	0x3C46, 0xEB05,
	0x3C52, 0x4006,
	0xFCFC, 0x2000,
	0xD326, 0x0110,
	0xD3EC, 0xB01C,
	0xFCFC, 0x2001,
	0x195E, 0x0100,
	0x1966, 0x0000,
	0xFCFC, 0x4000,
	0x0086, 0x1400,
	0xFCFC, 0x2000,
	0xE980, 0x9E04,
	0xC4D8, 0x2000,
	0x795A, 0x2000,
	0x7970, 0x2000,
	0xFCFC, 0x2002,
	0x849E, 0x0000,
	0x84A0, 0x0000,
	0x84A2, 0x0005,
	0xFCFC, 0x2001,
	0x2BB2, 0x1000,
	0x2D32, 0x0010,
	0xFCFC, 0x2000,
	0x703C, 0x0101,
	0x7046, 0x7F02,
	0x7058, 0x8002,
	0x71D4, 0x3F00,
	0x71D6, 0x3D00,
	0x71D8, 0x84F3,
	0x71DA, 0x0040,
	0x7048, 0x1F02,
	0x705A, 0x2002,
	0x7274, 0x0B00,
	0x7276, 0x0B00,
	0x7278, 0x36D2,
	0x727A, 0x0040,
	0x727C, 0x0000,
	0x727E, 0x0000,
	0x7280, 0x0000,
	0x7282, 0x0000,
	0x703E, 0x0100,
	0x704A, 0x000A,
	0x705C, 0x010A,
	0x7314, 0x2E00,
	0x7316, 0x3000,
	0x7318, 0x9EFD,
	0x731A, 0x0040,
	0xBEDC, 0xC526,
	0xBEDE, 0x903E,
	0xBEE0, 0xC00F,
	0xBEE2, 0x0008,
	0xBEE4, 0x0C00,
	0xBEE6, 0x8000,
	0xFCFC, 0x2001,
	0x2A54, 0x0000,
	0x2A56, 0x0400,
	0x2A42, 0x0100,
	0x2A44, 0x3907,
	0x2A46, 0x0000,
	0xFCFC, 0x2000,
	0xD704, 0x0278,
	0x7A0E, 0x0F00,
	0x7A6E, 0x1900,
	0x7A86, 0x1900,
	0x8C9E, 0x3500,
	0x8CCE, 0x9600,
	0x7A10, 0x0F00,
	0x7A70, 0x1900,
	0x7A88, 0x1900,
	0x8CA0, 0x3500,
	0x8CD0, 0x9600,
	0xB224, 0x0103,
	0xB226, 0x0000,
	0xB220, 0x0103,
	0x7A12, 0x0F00,
	0x7A72, 0x1900,
	0x7A8A, 0x1900,
	0x8CA2, 0x7000,
	0x8CD2, 0xBE00,
	0x7EE6, 0x2C00,
	0x7EF2, 0x2C00,
	0x7EFE, 0x6400,
	0x7F0A, 0x5800,
	0x8D0E, 0x0000,
	0x9032, 0x0000,
	0x903E, 0x0000,
	0x7A14, 0x0F00,
	0x7A74, 0x1900,
	0x7A8C, 0x1900,
	0x8CA4, 0x3500,
	0x7F0E, 0x5800,
	0x8CD6, 0x9600,
	0x7BDA, 0x4C00,
	0xD49C, 0x2200,
	0xD4D0, 0x0A00,
	0xD4A8, 0x0000,
	0xD4D6, 0x1A00,
	0xD4E2, 0x3600,
	0xD4BC, 0x6200,
	0xD4B0, 0x5800,
	0xD4C8, 0x0100,
	0xD624, 0x0000,
	0xD62E, 0x0000,
	0xD638, 0x0000,
	0xD4EA, 0x0100,
	0xD554, 0xC400,
	0xD556, 0xFA00,
	0xD560, 0x5203,
	0xD562, 0x8803,
	0xD4DA, 0x0000,
	0xD4E6, 0x0100,
	0xD4C0, 0x1400,
	0xD4B4, 0x0100,
	0xD4CC, 0x0000,
	0xD5BC, 0x0000,
	0xD5BE, 0x0000,
	0xD5C8, 0x0000,
	0xD5CA, 0x0000,
	0xD4D2, 0x0000,
	0xD4DE, 0x0100,
	0xD4B8, 0x1400,
	0xD4AC, 0x0100,
	0xD4C4, 0x0000,
	0xD4EC, 0x0000,
	0xD4EE, 0x0000,
	0xD4F8, 0x0000,
	0xD4FA, 0x0000,
	0xBF78, 0x5333,
	0xD896, 0x0000,
	0xFCFC, 0x2001,
	0x1C24, 0x0002,
	0x1C26, 0x8001,
	0x1C28, 0x8004,
	0x1C2A, 0x2010,
	0x1C2C, 0x2010,
	0x1C2E, 0x0005,
	0x1C30, 0x00A0,
	0x1C32, 0x2810,
	0x1C34, 0x2810,
	0x1C4E, 0x8001,
	0x1C50, 0x8004,
	0x1C52, 0x0010,
	0x1C54, 0x0010,
	0x1C56, 0x0005,
	0x1C58, 0x00A0,
	0x1C5A, 0x2810,
	0x1C5C, 0x2810,
	0x1C5E, 0x0000,
	0x1C60, 0x0000,
	0x1C62, 0x0000,
	0x1C64, 0x0000,
	0x1C66, 0x0000,
	0x1C68, 0x0000,
	0x1C6A, 0x0000,
	0x1C6C, 0x0000,
	0x1C76, 0x8001,
	0x1C78, 0x8004,
	0x1C7A, 0x2010,
	0x1C7C, 0x2010,
	0x1C7E, 0x0005,
	0x1C80, 0x00A0,
	0x1C82, 0x2810,
	0x1C84, 0x2810,
	0x1C86, 0x0000,
	0x1C88, 0x0000,
	0x1C8A, 0x0000,
	0x1C8C, 0x0000,
	0x1C8E, 0x0000,
	0x1C90, 0x0000,
	0x1C92, 0x0000,
	0x1C94, 0x0000,
	0x1C9E, 0x8001,
	0x1CA0, 0x8004,
	0x1CA2, 0x2010,
	0x1CA4, 0x2010,
	0x1CA6, 0x0005,
	0x1CA8, 0x00A0,
	0x1CAA, 0x2810,
	0x1CAC, 0x2810,
	0x1CC6, 0x8001,
	0x1CC8, 0x8004,
	0x1CCA, 0x2010,
	0x1CCC, 0x2010,
	0x1CCE, 0x0005,
	0x1CD0, 0x00A0,
	0x1CD2, 0x2810,
	0x1CD4, 0x2810,
	0x1CEE, 0x8001,
	0x1CF0, 0x8004,
	0x1CF2, 0x0010,
	0x1CF4, 0x0010,
	0x1CF6, 0x0005,
	0x1CF8, 0x00A0,
	0x1CFA, 0x2810,
	0x1CFC, 0x2810,
	0x1CFE, 0x0000,
	0x1D00, 0x0000,
	0x1D02, 0x0000,
	0x1D04, 0x0000,
	0x1D06, 0x0000,
	0x1D08, 0x0000,
	0x1D0A, 0x0000,
	0x1D0C, 0x0000,
	0x1D16, 0x8001,
	0x1D18, 0x8004,
	0x1D1A, 0x2010,
	0x1D1C, 0x2010,
	0x1D1E, 0x0005,
	0x1D20, 0x00A0,
	0x1D22, 0x2810,
	0x1D24, 0x2810,
	0x1D26, 0x0000,
	0x1D28, 0x0000,
	0x1D2A, 0x0000,
	0x1D2C, 0x0000,
	0x1D2E, 0x0000,
	0x1D30, 0x0000,
	0x1D32, 0x0000,
	0x1D34, 0x0000,
	0x1D3E, 0x8001,
	0x1D40, 0x8004,
	0x1D42, 0x2010,
	0x1D44, 0x2010,
	0x1D46, 0x0005,
	0x1D48, 0x00A0,
	0x1D4A, 0x2810,
	0x1D4C, 0x2810,
	0xFCFC, 0x2000,
	0xB21E, 0x0000,
	0xB222, 0xC000,
	0xB20C, 0x2E00,
	0xB21A, 0x0402,
	0xB378, 0x0100,
	0xDD70, 0x0000,
	0xDE38, 0x0000,
	0xFCFC, 0x2002,
	0xA574, 0x0100,
	0xA59C, 0xA2FD,
	0xA59E, 0xFEFE,
	0xA576, 0x4000,
	0xA588, 0x0E00,
	0xA578, 0x8000,
	0xA58A, 0x2000,
	0xA57A, 0xA000,
	0xA58C, 0x2800,
	0xA57C, 0x4001,
	0xA58E, 0x1400,
	0xA57E, 0x8002,
	0xA590, 0x2200,
	0xA580, 0x0005,
	0xA592, 0x2800,
	0xA582, 0x000A,
	0xA594, 0x2C00,
	0xA584, 0xA00F,
	0xA596, 0x2E00,
	0xA586, 0x4011,
	0xA598, 0x3200,
	0xA59A, 0x3500,
	0xA548, 0x0000,
	0xA570, 0x0000,
	0xA54A, 0x0000,
	0xA54C, 0x0000,
	0xA54E, 0x0000,
	0xA550, 0x0000,
	0xA552, 0x0000,
	0xA554, 0x0000,
	0xA556, 0x0000,
	0xA55C, 0x0000,
	0xA55E, 0x0000,
	0xA560, 0x0000,
	0xA562, 0x0000,
	0xA564, 0x0000,
	0xA566, 0x0000,
	0xA568, 0x0000,
	0xA56A, 0x0000,
	0xFCFC, 0x2001,
	0x1D96, 0x0000,
	0x1D98, 0x0000,
	0x1DA6, 0x0000,
	0x1DA8, 0x0000,
	0x1D72, 0x0000,
	0x1D74, 0x0000,
	0x1D82, 0x0000,
	0x1D84, 0x0000,
	0x1D92, 0x0000,
	0x1D94, 0x0000,
	0x1DA2, 0x0000,
	0x1DA4, 0x0000,
	0x1D76, 0x0000,
	0x1D78, 0x0000,
	0x1D86, 0x0000,
	0x1D88, 0x0000,
	0x1E16, 0x1400,
	0x1E18, 0x1400,
	0x1E26, 0x1400,
	0x1E28, 0x1400,
	0x1DF2, 0x1400,
	0x1DF4, 0x1400,
	0x1E02, 0x1400,
	0x1E04, 0x1400,
	0x1E12, 0x1400,
	0x1E14, 0x1400,
	0x1E22, 0x1400,
	0x1E24, 0x1400,
	0x1DF6, 0x1400,
	0x1DF8, 0x1400,
	0x1E06, 0x1400,
	0x1E08, 0x1400,
	0xFCFC, 0x2000,
	0x82BA, 0x3300,
	0x82A2, 0x1400,
	0xFCFC, 0x2001,
	0x427C, 0x2000,
	0x4280, 0x1000,
	0x4362, 0x0100,
	0x43AA, 0x0000,
	0x43AC, 0x0000,
	0x43C6, 0x0114,
	0x43B4, 0x0000,
	0x43B6, 0x0000,
	0x4396, 0x0B00,
	0x4398, 0x0B00,
	0x437E, 0xE400,
	0xFCFC, 0x2000,
	0xB322, 0x0101,
	0xB324, 0x0100,
	0xB330, 0x2828,
	0xB34A, 0x2828,
	0xB360, 0x2828,
	0xFCFC, 0x2001,
	0x4292, 0x0000,
	0x4364, 0x0000,
	0x4366, 0x0000,
	0x4370, 0x0000,
	0x4290, 0x0100,
	0xFCFC, 0x2002,
	0x84C4, 0x0100,
	0x84A4, 0x0000,
	0xFCFC, 0x2000,
	0xD684, 0x80F3,
	0xB268, 0x80F3,
	0xF09A, 0x00FF,
	0xF2E0, 0x0000,
	0xF372, 0x0000,
	0xF0AA, 0xFFFF,
	0xF0AC, 0xFFFF,
	0xF2EA, 0x4000,
	0xDADA, 0x0001,
	0xDB3C, 0xD2FD,
	0xDADC, 0x0000,
	0xDB0C, 0x1F1F,
	0xDB3E, 0x12D2,
	0xDADE, 0x0000,
	0xDB0E, 0x0080,
	0xDB40, 0x12D2,
	0xDAE0, 0xA000,
	0xDB10, 0x0040,
	0xDB42, 0x12D2,
	0xDAE2, 0x0001,
	0xDB12, 0x0020,
	0xDB44, 0x12D2,
	0xDAE4, 0x0005,
	0xDB14, 0x0040,
	0xDB46, 0x12D2,
	0xDAE6, 0x4011,
	0xDB16, 0x0060,
	0xDBCC, 0x0000,
	0xDB6C, 0x0000,
	0xDB9C, 0x0000,
	0xDBCE, 0x0000,
	0xDB6E, 0x0000,
	0xDB9E, 0x0000,
	0xDBD0, 0x0000,
	0xDB70, 0x0000,
	0xDBA0, 0x0000,
	0xDBD2, 0x0000,
	0xDB72, 0x0000,
	0xDBA2, 0x0000,
	0xDBD4, 0x0000,
	0xDB74, 0x0000,
	0xDBA4, 0x0000,
	0xDBD6, 0x0000,
	0xDB76, 0x0000,
	0xDBA6, 0x0000,
	0xF370, 0x0203,
	0xF3E4, 0x0301,
	0xF3F4, 0xC800,
	0xF3F6, 0xD610,
	0xF014, 0x0700,
	0xB270, 0x8708,
	0xB266, 0xC004,
	0xD682, 0xC004,
	0xBF16, 0x0BAA,
	0xDC8C, 0x3F0B,
	0xFCFC, 0x4000,
	0x0808, 0x0201,
	0x0E00, 0x0003,
};

/* Complete	4
	mode 4 high speed video
	250307		
	09_OceanChangjiang_JN5_Fdsum_4096x2304_60fps_3056Msps		
	Mode :	09_OceanChangjiang_JN5_Fdsum	
	Purpose :	Porting	
	PHY	DPHY	
	QPDC	QPDC_Off	
	DBPC	DBPC_Off	
	Qmosaic	QMSC_Off	
	Tail :	On (L/R only)	4096x576
	24	MHz	
	920	MHz	
	3056	Mbps/lane	
	4	lane	
	8224	px	
	4640	px	
	4096	px	
	2304	px	
	60.02	fps	
	Raw10		
	4784	px	
	688	px	
	3204	line	
	900	line	
	4.68	ms	
	Gr	First	
*/
static u16 cjfront_slim_video_setting[] = {
	0xFCFC, 0x4000,
	0x0B30, 0x01FF,
	0x6170, 0xFFFF,
	0x6180, 0x0000,
	0x6190, 0x0000,
	0x6200, 0xFFFF,
	0x6202, 0xFFFF,
	0x6204, 0x0000,
	0x6206, 0x0000,
	0x6208, 0x0000,
	0xA100, 0xFFFF,
	0xA102, 0x0000,
	0xA104, 0x0000,
	0xFCFC, 0x4001,
	0x0100, 0xFFFF,
	0x0102, 0xFFFF,
	0x0104, 0x0000,
	0x0106, 0x0000,
	0x0108, 0x0000,
	0xFCFC, 0x4000,
	0x8100, 0xFFFF,
	0x8104, 0x0000,
	0x8108, 0x0000,
	0xFCFC, 0x2000,
	0x7806, 0x0001,
	0x7808, 0x2408,
	0xFCFC, 0x4000,
	0x0344, 0x0000,
	0x0348, 0x201F,
	0x0346, 0x0300,
	0x034A, 0x151F,
	0x034C, 0x1000,
	0x034E, 0x0900,
	0x0350, 0x0008,
	0x0352, 0x0008,
	0x0340, 0x0C84,
	0x0342, 0x12B0,
	0x0136, 0x1800,
	0x013E, 0x0000,
	0x0304, 0x0003,
	0x0306, 0x00E6,
	0x030C, 0x0000,
	0x030E, 0x0003,
	0x0310, 0x00BF,
	0x0312, 0x0000,
	0x031A, 0x0003,
	0x031C, 0x0028,
	0x031E, 0x0002,
	0x0202, 0x0014,
	0x0226, 0x0014,
	0x022C, 0x0014,
	0x0702, 0x0000,
	0x0704, 0x0000,
	0x0114, 0x0301,
	0x0118, 0x0004,
	0x011A, 0x0001,
	0x011C, 0x0100,
	0xFCFC, 0x2000,
	0xB176, 0x0602,
	0xB178, 0x0000,
	0x7996, 0x0101,
	0x7994, 0x2020,
	0xFCFC, 0x4000,
	0x0900, 0x2222,
	0x0380, 0x0002,
	0x0382, 0x0002,
	0x0384, 0x0002,
	0x0386, 0x0002,
	0x040C, 0x0000,
	0x0400, 0x1010,
	0x0408, 0x0100,
	0x040A, 0x0100,
	0xFCFC, 0x2000,
	0xD1F6, 0x3A00,
	0xD20C, 0x0908,
	0xD314, 0x2002,
	0xD27A, 0x0500,
	0xD3F0, 0xB01C,
	0xD410, 0x4802,
	0xD426, 0xD204,
	0xD43C, 0x0140,
	0xD412, 0xD204,
	0xD428, 0xEA0A,
	0xD43E, 0x0140,
	0xFCFC, 0x4000,
	0x0260, 0x0001,
	0x0262, 0x0000,
	0x0264, 0x0006,
	0x0266, 0x0700,
	0x0112, 0x0A0A,
	0x0270, 0x2B2B,
	0x0272, 0x2B10,
	0x0274, 0x302B,
	0xFCFC, 0x2001,
	0x44C6, 0x0000,
	0xFCFC, 0x4000,
	0x0B02, 0x0102,
	0x0720, 0x0001,
	0x0722, 0x0800,
	0x0724, 0x0000,
	0x0728, 0x0000,
	0x072A, 0x0000,
	0x072C, 0x0000,
	0x072E, 0x0000,
	0xFCFC, 0x2001,
	0x3132, 0x0200,
	0xFCFC, 0x4000,
	0x021E, 0x0000,
	0x0228, 0x0100,
	0xFCFC, 0x2001,
	0x31D0, 0x0000,
	0x5A70, 0x0000,
	0xFCFC, 0x2000,
	0xDC94, 0x0103,
	0xEF80, 0x0000,
	0x23F0, 0x0001,
	0xF288, 0x0000,
	0xFCFC, 0x2001,
	0x2A30, 0x01FF,
	0x4270, 0x0000,
	0x29BA, 0x2000,
	0x29A8, 0x0100,
	0xFCFC, 0x4000,
	0x0B04, 0x0001,
	0x0B06, 0x0101,
	0x0B08, 0x0100,
	0x0B0A, 0x0101,
	0x0B0C, 0x0100,
	0xFCFC, 0x2000,
	0xC4E0, 0x0100,
	0xC4F6, 0x0000,
	0xC4E2, 0x0000,
	0xC53C, 0x0500,
	0xC544, 0x0005,
	0xC53E, 0x0000,
	0xB23C, 0x6060,
	0xB242, 0x6060,
	0xC554, 0x0010,
	0xC556, 0x0000,
	0xFCFC, 0x2001,
	0x2920, 0x0100,
	0x31F8, 0x0000,
	0x31FA, 0x0000,
	0xFCFC, 0x2000,
	0xD856, 0x0507,
	0xD6D4, 0x0000,
	0x799A, 0x0000,
	0xD8A2, 0x0100,
	0xFCFC, 0x4000,
	0x020A, 0x0000,
	0xFCFC, 0x2000,
	0x78C0, 0x0101,
	0x22C2, 0x0600,
	0x22C4, 0xFF1F,
	0x22EC, 0x1F00,
	0x2306, 0xFF3F,
	0x2314, 0xFF00,
	0x2354, 0x0300,
	0xFCFC, 0x4000,
	0x0936, 0x0000,
	0x0C40, 0x0000,
	0xFCFC, 0x2000,
	0x68DE, 0x0000,
	0xFCFC, 0x2001,
	0x2540, 0x0000,
	0x25E0, 0x0000,
	0x25E2, 0x0000,
	0xFCFC, 0x2000,
	0xD718, 0x0002,
	0xBF30, 0x0000,
	0xFCFC, 0x2001,
	0x3C42, 0x0000,
	0x3C46, 0xEB05,
	0x3C52, 0x4006,
	0xFCFC, 0x2000,
	0xD326, 0x0110,
	0xD3EC, 0xB01C,
	0xFCFC, 0x2001,
	0x195E, 0x0100,
	0x1966, 0x0000,
	0xFCFC, 0x4000,
	0x0086, 0x1400,
	0xFCFC, 0x2000,
	0xE980, 0x9E04,
	0xC4D8, 0x2000,
	0x795A, 0x2000,
	0x7970, 0x2000,
	0xFCFC, 0x2002,
	0x849E, 0x0000,
	0x84A0, 0x0000,
	0x84A2, 0x0005,
	0xFCFC, 0x2001,
	0x2BB2, 0x1000,
	0x2D32, 0x0010,
	0xFCFC, 0x2000,
	0x703C, 0x0101,
	0x7046, 0x7F02,
	0x7058, 0x8002,
	0x71D4, 0x3F00,
	0x71D6, 0x3D00,
	0x71D8, 0x84F3,
	0x71DA, 0x0040,
	0x7048, 0x1F02,
	0x705A, 0x2002,
	0x7274, 0x0B00,
	0x7276, 0x0B00,
	0x7278, 0x36D2,
	0x727A, 0x0040,
	0x727C, 0x0000,
	0x727E, 0x0000,
	0x7280, 0x0000,
	0x7282, 0x0000,
	0x703E, 0x0100,
	0x704A, 0x000A,
	0x705C, 0x010A,
	0x7314, 0x2E00,
	0x7316, 0x3000,
	0x7318, 0x9EFD,
	0x731A, 0x0040,
	0xBEDC, 0xC526,
	0xBEDE, 0x903E,
	0xBEE0, 0xC00F,
	0xBEE2, 0x0008,
	0xBEE4, 0x0C00,
	0xBEE6, 0x8000,
	0xFCFC, 0x2001,
	0x2A54, 0x0000,
	0x2A56, 0x0400,
	0x2A42, 0x0100,
	0x2A44, 0x3907,
	0x2A46, 0x0000,
	0xFCFC, 0x2000,
	0xD704, 0x0278,
	0x7A0E, 0x0F00,
	0x7A6E, 0x1900,
	0x7A86, 0x1900,
	0x8C9E, 0x3500,
	0x8CCE, 0x9600,
	0x7A10, 0x0F00,
	0x7A70, 0x1900,
	0x7A88, 0x1900,
	0x8CA0, 0x3500,
	0x8CD0, 0x9600,
	0xB224, 0x0103,
	0xB226, 0x0000,
	0xB220, 0x0103,
	0x7A12, 0x0F00,
	0x7A72, 0x1900,
	0x7A8A, 0x1900,
	0x8CA2, 0x7000,
	0x8CD2, 0xBE00,
	0x7EE6, 0x2C00,
	0x7EF2, 0x2C00,
	0x7EFE, 0x6400,
	0x7F0A, 0x5800,
	0x8D0E, 0x0000,
	0x9032, 0x0000,
	0x903E, 0x0000,
	0x7A14, 0x0F00,
	0x7A74, 0x1900,
	0x7A8C, 0x1900,
	0x8CA4, 0x3500,
	0x7F0E, 0x5800,
	0x8CD6, 0x9600,
	0x7BDA, 0x4C00,
	0xD49C, 0x2200,
	0xD4D0, 0x0A00,
	0xD4A8, 0x0000,
	0xD4D6, 0x1A00,
	0xD4E2, 0x3600,
	0xD4BC, 0x6200,
	0xD4B0, 0x5800,
	0xD4C8, 0x0100,
	0xD624, 0x0000,
	0xD62E, 0x0000,
	0xD638, 0x0000,
	0xD4EA, 0x0100,
	0xD554, 0xC400,
	0xD556, 0xFA00,
	0xD560, 0x5203,
	0xD562, 0x8803,
	0xD4DA, 0x0000,
	0xD4E6, 0x0100,
	0xD4C0, 0x1400,
	0xD4B4, 0x0100,
	0xD4CC, 0x0000,
	0xD5BC, 0x0000,
	0xD5BE, 0x0000,
	0xD5C8, 0x0000,
	0xD5CA, 0x0000,
	0xD4D2, 0x0000,
	0xD4DE, 0x0100,
	0xD4B8, 0x1400,
	0xD4AC, 0x0100,
	0xD4C4, 0x0000,
	0xD4EC, 0x0000,
	0xD4EE, 0x0000,
	0xD4F8, 0x0000,
	0xD4FA, 0x0000,
	0xBF78, 0x5333,
	0xD896, 0x0000,
	0xFCFC, 0x2001,
	0x1C24, 0x0002,
	0x1C26, 0x8001,
	0x1C28, 0x8004,
	0x1C2A, 0x2010,
	0x1C2C, 0x2010,
	0x1C2E, 0x0005,
	0x1C30, 0x00A0,
	0x1C32, 0x2810,
	0x1C34, 0x2810,
	0x1C4E, 0x8001,
	0x1C50, 0x8004,
	0x1C52, 0x0010,
	0x1C54, 0x0010,
	0x1C56, 0x0005,
	0x1C58, 0x00A0,
	0x1C5A, 0x2810,
	0x1C5C, 0x2810,
	0x1C5E, 0x0000,
	0x1C60, 0x0000,
	0x1C62, 0x0000,
	0x1C64, 0x0000,
	0x1C66, 0x0000,
	0x1C68, 0x0000,
	0x1C6A, 0x0000,
	0x1C6C, 0x0000,
	0x1C76, 0x8001,
	0x1C78, 0x8004,
	0x1C7A, 0x2010,
	0x1C7C, 0x2010,
	0x1C7E, 0x0005,
	0x1C80, 0x00A0,
	0x1C82, 0x2810,
	0x1C84, 0x2810,
	0x1C86, 0x0000,
	0x1C88, 0x0000,
	0x1C8A, 0x0000,
	0x1C8C, 0x0000,
	0x1C8E, 0x0000,
	0x1C90, 0x0000,
	0x1C92, 0x0000,
	0x1C94, 0x0000,
	0x1C9E, 0x8001,
	0x1CA0, 0x8004,
	0x1CA2, 0x2010,
	0x1CA4, 0x2010,
	0x1CA6, 0x0005,
	0x1CA8, 0x00A0,
	0x1CAA, 0x2810,
	0x1CAC, 0x2810,
	0x1CC6, 0x8001,
	0x1CC8, 0x8004,
	0x1CCA, 0x2010,
	0x1CCC, 0x2010,
	0x1CCE, 0x0005,
	0x1CD0, 0x00A0,
	0x1CD2, 0x2810,
	0x1CD4, 0x2810,
	0x1CEE, 0x8001,
	0x1CF0, 0x8004,
	0x1CF2, 0x0010,
	0x1CF4, 0x0010,
	0x1CF6, 0x0005,
	0x1CF8, 0x00A0,
	0x1CFA, 0x2810,
	0x1CFC, 0x2810,
	0x1CFE, 0x0000,
	0x1D00, 0x0000,
	0x1D02, 0x0000,
	0x1D04, 0x0000,
	0x1D06, 0x0000,
	0x1D08, 0x0000,
	0x1D0A, 0x0000,
	0x1D0C, 0x0000,
	0x1D16, 0x8001,
	0x1D18, 0x8004,
	0x1D1A, 0x2010,
	0x1D1C, 0x2010,
	0x1D1E, 0x0005,
	0x1D20, 0x00A0,
	0x1D22, 0x2810,
	0x1D24, 0x2810,
	0x1D26, 0x0000,
	0x1D28, 0x0000,
	0x1D2A, 0x0000,
	0x1D2C, 0x0000,
	0x1D2E, 0x0000,
	0x1D30, 0x0000,
	0x1D32, 0x0000,
	0x1D34, 0x0000,
	0x1D3E, 0x8001,
	0x1D40, 0x8004,
	0x1D42, 0x2010,
	0x1D44, 0x2010,
	0x1D46, 0x0005,
	0x1D48, 0x00A0,
	0x1D4A, 0x2810,
	0x1D4C, 0x2810,
	0xFCFC, 0x2000,
	0xB21E, 0x0000,
	0xB222, 0xC000,
	0xB20C, 0x2E00,
	0xB21A, 0x0402,
	0xB378, 0x0100,
	0xDD70, 0x0000,
	0xDE38, 0x0000,
	0xFCFC, 0x2002,
	0xA574, 0x0100,
	0xA59C, 0xA2FD,
	0xA59E, 0xFEFE,
	0xA576, 0x4000,
	0xA588, 0x0E00,
	0xA578, 0x8000,
	0xA58A, 0x2000,
	0xA57A, 0xA000,
	0xA58C, 0x2800,
	0xA57C, 0x4001,
	0xA58E, 0x1400,
	0xA57E, 0x8002,
	0xA590, 0x2200,
	0xA580, 0x0005,
	0xA592, 0x2800,
	0xA582, 0x000A,
	0xA594, 0x2C00,
	0xA584, 0xA00F,
	0xA596, 0x2E00,
	0xA586, 0x4011,
	0xA598, 0x3200,
	0xA59A, 0x3500,
	0xA548, 0x0000,
	0xA570, 0x0000,
	0xA54A, 0x0000,
	0xA54C, 0x0000,
	0xA54E, 0x0000,
	0xA550, 0x0000,
	0xA552, 0x0000,
	0xA554, 0x0000,
	0xA556, 0x0000,
	0xA55C, 0x0000,
	0xA55E, 0x0000,
	0xA560, 0x0000,
	0xA562, 0x0000,
	0xA564, 0x0000,
	0xA566, 0x0000,
	0xA568, 0x0000,
	0xA56A, 0x0000,
	0xFCFC, 0x2001,
	0x1D96, 0x0000,
	0x1D98, 0x0000,
	0x1DA6, 0x0000,
	0x1DA8, 0x0000,
	0x1D72, 0x0000,
	0x1D74, 0x0000,
	0x1D82, 0x0000,
	0x1D84, 0x0000,
	0x1D92, 0x0000,
	0x1D94, 0x0000,
	0x1DA2, 0x0000,
	0x1DA4, 0x0000,
	0x1D76, 0x0000,
	0x1D78, 0x0000,
	0x1D86, 0x0000,
	0x1D88, 0x0000,
	0x1E16, 0x1400,
	0x1E18, 0x1400,
	0x1E26, 0x1400,
	0x1E28, 0x1400,
	0x1DF2, 0x1400,
	0x1DF4, 0x1400,
	0x1E02, 0x1400,
	0x1E04, 0x1400,
	0x1E12, 0x1400,
	0x1E14, 0x1400,
	0x1E22, 0x1400,
	0x1E24, 0x1400,
	0x1DF6, 0x1400,
	0x1DF8, 0x1400,
	0x1E06, 0x1400,
	0x1E08, 0x1400,
	0xFCFC, 0x2000,
	0x82BA, 0x3300,
	0x82A2, 0x1400,
	0xFCFC, 0x2001,
	0x427C, 0x2000,
	0x4280, 0x1000,
	0x4362, 0x0100,
	0x43AA, 0x0000,
	0x43AC, 0x0000,
	0x43C6, 0x0114,
	0x43B4, 0x0000,
	0x43B6, 0x0000,
	0x4396, 0x0B00,
	0x4398, 0x0B00,
	0x437E, 0xE400,
	0xFCFC, 0x2000,
	0xB322, 0x0101,
	0xB324, 0x0100,
	0xB330, 0x2828,
	0xB34A, 0x2828,
	0xB360, 0x2828,
	0xFCFC, 0x2001,
	0x4292, 0x0000,
	0x4364, 0x0000,
	0x4366, 0x0000,
	0x4370, 0x0000,
	0x4290, 0x0100,
	0xFCFC, 0x2002,
	0x84C4, 0x0100,
	0x84A4, 0x0000,
	0xFCFC, 0x2000,
	0xD684, 0x80F3,
	0xB268, 0x80F3,
	0xF09A, 0x00FF,
	0xF2E0, 0x0000,
	0xF372, 0x0000,
	0xF0AA, 0xFFFF,
	0xF0AC, 0xFFFF,
	0xF2EA, 0x4000,
	0xDADA, 0x0001,
	0xDB3C, 0xD2FD,
	0xDADC, 0x0000,
	0xDB0C, 0x1F1F,
	0xDB3E, 0x12D2,
	0xDADE, 0x0000,
	0xDB0E, 0x0080,
	0xDB40, 0x12D2,
	0xDAE0, 0xA000,
	0xDB10, 0x0040,
	0xDB42, 0x12D2,
	0xDAE2, 0x0001,
	0xDB12, 0x0020,
	0xDB44, 0x12D2,
	0xDAE4, 0x0005,
	0xDB14, 0x0040,
	0xDB46, 0x12D2,
	0xDAE6, 0x4011,
	0xDB16, 0x0060,
	0xDBCC, 0x0000,
	0xDB6C, 0x0000,
	0xDB9C, 0x0000,
	0xDBCE, 0x0000,
	0xDB6E, 0x0000,
	0xDB9E, 0x0000,
	0xDBD0, 0x0000,
	0xDB70, 0x0000,
	0xDBA0, 0x0000,
	0xDBD2, 0x0000,
	0xDB72, 0x0000,
	0xDBA2, 0x0000,
	0xDBD4, 0x0000,
	0xDB74, 0x0000,
	0xDBA4, 0x0000,
	0xDBD6, 0x0000,
	0xDB76, 0x0000,
	0xDBA6, 0x0000,
	0xF370, 0x0203,
	0xF3E4, 0x0301,
	0xF3F4, 0xC800,
	0xF3F6, 0xD610,
	0xF014, 0x0700,
	0xB270, 0x8708,
	0xB266, 0xC004,
	0xD682, 0xC004,
	0xBF16, 0x0BAA,
	0xDC8C, 0x3F0B,
	0xFCFC, 0x4000,
	0x0808, 0x0201,
	0x0E00, 0x0003,
};

/* Complete	1	
	mode 5 fullsize
	250307		
	01_WD4_OceanChangjiang_JN5_Full_8192x6144_15.1fps_3056Msps		
	Mode :	01_WD4_OceanChangjiang_JN5_Full	
	Purpose :	Porting	
	PHY	DPHY	
	QPDC	QPDC_On	
	DBPC	DBPC_On	
	Qmosaic	QMSC_On	
	Tail :	On (L/R only)	4096x768
	24	MHz	
	920	MHz	
	3056	Mbps/lane	
	4	lane	
	8224	px	
	6176	px	
	8192	px	
	6144	px	
	15.1	fps	
	Raw10		
	9600	px	
	1408	px	
	6346	line	
	202	line	
	2.11	ms	
	Gr	First	
*/
static u16 cjfront_custom1_setting[] = {
	0xFCFC, 0x4000,
	0x0B30, 0x01FF,
	0x6170, 0xFFFF,
	0x6180, 0x0000,
	0x6190, 0x0000,
	0x6200, 0xFFFF,
	0x6202, 0xFFFF,
	0x6204, 0x0000,
	0x6206, 0x0000,
	0x6208, 0x0000,
	0xA100, 0xFFFF,
	0xA102, 0x0000,
	0xA104, 0x0000,
	0xFCFC, 0x4001,
	0x0100, 0xFFFF,
	0x0102, 0xFFFF,
	0x0104, 0x0000,
	0x0106, 0x0000,
	0x0108, 0x0000,
	0xFCFC, 0x4000,
	0x8100, 0xFFFF,
	0x8104, 0x0000,
	0x8108, 0x0000,
	0xFCFC, 0x2000,
	0x7806, 0x0001,
	0x7808, 0x2408,
	0xFCFC, 0x4000,
	0x0344, 0x0000,
	0x0348, 0x201F,
	0x0346, 0x0000,
	0x034A, 0x181F,
	0x034C, 0x2000,
	0x034E, 0x1800,
	0x0350, 0x0010,
	0x0352, 0x0010,
	0x0340, 0x18CA,
	0x0342, 0x2580,
	0x0136, 0x1800,
	0x013E, 0x0000,
	0x0304, 0x0003,
	0x0306, 0x00E6,
	0x030C, 0x0000,
	0x030E, 0x0003,
	0x0310, 0x00BF,
	0x0312, 0x0000,
	0x031A, 0x0003,
	0x031C, 0x0028,
	0x031E, 0x0002,
	0x0202, 0x0014,
	0x0226, 0x0014,
	0x022C, 0x0014,
	0x0702, 0x0000,
	0x0704, 0x0000,
	0x0114, 0x0301,
	0x0118, 0x0004,
	0x011A, 0x0001,
	0x011C, 0x0100,
	0xFCFC, 0x2000,
	0xB176, 0x0600,
	0xB178, 0x0000,
	0x7996, 0x0100,
	0x7994, 0x2020,
	0xFCFC, 0x4000,
	0x0900, 0x0011,
	0x0380, 0x0001,
	0x0382, 0x0001,
	0x0384, 0x0001,
	0x0386, 0x0001,
	0x040C, 0x0000,
	0x0400, 0x1010,
	0x0408, 0x0100,
	0x040A, 0x0100,
	0xFCFC, 0x2000,
	0xD1F6, 0x3A00,
	0xD20C, 0x0908,
	0xD314, 0x2002,
	0xD27A, 0x0500,
	0xD3F0, 0xB01C,
	0xD410, 0x4802,
	0xD426, 0xD204,
	0xD43C, 0x0140,
	0xD412, 0xD204,
	0xD428, 0xEA0A,
	0xD43E, 0x0140,
	0xFCFC, 0x4000,
	0x0260, 0x0001,
	0x0262, 0x0000,
	0x0264, 0x0006,
	0x0266, 0x0700,
	0x0112, 0x0A0A,
	0x0270, 0x2B2B,
	0x0272, 0x2B10,
	0x0274, 0x302B,
	0xFCFC, 0x2001,
	0x44C6, 0x0000,
	0xFCFC, 0x4000,
	0x0B02, 0x0101,
	0x0720, 0x0001,
	0x0722, 0x0800,
	0x0724, 0x0000,
	0x0728, 0x0000,
	0x072A, 0x0000,
	0x072C, 0x0000,
	0x072E, 0x0000,
	0xFCFC, 0x2001,
	0x3132, 0x0100,
	0xFCFC, 0x4000,
	0x021E, 0x0000,
	0x0228, 0x0100,
	0xFCFC, 0x2001,
	0x31D0, 0x0000,
	0x5A70, 0x0000,
	0xFCFC, 0x2000,
	0xDC94, 0x0100,
	0xEF80, 0x0000,
	0x23F0, 0x0001,
	0xF288, 0x0000,
	0xFCFC, 0x2001,
	0x2A30, 0x01FF,
	0x4270, 0x0000,
	0x29BA, 0xFF00,
	0x29A8, 0x0200,
	0xFCFC, 0x4000,
	0x0B04, 0x0001,
	0x0B06, 0x0101,
	0x0B08, 0x0100,
	0x0B0A, 0x0101,
	0x0B0C, 0x0100,
	0xFCFC, 0x2000,
	0xC4E0, 0x0100,
	0xC4F6, 0x0000,
	0xC4E2, 0x0200,
	0xC53C, 0x0100,
	0xC544, 0x0005,
	0xC53E, 0x0000,
	0xB23C, 0x6060,
	0xB242, 0x6060,
	0xC554, 0x530D,
	0xC556, 0x0000,
	0xFCFC, 0x2001,
	0x2920, 0x0100,
	0x31F8, 0x0100,
	0x31FA, 0x0004,
	0xFCFC, 0x2000,
	0xD856, 0x0507,
	0xD6D4, 0x0000,
	0x799A, 0x0000,
	0xD8A2, 0x0100,
	0xFCFC, 0x4000,
	0x020A, 0x0000,
	0xFCFC, 0x2000,
	0x78C0, 0x0101,
	0x22C2, 0x0600,
	0x22C4, 0xFF1F,
	0x22EC, 0x1F00,
	0x2306, 0xFF3F,
	0x2314, 0xFF00,
	0x2354, 0x0300,
	0xFCFC, 0x4000,
	0x0936, 0x0000,
	0x0C40, 0x0000,
	0xFCFC, 0x2000,
	0x68DE, 0x0000,
	0xFCFC, 0x2001,
	0x2540, 0x0200,
	0x25E0, 0x0100,
	0x25E2, 0xCD00,
	0xFCFC, 0x2000,
	0xD718, 0x0002,
	0xBF30, 0x0000,
	0xFCFC, 0x2001,
	0x3C42, 0x0000,
	0x3C46, 0xEB05,
	0x3C52, 0x4006,
	0xFCFC, 0x2000,
	0xD326, 0x0120,
	0xD3EC, 0xB11C,
	0xFCFC, 0x2001,
	0x195E, 0x0100,
	0x1966, 0x0000,
	0xFCFC, 0x4000,
	0x0086, 0x0200,
	0xFCFC, 0x2000,
	0xE980, 0x0005,
	0xC4D8, 0x2000,
	0x795A, 0x1000,
	0x7970, 0x1000,
	0xFCFC, 0x2002,
	0x849E, 0x0000,
	0x84A0, 0x0000,
	0x84A2, 0x0005,
	0xFCFC, 0x2001,
	0x2BB2, 0x1000,
	0x2D32, 0x0010,
	0xFCFC, 0x2000,
	0x703C, 0x0001,
	0x7046, 0x7F02,
	0x7058, 0x8002,
	0x71D4, 0x3F00,
	0x71D6, 0x3D00,
	0x71D8, 0x84F3,
	0x71DA, 0x0040,
	0x7048, 0x2F00,
	0x705A, 0x3000,
	0x7274, 0x0D00,
	0x7276, 0x0C00,
	0x7278, 0x36D2,
	0x727A, 0x0040,
	0x727C, 0x0000,
	0x727E, 0x0000,
	0x7280, 0x0000,
	0x7282, 0x0000,
	0x703E, 0x0000,
	0x704A, 0x0004,
	0x705C, 0x0004,
	0x7314, 0x0000,
	0x7316, 0x0000,
	0x7318, 0x0000,
	0x731A, 0x0000,
	0xBEDC, 0xC526,
	0xBEDE, 0x903E,
	0xBEE0, 0xC00F,
	0xBEE2, 0x0008,
	0xBEE4, 0x0C00,
	0xBEE6, 0x8000,
	0xFCFC, 0x2001,
	0x2A54, 0x0000,
	0x2A56, 0x0800,
	0x2A42, 0x0100,
	0x2A44, 0xB004,
	0x2A46, 0x0000,
	0xFCFC, 0x2000,
	0xD704, 0x0278,
	0x7A0E, 0x1E00,
	0x7A6E, 0x2800,
	0x7A86, 0x2800,
	0x8C9E, 0x5000,
	0x8CCE, 0x2C01,
	0x7A10, 0x0F00,
	0x7A70, 0x1900,
	0x7A88, 0x1900,
	0x8CA0, 0x3500,
	0x8CD0, 0x9600,
	0xB224, 0x0103,
	0xB226, 0x0000,
	0xB220, 0x0000,
	0x7A12, 0x0F00,
	0x7A72, 0x1900,
	0x7A8A, 0x1900,
	0x8CA2, 0x3500,
	0x8CD2, 0x9600,
	0x7EE6, 0x2C00,
	0x7EF2, 0x2C00,
	0x7EFE, 0x6400,
	0x7F0A, 0x5800,
	0x8D0E, 0x0000,
	0x9032, 0x0000,
	0x903E, 0x0000,
	0x7A14, 0x0F00,
	0x7A74, 0x1900,
	0x7A8C, 0x1900,
	0x8CA4, 0x3500,
	0x7F0E, 0x5800,
	0x8CD6, 0x9600,
	0x7BDA, 0x3C00,
	0xD49C, 0x2100,
	0xD4D0, 0x1600,
	0xD4A8, 0x0300,
	0xD4D6, 0x0000,
	0xD4E2, 0x0100,
	0xD4BC, 0x1400,
	0xD4B0, 0x0100,
	0xD4C8, 0x0000,
	0xD624, 0x0000,
	0xD62E, 0x0000,
	0xD638, 0x0000,
	0xD4EA, 0x0100,
	0xD554, 0x0000,
	0xD556, 0x0000,
	0xD560, 0x0000,
	0xD562, 0x0000,
	0xD4DA, 0x0000,
	0xD4E6, 0x0100,
	0xD4C0, 0x1400,
	0xD4B4, 0x0100,
	0xD4CC, 0x0000,
	0xD5BC, 0x0000,
	0xD5BE, 0x0000,
	0xD5C8, 0x0000,
	0xD5CA, 0x0000,
	0xD4D2, 0x2000,
	0xD4DE, 0x0000,
	0xD4B8, 0x3500,
	0xD4AC, 0xB803,
	0xD4C4, 0x0100,
	0xD4EC, 0xBE00,
	0xD4EE, 0xBE00,
	0xD4F8, 0xF001,
	0xD4FA, 0xF001,
	0xBF78, 0x5333,
	0xD896, 0x0000,
	0xFCFC, 0x2001,
	0x1C24, 0x0002,
	0x1C26, 0x0001,
	0x1C28, 0xFF03,
	0x1C2A, 0x0010,
	0x1C2C, 0xD70F,
	0x1C2E, 0x0004,
	0x1C30, 0x0010,
	0x1C32, 0xD70F,
	0x1C34, 0xC20F,
	0x1C4E, 0x0001,
	0x1C50, 0xFF03,
	0x1C52, 0x0010,
	0x1C54, 0xD70F,
	0x1C56, 0x0004,
	0x1C58, 0x0010,
	0x1C5A, 0xD70F,
	0x1C5C, 0xC20F,
	0x1C5E, 0x0000,
	0x1C60, 0x0000,
	0x1C62, 0x0000,
	0x1C64, 0x0000,
	0x1C66, 0x0000,
	0x1C68, 0x0000,
	0x1C6A, 0x0000,
	0x1C6C, 0x0000,
	0x1C76, 0x0001,
	0x1C78, 0xFF03,
	0x1C7A, 0x0010,
	0x1C7C, 0xD70F,
	0x1C7E, 0x0004,
	0x1C80, 0x0010,
	0x1C82, 0xD70F,
	0x1C84, 0xC20F,
	0x1C86, 0x0000,
	0x1C88, 0x0000,
	0x1C8A, 0x0000,
	0x1C8C, 0x0000,
	0x1C8E, 0x0000,
	0x1C90, 0x0000,
	0x1C92, 0x0000,
	0x1C94, 0x0000,
	0x1C9E, 0x0001,
	0x1CA0, 0xFF03,
	0x1CA2, 0x0010,
	0x1CA4, 0xD70F,
	0x1CA6, 0x0004,
	0x1CA8, 0x0010,
	0x1CAA, 0xD70F,
	0x1CAC, 0xC20F,
	0x1CC6, 0x0000,
	0x1CC8, 0x0000,
	0x1CCA, 0x0000,
	0x1CCC, 0x0000,
	0x1CCE, 0x0000,
	0x1CD0, 0x0000,
	0x1CD2, 0x0000,
	0x1CD4, 0x0000,
	0x1CEE, 0x0000,
	0x1CF0, 0x0000,
	0x1CF2, 0x0000,
	0x1CF4, 0x0000,
	0x1CF6, 0x0000,
	0x1CF8, 0x0000,
	0x1CFA, 0x0000,
	0x1CFC, 0x0000,
	0x1CFE, 0x0000,
	0x1D00, 0x0000,
	0x1D02, 0x0000,
	0x1D04, 0x0000,
	0x1D06, 0x0000,
	0x1D08, 0x0000,
	0x1D0A, 0x0000,
	0x1D0C, 0x0000,
	0x1D16, 0x0000,
	0x1D18, 0x0000,
	0x1D1A, 0x0000,
	0x1D1C, 0x0000,
	0x1D1E, 0x0000,
	0x1D20, 0x0000,
	0x1D22, 0x0000,
	0x1D24, 0x0000,
	0x1D26, 0x0000,
	0x1D28, 0x0000,
	0x1D2A, 0x0000,
	0x1D2C, 0x0000,
	0x1D2E, 0x0000,
	0x1D30, 0x0000,
	0x1D32, 0x0000,
	0x1D34, 0x0000,
	0x1D3E, 0x0000,
	0x1D40, 0x0000,
	0x1D42, 0x0000,
	0x1D44, 0x0000,
	0x1D46, 0x0000,
	0x1D48, 0x0000,
	0x1D4A, 0x0000,
	0x1D4C, 0x0000,
	0xFCFC, 0x2000,
	0xB21E, 0x0000,
	0xB222, 0xC000,
	0xB20C, 0x2E00,
	0xB21A, 0x0402,
	0xB378, 0x0100,
	0xDD70, 0x0000,
	0xDE38, 0x0000,
	0xFCFC, 0x2002,
	0xA574, 0x0100,
	0xA59C, 0xA2FD,
	0xA59E, 0xFEFE,
	0xA576, 0x4000,
	0xA588, 0x0800,
	0xA578, 0x8000,
	0xA58A, 0x2100,
	0xA57A, 0x0001,
	0xA58C, 0x2900,
	0xA57C, 0x0002,
	0xA58E, 0x2E00,
	0xA57E, 0x0002,
	0xA590, 0x2E00,
	0xA580, 0x0002,
	0xA592, 0x2E00,
	0xA582, 0x0002,
	0xA594, 0x2E00,
	0xA584, 0x0002,
	0xA596, 0x2E00,
	0xA586, 0x0002,
	0xA598, 0x2E00,
	0xA59A, 0x3000,
	0xA548, 0x0000,
	0xA570, 0x0000,
	0xA54A, 0x0000,
	0xA54C, 0x0000,
	0xA54E, 0x0000,
	0xA550, 0x0000,
	0xA552, 0x0000,
	0xA554, 0x0000,
	0xA556, 0x0000,
	0xA55C, 0x0000,
	0xA55E, 0x0000,
	0xA560, 0x0000,
	0xA562, 0x0000,
	0xA564, 0x0000,
	0xA566, 0x0000,
	0xA568, 0x0000,
	0xA56A, 0x0000,
	0xFCFC, 0x2001,
	0x1D96, 0x0000,
	0x1D98, 0x0000,
	0x1DA6, 0x0000,
	0x1DA8, 0x0000,
	0x1D72, 0x0000,
	0x1D74, 0x0000,
	0x1D82, 0x0000,
	0x1D84, 0x0000,
	0x1D92, 0x0000,
	0x1D94, 0x0000,
	0x1DA2, 0x0000,
	0x1DA4, 0x0000,
	0x1D76, 0x0000,
	0x1D78, 0x0000,
	0x1D86, 0x0000,
	0x1D88, 0x0000,
	0x1E16, 0x2000,
	0x1E18, 0x2000,
	0x1E26, 0x2000,
	0x1E28, 0x2000,
	0x1DF2, 0x2000,
	0x1DF4, 0x2000,
	0x1E02, 0x2000,
	0x1E04, 0x2000,
	0x1E12, 0x2000,
	0x1E14, 0x2000,
	0x1E22, 0x2000,
	0x1E24, 0x2000,
	0x1DF6, 0x2000,
	0x1DF8, 0x2000,
	0x1E06, 0x2000,
	0x1E08, 0x2000,
	0xFCFC, 0x2000,
	0x82BA, 0x3600,
	0x82A2, 0x1200,
	0xFCFC, 0x2001,
	0x427C, 0x2000,
	0x4280, 0x1000,
	0x4362, 0x0100,
	0x43AA, 0x0000,
	0x43AC, 0x0000,
	0x43C6, 0x010A,
	0x43B4, 0x0000,
	0x43B6, 0x0000,
	0x4396, 0x0C00,
	0x4398, 0x0E00,
	0x437E, 0xA400,
	0xFCFC, 0x2000,
	0xB322, 0x0101,
	0xB324, 0x0100,
	0xB330, 0x2828,
	0xB34A, 0x2828,
	0xB360, 0x2828,
	0xFCFC, 0x2001,
	0x4292, 0x0000,
	0x4364, 0x0000,
	0x4366, 0x0000,
	0x4370, 0x0000,
	0x4290, 0x0100,
	0xFCFC, 0x2002,
	0x84C4, 0x0000,
	0x84A4, 0x0000,
	0xFCFC, 0x2000,
	0xD684, 0x4004,
	0xB268, 0x4004,
	0xF09A, 0x00FF,
	0xF2E0, 0x0000,
	0xF372, 0x0000,
	0xF0AA, 0xFFFF,
	0xF0AC, 0xFFFF,
	0xF2EA, 0x4000,
	0xDADA, 0x0001,
	0xDB3C, 0x12D2,
	0xDADC, 0x0000,
	0xDB0C, 0x0000,
	0xDB3E, 0x12D2,
	0xDADE, 0x3000,
	0xDB0E, 0x0080,
	0xDB40, 0x12D2,
	0xDAE0, 0x8001,
	0xDB10, 0x0000,
	0xDB42, 0x0000,
	0xDAE2, 0x0000,
	0xDB12, 0x0000,
	0xDB44, 0x0000,
	0xDAE4, 0x0000,
	0xDB14, 0x0000,
	0xDB46, 0x0000,
	0xDAE6, 0x0000,
	0xDB16, 0x0000,
	0xDBCC, 0x0000,
	0xDB6C, 0x0000,
	0xDB9C, 0x0000,
	0xDBCE, 0x0000,
	0xDB6E, 0x0000,
	0xDB9E, 0x0000,
	0xDBD0, 0x0000,
	0xDB70, 0x0000,
	0xDBA0, 0x0000,
	0xDBD2, 0x0000,
	0xDB72, 0x0000,
	0xDBA2, 0x0000,
	0xDBD4, 0x0000,
	0xDB74, 0x0000,
	0xDBA4, 0x0000,
	0xDBD6, 0x0000,
	0xDB76, 0x0000,
	0xDBA6, 0x0000,
	0xF370, 0x0203,
	0xF3E4, 0x0301,
	0xF3F4, 0xC800,
	0xF3F6, 0xD710,
	0xF014, 0x0600,
	0xB270, 0x8708,
	0xB266, 0xC004,
	0xD682, 0xC004,
	0xBF16, 0x0BAA,
	0xDC8C, 0x3F2B,
	0xFCFC, 0x4000,
	0x0808, 0x0201,
	0x0E00, 0x0003,
};

/* Mode :	
21_0_OceanChangjiang_JN5_A2A2_AON	
	Purpose :	Evaluation	
	PHY	DPHY	
	QPDC	QPDC_Off	
	DBPC	DBPC_Off	
	Qmosaic	QMSC_Off	
	Tail :	Off	
	24	MHz	
	920	MHz	
	1992	Mbps/lane	
	4	lane	
	7680	px	
	5760	px	
	640	px	
	480	px	
	30.01	fps	
	Raw10		
	2944	px	
	2304	px	
	10412	line	
	9932	line	
	31.78	ms	
	Gr	First	
*/
static u16 cjfront_custom2_setting[] = {
	0xFCFC, 0x4000,
	0x0B30, 0x01FF,
	0x6170, 0xFFFF,
	0x6180, 0x0000,
	0x6190, 0x0000,
	0x6200, 0xFFFF,
	0x6202, 0xFFFF,
	0x6204, 0x0000,
	0x6206, 0x0000,
	0x6208, 0x0000,
	0xA100, 0xFFFF,
	0xA102, 0x0000,
	0xA104, 0x0000,
	0xFCFC, 0x4001,
	0x0100, 0xFFFF,
	0x0102, 0xFFFF,
	0x0104, 0x0000,
	0x0106, 0x0000,
	0x0108, 0x0000,
	0xFCFC, 0x4000,
	0x8100, 0xFFFF,
	0x8104, 0x0000,
	0x8108, 0x0000,
	0xFCFC, 0x2000,
	0x7806, 0x0000,
	0x7808, 0x0000,
	0xFCFC, 0x4000,
	0x0344, 0x0110,
	0x0348, 0x1F0F,
	0x0346, 0x00D0,
	0x034A, 0x174F,
	0x034C, 0x0280,
	0x034E, 0x01E0,
	0x0350, 0x0000,
	0x0352, 0x0000,
	0x0340, 0x28A6,
	0x0342, 0x0B82,
	0x0136, 0x1800,
	0x013E, 0x0000,
	0x0304, 0x0003,
	0x0306, 0x00E6,
	0x030C, 0x0000,
	0x030E, 0x0003,
	0x0310, 0x00F9,
	0x0312, 0x0001,
	0x031A, 0x0003,
	0x031C, 0x0028,
	0x031E, 0x0002,
	0x0202, 0x0014,
	0x0226, 0x0014,
	0x022C, 0x0014,
	0x0702, 0x0000,
	0x0704, 0x0000,
	0x0114, 0x0301,
	0x0118, 0x0004,
	0x011A, 0x0001,
	0x011C, 0x0100,
	0xFCFC, 0x2000,
	0xB176, 0x0604,
	0xB178, 0x0000,
	0x7996, 0x0101,
	0x7994, 0x2020,
	0xFCFC, 0x4000,
	0x0900, 0x33CC,
	0x0380, 0x0002,
	0x0382, 0x0016,
	0x0384, 0x0002,
	0x0386, 0x0016,
	0x040C, 0x0000,
	0x0400, 0x1010,
	0x0408, 0x0100,
	0x040A, 0x0100,
	0xFCFC, 0x2000,
	0xD1F6, 0x3A00,
	0xD20C, 0x0908,
	0xD314, 0x2002,
	0xD27A, 0x0500,
	0xD3F0, 0xB01C,
	0xD410, 0x4802,
	0xD426, 0xD204,
	0xD43C, 0x0140,
	0xD412, 0xD204,
	0xD428, 0xEA0A,
	0xD43E, 0x0140,
	0xFCFC, 0x4000,
	0x0260, 0x0001,
	0x0262, 0x0000,
	0x0264, 0x0406,
	0x0266, 0x0700,
	0x0112, 0x0A0A,
	0x0270, 0x2B2B,
	0x0272, 0x2B10,
	0x0274, 0x302B,
	0xFCFC, 0x2001,
	0x44C6, 0x0000,
	0xFCFC, 0x4000,
	0x0B02, 0x0100,
	0x0720, 0x0000,
	0x0722, 0x0800,
	0x0724, 0x0000,
	0x0728, 0x0000,
	0x072A, 0x0000,
	0x072C, 0x0000,
	0x072E, 0x0000,
	0xFCFC, 0x2001,
	0x3132, 0x0000,
	0xFCFC, 0x4000,
	0x021E, 0x0000,
	0x0228, 0x0100,
	0xFCFC, 0x2001,
	0x31D0, 0x0000,
	0x5A70, 0x0000,
	0xFCFC, 0x2000,
	0xDC94, 0x0101,
	0xEF80, 0x0000,
	0x23F0, 0x0001,
	0xF288, 0x0000,
	0xFCFC, 0x2001,
	0x2A30, 0x01FF,
	0x4270, 0x0000,
	0x29BA, 0xFF00,
	0x29A8, 0x0000,
	0xFCFC, 0x4000,
	0x0B04, 0x0001,
	0x0B06, 0x0001,
	0x0B08, 0x0000,
	0x0B0A, 0x0101,
	0x0B0C, 0x0100,
	0xFCFC, 0x2000,
	0xC4E0, 0x0100,
	0xC4F6, 0x0000,
	0xC4E2, 0x0000,
	0xC53C, 0x0500,
	0xC544, 0x0005,
	0xC53E, 0x0000,
	0xB23C, 0x6060,
	0xB242, 0x6060,
	0xC554, 0x0010,
	0xC556, 0x0000,
	0xFCFC, 0x2001,
	0x2920, 0x0000,
	0x31F8, 0x0000,
	0x31FA, 0x0000,
	0xFCFC, 0x2000,
	0xD856, 0x0507,
	0xD6D4, 0x0000,
	0x799A, 0x0000,
	0xD8A2, 0x0100,
	0xFCFC, 0x4000,
	0x020A, 0x0000,
	0xFCFC, 0x2000,
	0x78C0, 0x0001,
	0x22C2, 0x0600,
	0x22C4, 0xFF1F,
	0x22EC, 0x1F00,
	0x2306, 0xFF3F,
	0x2314, 0xFF00,
	0x2354, 0x0300,
	0xFCFC, 0x4000,
	0x0936, 0x0100,
	0x0C40, 0x0000,
	0xFCFC, 0x2000,
	0x68DE, 0x0000,
	0xFCFC, 0x2001,
	0x2540, 0x0000,
	0x25E0, 0x0000,
	0x25E2, 0x0000,
	0xFCFC, 0x2000,
	0xD718, 0x0402,
	0xBF30, 0x0700,
	0xFCFC, 0x2001,
	0x3C42, 0x0100,
	0x3C46, 0x0000,
	0x3C52, 0x801C,
	0xFCFC, 0x2000,
	0xD326, 0x0110,
	0xD3EC, 0xB01C,
	0xFCFC, 0x2001,
	0x195E, 0x0100,
	0x1966, 0x0000,
	0xFCFC, 0x4000,
	0x0086, 0x0A00,
	0xFCFC, 0x2000,
	0xE980, 0x9E04,
	0xC4D8, 0x2000,
	0x795A, 0x2000,
	0x7970, 0x2000,
	0xFCFC, 0x2002,
	0x849E, 0x0000,
	0x84A0, 0x0000,
	0x84A2, 0x0005,
	0xFCFC, 0x2001,
	0x2BB2, 0x1000,
	0x2D32, 0x0010,
	0xFCFC, 0x2000,
	0x703C, 0x0001,
	0x7046, 0x7F02,
	0x7058, 0x8002,
	0x71D4, 0x3F00,
	0x71D6, 0x3D00,
	0x71D8, 0x84F3,
	0x71DA, 0x0040,
	0x7048, 0xDF01,
	0x705A, 0xE001,
	0x7274, 0x0C00,
	0x7276, 0x0B00,
	0x7278, 0x36D2,
	0x727A, 0x0040,
	0x727C, 0x0000,
	0x727E, 0x0000,
	0x7280, 0x0000,
	0x7282, 0x0000,
	0x703E, 0x0100,
	0x704A, 0x000A,
	0x705C, 0x010A,
	0x7314, 0x2E00,
	0x7316, 0x3000,
	0x7318, 0x9EFD,
	0x731A, 0x0040,
	0xBEDC, 0xC526,
	0xBEDE, 0x807E,
	0xBEE0, 0xC00F,
	0xBEE2, 0x0008,
	0xBEE4, 0x2C00,
	0xBEE6, 0x8000,
	0xFCFC, 0x2001,
	0x2A54, 0x0000,
	0x2A56, 0x0100,
	0x2A42, 0x0000,
	0x2A44, 0x0000,
	0x2A46, 0x0000,
	0xFCFC, 0x2000,
	0xD704, 0x0278,
	0x7A0E, 0x0F00,
	0x7A6E, 0x1900,
	0x7A86, 0x1900,
	0x8C9E, 0x3500,
	0x8CCE, 0x9600,
	0x7A10, 0x0F00,
	0x7A70, 0x1900,
	0x7A88, 0x1900,
	0x8CA0, 0x3500,
	0x8CD0, 0x9600,
	0xB224, 0x0103,
	0xB226, 0x0000,
	0xB220, 0x0103,
	0x7A12, 0x0F00,
	0x7A72, 0x1900,
	0x7A8A, 0x1900,
	0x8CA2, 0x3500,
	0x8CD2, 0x9600,
	0x7EE6, 0x2C00,
	0x7EF2, 0x2C00,
	0x7EFE, 0x6400,
	0x7F0A, 0x5800,
	0x8D0E, 0x0000,
	0x9032, 0x0000,
	0x903E, 0x0000,
	0x7A14, 0x0F00,
	0x7A74, 0x1900,
	0x7A8C, 0x1900,
	0x8CA4, 0x3500,
	0x7F0E, 0x5800,
	0x8CD6, 0x9600,
	0x7BDA, 0x3C00,
	0xD49C, 0x0000,
	0xD4D0, 0x0A00,
	0xD4A8, 0x0300,
	0xD4D6, 0x0000,
	0xD4E2, 0x0100,
	0xD4BC, 0x1400,
	0xD4B0, 0x0100,
	0xD4C8, 0x0000,
	0xD624, 0x0000,
	0xD62E, 0x0000,
	0xD638, 0x0000,
	0xD4EA, 0x0100,
	0xD554, 0x0000,
	0xD556, 0x0000,
	0xD560, 0x0000,
	0xD562, 0x0000,
	0xD4DA, 0x1A00,
	0xD4E6, 0x0000,
	0xD4C0, 0x3800,
	0xD4B4, 0x8E01,
	0xD4CC, 0x0100,
	0xD5BC, 0xC400,
	0xD5BE, 0xC400,
	0xD5C8, 0x5203,
	0xD5CA, 0x5203,
	0xD4D2, 0x0000,
	0xD4DE, 0x0100,
	0xD4B8, 0x1400,
	0xD4AC, 0x0100,
	0xD4C4, 0x0000,
	0xD4EC, 0x0000,
	0xD4EE, 0x0000,
	0xD4F8, 0x0000,
	0xD4FA, 0x0000,
	0xBF78, 0x5333,
	0xD896, 0x0000,
	0xFCFC, 0x2001,
	0x1C24, 0x0000,
	0x1C26, 0x0000,
	0x1C28, 0x0000,
	0x1C2A, 0x0000,
	0x1C2C, 0x0000,
	0x1C2E, 0x0000,
	0x1C30, 0x0000,
	0x1C32, 0x0000,
	0x1C34, 0x0000,
	0x1C4E, 0x0000,
	0x1C50, 0x0000,
	0x1C52, 0x0000,
	0x1C54, 0x0000,
	0x1C56, 0x0000,
	0x1C58, 0x0000,
	0x1C5A, 0x0000,
	0x1C5C, 0x0000,
	0x1C5E, 0x0000,
	0x1C60, 0x0000,
	0x1C62, 0x0000,
	0x1C64, 0x0000,
	0x1C66, 0x0000,
	0x1C68, 0x0000,
	0x1C6A, 0x0000,
	0x1C6C, 0x0000,
	0x1C76, 0x0000,
	0x1C78, 0x0000,
	0x1C7A, 0x0000,
	0x1C7C, 0x0000,
	0x1C7E, 0x0000,
	0x1C80, 0x0000,
	0x1C82, 0x0000,
	0x1C84, 0x0000,
	0x1C86, 0x0000,
	0x1C88, 0x0000,
	0x1C8A, 0x0000,
	0x1C8C, 0x0000,
	0x1C8E, 0x0000,
	0x1C90, 0x0000,
	0x1C92, 0x0000,
	0x1C94, 0x0000,
	0x1C9E, 0x0000,
	0x1CA0, 0x0000,
	0x1CA2, 0x0000,
	0x1CA4, 0x0000,
	0x1CA6, 0x0000,
	0x1CA8, 0x0000,
	0x1CAA, 0x0000,
	0x1CAC, 0x0000,
	0x1CC6, 0x0000,
	0x1CC8, 0x0000,
	0x1CCA, 0x0000,
	0x1CCC, 0x0000,
	0x1CCE, 0x0000,
	0x1CD0, 0x0000,
	0x1CD2, 0x0000,
	0x1CD4, 0x0000,
	0x1CEE, 0x0000,
	0x1CF0, 0x0000,
	0x1CF2, 0x0000,
	0x1CF4, 0x0000,
	0x1CF6, 0x0000,
	0x1CF8, 0x0000,
	0x1CFA, 0x0000,
	0x1CFC, 0x0000,
	0x1CFE, 0x0000,
	0x1D00, 0x0000,
	0x1D02, 0x0000,
	0x1D04, 0x0000,
	0x1D06, 0x0000,
	0x1D08, 0x0000,
	0x1D0A, 0x0000,
	0x1D0C, 0x0000,
	0x1D16, 0x0000,
	0x1D18, 0x0000,
	0x1D1A, 0x0000,
	0x1D1C, 0x0000,
	0x1D1E, 0x0000,
	0x1D20, 0x0000,
	0x1D22, 0x0000,
	0x1D24, 0x0000,
	0x1D26, 0x0000,
	0x1D28, 0x0000,
	0x1D2A, 0x0000,
	0x1D2C, 0x0000,
	0x1D2E, 0x0000,
	0x1D30, 0x0000,
	0x1D32, 0x0000,
	0x1D34, 0x0000,
	0x1D3E, 0x0000,
	0x1D40, 0x0000,
	0x1D42, 0x0000,
	0x1D44, 0x0000,
	0x1D46, 0x0000,
	0x1D48, 0x0000,
	0x1D4A, 0x0000,
	0x1D4C, 0x0000,
	0xFCFC, 0x2000,
	0xB21E, 0x0000,
	0xB222, 0xC000,
	0xB20C, 0x2E00,
	0xB21A, 0x0402,
	0xB378, 0x0100,
	0xDD70, 0x0000,
	0xDE38, 0x0000,
	0xFCFC, 0x2002,
	0xA574, 0x0100,
	0xA59C, 0xA2FD,
	0xA59E, 0xFEFE,
	0xA576, 0x4000,
	0xA588, 0x1400,
	0xA578, 0x8000,
	0xA58A, 0x2200,
	0xA57A, 0xA000,
	0xA58C, 0x2800,
	0xA57C, 0x4001,
	0xA58E, 0x1400,
	0xA57E, 0x8002,
	0xA590, 0x2200,
	0xA580, 0x0005,
	0xA592, 0x2800,
	0xA582, 0x000A,
	0xA594, 0x2C00,
	0xA584, 0xA00F,
	0xA596, 0x2E00,
	0xA586, 0x4011,
	0xA598, 0x3200,
	0xA59A, 0x3500,
	0xA548, 0x0000,
	0xA570, 0x0000,
	0xA54A, 0x0000,
	0xA54C, 0x0000,
	0xA54E, 0x0000,
	0xA550, 0x0000,
	0xA552, 0x0000,
	0xA554, 0x0000,
	0xA556, 0x0000,
	0xA55C, 0x0000,
	0xA55E, 0x0000,
	0xA560, 0x0000,
	0xA562, 0x0000,
	0xA564, 0x0000,
	0xA566, 0x0000,
	0xA568, 0x0000,
	0xA56A, 0x0000,
	0xFCFC, 0x2001,
	0x1D96, 0x0000,
	0x1D98, 0x0000,
	0x1DA6, 0x0000,
	0x1DA8, 0x0000,
	0x1D72, 0x0000,
	0x1D74, 0x0000,
	0x1D82, 0x0000,
	0x1D84, 0x0000,
	0x1D92, 0x0000,
	0x1D94, 0x0000,
	0x1DA2, 0x0000,
	0x1DA4, 0x0000,
	0x1D76, 0x0000,
	0x1D78, 0x0000,
	0x1D86, 0x0000,
	0x1D88, 0x0000,
	0x1E16, 0x0000,
	0x1E18, 0x0000,
	0x1E26, 0x0000,
	0x1E28, 0x0000,
	0x1DF2, 0x0000,
	0x1DF4, 0x0000,
	0x1E02, 0x0000,
	0x1E04, 0x0000,
	0x1E12, 0x0000,
	0x1E14, 0x0000,
	0x1E22, 0x0000,
	0x1E24, 0x0000,
	0x1DF6, 0x0000,
	0x1DF8, 0x0000,
	0x1E06, 0x0000,
	0x1E08, 0x0000,
	0xFCFC, 0x2000,
	0x82BA, 0x3300,
	0x82A2, 0x1400,
	0xFCFC, 0x2001,
	0x427C, 0x2000,
	0x4280, 0x1000,
	0x4362, 0x0100,
	0x43AA, 0x0000,
	0x43AC, 0x0000,
	0x43C6, 0x010A,
	0x43B4, 0x0000,
	0x43B6, 0x0000,
	0x4396, 0x0C00,
	0x4398, 0x0E00,
	0x437E, 0xA400,
	0xFCFC, 0x2000,
	0xB322, 0x0101,
	0xB324, 0x0100,
	0xB330, 0x2828,
	0xB34A, 0x2828,
	0xB360, 0x2828,
	0xFCFC, 0x2001,
	0x4292, 0x0000,
	0x4364, 0x0000,
	0x4366, 0x0000,
	0x4370, 0x0000,
	0x4290, 0x0100,
	0xFCFC, 0x2002,
	0x84C4, 0x0100,
	0x84A4, 0x0000,
	0xFCFC, 0x2000,
	0xD684, 0x80F3,
	0xB268, 0x80F3,
	0xF09A, 0x00FF,
	0xF2E0, 0x0000,
	0xF372, 0x0000,
	0xF0AA, 0xFFFF,
	0xF0AC, 0xFFFF,
	0xF2EA, 0x4000,
	0xDADA, 0x0001,
	0xDB3C, 0x12D2,
	0xDADC, 0x0000,
	0xDB0C, 0x0000,
	0xDB3E, 0x12D2,
	0xDADE, 0xE001,
	0xDB0E, 0x0080,
	0xDB40, 0x12D2,
	0xDAE0, 0x0005,
	0xDB10, 0x00A0,
	0xDB42, 0x0000,
	0xDAE2, 0x0000,
	0xDB12, 0x0000,
	0xDB44, 0x0000,
	0xDAE4, 0x0000,
	0xDB14, 0x0000,
	0xDB46, 0x0000,
	0xDAE6, 0x0000,
	0xDB16, 0x0000,
	0xDBCC, 0x0000,
	0xDB6C, 0x0000,
	0xDB9C, 0x0000,
	0xDBCE, 0x0000,
	0xDB6E, 0x0000,
	0xDB9E, 0x0000,
	0xDBD0, 0x0000,
	0xDB70, 0x0000,
	0xDBA0, 0x0000,
	0xDBD2, 0x0000,
	0xDB72, 0x0000,
	0xDBA2, 0x0000,
	0xDBD4, 0x0000,
	0xDB74, 0x0000,
	0xDBA4, 0x0000,
	0xDBD6, 0x0000,
	0xDB76, 0x0000,
	0xDBA6, 0x0000,
	0xF370, 0x0204,
	0xF3E4, 0x0000,
	0xF3F4, 0xFFFF,
	0xF3F6, 0xFFFF,
	0xF014, 0x0600,
	0xB270, 0x8708,
	0xB266, 0xC004,
	0xD682, 0xC004,
	0xBF16, 0x6AAA,
	0xDC8C, 0x3F2B,
	0xFCFC, 0x4000,
	0x0808, 0x0201,
	0x0E00, 0x0003,
};

/*Complete	6	
	250307		
	21_0_OceanChangjiang_JN5_A2A2_AON_680x512_30fps_3056Msps		
	Mode :	21_0_OceanChangjiang_JN5_A2A2_AON	
	Purpose :	Evaluation	
	PHY	DPHY	
	QPDC	QPDC_Off	
	DBPC	DBPC_Off	
	Qmosaic	QMSC_Off	
	Tail :	Off	
	24	MHz	
	920	MHz	
	3056	Mbps/lane	
	4	lane	
	8208	px	
	6144	px	
	680	px	
	512	px	
	30.01	fps	
	Raw10		
	2944	px	
	2264	px	
	10412	line	
	9900	line	
	31.68	ms	
	Gr	First	
*/
static u16 cjfront_custom3_setting[] = {
	0xFCFC, 0x4000,
	0x0B30, 0x01FF,
	0x6170, 0xFFFF,
	0x6180, 0x0000,
	0x6190, 0x0000,
	0x6200, 0xFFFF,
	0x6202, 0xFFFF,
	0x6204, 0x0000,
	0x6206, 0x0000,
	0x6208, 0x0000,
	0xA100, 0xFFFF,
	0xA102, 0x0000,
	0xA104, 0x0000,
	0xFCFC, 0x4001,
	0x0100, 0xFFFF,
	0x0102, 0xFFFF,
	0x0104, 0x0000,
	0x0106, 0x0000,
	0x0108, 0x0000,
	0xFCFC, 0x4000,
	0x8100, 0xFFFF,
	0x8104, 0x0000,
	0x8108, 0x0000,
	0xFCFC, 0x2000,
	0x7806, 0x0000,
	0x7808, 0x0000,
	0xFCFC, 0x4000,
	0x0344, 0x0008,
	0x0348, 0x2017,
	0x0346, 0x0010,
	0x034A, 0x180F,
	0x034C, 0x02A8,
	0x034E, 0x0200,
	0x0350, 0x0002,
	0x0352, 0x0000,
	0x0340, 0x28A6,
	0x0342, 0x0B82,
	0x0136, 0x1800,
	0x013E, 0x0000,
	0x0304, 0x0003,
	0x0306, 0x00E6,
	0x030C, 0x0000,
	0x030E, 0x0003,
	0x0310, 0x00BF,
	0x0312, 0x0000,
	0x031A, 0x0003,
	0x031C, 0x0028,
	0x031E, 0x0002,
	0x0202, 0x0014,
	0x0226, 0x0014,
	0x022C, 0x0014,
	0x0702, 0x0000,
	0x0704, 0x0000,
	0x0114, 0x0301,
	0x0118, 0x0004,
	0x011A, 0x0001,
	0x011C, 0x0100,
	0xFCFC, 0x2000,
	0xB176, 0x0604,
	0xB178, 0x0000,
	0x7996, 0x0101,
	0x7994, 0x2020,
	0xFCFC, 0x4000,
	0x0900, 0x33CC,
	0x0380, 0x0002,
	0x0382, 0x0016,
	0x0384, 0x0002,
	0x0386, 0x0016,
	0x040C, 0x0000,
	0x0400, 0x1010,
	0x0408, 0x0100,
	0x040A, 0x0100,
	0xFCFC, 0x2000,
	0xD1F6, 0x3A00,
	0xD20C, 0x0908,
	0xD314, 0x2002,
	0xD27A, 0x0500,
	0xD3F0, 0xB01C,
	0xD410, 0x4802,
	0xD426, 0xD204,
	0xD43C, 0x0100,
	0xD412, 0xD204,
	0xD428, 0xEA0A,
	0xD43E, 0x0100,
	0xFCFC, 0x4000,
	0x0260, 0x0001,
	0x0262, 0x0000,
	0x0264, 0x0406,
	0x0266, 0x0700,
	0x0112, 0x0A0A,
	0x0270, 0x2B2B,
	0x0272, 0x2B10,
	0x0274, 0x302B,
	0xFCFC, 0x2001,
	0x44C6, 0x0000,
	0xFCFC, 0x4000,
	0x0B02, 0x0100,
	0x0720, 0x0000,
	0x0722, 0x0800,
	0x0724, 0x0000,
	0x0728, 0x0000,
	0x072A, 0x0000,
	0x072C, 0x0000,
	0x072E, 0x0000,
	0xFCFC, 0x2001,
	0x3132, 0x0000,
	0xFCFC, 0x4000,
	0x021E, 0x0000,
	0x0228, 0x0100,
	0xFCFC, 0x2001,
	0x31D0, 0x0000,
	0x5A70, 0x0000,
	0xFCFC, 0x2000,
	0xDC94, 0x0101,
	0xEF80, 0x0000,
	0x23F0, 0x0001,
	0xF288, 0x0000,
	0xFCFC, 0x2001,
	0x2A30, 0x01FF,
	0x4270, 0x0000,
	0x29BA, 0xFF00,
	0x29A8, 0x0000,
	0xFCFC, 0x4000,
	0x0B04, 0x0001,
	0x0B06, 0x0001,
	0x0B08, 0x0000,
	0x0B0A, 0x0101,
	0x0B0C, 0x0100,
	0xFCFC, 0x2000,
	0xC4E0, 0x0100,
	0xC4F6, 0x0000,
	0xC4E2, 0x0000,
	0xC53C, 0x0500,
	0xC544, 0x0005,
	0xC53E, 0x0000,
	0xB23C, 0x6060,
	0xB242, 0x6060,
	0xC554, 0x0010,
	0xC556, 0x0000,
	0xFCFC, 0x2001,
	0x2920, 0x0000,
	0x31F8, 0x0000,
	0x31FA, 0x0000,
	0xFCFC, 0x2000,
	0xD856, 0x0507,
	0xD6D4, 0x0000,
	0x799A, 0x0000,
	0xD8A2, 0x0100,
	0xFCFC, 0x4000,
	0x020A, 0x0000,
	0xFCFC, 0x2000,
	0x78C0, 0x0001,
	0x22C2, 0x0600,
	0x22C4, 0xFF1F,
	0x22EC, 0x1F00,
	0x2306, 0xFF3F,
	0x2314, 0xFF00,
	0x2354, 0x0300,
	0xFCFC, 0x4000,
	0x0936, 0x0100,
	0x0C40, 0x0000,
	0xFCFC, 0x2000,
	0x68DE, 0x0000,
	0xFCFC, 0x2001,
	0x2540, 0x0000,
	0x25E0, 0x0000,
	0x25E2, 0x0000,
	0xFCFC, 0x2000,
	0xD718, 0x0402,
	0xBF30, 0x0700,
	0xFCFC, 0x2001,
	0x3C42, 0x0100,
	0x3C46, 0x0000,
	0x3C52, 0x801C,
	0xFCFC, 0x2000,
	0xD326, 0x0110,
	0xD3EC, 0xB01C,
	0xFCFC, 0x2001,
	0x195E, 0x0100,
	0x1966, 0x0000,
	0xFCFC, 0x4000,
	0x0086, 0x0A00,
	0xFCFC, 0x2000,
	0xE980, 0x9E04,
	0xC4D8, 0x2000,
	0x795A, 0x2000,
	0x7970, 0x2000,
	0xFCFC, 0x2002,
	0x849E, 0x0000,
	0x84A0, 0x0000,
	0x84A2, 0x0005,
	0xFCFC, 0x2001,
	0x2BB2, 0x1000,
	0x2D32, 0x0010,
	0xFCFC, 0x2000,
	0x703C, 0x0001,
	0x7046, 0x7F02,
	0x7058, 0x8002,
	0x71D4, 0x3F00,
	0x71D6, 0x3D00,
	0x71D8, 0x84F3,
	0x71DA, 0x0040,
	0x7048, 0xDF01,
	0x705A, 0xE001,
	0x7274, 0x0C00,
	0x7276, 0x0B00,
	0x7278, 0x36D2,
	0x727A, 0x0040,
	0x727C, 0x0000,
	0x727E, 0x0000,
	0x7280, 0x0000,
	0x7282, 0x0000,
	0x703E, 0x0100,
	0x704A, 0x000A,
	0x705C, 0x010A,
	0x7314, 0x2E00,
	0x7316, 0x3000,
	0x7318, 0x9EFD,
	0x731A, 0x0040,
	0xBEDC, 0xC526,
	0xBEDE, 0x807E,
	0xBEE0, 0xC00F,
	0xBEE2, 0x0008,
	0xBEE4, 0x2C00,
	0xBEE6, 0x8000,
	0xFCFC, 0x2001,
	0x2A54, 0x0000,
	0x2A56, 0x0100,
	0x2A42, 0x0000,
	0x2A44, 0x0000,
	0x2A46, 0x0000,
	0xFCFC, 0x2000,
	0xD704, 0x0278,
	0x7A0E, 0x0F00,
	0x7A6E, 0x1900,
	0x7A86, 0x1900,
	0x8C9E, 0x3500,
	0x8CCE, 0x9600,
	0x7A10, 0x0F00,
	0x7A70, 0x1900,
	0x7A88, 0x1900,
	0x8CA0, 0x3500,
	0x8CD0, 0x9600,
	0xB224, 0x0103,
	0xB226, 0x0000,
	0xB220, 0x0103,
	0x7A12, 0x0F00,
	0x7A72, 0x1900,
	0x7A8A, 0x1900,
	0x8CA2, 0x3500,
	0x8CD2, 0x9600,
	0x7EE6, 0x2C00,
	0x7EF2, 0x2C00,
	0x7EFE, 0x6400,
	0x7F0A, 0x5800,
	0x8D0E, 0x0000,
	0x9032, 0x0000,
	0x903E, 0x0000,
	0x7A14, 0x0F00,
	0x7A74, 0x1900,
	0x7A8C, 0x1900,
	0x8CA4, 0x3500,
	0x7F0E, 0x5800,
	0x8CD6, 0x9600,
	0x7BDA, 0x3C00,
	0xD49C, 0x0000,
	0xD4D0, 0x0A00,
	0xD4A8, 0x0300,
	0xD4D6, 0x0000,
	0xD4E2, 0x0100,
	0xD4BC, 0x1400,
	0xD4B0, 0x0100,
	0xD4C8, 0x0000,
	0xD624, 0x0000,
	0xD62E, 0x0000,
	0xD638, 0x0000,
	0xD4EA, 0x0100,
	0xD554, 0x0000,
	0xD556, 0x0000,
	0xD560, 0x0000,
	0xD562, 0x0000,
	0xD4DA, 0x1A00,
	0xD4E6, 0x0000,
	0xD4C0, 0x3800,
	0xD4B4, 0x8E01,
	0xD4CC, 0x0100,
	0xD5BC, 0xC400,
	0xD5BE, 0xC400,
	0xD5C8, 0x5203,
	0xD5CA, 0x5203,
	0xD4D2, 0x0000,
	0xD4DE, 0x0100,
	0xD4B8, 0x1400,
	0xD4AC, 0x0100,
	0xD4C4, 0x0000,
	0xD4EC, 0x0000,
	0xD4EE, 0x0000,
	0xD4F8, 0x0000,
	0xD4FA, 0x0000,
	0xBF78, 0x5333,
	0xD896, 0x0000,
	0xFCFC, 0x2001,
	0x1C24, 0x0000,
	0x1C26, 0x0000,
	0x1C28, 0x0000,
	0x1C2A, 0x0000,
	0x1C2C, 0x0000,
	0x1C2E, 0x0000,
	0x1C30, 0x0000,
	0x1C32, 0x0000,
	0x1C34, 0x0000,
	0x1C4E, 0x0000,
	0x1C50, 0x0000,
	0x1C52, 0x0000,
	0x1C54, 0x0000,
	0x1C56, 0x0000,
	0x1C58, 0x0000,
	0x1C5A, 0x0000,
	0x1C5C, 0x0000,
	0x1C5E, 0x0000,
	0x1C60, 0x0000,
	0x1C62, 0x0000,
	0x1C64, 0x0000,
	0x1C66, 0x0000,
	0x1C68, 0x0000,
	0x1C6A, 0x0000,
	0x1C6C, 0x0000,
	0x1C76, 0x0000,
	0x1C78, 0x0000,
	0x1C7A, 0x0000,
	0x1C7C, 0x0000,
	0x1C7E, 0x0000,
	0x1C80, 0x0000,
	0x1C82, 0x0000,
	0x1C84, 0x0000,
	0x1C86, 0x0000,
	0x1C88, 0x0000,
	0x1C8A, 0x0000,
	0x1C8C, 0x0000,
	0x1C8E, 0x0000,
	0x1C90, 0x0000,
	0x1C92, 0x0000,
	0x1C94, 0x0000,
	0x1C9E, 0x0000,
	0x1CA0, 0x0000,
	0x1CA2, 0x0000,
	0x1CA4, 0x0000,
	0x1CA6, 0x0000,
	0x1CA8, 0x0000,
	0x1CAA, 0x0000,
	0x1CAC, 0x0000,
	0x1CC6, 0x0000,
	0x1CC8, 0x0000,
	0x1CCA, 0x0000,
	0x1CCC, 0x0000,
	0x1CCE, 0x0000,
	0x1CD0, 0x0000,
	0x1CD2, 0x0000,
	0x1CD4, 0x0000,
	0x1CEE, 0x0000,
	0x1CF0, 0x0000,
	0x1CF2, 0x0000,
	0x1CF4, 0x0000,
	0x1CF6, 0x0000,
	0x1CF8, 0x0000,
	0x1CFA, 0x0000,
	0x1CFC, 0x0000,
	0x1CFE, 0x0000,
	0x1D00, 0x0000,
	0x1D02, 0x0000,
	0x1D04, 0x0000,
	0x1D06, 0x0000,
	0x1D08, 0x0000,
	0x1D0A, 0x0000,
	0x1D0C, 0x0000,
	0x1D16, 0x0000,
	0x1D18, 0x0000,
	0x1D1A, 0x0000,
	0x1D1C, 0x0000,
	0x1D1E, 0x0000,
	0x1D20, 0x0000,
	0x1D22, 0x0000,
	0x1D24, 0x0000,
	0x1D26, 0x0000,
	0x1D28, 0x0000,
	0x1D2A, 0x0000,
	0x1D2C, 0x0000,
	0x1D2E, 0x0000,
	0x1D30, 0x0000,
	0x1D32, 0x0000,
	0x1D34, 0x0000,
	0x1D3E, 0x0000,
	0x1D40, 0x0000,
	0x1D42, 0x0000,
	0x1D44, 0x0000,
	0x1D46, 0x0000,
	0x1D48, 0x0000,
	0x1D4A, 0x0000,
	0x1D4C, 0x0000,
	0xFCFC, 0x2000,
	0xB21E, 0x0000,
	0xB222, 0xC000,
	0xB20C, 0x2E00,
	0xB21A, 0x0402,
	0xB378, 0x0100,
	0xDD70, 0x0000,
	0xDE38, 0x0000,
	0xFCFC, 0x2002,
	0xA574, 0x0100,
	0xA59C, 0xA2FD,
	0xA59E, 0xFEFE,
	0xA576, 0x4000,
	0xA588, 0x1400,
	0xA578, 0x8000,
	0xA58A, 0x2200,
	0xA57A, 0xA000,
	0xA58C, 0x2800,
	0xA57C, 0x4001,
	0xA58E, 0x1400,
	0xA57E, 0x8002,
	0xA590, 0x2200,
	0xA580, 0x0005,
	0xA592, 0x2800,
	0xA582, 0x000A,
	0xA594, 0x2C00,
	0xA584, 0xA00F,
	0xA596, 0x2E00,
	0xA586, 0x4011,
	0xA598, 0x3200,
	0xA59A, 0x3500,
	0xA548, 0x0000,
	0xA570, 0x0000,
	0xA54A, 0x0000,
	0xA54C, 0x0000,
	0xA54E, 0x0000,
	0xA550, 0x0000,
	0xA552, 0x0000,
	0xA554, 0x0000,
	0xA556, 0x0000,
	0xA55C, 0x0000,
	0xA55E, 0x0000,
	0xA560, 0x0000,
	0xA562, 0x0000,
	0xA564, 0x0000,
	0xA566, 0x0000,
	0xA568, 0x0000,
	0xA56A, 0x0000,
	0xFCFC, 0x2001,
	0x1D96, 0x0000,
	0x1D98, 0x0000,
	0x1DA6, 0x0000,
	0x1DA8, 0x0000,
	0x1D72, 0x0000,
	0x1D74, 0x0000,
	0x1D82, 0x0000,
	0x1D84, 0x0000,
	0x1D92, 0x0000,
	0x1D94, 0x0000,
	0x1DA2, 0x0000,
	0x1DA4, 0x0000,
	0x1D76, 0x0000,
	0x1D78, 0x0000,
	0x1D86, 0x0000,
	0x1D88, 0x0000,
	0x1E16, 0x0000,
	0x1E18, 0x0000,
	0x1E26, 0x0000,
	0x1E28, 0x0000,
	0x1DF2, 0x0000,
	0x1DF4, 0x0000,
	0x1E02, 0x0000,
	0x1E04, 0x0000,
	0x1E12, 0x0000,
	0x1E14, 0x0000,
	0x1E22, 0x0000,
	0x1E24, 0x0000,
	0x1DF6, 0x0000,
	0x1DF8, 0x0000,
	0x1E06, 0x0000,
	0x1E08, 0x0000,
	0xFCFC, 0x2000,
	0x82BA, 0x3300,
	0x82A2, 0x1400,
	0xFCFC, 0x2001,
	0x427C, 0x2000,
	0x4280, 0x1000,
	0x4362, 0x0100,
	0x43AA, 0x0000,
	0x43AC, 0x0000,
	0x43C6, 0x010A,
	0x43B4, 0x0000,
	0x43B6, 0x0000,
	0x4396, 0x0C00,
	0x4398, 0x0E00,
	0x437E, 0xA400,
	0xFCFC, 0x2000,
	0xB322, 0x0101,
	0xB324, 0x0100,
	0xB330, 0x2828,
	0xB34A, 0x2828,
	0xB360, 0x2828,
	0xFCFC, 0x2001,
	0x4292, 0x0000,
	0x4364, 0x0000,
	0x4366, 0x0000,
	0x4370, 0x0000,
	0x4290, 0x0100,
	0xFCFC, 0x2002,
	0x84C4, 0x0100,
	0x84A4, 0x0000,
	0xFCFC, 0x2000,
	0xD684, 0x80F3,
	0xB268, 0x80F3,
	0xF09A, 0x00FF,
	0xF2E0, 0x0000,
	0xF372, 0x0000,
	0xF0AA, 0xFFFF,
	0xF0AC, 0xFFFF,
	0xF2EA, 0x4000,
	0xDADA, 0x0001,
	0xDB3C, 0x12D2,
	0xDADC, 0x0000,
	0xDB0C, 0x0000,
	0xDB3E, 0x12D2,
	0xDADE, 0xE001,
	0xDB0E, 0x0080,
	0xDB40, 0x12D2,
	0xDAE0, 0x0005,
	0xDB10, 0x00A0,
	0xDB42, 0x0000,
	0xDAE2, 0x0000,
	0xDB12, 0x0000,
	0xDB44, 0x0000,
	0xDAE4, 0x0000,
	0xDB14, 0x0000,
	0xDB46, 0x0000,
	0xDAE6, 0x0000,
	0xDB16, 0x0000,
	0xDBCC, 0x0000,
	0xDB6C, 0x0000,
	0xDB9C, 0x0000,
	0xDBCE, 0x0000,
	0xDB6E, 0x0000,
	0xDB9E, 0x0000,
	0xDBD0, 0x0000,
	0xDB70, 0x0000,
	0xDBA0, 0x0000,
	0xDBD2, 0x0000,
	0xDB72, 0x0000,
	0xDBA2, 0x0000,
	0xDBD4, 0x0000,
	0xDB74, 0x0000,
	0xDBA4, 0x0000,
	0xDBD6, 0x0000,
	0xDB76, 0x0000,
	0xDBA6, 0x0000,
	0xF370, 0x0204,
	0xF3E4, 0x0000,
	0xF3F4, 0xFFFF,
	0xF3F6, 0xFFFF,
	0xF014, 0x0600,
	0xB270, 0x8708,
	0xB266, 0xC004,
	0xD682, 0xC004,
	0xBF16, 0x6AAA,
	0xDC8C, 0x3F2B,
	0xFCFC, 0x4000,
	0x0808, 0x0201,
	0x0E00, 0x0003,
};

static u16 cjfront_custom4_setting[] = {
	0xFCFC, 0x4000,
	0x0B30, 0x01FF,
	0x6170, 0xFFFF,
	0x6180, 0x0000,
	0x6190, 0x0000,
	0x6200, 0xFFFF,
	0x6202, 0xFFFF,
	0x6204, 0x0000,
	0x6206, 0x0000,
	0x6208, 0x0000,
	0xA100, 0xFFFF,
	0xA102, 0x0000,
	0xA104, 0x0000,
	0xFCFC, 0x4001,
	0x0100, 0xFFFF,
	0x0102, 0xFFFF,
	0x0104, 0x0000,
	0x0106, 0x0000,
	0x0108, 0x0000,
	0xFCFC, 0x4000,
	0x8100, 0xFFFF,
	0x8104, 0x0000,
	0x8108, 0x0000,
	0xFCFC, 0x2000,
	0x7806, 0x0001,
	0x7808, 0x2408,
	0xFCFC, 0x4000,
	0x0344, 0x0000,
	0x0348, 0x201F,
	0x0346, 0x0000,
	0x034A, 0x181F,
	0x034C, 0x2000,
	0x034E, 0x1800,
	0x0350, 0x0010,
	0x0352, 0x0010,
	0x0340, 0x18CA,
	0x0342, 0x2580,
	0x0136, 0x1800,
	0x013E, 0x0000,
	0x0304, 0x0003,
	0x0306, 0x00E6,
	0x030C, 0x0000,
	0x030E, 0x0003,
	0x0310, 0x00BF,
	0x0312, 0x0000,
	0x031A, 0x0003,
	0x031C, 0x0028,
	0x031E, 0x0002,
	0x0202, 0x0014,
	0x0226, 0x0014,
	0x022C, 0x0014,
	0x0702, 0x0000,
	0x0704, 0x0000,
	0x0114, 0x0301,
	0x0118, 0x0004,
	0x011A, 0x0001,
	0x011C, 0x0100,
	0xFCFC, 0x2000,
	0xB176, 0x0600,
	0xB178, 0x0000,
	0x7996, 0x0100,
	0x7994, 0x2020,
	0xFCFC, 0x4000,
	0x0900, 0x0011,
	0x0380, 0x0001,
	0x0382, 0x0001,
	0x0384, 0x0001,
	0x0386, 0x0001,
	0x040C, 0x0000,
	0x0400, 0x1010,
	0x0408, 0x0100,
	0x040A, 0x0100,
	0xFCFC, 0x2000,
	0xD1F6, 0x3A00,
	0xD20C, 0x0908,
	0xD314, 0x2002,
	0xD27A, 0x0500,
	0xD3F0, 0xB01C,
	0xD410, 0x4802,
	0xD426, 0xD204,
	0xD43C, 0x0140,
	0xD412, 0xD204,
	0xD428, 0xEA0A,
	0xD43E, 0x0140,
	0xFCFC, 0x4000,
	0x0260, 0x0001,
	0x0262, 0x0000,
	0x0264, 0x0006,
	0x0266, 0x0700,
	0x0112, 0x0A0A,
	0x0270, 0x2B2B,
	0x0272, 0x2B10,
	0x0274, 0x302B,
	0xFCFC, 0x2001,
	0x44C6, 0x0000,
	0xFCFC, 0x4000,
	0x0B02, 0x0101,
	0x0720, 0x0001,
	0x0722, 0x0800,
	0x0724, 0x0000,
	0x0728, 0x0000,
	0x072A, 0x0000,
	0x072C, 0x0000,
	0x072E, 0x0000,
	0xFCFC, 0x2001,
	0x3132, 0x0100,
	0xFCFC, 0x4000,
	0x021E, 0x0000,
	0x0228, 0x0100,
	0xFCFC, 0x2001,
	0x31D0, 0x0200,
	0x5A70, 0x0000,
	0xFCFC, 0x2000,
	0xDC94, 0x0100,
	0xEF80, 0x0000,
	0x23F0, 0x0001,
	0xF288, 0x0000,
	0xFCFC, 0x2001,
	0x2A30, 0x01FF,
	0x4270, 0x0000,
	0x29BA, 0xFF00,
	0x29A8, 0x0200,
	0xFCFC, 0x4000,
	0x0B04, 0x0001,
	0x0B06, 0x0101,
	0x0B08, 0x0101,
	0x0B0A, 0x0101,
	0x0B0C, 0x0100,
	0xFCFC, 0x2000,
	0xC4E0, 0x0100,
	0xC4F6, 0x0000,
	0xC4E2, 0x0200,
	0xC53C, 0x0100,
	0xC544, 0x0005,
	0xC53E, 0x0000,
	0xB23C, 0x6060,
	0xB242, 0x6060,
	0xC554, 0x530D,
	0xC556, 0x0000,
	0xFCFC, 0x2001,
	0x2920, 0x0100,
	0x31F8, 0x0100,
	0x31FA, 0xCD04,
	0xFCFC, 0x2000,
	0xD856, 0x0507,
	0xD6D4, 0x0000,
	0x799A, 0x0000,
	0xD8A2, 0x0100,
	0xFCFC, 0x4000,
	0x020A, 0x0000,
	0xFCFC, 0x2000,
	0x78C0, 0x0101,
	0x22C2, 0x0600,
	0x22C4, 0xFF1F,
	0x22EC, 0x1F00,
	0x2306, 0xFF3F,
	0x2314, 0xFF00,
	0x2354, 0x0300,
	0xFCFC, 0x4000,
	0x0936, 0x0000,
	0x0C40, 0x0000,
	0xFCFC, 0x2000,
	0x68DE, 0x0000,
	0xFCFC, 0x2001,
	0x2540, 0x0200,
	0x25E0, 0x0000,
	0x25E2, 0x0000,
	0xFCFC, 0x2000,
	0xD718, 0x0002,
	0xBF30, 0x0000,
	0xFCFC, 0x2001,
	0x3C42, 0x0000,
	0x3C46, 0xEB05,
	0x3C52, 0x4006,
	0xFCFC, 0x2000,
	0xD326, 0x0120,
	0xD3EC, 0xB11C,
	0xFCFC, 0x2001,
	0x195E, 0x0100,
	0x1966, 0x0000,
	0xFCFC, 0x4000,
	0x0086, 0x0200,
	0xFCFC, 0x2000,
	0xE980, 0x0005,
	0xC4D8, 0x2000,
	0x795A, 0x1000,
	0x7970, 0x1000,
	0xFCFC, 0x2002,
	0x849E, 0x0000,
	0x84A0, 0x0000,
	0x84A2, 0x0005,
	0xFCFC, 0x2001,
	0x2BB2, 0x1000,
	0x2D32, 0x0010,
	0xFCFC, 0x2000,
	0x703C, 0x0001,
	0x7046, 0x7F02,
	0x7058, 0x8002,
	0x71D4, 0x3F00,
	0x71D6, 0x3D00,
	0x71D8, 0x84F3,
	0x71DA, 0x0040,
	0x7048, 0x2F00,
	0x705A, 0x3000,
	0x7274, 0x0D00,
	0x7276, 0x0C00,
	0x7278, 0x36D2,
	0x727A, 0x0040,
	0x727C, 0x0000,
	0x727E, 0x0000,
	0x7280, 0x0000,
	0x7282, 0x0000,
	0x703E, 0x0000,
	0x704A, 0x0004,
	0x705C, 0x0004,
	0x7314, 0x0000,
	0x7316, 0x0000,
	0x7318, 0x0000,
	0x731A, 0x0000,
	0xBEDC, 0xC526,
	0xBEDE, 0x903E,
	0xBEE0, 0xC00F,
	0xBEE2, 0x0008,
	0xBEE4, 0x0C00,
	0xBEE6, 0x8000,
	0xFCFC, 0x2001,
	0x2A54, 0x0000,
	0x2A56, 0x0800,
	0x2A42, 0x0100,
	0x2A44, 0xB004,
	0x2A46, 0x0000,
	0xFCFC, 0x2000,
	0xD704, 0x0278,
	0x7A0E, 0x1E00,
	0x7A6E, 0x2800,
	0x7A86, 0x2800,
	0x8C9E, 0x5000,
	0x8CCE, 0x2C01,
	0x7A10, 0x0F00,
	0x7A70, 0x1900,
	0x7A88, 0x1900,
	0x8CA0, 0x3500,
	0x8CD0, 0x9600,
	0xB224, 0x0103,
	0xB226, 0x0000,
	0xB220, 0x0000,
	0x7A12, 0x0F00,
	0x7A72, 0x1900,
	0x7A8A, 0x1900,
	0x8CA2, 0x3500,
	0x8CD2, 0x9600,
	0x7EE6, 0x2C00,
	0x7EF2, 0x2C00,
	0x7EFE, 0x6400,
	0x7F0A, 0x5800,
	0x8D0E, 0x0000,
	0x9032, 0x0000,
	0x903E, 0x0000,
	0x7A14, 0x0F00,
	0x7A74, 0x1900,
	0x7A8C, 0x1900,
	0x8CA4, 0x3500,
	0x7F0E, 0x5800,
	0x8CD6, 0x9600,
	0x7BDA, 0x3C00,
	0xD49C, 0x2100,
	0xD4D0, 0x1600,
	0xD4A8, 0x0300,
	0xD4D6, 0x0000,
	0xD4E2, 0x0100,
	0xD4BC, 0x1400,
	0xD4B0, 0x0100,
	0xD4C8, 0x0000,
	0xD624, 0x0000,
	0xD62E, 0x0000,
	0xD638, 0x0000,
	0xD4EA, 0x0100,
	0xD554, 0x0000,
	0xD556, 0x0000,
	0xD560, 0x0000,
	0xD562, 0x0000,
	0xD4DA, 0x0000,
	0xD4E6, 0x0100,
	0xD4C0, 0x1400,
	0xD4B4, 0x0100,
	0xD4CC, 0x0000,
	0xD5BC, 0x0000,
	0xD5BE, 0x0000,
	0xD5C8, 0x0000,
	0xD5CA, 0x0000,
	0xD4D2, 0x2000,
	0xD4DE, 0x0000,
	0xD4B8, 0x3500,
	0xD4AC, 0xD003,
	0xD4C4, 0x0100,
	0xD4EC, 0xBE00,
	0xD4EE, 0xBE00,
	0xD4F8, 0xF001,
	0xD4FA, 0xF001,
	0xBF78, 0x5333,
	0xD896, 0x0000,
	0xFCFC, 0x2001,
	0x1C24, 0x0002,
	0x1C26, 0x0001,
	0x1C28, 0xFF03,
	0x1C2A, 0x0010,
	0x1C2C, 0xD70F,
	0x1C2E, 0x0004,
	0x1C30, 0x0010,
	0x1C32, 0xD70F,
	0x1C34, 0xC20F,
	0x1C4E, 0x0001,
	0x1C50, 0xFF03,
	0x1C52, 0x0010,
	0x1C54, 0xD70F,
	0x1C56, 0x0004,
	0x1C58, 0x0010,
	0x1C5A, 0xD70F,
	0x1C5C, 0xC20F,
	0x1C5E, 0x0000,
	0x1C60, 0x0000,
	0x1C62, 0x0000,
	0x1C64, 0x0000,
	0x1C66, 0x0000,
	0x1C68, 0x0000,
	0x1C6A, 0x0000,
	0x1C6C, 0x0000,
	0x1C76, 0x0001,
	0x1C78, 0xFF03,
	0x1C7A, 0x0010,
	0x1C7C, 0xD70F,
	0x1C7E, 0x0004,
	0x1C80, 0x0010,
	0x1C82, 0xD70F,
	0x1C84, 0xC20F,
	0x1C86, 0x0000,
	0x1C88, 0x0000,
	0x1C8A, 0x0000,
	0x1C8C, 0x0000,
	0x1C8E, 0x0000,
	0x1C90, 0x0000,
	0x1C92, 0x0000,
	0x1C94, 0x0000,
	0x1C9E, 0x0001,
	0x1CA0, 0xFF03,
	0x1CA2, 0x0010,
	0x1CA4, 0xD70F,
	0x1CA6, 0x0004,
	0x1CA8, 0x0010,
	0x1CAA, 0xD70F,
	0x1CAC, 0xC20F,
	0x1CC6, 0x0000,
	0x1CC8, 0x0000,
	0x1CCA, 0x0000,
	0x1CCC, 0x0000,
	0x1CCE, 0x0000,
	0x1CD0, 0x0000,
	0x1CD2, 0x0000,
	0x1CD4, 0x0000,
	0x1CEE, 0x0000,
	0x1CF0, 0x0000,
	0x1CF2, 0x0000,
	0x1CF4, 0x0000,
	0x1CF6, 0x0000,
	0x1CF8, 0x0000,
	0x1CFA, 0x0000,
	0x1CFC, 0x0000,
	0x1CFE, 0x0000,
	0x1D00, 0x0000,
	0x1D02, 0x0000,
	0x1D04, 0x0000,
	0x1D06, 0x0000,
	0x1D08, 0x0000,
	0x1D0A, 0x0000,
	0x1D0C, 0x0000,
	0x1D16, 0x0000,
	0x1D18, 0x0000,
	0x1D1A, 0x0000,
	0x1D1C, 0x0000,
	0x1D1E, 0x0000,
	0x1D20, 0x0000,
	0x1D22, 0x0000,
	0x1D24, 0x0000,
	0x1D26, 0x0000,
	0x1D28, 0x0000,
	0x1D2A, 0x0000,
	0x1D2C, 0x0000,
	0x1D2E, 0x0000,
	0x1D30, 0x0000,
	0x1D32, 0x0000,
	0x1D34, 0x0000,
	0x1D3E, 0x0000,
	0x1D40, 0x0000,
	0x1D42, 0x0000,
	0x1D44, 0x0000,
	0x1D46, 0x0000,
	0x1D48, 0x0000,
	0x1D4A, 0x0000,
	0x1D4C, 0x0000,
	0xFCFC, 0x2000,
	0xB21E, 0x0000,
	0xB222, 0xC000,
	0xB20C, 0x2E00,
	0xB21A, 0x0402,
	0xB378, 0x0100,
	0xDD70, 0x0000,
	0xDE38, 0x0000,
	0xFCFC, 0x2002,
	0xA574, 0x0100,
	0xA59C, 0xA2FD,
	0xA59E, 0xFEFE,
	0xA576, 0x4000,
	0xA588, 0x0800,
	0xA578, 0x8000,
	0xA58A, 0x2100,
	0xA57A, 0x0001,
	0xA58C, 0x2900,
	0xA57C, 0x0002,
	0xA58E, 0x2E00,
	0xA57E, 0x0002,
	0xA590, 0x2E00,
	0xA580, 0x0002,
	0xA592, 0x2E00,
	0xA582, 0x0002,
	0xA594, 0x2E00,
	0xA584, 0x0002,
	0xA596, 0x2E00,
	0xA586, 0x0002,
	0xA598, 0x2E00,
	0xA59A, 0x3000,
	0xA548, 0x0000,
	0xA570, 0x0000,
	0xA54A, 0x0000,
	0xA54C, 0x0000,
	0xA54E, 0x0000,
	0xA550, 0x0000,
	0xA552, 0x0000,
	0xA554, 0x0000,
	0xA556, 0x0000,
	0xA55C, 0x0000,
	0xA55E, 0x0000,
	0xA560, 0x0000,
	0xA562, 0x0000,
	0xA564, 0x0000,
	0xA566, 0x0000,
	0xA568, 0x0000,
	0xA56A, 0x0000,
	0xFCFC, 0x2001,
	0x1D96, 0x0000,
	0x1D98, 0x0000,
	0x1DA6, 0x0000,
	0x1DA8, 0x0000,
	0x1D72, 0x0000,
	0x1D74, 0x0000,
	0x1D82, 0x0000,
	0x1D84, 0x0000,
	0x1D92, 0x0000,
	0x1D94, 0x0000,
	0x1DA2, 0x0000,
	0x1DA4, 0x0000,
	0x1D76, 0x0000,
	0x1D78, 0x0000,
	0x1D86, 0x0000,
	0x1D88, 0x0000,
	0x1E16, 0x2000,
	0x1E18, 0x2000,
	0x1E26, 0x2000,
	0x1E28, 0x2000,
	0x1DF2, 0x2000,
	0x1DF4, 0x2000,
	0x1E02, 0x2000,
	0x1E04, 0x2000,
	0x1E12, 0x2000,
	0x1E14, 0x2000,
	0x1E22, 0x2000,
	0x1E24, 0x2000,
	0x1DF6, 0x2000,
	0x1DF8, 0x2000,
	0x1E06, 0x2000,
	0x1E08, 0x2000,
	0xFCFC, 0x2000,
	0x82BA, 0x3600,
	0x82A2, 0x1200,
	0xFCFC, 0x2001,
	0x427C, 0x2000,
	0x4280, 0x1000,
	0x4362, 0x0100,
	0x43AA, 0x0000,
	0x43AC, 0x0000,
	0x43C6, 0x010A,
	0x43B4, 0x0000,
	0x43B6, 0x0000,
	0x4396, 0x0C00,
	0x4398, 0x0E00,
	0x437E, 0xA400,
	0xFCFC, 0x2000,
	0xB322, 0x0101,
	0xB324, 0x0100,
	0xB330, 0x2828,
	0xB34A, 0x2828,
	0xB360, 0x2828,
	0xFCFC, 0x2001,
	0x4292, 0x0000,
	0x4364, 0x0000,
	0x4366, 0x0000,
	0x4370, 0x0000,
	0x4290, 0x0100,
	0xFCFC, 0x2002,
	0x84C4, 0x0000,
	0x84A4, 0x0000,
	0xFCFC, 0x2000,
	0xD684, 0x4004,
	0xB268, 0x4004,
	0xF09A, 0x00FF,
	0xF2E0, 0x0000,
	0xF372, 0x0000,
	0xF0AA, 0xFFFF,
	0xF0AC, 0xFFFF,
	0xF2EA, 0x4000,
	0xDADA, 0x0001,
	0xDB3C, 0x12D2,
	0xDADC, 0x0000,
	0xDB0C, 0x0000,
	0xDB3E, 0x12D2,
	0xDADE, 0x3000,
	0xDB0E, 0x0080,
	0xDB40, 0x12D2,
	0xDAE0, 0x8001,
	0xDB10, 0x0000,
	0xDB42, 0x0000,
	0xDAE2, 0x0000,
	0xDB12, 0x0000,
	0xDB44, 0x0000,
	0xDAE4, 0x0000,
	0xDB14, 0x0000,
	0xDB46, 0x0000,
	0xDAE6, 0x0000,
	0xDB16, 0x0000,
	0xDBCC, 0x0000,
	0xDB6C, 0x0000,
	0xDB9C, 0x0000,
	0xDBCE, 0x0000,
	0xDB6E, 0x0000,
	0xDB9E, 0x0000,
	0xDBD0, 0x0000,
	0xDB70, 0x0000,
	0xDBA0, 0x0000,
	0xDBD2, 0x0000,
	0xDB72, 0x0000,
	0xDBA2, 0x0000,
	0xDBD4, 0x0000,
	0xDB74, 0x0000,
	0xDBA4, 0x0000,
	0xDBD6, 0x0000,
	0xDB76, 0x0000,
	0xDBA6, 0x0000,
	0xF370, 0x0203,
	0xF3E4, 0x0301,
	0xF3F4, 0xC800,
	0xF3F6, 0xD710,
	0xF014, 0x0600,
	0xB270, 0x8708,
	0xB266, 0xC004,
	0xD682, 0xC004,
	0xBF16, 0x0BAA,
	0xDC8C, 0x3F2B,
	0xFCFC, 0x4000,
	0x0808, 0x0201,
	0x0E00, 0x0003,
};

static u16 cjfront_custom5_setting[] = {
	0xFCFC, 0x4000,
	0x0B30, 0x01FF,
	0x6170, 0xFFFF,
	0x6180, 0x0000,
	0x6190, 0x0000,
	0x6200, 0xFFFF,
	0x6202, 0xFFFF,
	0x6204, 0x0000,
	0x6206, 0x0000,
	0x6208, 0x0000,
	0xA100, 0xFFFF,
	0xA102, 0x0000,
	0xA104, 0x0000,
	0xFCFC, 0x4001,
	0x0100, 0xFFFF,
	0x0102, 0xFFFF,
	0x0104, 0x0000,
	0x0106, 0x0000,
	0x0108, 0x0000,
	0xFCFC, 0x4000,
	0x8100, 0xFFFF,
	0x8104, 0x0000,
	0x8108, 0x0000,
	0xFCFC, 0x2000,
	0x7806, 0x0001,
	0x7808, 0x2408,
	0xFCFC, 0x4000,
	0x0344, 0x0000,
	0x0348, 0x201F,
	0x0346, 0x0000,
	0x034A, 0x181F,
	0x034C, 0x1000,
	0x034E, 0x0C00,
	0x0350, 0x0008,
	0x0352, 0x0008,
	0x0340, 0x1908,
	0x0342, 0x12B0,
	0x0136, 0x1800,
	0x013E, 0x0000,
	0x0304, 0x0003,
	0x0306, 0x00E6,
	0x030C, 0x0000,
	0x030E, 0x0003,
	0x0310, 0x00BF,
	0x0312, 0x0000,
	0x031A, 0x0003,
	0x031C, 0x0028,
	0x031E, 0x0002,
	0x0202, 0x0014,
	0x0226, 0x0014,
	0x022C, 0x0014,
	0x0702, 0x0000,
	0x0704, 0x0000,
	0x0114, 0x0301,
	0x0118, 0x0004,
	0x011A, 0x0001,
	0x011C, 0x0100,
	0xFCFC, 0x2000,
	0xB176, 0x0602,
	0xB178, 0x0000,
	0x7996, 0x0101,
	0x7994, 0x2020,
	0xFCFC, 0x4000,
	0x0900, 0x2222,
	0x0380, 0x0002,
	0x0382, 0x0002,
	0x0384, 0x0002,
	0x0386, 0x0002,
	0x040C, 0x0000,
	0x0400, 0x1010,
	0x0408, 0x0100,
	0x040A, 0x0100,
	0xFCFC, 0x2000,
	0xD1F6, 0x3A00,
	0xD20C, 0x0908,
	0xD314, 0x2002,
	0xD27A, 0x0500,
	0xD3F0, 0xB01C,
	0xD410, 0x4802,
	0xD426, 0xD204,
	0xD43C, 0x0140,
	0xD412, 0xD204,
	0xD428, 0xEA0A,
	0xD43E, 0x0140,
	0xFCFC, 0x4000,
	0x0260, 0x0001,
	0x0262, 0x0000,
	0x0264, 0x0006,
	0x0266, 0x0700,
	0x0112, 0x0A0A,
	0x0270, 0x2B2B,
	0x0272, 0x2B10,
	0x0274, 0x302B,
	0xFCFC, 0x2001,
	0x44C6, 0x0000,
	0xFCFC, 0x4000,
	0x0B02, 0x0102,
	0x0720, 0x0000,
	0x0722, 0x0800,
	0x0724, 0x0000,
	0x0728, 0x0000,
	0x072A, 0x0000,
	0x072C, 0x0000,
	0x072E, 0x0000,
	0xFCFC, 0x2001,
	0x3132, 0x0200,
	0xFCFC, 0x4000,
	0x021E, 0x0000,
	0x0228, 0x0100,
	0xFCFC, 0x2001,
	0x31D0, 0x0000,
	0x5A70, 0x0000,
	0xFCFC, 0x2000,
	0xDC94, 0x0103,
	0xEF80, 0x0000,
	0x23F0, 0x0001,
	0xF288, 0x0000,
	0xFCFC, 0x2001,
	0x2A30, 0x01FF,
	0x4270, 0x0000,
	0x29BA, 0x2000,
	0x29A8, 0x0100,
	0xFCFC, 0x4000,
	0x0B04, 0x0001,
	0x0B06, 0x0101,
	0x0B08, 0x0100,
	0x0B0A, 0x0101,
	0x0B0C, 0x0100,
	0xFCFC, 0x2000,
	0xC4E0, 0x0100,
	0xC4F6, 0x0000,
	0xC4E2, 0x0000,
	0xC53C, 0x0500,
	0xC544, 0x0005,
	0xC53E, 0x0000,
	0xB23C, 0x6060,
	0xB242, 0x6060,
	0xC554, 0x0010,
	0xC556, 0x0000,
	0xFCFC, 0x2001,
	0x2920, 0x0100,
	0x31F8, 0x0000,
	0x31FA, 0x0000,
	0xFCFC, 0x2000,
	0xD856, 0x0507,
	0xD6D4, 0x0000,
	0x799A, 0x0000,
	0xD8A2, 0x0100,
	0xFCFC, 0x4000,
	0x020A, 0x0000,
	0xFCFC, 0x2000,
	0x78C0, 0x0101,
	0x22C2, 0x0600,
	0x22C4, 0xFF1F,
	0x22EC, 0x1F00,
	0x2306, 0xFF3F,
	0x2314, 0xFF00,
	0x2354, 0x0300,
	0xFCFC, 0x4000,
	0x0936, 0x0000,
	0x0C40, 0x0000,
	0xFCFC, 0x2000,
	0x68DE, 0x0000,
	0xFCFC, 0x2001,
	0x2540, 0x0000,
	0x25E0, 0x0000,
	0x25E2, 0x0000,
	0xFCFC, 0x2000,
	0xD718, 0x0002,
	0xBF30, 0x0000,
	0xFCFC, 0x2001,
	0x3C42, 0x0000,
	0x3C46, 0xEB05,
	0x3C52, 0x4006,
	0xFCFC, 0x2000,
	0xD326, 0x0110,
	0xD3EC, 0xB01C,
	0xFCFC, 0x2001,
	0x195E, 0x0100,
	0x1966, 0x0000,
	0xFCFC, 0x4000,
	0x0086, 0x1400,
	0xFCFC, 0x2000,
	0xE980, 0x9E04,
	0xC4D8, 0x2000,
	0x795A, 0x2000,
	0x7970, 0x2000,
	0xFCFC, 0x2002,
	0x849E, 0x0000,
	0x84A0, 0x0000,
	0x84A2, 0x0005,
	0xFCFC, 0x2001,
	0x2BB2, 0x1000,
	0x2D32, 0x0010,
	0xFCFC, 0x2000,
	0x703C, 0x0101,
	0x7046, 0x7F02,
	0x7058, 0x8002,
	0x71D4, 0x3F00,
	0x71D6, 0x3D00,
	0x71D8, 0x84F3,
	0x71DA, 0x0040,
	0x7048, 0x1F02,
	0x705A, 0x2002,
	0x7274, 0x0B00,
	0x7276, 0x0B00,
	0x7278, 0x36D2,
	0x727A, 0x0040,
	0x727C, 0x0000,
	0x727E, 0x0000,
	0x7280, 0x0000,
	0x7282, 0x0000,
	0x703E, 0x0100,
	0x704A, 0x000A,
	0x705C, 0x010A,
	0x7314, 0x2E00,
	0x7316, 0x3000,
	0x7318, 0x9EFD,
	0x731A, 0x0040,
	0xBEDC, 0xC526,
	0xBEDE, 0x903E,
	0xBEE0, 0xC00F,
	0xBEE2, 0x0008,
	0xBEE4, 0x0C00,
	0xBEE6, 0x8000,
	0xFCFC, 0x2001,
	0x2A54, 0x0000,
	0x2A56, 0x0400,
	0x2A42, 0x0100,
	0x2A44, 0x3907,
	0x2A46, 0x0000,
	0xFCFC, 0x2000,
	0xD704, 0x0278,
	0x7A0E, 0x0F00,
	0x7A6E, 0x1900,
	0x7A86, 0x1900,
	0x8C9E, 0x3500,
	0x8CCE, 0x9600,
	0x7A10, 0x0F00,
	0x7A70, 0x1900,
	0x7A88, 0x1900,
	0x8CA0, 0x3500,
	0x8CD0, 0x9600,
	0xB224, 0x0103,
	0xB226, 0x0000,
	0xB220, 0x0103,
	0x7A12, 0x0F00,
	0x7A72, 0x1900,
	0x7A8A, 0x1900,
	0x8CA2, 0x7000,
	0x8CD2, 0xBE00,
	0x7EE6, 0x2C00,
	0x7EF2, 0x2C00,
	0x7EFE, 0x6400,
	0x7F0A, 0x5800,
	0x8D0E, 0x0000,
	0x9032, 0x0000,
	0x903E, 0x0000,
	0x7A14, 0x0F00,
	0x7A74, 0x1900,
	0x7A8C, 0x1900,
	0x8CA4, 0x3500,
	0x7F0E, 0x5800,
	0x8CD6, 0x9600,
	0x7BDA, 0x4C00,
	0xD49C, 0x2100,
	0xD4D0, 0x0A00,
	0xD4A8, 0x0100,
	0xD4D6, 0x1A00,
	0xD4E2, 0x0000,
	0xD4BC, 0x3F00,
	0xD4B0, 0x5800,
	0xD4C8, 0x0100,
	0xD624, 0x0000,
	0xD62E, 0x0000,
	0xD638, 0x0000,
	0xD4EA, 0x0100,
	0xD554, 0xC400,
	0xD556, 0xC400,
	0xD560, 0x5203,
	0xD562, 0x5203,
	0xD4DA, 0x0000,
	0xD4E6, 0x0100,
	0xD4C0, 0x1400,
	0xD4B4, 0x0100,
	0xD4CC, 0x0000,
	0xD5BC, 0x0000,
	0xD5BE, 0x0000,
	0xD5C8, 0x0000,
	0xD5CA, 0x0000,
	0xD4D2, 0x0000,
	0xD4DE, 0x0100,
	0xD4B8, 0x1400,
	0xD4AC, 0x0100,
	0xD4C4, 0x0000,
	0xD4EC, 0x0000,
	0xD4EE, 0x0000,
	0xD4F8, 0x0000,
	0xD4FA, 0x0000,
	0xBF78, 0x5333,
	0xD896, 0x0000,
	0xFCFC, 0x2001,
	0x1C24, 0x0002,
	0x1C26, 0x8001,
	0x1C28, 0x8004,
	0x1C2A, 0x2010,
	0x1C2C, 0x2010,
	0x1C2E, 0x0005,
	0x1C30, 0x00A0,
	0x1C32, 0x2810,
	0x1C34, 0x2810,
	0x1C4E, 0x8001,
	0x1C50, 0x8004,
	0x1C52, 0x0010,
	0x1C54, 0x0010,
	0x1C56, 0x0005,
	0x1C58, 0x00A0,
	0x1C5A, 0x2810,
	0x1C5C, 0x2810,
	0x1C5E, 0x0000,
	0x1C60, 0x0000,
	0x1C62, 0x0000,
	0x1C64, 0x0000,
	0x1C66, 0x0000,
	0x1C68, 0x0000,
	0x1C6A, 0x0000,
	0x1C6C, 0x0000,
	0x1C76, 0x8001,
	0x1C78, 0x8004,
	0x1C7A, 0x2010,
	0x1C7C, 0x2010,
	0x1C7E, 0x0005,
	0x1C80, 0x00A0,
	0x1C82, 0x2810,
	0x1C84, 0x2810,
	0x1C86, 0x0000,
	0x1C88, 0x0000,
	0x1C8A, 0x0000,
	0x1C8C, 0x0000,
	0x1C8E, 0x0000,
	0x1C90, 0x0000,
	0x1C92, 0x0000,
	0x1C94, 0x0000,
	0x1C9E, 0x8001,
	0x1CA0, 0x8004,
	0x1CA2, 0x2010,
	0x1CA4, 0x2010,
	0x1CA6, 0x0005,
	0x1CA8, 0x00A0,
	0x1CAA, 0x2810,
	0x1CAC, 0x2810,
	0x1CC6, 0x8001,
	0x1CC8, 0x8004,
	0x1CCA, 0x2010,
	0x1CCC, 0x2010,
	0x1CCE, 0x0005,
	0x1CD0, 0x00A0,
	0x1CD2, 0x2810,
	0x1CD4, 0x2810,
	0x1CEE, 0x8001,
	0x1CF0, 0x8004,
	0x1CF2, 0x0010,
	0x1CF4, 0x0010,
	0x1CF6, 0x0005,
	0x1CF8, 0x00A0,
	0x1CFA, 0x2810,
	0x1CFC, 0x2810,
	0x1CFE, 0x0000,
	0x1D00, 0x0000,
	0x1D02, 0x0000,
	0x1D04, 0x0000,
	0x1D06, 0x0000,
	0x1D08, 0x0000,
	0x1D0A, 0x0000,
	0x1D0C, 0x0000,
	0x1D16, 0x8001,
	0x1D18, 0x8004,
	0x1D1A, 0x2010,
	0x1D1C, 0x2010,
	0x1D1E, 0x0005,
	0x1D20, 0x00A0,
	0x1D22, 0x2810,
	0x1D24, 0x2810,
	0x1D26, 0x0000,
	0x1D28, 0x0000,
	0x1D2A, 0x0000,
	0x1D2C, 0x0000,
	0x1D2E, 0x0000,
	0x1D30, 0x0000,
	0x1D32, 0x0000,
	0x1D34, 0x0000,
	0x1D3E, 0x8001,
	0x1D40, 0x8004,
	0x1D42, 0x2010,
	0x1D44, 0x2010,
	0x1D46, 0x0005,
	0x1D48, 0x00A0,
	0x1D4A, 0x2810,
	0x1D4C, 0x2810,
	0xFCFC, 0x2000,
	0xB21E, 0x0000,
	0xB222, 0xC000,
	0xB20C, 0x2E00,
	0xB21A, 0x0402,
	0xB378, 0x0100,
	0xDD70, 0x0000,
	0xDE38, 0x0000,
	0xFCFC, 0x2002,
	0xA574, 0x0100,
	0xA59C, 0xA2FD,
	0xA59E, 0xFEFE,
	0xA576, 0x4000,
	0xA588, 0x0E00,
	0xA578, 0x8000,
	0xA58A, 0x2000,
	0xA57A, 0xA000,
	0xA58C, 0x2800,
	0xA57C, 0x4001,
	0xA58E, 0x1400,
	0xA57E, 0x8002,
	0xA590, 0x2200,
	0xA580, 0x0005,
	0xA592, 0x2800,
	0xA582, 0x000A,
	0xA594, 0x2C00,
	0xA584, 0xA00F,
	0xA596, 0x2E00,
	0xA586, 0x4011,
	0xA598, 0x3200,
	0xA59A, 0x3500,
	0xA548, 0x0000,
	0xA570, 0x0000,
	0xA54A, 0x0000,
	0xA54C, 0x0000,
	0xA54E, 0x0000,
	0xA550, 0x0000,
	0xA552, 0x0000,
	0xA554, 0x0000,
	0xA556, 0x0000,
	0xA55C, 0x0000,
	0xA55E, 0x0000,
	0xA560, 0x0000,
	0xA562, 0x0000,
	0xA564, 0x0000,
	0xA566, 0x0000,
	0xA568, 0x0000,
	0xA56A, 0x0000,
	0xFCFC, 0x2001,
	0x1D96, 0x0000,
	0x1D98, 0x0000,
	0x1DA6, 0x0000,
	0x1DA8, 0x0000,
	0x1D72, 0x0000,
	0x1D74, 0x0000,
	0x1D82, 0x0000,
	0x1D84, 0x0000,
	0x1D92, 0x0000,
	0x1D94, 0x0000,
	0x1DA2, 0x0000,
	0x1DA4, 0x0000,
	0x1D76, 0x0000,
	0x1D78, 0x0000,
	0x1D86, 0x0000,
	0x1D88, 0x0000,
	0x1E16, 0x1600,
	0x1E18, 0x1600,
	0x1E26, 0x1600,
	0x1E28, 0x1600,
	0x1DF2, 0x1600,
	0x1DF4, 0x1600,
	0x1E02, 0x1600,
	0x1E04, 0x1600,
	0x1E12, 0x1600,
	0x1E14, 0x1600,
	0x1E22, 0x1600,
	0x1E24, 0x1600,
	0x1DF6, 0x1600,
	0x1DF8, 0x1600,
	0x1E06, 0x1600,
	0x1E08, 0x1600,
	0xFCFC, 0x2000,
	0x82BA, 0x3300,
	0x82A2, 0x1400,
	0xFCFC, 0x2001,
	0x427C, 0x2000,
	0x4280, 0x1000,
	0x4362, 0x0100,
	0x43AA, 0x0000,
	0x43AC, 0x0000,
	0x43C6, 0x0114,
	0x43B4, 0x0000,
	0x43B6, 0x0000,
	0x4396, 0x0B00,
	0x4398, 0x0B00,
	0x437E, 0xE400,
	0xFCFC, 0x2000,
	0xB322, 0x0101,
	0xB324, 0x0100,
	0xB330, 0x2828,
	0xB34A, 0x2828,
	0xB360, 0x2828,
	0xFCFC, 0x2001,
	0x4292, 0x0000,
	0x4364, 0x0000,
	0x4366, 0x0000,
	0x4370, 0x0000,
	0x4290, 0x0100,
	0xFCFC, 0x2002,
	0x84C4, 0x0100,
	0x84A4, 0x0000,
	0xFCFC, 0x2000,
	0xD684, 0x80F3,
	0xB268, 0x80F3,
	0xF09A, 0x00FF,
	0xF2E0, 0x0000,
	0xF372, 0x0000,
	0xF0AA, 0xFFFF,
	0xF0AC, 0xFFFF,
	0xF2EA, 0x4000,
	0xDADA, 0x0001,
	0xDB3C, 0xD2FD,
	0xDADC, 0x0000,
	0xDB0C, 0x1F1F,
	0xDB3E, 0x12D2,
	0xDADE, 0x0000,
	0xDB0E, 0x0080,
	0xDB40, 0x12D2,
	0xDAE0, 0xA000,
	0xDB10, 0x0040,
	0xDB42, 0x12D2,
	0xDAE2, 0x0001,
	0xDB12, 0x0020,
	0xDB44, 0x12D2,
	0xDAE4, 0x0005,
	0xDB14, 0x0040,
	0xDB46, 0x12D2,
	0xDAE6, 0x4011,
	0xDB16, 0x0060,
	0xDBCC, 0x0000,
	0xDB6C, 0x0000,
	0xDB9C, 0x0000,
	0xDBCE, 0x0000,
	0xDB6E, 0x0000,
	0xDB9E, 0x0000,
	0xDBD0, 0x0000,
	0xDB70, 0x0000,
	0xDBA0, 0x0000,
	0xDBD2, 0x0000,
	0xDB72, 0x0000,
	0xDBA2, 0x0000,
	0xDBD4, 0x0000,
	0xDB74, 0x0000,
	0xDBA4, 0x0000,
	0xDBD6, 0x0000,
	0xDB76, 0x0000,
	0xDBA6, 0x0000,
	0xF370, 0x0203,
	0xF3E4, 0x0301,
	0xF3F4, 0xC800,
	0xF3F6, 0xD610,
	0xF014, 0x0700,
	0xB270, 0x8708,
	0xB266, 0xC004,
	0xD682, 0xC004,
	0xBF16, 0x0BAA,
	0xDC8C, 0x3F0B,
	0xFCFC, 0x4000,
	0x0808, 0x0201,
	0x0E00, 0x0003,
};

static u16 cjfront_custom6_setting[] = {
	0xFCFC, 0x4000,
	0x0B30, 0x01FF,
	0x6170, 0xFFFF,
	0x6180, 0x0000,
	0x6190, 0x0000,
	0x6200, 0xFFFF,
	0x6202, 0xFFFF,
	0x6204, 0x0000,
	0x6206, 0x0000,
	0x6208, 0x0000,
	0xA100, 0xFFFF,
	0xA102, 0x0000,
	0xA104, 0x0000,
	0xFCFC, 0x4001,
	0x0100, 0xFFFF,
	0x0102, 0xFFFF,
	0x0104, 0x0000,
	0x0106, 0x0000,
	0x0108, 0x0000,
	0xFCFC, 0x4000,
	0x8100, 0xFFFF,
	0x8104, 0x0000,
	0x8108, 0x0000,
	0xFCFC, 0x2000,
	0x7806, 0x0000,
	0x7808, 0x0000,
	0xFCFC, 0x4000,
	0x0344, 0x0110,
	0x0348, 0x1F0F,
	0x0346, 0x00D0,
	0x034A, 0x174F,
	0x034C, 0x0280,
	0x034E, 0x01E0,
	0x0350, 0x0000,
	0x0352, 0x0000,
	0x0340, 0x2580,
	0x0342, 0x2570,
	0x0136, 0x1800,
	0x013E, 0x0000,
	0x0304, 0x0003,
	0x0306, 0x00E6,
	0x030C, 0x0000,
	0x030E, 0x0003,
	0x0310, 0x0094,
	0x0312, 0x0002,
	0x031A, 0x0003,
	0x031C, 0x0028,
	0x031E, 0x0002,
	0x0202, 0x0014,
	0x0226, 0x0014,
	0x022C, 0x0014,
	0x0702, 0x0000,
	0x0704, 0x0000,
	0x0114, 0x0301,
	0x0118, 0x0004,
	0x011A, 0x0001,
	0x011C, 0x0100,
	0xFCFC, 0x2000,
	0xB176, 0x0604,
	0xB178, 0x0000,
	0x7996, 0x0101,
	0x7994, 0x2020,
	0xFCFC, 0x4000,
	0x0900, 0x33CC,
	0x0380, 0x0002,
	0x0382, 0x0016,
	0x0384, 0x0002,
	0x0386, 0x0016,
	0x040C, 0x0000,
	0x0400, 0x1010,
	0x0408, 0x0100,
	0x040A, 0x0100,
	0xFCFC, 0x2000,
	0xD1F6, 0x3A00,
	0xD20C, 0x0908,
	0xD314, 0x2002,
	0xD27A, 0x0500,
	0xD3F0, 0xB01C,
	0xD410, 0x4802,
	0xD426, 0xD204,
	0xD43C, 0x0140,
	0xD412, 0xD204,
	0xD428, 0xEA0A,
	0xD43E, 0x0140,
	0xFCFC, 0x4000,
	0x0260, 0x0001,
	0x0262, 0x0000,
	0x0264, 0x0406,
	0x0266, 0x0700,
	0x0112, 0x0A0A,
	0x0270, 0x2B2B,
	0x0272, 0x2B10,
	0x0274, 0x302B,
	0xFCFC, 0x2001,
	0x44C6, 0x0000,
	0xFCFC, 0x4000,
	0x0B02, 0x0100,
	0x0720, 0x0000,
	0x0722, 0x0800,
	0x0724, 0x0000,
	0x0728, 0x0000,
	0x072A, 0x0000,
	0x072C, 0x0000,
	0x072E, 0x0000,
	0xFCFC, 0x2001,
	0x3132, 0x0000,
	0xFCFC, 0x4000,
	0x021E, 0x0000,
	0x0228, 0x0100,
	0xFCFC, 0x2001,
	0x31D0, 0x0000,
	0x5A70, 0x0000,
	0xFCFC, 0x2000,
	0xDC94, 0x0101,
	0xEF80, 0x0000,
	0x23F0, 0x0001,
	0xF288, 0x0000,
	0xFCFC, 0x2001,
	0x2A30, 0x01FF,
	0x4270, 0x0000,
	0x29BA, 0xFF00,
	0x29A8, 0x0000,
	0xFCFC, 0x4000,
	0x0B04, 0x0001,
	0x0B06, 0x0001,
	0x0B08, 0x0000,
	0x0B0A, 0x0101,
	0x0B0C, 0x0100,
	0xFCFC, 0x2000,
	0xC4E0, 0x0100,
	0xC4F6, 0x0000,
	0xC4E2, 0x0000,
	0xC53C, 0x0500,
	0xC544, 0x0005,
	0xC53E, 0x0000,
	0xB23C, 0x6060,
	0xB242, 0x6060,
	0xC554, 0x0010,
	0xC556, 0x0000,
	0xFCFC, 0x2001,
	0x2920, 0x0000,
	0x31F8, 0x0000,
	0x31FA, 0x0000,
	0xFCFC, 0x2000,
	0xD856, 0x0507,
	0xD6D4, 0x0000,
	0x799A, 0x0000,
	0xD8A2, 0x0100,
	0xFCFC, 0x4000,
	0x020A, 0x0000,
	0xFCFC, 0x2000,
	0x78C0, 0x0001,
	0x22C2, 0x0600,
	0x22C4, 0xFF1F,
	0x22EC, 0x1F00,
	0x2306, 0xFF3F,
	0x2314, 0xFF00,
	0x2354, 0x0300,
	0xFCFC, 0x4000,
	0x0936, 0x0100,
	0x0C40, 0x0000,
	0xFCFC, 0x2000,
	0x68DE, 0x0000,
	0xFCFC, 0x2001,
	0x2540, 0x0000,
	0x25E0, 0x0000,
	0x25E2, 0x0000,
	0xFCFC, 0x2000,
	0xD718, 0x0402,
	0xBF30, 0x0700,
	0xFCFC, 0x2001,
	0x3C42, 0x0100,
	0x3C46, 0x0000,
	0x3C52, 0x801C,
	0xFCFC, 0x2000,
	0xD326, 0x0110,
	0xD3EC, 0xB01C,
	0xFCFC, 0x2001,
	0x195E, 0x0100,
	0x1966, 0x0000,
	0xFCFC, 0x4000,
	0x0086, 0x0A00,
	0xFCFC, 0x2000,
	0xE980, 0x9E04,
	0xC4D8, 0x2000,
	0x795A, 0x2000,
	0x7970, 0x2000,
	0xFCFC, 0x2002,
	0x849E, 0x0000,
	0x84A0, 0x0000,
	0x84A2, 0x0005,
	0xFCFC, 0x2001,
	0x2BB2, 0x1000,
	0x2D32, 0x0010,
	0xFCFC, 0x2000,
	0x703C, 0x0001,
	0x7046, 0x7F02,
	0x7058, 0x8002,
	0x71D4, 0x3F00,
	0x71D6, 0x3D00,
	0x71D8, 0x84F3,
	0x71DA, 0x0040,
	0x7048, 0xDF01,
	0x705A, 0xE001,
	0x7274, 0x0C00,
	0x7276, 0x0B00,
	0x7278, 0x36D2,
	0x727A, 0x0040,
	0x727C, 0x0000,
	0x727E, 0x0000,
	0x7280, 0x0000,
	0x7282, 0x0000,
	0x703E, 0x0100,
	0x704A, 0x000A,
	0x705C, 0x010A,
	0x7314, 0x2E00,
	0x7316, 0x3000,
	0x7318, 0x9EFD,
	0x731A, 0x0040,
	0xBEDC, 0xC526,
	0xBEDE, 0x807E,
	0xBEE0, 0xC00F,
	0xBEE2, 0x0008,
	0xBEE4, 0x2C00,
	0xBEE6, 0x8000,
	0xFCFC, 0x2001,
	0x2A54, 0x0000,
	0x2A56, 0x0100,
	0x2A42, 0x0000,
	0x2A44, 0x0000,
	0x2A46, 0x0000,
	0xFCFC, 0x2000,
	0xD704, 0x0278,
	0x7A0E, 0x0F00,
	0x7A6E, 0x1900,
	0x7A86, 0x1900,
	0x8C9E, 0x3500,
	0x8CCE, 0x9600,
	0x7A10, 0x0F00,
	0x7A70, 0x1900,
	0x7A88, 0x1900,
	0x8CA0, 0x3500,
	0x8CD0, 0x9600,
	0xB224, 0x0103,
	0xB226, 0x0000,
	0xB220, 0x0103,
	0x7A12, 0x0F00,
	0x7A72, 0x1900,
	0x7A8A, 0x1900,
	0x8CA2, 0x3500,
	0x8CD2, 0x9600,
	0x7EE6, 0x2C00,
	0x7EF2, 0x2C00,
	0x7EFE, 0x6400,
	0x7F0A, 0x5800,
	0x8D0E, 0x0000,
	0x9032, 0x0000,
	0x903E, 0x0000,
	0x7A14, 0x0F00,
	0x7A74, 0x1900,
	0x7A8C, 0x1900,
	0x8CA4, 0x3500,
	0x7F0E, 0x5800,
	0x8CD6, 0x9600,
	0x7BDA, 0x3C00,
	0xD49C, 0x0000,
	0xD4D0, 0x0A00,
	0xD4A8, 0x0300,
	0xD4D6, 0x0000,
	0xD4E2, 0x0100,
	0xD4BC, 0x1400,
	0xD4B0, 0x0100,
	0xD4C8, 0x0000,
	0xD624, 0x0000,
	0xD62E, 0x0000,
	0xD638, 0x0000,
	0xD4EA, 0x0100,
	0xD554, 0x0000,
	0xD556, 0x0000,
	0xD560, 0x0000,
	0xD562, 0x0000,
	0xD4DA, 0x1A00,
	0xD4E6, 0x0000,
	0xD4C0, 0x3800,
	0xD4B4, 0x8E01,
	0xD4CC, 0x0100,
	0xD5BC, 0xC400,
	0xD5BE, 0xC400,
	0xD5C8, 0x5203,
	0xD5CA, 0x5203,
	0xD4D2, 0x0000,
	0xD4DE, 0x0100,
	0xD4B8, 0x1400,
	0xD4AC, 0x0100,
	0xD4C4, 0x0000,
	0xD4EC, 0x0000,
	0xD4EE, 0x0000,
	0xD4F8, 0x0000,
	0xD4FA, 0x0000,
	0xBF78, 0x5333,
	0xD896, 0x0000,
	0xFCFC, 0x2001,
	0x1C24, 0x0000,
	0x1C26, 0x0000,
	0x1C28, 0x0000,
	0x1C2A, 0x0000,
	0x1C2C, 0x0000,
	0x1C2E, 0x0000,
	0x1C30, 0x0000,
	0x1C32, 0x0000,
	0x1C34, 0x0000,
	0x1C4E, 0x0000,
	0x1C50, 0x0000,
	0x1C52, 0x0000,
	0x1C54, 0x0000,
	0x1C56, 0x0000,
	0x1C58, 0x0000,
	0x1C5A, 0x0000,
	0x1C5C, 0x0000,
	0x1C5E, 0x0000,
	0x1C60, 0x0000,
	0x1C62, 0x0000,
	0x1C64, 0x0000,
	0x1C66, 0x0000,
	0x1C68, 0x0000,
	0x1C6A, 0x0000,
	0x1C6C, 0x0000,
	0x1C76, 0x0000,
	0x1C78, 0x0000,
	0x1C7A, 0x0000,
	0x1C7C, 0x0000,
	0x1C7E, 0x0000,
	0x1C80, 0x0000,
	0x1C82, 0x0000,
	0x1C84, 0x0000,
	0x1C86, 0x0000,
	0x1C88, 0x0000,
	0x1C8A, 0x0000,
	0x1C8C, 0x0000,
	0x1C8E, 0x0000,
	0x1C90, 0x0000,
	0x1C92, 0x0000,
	0x1C94, 0x0000,
	0x1C9E, 0x0000,
	0x1CA0, 0x0000,
	0x1CA2, 0x0000,
	0x1CA4, 0x0000,
	0x1CA6, 0x0000,
	0x1CA8, 0x0000,
	0x1CAA, 0x0000,
	0x1CAC, 0x0000,
	0x1CC6, 0x0000,
	0x1CC8, 0x0000,
	0x1CCA, 0x0000,
	0x1CCC, 0x0000,
	0x1CCE, 0x0000,
	0x1CD0, 0x0000,
	0x1CD2, 0x0000,
	0x1CD4, 0x0000,
	0x1CEE, 0x0000,
	0x1CF0, 0x0000,
	0x1CF2, 0x0000,
	0x1CF4, 0x0000,
	0x1CF6, 0x0000,
	0x1CF8, 0x0000,
	0x1CFA, 0x0000,
	0x1CFC, 0x0000,
	0x1CFE, 0x0000,
	0x1D00, 0x0000,
	0x1D02, 0x0000,
	0x1D04, 0x0000,
	0x1D06, 0x0000,
	0x1D08, 0x0000,
	0x1D0A, 0x0000,
	0x1D0C, 0x0000,
	0x1D16, 0x0000,
	0x1D18, 0x0000,
	0x1D1A, 0x0000,
	0x1D1C, 0x0000,
	0x1D1E, 0x0000,
	0x1D20, 0x0000,
	0x1D22, 0x0000,
	0x1D24, 0x0000,
	0x1D26, 0x0000,
	0x1D28, 0x0000,
	0x1D2A, 0x0000,
	0x1D2C, 0x0000,
	0x1D2E, 0x0000,
	0x1D30, 0x0000,
	0x1D32, 0x0000,
	0x1D34, 0x0000,
	0x1D3E, 0x0000,
	0x1D40, 0x0000,
	0x1D42, 0x0000,
	0x1D44, 0x0000,
	0x1D46, 0x0000,
	0x1D48, 0x0000,
	0x1D4A, 0x0000,
	0x1D4C, 0x0000,
	0xFCFC, 0x2000,
	0xB21E, 0x0000,
	0xB222, 0xC000,
	0xB20C, 0x2E00,
	0xB21A, 0x0402,
	0xB378, 0x0100,
	0xDD70, 0x0000,
	0xDE38, 0x0000,
	0xFCFC, 0x2002,
	0xA574, 0x0100,
	0xA59C, 0xA2FD,
	0xA59E, 0xFEFE,
	0xA576, 0x4000,
	0xA588, 0x1400,
	0xA578, 0x8000,
	0xA58A, 0x2200,
	0xA57A, 0xA000,
	0xA58C, 0x2800,
	0xA57C, 0x4001,
	0xA58E, 0x1400,
	0xA57E, 0x8002,
	0xA590, 0x2200,
	0xA580, 0x0005,
	0xA592, 0x2800,
	0xA582, 0x000A,
	0xA594, 0x2C00,
	0xA584, 0xA00F,
	0xA596, 0x2E00,
	0xA586, 0x4011,
	0xA598, 0x3200,
	0xA59A, 0x3500,
	0xA548, 0x0000,
	0xA570, 0x0000,
	0xA54A, 0x0000,
	0xA54C, 0x0000,
	0xA54E, 0x0000,
	0xA550, 0x0000,
	0xA552, 0x0000,
	0xA554, 0x0000,
	0xA556, 0x0000,
	0xA55C, 0x0000,
	0xA55E, 0x0000,
	0xA560, 0x0000,
	0xA562, 0x0000,
	0xA564, 0x0000,
	0xA566, 0x0000,
	0xA568, 0x0000,
	0xA56A, 0x0000,
	0xFCFC, 0x2001,
	0x1D96, 0x0000,
	0x1D98, 0x0000,
	0x1DA6, 0x0000,
	0x1DA8, 0x0000,
	0x1D72, 0x0000,
	0x1D74, 0x0000,
	0x1D82, 0x0000,
	0x1D84, 0x0000,
	0x1D92, 0x0000,
	0x1D94, 0x0000,
	0x1DA2, 0x0000,
	0x1DA4, 0x0000,
	0x1D76, 0x0000,
	0x1D78, 0x0000,
	0x1D86, 0x0000,
	0x1D88, 0x0000,
	0x1E16, 0x0000,
	0x1E18, 0x0000,
	0x1E26, 0x0000,
	0x1E28, 0x0000,
	0x1DF2, 0x0000,
	0x1DF4, 0x0000,
	0x1E02, 0x0000,
	0x1E04, 0x0000,
	0x1E12, 0x0000,
	0x1E14, 0x0000,
	0x1E22, 0x0000,
	0x1E24, 0x0000,
	0x1DF6, 0x0000,
	0x1DF8, 0x0000,
	0x1E06, 0x0000,
	0x1E08, 0x0000,
	0xFCFC, 0x2000,
	0x82BA, 0x3300,
	0x82A2, 0x1400,
	0xFCFC, 0x2001,
	0x427C, 0x2000,
	0x4280, 0x1000,
	0x4362, 0x0100,
	0x43AA, 0x0000,
	0x43AC, 0x0000,
	0x43C6, 0x010A,
	0x43B4, 0x0000,
	0x43B6, 0x0000,
	0x4396, 0x0C00,
	0x4398, 0x0E00,
	0x437E, 0xA400,
	0xFCFC, 0x2000,
	0xB322, 0x0101,
	0xB324, 0x0100,
	0xB330, 0x2828,
	0xB34A, 0x2828,
	0xB360, 0x2828,
	0xFCFC, 0x2001,
	0x4292, 0x0000,
	0x4364, 0x0000,
	0x4366, 0x0000,
	0x4370, 0x0000,
	0x4290, 0x0100,
	0xFCFC, 0x2002,
	0x84C4, 0x0100,
	0x84A4, 0x0000,
	0xFCFC, 0x2000,
	0xD684, 0x80F3,
	0xB268, 0x80F3,
	0xF09A, 0x00FF,
	0xF2E0, 0x0000,
	0xF372, 0x0000,
	0xF0AA, 0xFFFF,
	0xF0AC, 0xFFFF,
	0xF2EA, 0x4000,
	0xDADA, 0x0001,
	0xDB3C, 0x12D2,
	0xDADC, 0x0000,
	0xDB0C, 0x0000,
	0xDB3E, 0x12D2,
	0xDADE, 0xE001,
	0xDB0E, 0x0080,
	0xDB40, 0x12D2,
	0xDAE0, 0x0005,
	0xDB10, 0x00A0,
	0xDB42, 0x0000,
	0xDAE2, 0x0000,
	0xDB12, 0x0000,
	0xDB44, 0x0000,
	0xDAE4, 0x0000,
	0xDB14, 0x0000,
	0xDB46, 0x0000,
	0xDAE6, 0x0000,
	0xDB16, 0x0000,
	0xDBCC, 0x0000,
	0xDB6C, 0x0000,
	0xDB9C, 0x0000,
	0xDBCE, 0x0000,
	0xDB6E, 0x0000,
	0xDB9E, 0x0000,
	0xDBD0, 0x0000,
	0xDB70, 0x0000,
	0xDBA0, 0x0000,
	0xDBD2, 0x0000,
	0xDB72, 0x0000,
	0xDBA2, 0x0000,
	0xDBD4, 0x0000,
	0xDB74, 0x0000,
	0xDBA4, 0x0000,
	0xDBD6, 0x0000,
	0xDB76, 0x0000,
	0xDBA6, 0x0000,
	0xF370, 0x0204,
	0xF3E4, 0x0000,
	0xF3F4, 0xFFFF,
	0xF3F6, 0xFFFF,
	0xF014, 0x0600,
	0xB270, 0x8708,
	0xB266, 0xC004,
	0xD682, 0xC004,
	0xBF16, 0x6AAA,
	0xDC8C, 0x3F2B,
	0xFCFC, 0x4000,
	0x0808, 0x0201,
	0x0E00, 0x0003,
};

/*Mode02_05_OceanChangjiang_JN5_Fdsum_4096x3072_60fps_3056Msps		
    Mode :	Mode02_05_OceanChangjiang_JN5_Fdsum	
    Purpose :	Porting	
    PHY	DPHY	
    QPDC	QPDC_Off	
    DBPC	DBPC_Off	
    Qmosaic	QMSC_Off	
    Tail :	On (L/R only)	4096x768
    24	MHz	
    920	MHz	
    3056	Mbps/lane	
    4	lane	
    8224	px	
    6176	px	
    4096	px	
    3072	px	
    60.02	fps	
    Raw10		
    4784	px	
    688	px	
    3204	line	
    132	line	
    0.69	ms	
    Gr	First	
*/
static u16 cjfront_custom7_setting[] = {
    0xFCFC, 0x4000,
    0x0B30, 0x01FF,
    0x6170, 0xFFFF,
    0x6180, 0x0000,
    0x6190, 0x0000,
    0x6200, 0xFFFF,
    0x6202, 0xFFFF,
    0x6204, 0x0000,
    0x6206, 0x0000,
    0x6208, 0x0000,
    0xA100, 0xFFFF,
    0xA102, 0x0000,
    0xA104, 0x0000,
    0xFCFC, 0x4001,
    0x0100, 0xFFFF,
    0x0102, 0xFFFF,
    0x0104, 0x0000,
    0x0106, 0x0000,
    0x0108, 0x0000,
    0xFCFC, 0x4000,
    0x8100, 0xFFFF,
    0x8104, 0x0000,
    0x8108, 0x0000,
    0xFCFC, 0x2000,
    0x7806, 0x0001,
    0x7808, 0x2408,
    0xFCFC, 0x4000,
    0x0344, 0x0000,
    0x0348, 0x201F,
    0x0346, 0x0000,
    0x034A, 0x181F,
    0x034C, 0x1000,
    0x034E, 0x0C00,
    0x0350, 0x0008,
    0x0352, 0x0008,
    0x0340, 0x0C84,
    0x0342, 0x12B0,
    0x0136, 0x1800,
    0x013E, 0x0000,
    0x0304, 0x0003,
    0x0306, 0x00E6,
    0x030C, 0x0000,
    0x030E, 0x0003,
    0x0310, 0x00BF,
    0x0312, 0x0000,
    0x031A, 0x0003,
    0x031C, 0x0028,
    0x031E, 0x0002,
    0x0202, 0x0014,
    0x0226, 0x0014,
    0x022C, 0x0014,
    0x0702, 0x0000,
    0x0704, 0x0000,
    0x0114, 0x0301,
    0x0118, 0x0004,
    0x011A, 0x0001,
    0x011C, 0x0100,
    0xFCFC, 0x2000,
    0xB176, 0x0602,
    0xB178, 0x0000,
    0x7996, 0x0101,
    0x7994, 0x2020,
    0xFCFC, 0x4000,
    0x0900, 0x2222,
    0x0380, 0x0002,
    0x0382, 0x0002,
    0x0384, 0x0002,
    0x0386, 0x0002,
    0x040C, 0x0000,
    0x0400, 0x1010,
    0x0408, 0x0100,
    0x040A, 0x0100,
    0xFCFC, 0x2000,
    0xD1F6, 0x3A00,
    0xD20C, 0x0908,
    0xD314, 0x2002,
    0xD27A, 0x0500,
    0xD3F0, 0xB01C,
    0xD410, 0x4802,
    0xD426, 0xD204,
    0xD43C, 0x0140,
    0xD412, 0xD204,
    0xD428, 0xEA0A,
    0xD43E, 0x0140,
    0xFCFC, 0x4000,
    0x0260, 0x0001,
    0x0262, 0x0000,
    0x0264, 0x0006,
    0x0266, 0x0700,
    0x0112, 0x0A0A,
    0x0270, 0x2B2B,
    0x0272, 0x2B10,
    0x0274, 0x302B,
    0xFCFC, 0x2001,
    0x44C6, 0x0000,
    0xFCFC, 0x4000,
    0x0B02, 0x0102,
    0x0720, 0x0001,
    0x0722, 0x0800,
    0x0724, 0x0000,
    0x0728, 0x0000,
    0x072A, 0x0000,
    0x072C, 0x0000,
    0x072E, 0x0000,
    0xFCFC, 0x2001,
    0x3132, 0x0200,
    0xFCFC, 0x4000,
    0x021E, 0x0000,
    0x0228, 0x0100,
    0xFCFC, 0x2001,
    0x31D0, 0x0000,
    0x5A70, 0x0000,
    0xFCFC, 0x2000,
    0xDC94, 0x0103,
    0xEF80, 0x0000,
    0x23F0, 0x0001,
    0xF288, 0x0000,
    0xFCFC, 0x2001,
    0x2A30, 0x01FF,
    0x4270, 0x0000,
    0x29BA, 0x2000,
    0x29A8, 0x0100,
    0xFCFC, 0x4000,
    0x0B04, 0x0001,
    0x0B06, 0x0101,
    0x0B08, 0x0100,
    0x0B0A, 0x0101,
    0x0B0C, 0x0100,
    0xFCFC, 0x2000,
    0xC4E0, 0x0100,
    0xC4F6, 0x0000,
    0xC4E2, 0x0000,
    0xC53C, 0x0500,
    0xC544, 0x0005,
    0xC53E, 0x0000,
    0xB23C, 0x6060,
    0xB242, 0x6060,
    0xC554, 0x0010,
    0xC556, 0x0000,
    0xFCFC, 0x2001,
    0x2920, 0x0100,
    0x31F8, 0x0000,
    0x31FA, 0x0000,
    0xFCFC, 0x2000,
    0xD856, 0x0507,
    0xD6D4, 0x0000,
    0x799A, 0x0000,
    0xD8A2, 0x0100,
    0xFCFC, 0x4000,
    0x020A, 0x0000,
    0xFCFC, 0x2000,
    0x78C0, 0x0101,
    0x22C2, 0x0600,
    0x22C4, 0xFF1F,
    0x22EC, 0x1F00,
    0x2306, 0xFF3F,
    0x2314, 0xFF00,
    0x2354, 0x0300,
    0xFCFC, 0x4000,
    0x0936, 0x0000,
    0x0C40, 0x0000,
    0xFCFC, 0x2000,
    0x68DE, 0x0000,
    0xFCFC, 0x2001,
    0x2540, 0x0000,
    0x25E0, 0x0000,
    0x25E2, 0x0000,
    0xFCFC, 0x2000,
    0xD718, 0x0002,
    0xBF30, 0x0000,
    0xFCFC, 0x2001,
    0x3C42, 0x0000,
    0x3C46, 0xEB05,
    0x3C52, 0x4006,
    0xFCFC, 0x2000,
    0xD326, 0x0110,
    0xD3EC, 0xB01C,
    0xFCFC, 0x2001,
    0x195E, 0x0100,
    0x1966, 0x0000,
    0xFCFC, 0x4000,
    0x0086, 0x1400,
    0xFCFC, 0x2000,
    0xE980, 0x9E04,
    0xC4D8, 0x2000,
    0x795A, 0x2000,
    0x7970, 0x2000,
    0xFCFC, 0x2002,
    0x849E, 0x0000,
    0x84A0, 0x0000,
    0x84A2, 0x0005,
    0xFCFC, 0x2001,
    0x2BB2, 0x1000,
    0x2D32, 0x0010,
    0xFCFC, 0x2000,
    0x703C, 0x0101,
    0x7046, 0x7F02,
    0x7058, 0x8002,
    0x71D4, 0x3F00,
    0x71D6, 0x3D00,
    0x71D8, 0x84F3,
    0x71DA, 0x0040,
    0x7048, 0x1F02,
    0x705A, 0x2002,
    0x7274, 0x0B00,
    0x7276, 0x0B00,
    0x7278, 0x36D2,
    0x727A, 0x0040,
    0x727C, 0x0000,
    0x727E, 0x0000,
    0x7280, 0x0000,
    0x7282, 0x0000,
    0x703E, 0x0100,
    0x704A, 0x000A,
    0x705C, 0x010A,
    0x7314, 0x2E00,
    0x7316, 0x3000,
    0x7318, 0x9EFD,
    0x731A, 0x0040,
    0xBEDC, 0xC526,
    0xBEDE, 0x903E,
    0xBEE0, 0xC00F,
    0xBEE2, 0x0008,
    0xBEE4, 0x0C00,
    0xBEE6, 0x8000,
    0xFCFC, 0x2001,
    0x2A54, 0x0000,
    0x2A56, 0x0400,
    0x2A42, 0x0100,
    0x2A44, 0x3907,
    0x2A46, 0x0000,
    0xFCFC, 0x2000,
    0xD704, 0x0278,
    0x7A0E, 0x0F00,
    0x7A6E, 0x1900,
    0x7A86, 0x1900,
    0x8C9E, 0x3500,
    0x8CCE, 0x9600,
    0x7A10, 0x0F00,
    0x7A70, 0x1900,
    0x7A88, 0x1900,
    0x8CA0, 0x3500,
    0x8CD0, 0x9600,
    0xB224, 0x0103,
    0xB226, 0x0000,
    0xB220, 0x0103,
    0x7A12, 0x0F00,
    0x7A72, 0x1900,
    0x7A8A, 0x1900,
    0x8CA2, 0x7000,
    0x8CD2, 0xBE00,
    0x7EE6, 0x2C00,
    0x7EF2, 0x2C00,
    0x7EFE, 0x6400,
    0x7F0A, 0x5800,
    0x8D0E, 0x0000,
    0x9032, 0x0000,
    0x903E, 0x0000,
    0x7A14, 0x0F00,
    0x7A74, 0x1900,
    0x7A8C, 0x1900,
    0x8CA4, 0x3500,
    0x7F0E, 0x5800,
    0x8CD6, 0x9600,
    0x7BDA, 0x4C00,
    0xD49C, 0x2100,
    0xD4D0, 0x0A00,
    0xD4A8, 0x0100,
    0xD4D6, 0x1A00,
    0xD4E2, 0x0000,
    0xD4BC, 0x3F00,
    0xD4B0, 0x5800,
    0xD4C8, 0x0100,
    0xD624, 0x0000,
    0xD62E, 0x0000,
    0xD638, 0x0000,
    0xD4EA, 0x0100,
    0xD554, 0xC400,
    0xD556, 0xC400,
    0xD560, 0x5203,
    0xD562, 0x5203,
    0xD4DA, 0x0000,
    0xD4E6, 0x0100,
    0xD4C0, 0x1400,
    0xD4B4, 0x0100,
    0xD4CC, 0x0000,
    0xD5BC, 0x0000,
    0xD5BE, 0x0000,
    0xD5C8, 0x0000,
    0xD5CA, 0x0000,
    0xD4D2, 0x0000,
    0xD4DE, 0x0100,
    0xD4B8, 0x1400,
    0xD4AC, 0x0100,
    0xD4C4, 0x0000,
    0xD4EC, 0x0000,
    0xD4EE, 0x0000,
    0xD4F8, 0x0000,
    0xD4FA, 0x0000,
    0xBF78, 0x5333,
    0xD896, 0x0000,
    0xFCFC, 0x2001,
    0x1C24, 0x0002,
    0x1C26, 0x8001,
    0x1C28, 0x8004,
    0x1C2A, 0x2010,
    0x1C2C, 0x2010,
    0x1C2E, 0x0005,
    0x1C30, 0x00A0,
    0x1C32, 0x2810,
    0x1C34, 0x2810,
    0x1C4E, 0x8001,
    0x1C50, 0x8004,
    0x1C52, 0x0010,
    0x1C54, 0x0010,
    0x1C56, 0x0005,
    0x1C58, 0x00A0,
    0x1C5A, 0x2810,
    0x1C5C, 0x2810,
    0x1C5E, 0x0000,
    0x1C60, 0x0000,
    0x1C62, 0x0000,
    0x1C64, 0x0000,
    0x1C66, 0x0000,
    0x1C68, 0x0000,
    0x1C6A, 0x0000,
    0x1C6C, 0x0000,
    0x1C76, 0x8001,
    0x1C78, 0x8004,
    0x1C7A, 0x2010,
    0x1C7C, 0x2010,
    0x1C7E, 0x0005,
    0x1C80, 0x00A0,
    0x1C82, 0x2810,
    0x1C84, 0x2810,
    0x1C86, 0x0000,
    0x1C88, 0x0000,
    0x1C8A, 0x0000,
    0x1C8C, 0x0000,
    0x1C8E, 0x0000,
    0x1C90, 0x0000,
    0x1C92, 0x0000,
    0x1C94, 0x0000,
    0x1C9E, 0x8001,
    0x1CA0, 0x8004,
    0x1CA2, 0x2010,
    0x1CA4, 0x2010,
    0x1CA6, 0x0005,
    0x1CA8, 0x00A0,
    0x1CAA, 0x2810,
    0x1CAC, 0x2810,
    0x1CC6, 0x8001,
    0x1CC8, 0x8004,
    0x1CCA, 0x2010,
    0x1CCC, 0x2010,
    0x1CCE, 0x0005,
    0x1CD0, 0x00A0,
    0x1CD2, 0x2810,
    0x1CD4, 0x2810,
    0x1CEE, 0x8001,
    0x1CF0, 0x8004,
    0x1CF2, 0x0010,
    0x1CF4, 0x0010,
    0x1CF6, 0x0005,
    0x1CF8, 0x00A0,
    0x1CFA, 0x2810,
    0x1CFC, 0x2810,
    0x1CFE, 0x0000,
    0x1D00, 0x0000,
    0x1D02, 0x0000,
    0x1D04, 0x0000,
    0x1D06, 0x0000,
    0x1D08, 0x0000,
    0x1D0A, 0x0000,
    0x1D0C, 0x0000,
    0x1D16, 0x8001,
    0x1D18, 0x8004,
    0x1D1A, 0x2010,
    0x1D1C, 0x2010,
    0x1D1E, 0x0005,
    0x1D20, 0x00A0,
    0x1D22, 0x2810,
    0x1D24, 0x2810,
    0x1D26, 0x0000,
    0x1D28, 0x0000,
    0x1D2A, 0x0000,
    0x1D2C, 0x0000,
    0x1D2E, 0x0000,
    0x1D30, 0x0000,
    0x1D32, 0x0000,
    0x1D34, 0x0000,
    0x1D3E, 0x8001,
    0x1D40, 0x8004,
    0x1D42, 0x2010,
    0x1D44, 0x2010,
    0x1D46, 0x0005,
    0x1D48, 0x00A0,
    0x1D4A, 0x2810,
    0x1D4C, 0x2810,
    0xFCFC, 0x2000,
    0xB21E, 0x0000,
    0xB222, 0xC000,
    0xB20C, 0x2E00,
    0xB21A, 0x0402,
    0xB378, 0x0100,
    0xDD70, 0x0000,
    0xDE38, 0x0000,
    0xFCFC, 0x2002,
    0xA574, 0x0100,
    0xA59C, 0xA2FD,
    0xA59E, 0xFEFE,
    0xA576, 0x4000,
    0xA588, 0x0E00,
    0xA578, 0x8000,
    0xA58A, 0x2000,
    0xA57A, 0xA000,
    0xA58C, 0x2800,
    0xA57C, 0x4001,
    0xA58E, 0x1400,
    0xA57E, 0x8002,
    0xA590, 0x2200,
    0xA580, 0x0005,
    0xA592, 0x2800,
    0xA582, 0x000A,
    0xA594, 0x2C00,
    0xA584, 0xA00F,
    0xA596, 0x2E00,
    0xA586, 0x4011,
    0xA598, 0x3200,
    0xA59A, 0x3500,
    0xA548, 0x0000,
    0xA570, 0x0000,
    0xA54A, 0x0000,
    0xA54C, 0x0000,
    0xA54E, 0x0000,
    0xA550, 0x0000,
    0xA552, 0x0000,
    0xA554, 0x0000,
    0xA556, 0x0000,
    0xA55C, 0x0000,
    0xA55E, 0x0000,
    0xA560, 0x0000,
    0xA562, 0x0000,
    0xA564, 0x0000,
    0xA566, 0x0000,
    0xA568, 0x0000,
    0xA56A, 0x0000,
    0xFCFC, 0x2001,
    0x1D96, 0x0000,
    0x1D98, 0x0000,
    0x1DA6, 0x0000,
    0x1DA8, 0x0000,
    0x1D72, 0x0000,
    0x1D74, 0x0000,
    0x1D82, 0x0000,
    0x1D84, 0x0000,
    0x1D92, 0x0000,
    0x1D94, 0x0000,
    0x1DA2, 0x0000,
    0x1DA4, 0x0000,
    0x1D76, 0x0000,
    0x1D78, 0x0000,
    0x1D86, 0x0000,
    0x1D88, 0x0000,
    0x1E16, 0x1600,
    0x1E18, 0x1600,
    0x1E26, 0x1600,
    0x1E28, 0x1600,
    0x1DF2, 0x1600,
    0x1DF4, 0x1600,
    0x1E02, 0x1600,
    0x1E04, 0x1600,
    0x1E12, 0x1600,
    0x1E14, 0x1600,
    0x1E22, 0x1600,
    0x1E24, 0x1600,
    0x1DF6, 0x1600,
    0x1DF8, 0x1600,
    0x1E06, 0x1600,
    0x1E08, 0x1600,
    0xFCFC, 0x2000,
    0x82BA, 0x3300,
    0x82A2, 0x1400,
    0xFCFC, 0x2001,
    0x427C, 0x2000,
    0x4280, 0x1000,
    0x4362, 0x0100,
    0x43AA, 0x0000,
    0x43AC, 0x0000,
    0x43C6, 0x0114,
    0x43B4, 0x0000,
    0x43B6, 0x0000,
    0x4396, 0x0B00,
    0x4398, 0x0B00,
    0x437E, 0xE400,
    0xFCFC, 0x2000,
    0xB322, 0x0101,
    0xB324, 0x0100,
    0xB330, 0x2828,
    0xB34A, 0x2828,
    0xB360, 0x2828,
    0xFCFC, 0x2001,
    0x4292, 0x0000,
    0x4364, 0x0000,
    0x4366, 0x0000,
    0x4370, 0x0000,
    0x4290, 0x0100,
    0xFCFC, 0x2002,
    0x84C4, 0x0100,
    0x84A4, 0x0000,
    0xFCFC, 0x2000,
    0xD684, 0x80F3,
    0xB268, 0x80F3,
    0xF09A, 0x00FF,
    0xF2E0, 0x0000,
    0xF372, 0x0000,
    0xF0AA, 0xFFFF,
    0xF0AC, 0xFFFF,
    0xF2EA, 0x4000,
    0xDADA, 0x0001,
    0xDB3C, 0xD2FD,
    0xDADC, 0x0000,
    0xDB0C, 0x1F1F,
    0xDB3E, 0x12D2,
    0xDADE, 0x0000,
    0xDB0E, 0x0080,
    0xDB40, 0x12D2,
    0xDAE0, 0xA000,
    0xDB10, 0x0040,
    0xDB42, 0x12D2,
    0xDAE2, 0x0001,
    0xDB12, 0x0020,
    0xDB44, 0x12D2,
    0xDAE4, 0x0005,
    0xDB14, 0x0040,
    0xDB46, 0x12D2,
    0xDAE6, 0x4011,
    0xDB16, 0x0060,
    0xDBCC, 0x0000,
    0xDB6C, 0x0000,
    0xDB9C, 0x0000,
    0xDBCE, 0x0000,
    0xDB6E, 0x0000,
    0xDB9E, 0x0000,
    0xDBD0, 0x0000,
    0xDB70, 0x0000,
    0xDBA0, 0x0000,
    0xDBD2, 0x0000,
    0xDB72, 0x0000,
    0xDBA2, 0x0000,
    0xDBD4, 0x0000,
    0xDB74, 0x0000,
    0xDBA4, 0x0000,
    0xDBD6, 0x0000,
    0xDB76, 0x0000,
    0xDBA6, 0x0000,
    0xF370, 0x0203,
    0xF3E4, 0x0301,
    0xF3F4, 0xC800,
    0xF3F6, 0xD610,
    0xF014, 0x0700,
    0xB270, 0x8708,
    0xB266, 0xC004,
    0xD682, 0xC004,
    0xBF16, 0x0BAA,
    0xDC8C, 0x3F0B,
    0xFCFC, 0x4000,
    0x0808, 0x0201,
    0x0E00, 0x0003,
};

/*Mode13_13_1_Changjiang_JN5_A2A2_FHD_30FPS_2048x1152_wAF.nset_2048x1152_30fps_3056Msps		
    Mode :	Mode13_13_1_Changjiang_JN5_A2A2_FHD_30FPS_2048x1152_wAF.nset	
    Purpose :	Porting	
    PHY	DPHY	
    QPDC	QPDC_On	
    DBPC	DBPC_Off	
    Qmosaic	QMSC_Off	
    Tail :	On (L/R only)	2048x288
    24	MHz	
    920	MHz	
    3056	Mbps/lane	
    4	lane	
    8224	px	
    4640	px	
    2048	px	
    1152	px	
    30.01	fps	
    Raw10		
    4784	px	
    2736	px	
    6408	line	
    5256	line	
    27.33	ms	
    Gr	First	
*/
static u16 cjfront_custom8_setting[] = {
    0xFCFC, 0x4000,
    0x0B30, 0x01FF,
    0x6170, 0xFFFF,
    0x6180, 0x0000,
    0x6190, 0x0000,
    0x6200, 0xFFFF,
    0x6202, 0xFFFF,
    0x6204, 0x0000,
    0x6206, 0x0000,
    0x6208, 0x0000,
    0xA100, 0xFFFF,
    0xA102, 0x0000,
    0xA104, 0x0000,
    0xFCFC, 0x4001,
    0x0100, 0xFFFF,
    0x0102, 0xFFFF,
    0x0104, 0x0000,
    0x0106, 0x0000,
    0x0108, 0x0000,
    0xFCFC, 0x4000,
    0x8100, 0xFFFF,
    0x8104, 0x0000,
    0x8108, 0x0000,
    0xFCFC, 0x2000,
    0x7806, 0x0001,
    0x7808, 0x2408,
    0xFCFC, 0x4000,
    0x0344, 0x0000,
    0x0348, 0x201F,
    0x0346, 0x0300,
    0x034A, 0x151F,
    0x034C, 0x0800,
    0x034E, 0x0480,
    0x0350, 0x0004,
    0x0352, 0x0004,
    0x0340, 0x1908,
    0x0342, 0x12B0,
    0x0136, 0x1800,
    0x013E, 0x0000,
    0x0304, 0x0003,
    0x0306, 0x00E6,
    0x030C, 0x0000,
    0x030E, 0x0003,
    0x0310, 0x00BF,
    0x0312, 0x0000,
    0x031A, 0x0003,
    0x031C, 0x0028,
    0x031E, 0x0002,
    0x0202, 0x0014,
    0x0226, 0x0014,
    0x022C, 0x0014,
    0x0702, 0x0000,
    0x0704, 0x0000,
    0x0114, 0x0301,
    0x0118, 0x0004,
    0x011A, 0x0001,
    0x011C, 0x0100,
    0xFCFC, 0x2000,
    0xB176, 0x0602,
    0xB178, 0x0000,
    0x7996, 0x0101,
    0x7994, 0x2020,
    0xFCFC, 0x4000,
    0x0900, 0x3344,
    0x0380, 0x0002,
    0x0382, 0x0006,
    0x0384, 0x0002,
    0x0386, 0x0006,
    0x040C, 0x0000,
    0x0400, 0x1010,
    0x0408, 0x0100,
    0x040A, 0x0100,
    0xFCFC, 0x2000,
    0xD1F6, 0x3A00,
    0xD20C, 0x0910,
    0xD314, 0x2002,
    0xD27A, 0x0700,
    0xD3F0, 0xB01C,
    0xD410, 0x4802,
    0xD426, 0xD204,
    0xD43C, 0x0140,
    0xD412, 0xD204,
    0xD428, 0xEA0A,
    0xD43E, 0x0140,
    0xFCFC, 0x4000,
    0x0260, 0x0001,
    0x0262, 0x0000,
    0x0264, 0x0006,
    0x0266, 0x0700,
    0x0112, 0x0A0A,
    0x0270, 0x2B2B,
    0x0272, 0x2B10,
    0x0274, 0x302B,
    0xFCFC, 0x2001,
    0x44C6, 0x0000,
    0xFCFC, 0x4000,
    0x0B02, 0x0102,
    0x0720, 0x0001,
    0x0722, 0x0800,
    0x0724, 0x0000,
    0x0728, 0x0000,
    0x072A, 0x0000,
    0x072C, 0x0000,
    0x072E, 0x0000,
    0xFCFC, 0x2001,
    0x3132, 0x0200,
    0xFCFC, 0x4000,
    0x021E, 0x0000,
    0x0228, 0x0100,
    0xFCFC, 0x2001,
    0x31D0, 0x0000,
    0x5A70, 0x0000,
    0xFCFC, 0x2000,
    0xDC94, 0x0103,
    0xEF80, 0x0000,
    0x23F0, 0x0001,
    0xF288, 0x0000,
    0xFCFC, 0x2001,
    0x2A30, 0x01FF,
    0x4270, 0x0000,
    0x29BA, 0x2000,
    0x29A8, 0x0100,
    0xFCFC, 0x4000,
    0x0B04, 0x0001,
    0x0B06, 0x0101,
    0x0B08, 0x0100,
    0x0B0A, 0x0101,
    0x0B0C, 0x0100,
    0xFCFC, 0x2000,
    0xC4E0, 0x0100,
    0xC4F6, 0x0000,
    0xC4E2, 0x0000,
    0xC53C, 0x0500,
    0xC544, 0x0005,
    0xC53E, 0x0000,
    0xB23C, 0x6060,
    0xB242, 0x6060,
    0xC554, 0x0010,
    0xC556, 0x0000,
    0xFCFC, 0x2001,
    0x2920, 0x0100,
    0x31F8, 0x0000,
    0x31FA, 0x0000,
    0xFCFC, 0x2000,
    0xD856, 0x0507,
    0xD6D4, 0x0000,
    0x799A, 0x0000,
    0xD8A2, 0x0100,
    0xFCFC, 0x4000,
    0x020A, 0x0000,
    0xFCFC, 0x2000,
    0x78C0, 0x0101,
    0x22C2, 0x0600,
    0x22C4, 0xFF1F,
    0x22EC, 0x1F00,
    0x2306, 0xFF3F,
    0x2314, 0xFF00,
    0x2354, 0x0300,
    0xFCFC, 0x4000,
    0x0936, 0x0000,
    0x0C40, 0x0000,
    0xFCFC, 0x2000,
    0x68DE, 0x0000,
    0xFCFC, 0x2001,
    0x2540, 0x0200,
    0x25E0, 0x0100,
    0x25E2, 0x0000,
    0xFCFC, 0x2000,
    0xD718, 0x0002,
    0xBF30, 0x0000,
    0xFCFC, 0x2001,
    0x3C42, 0x0000,
    0x3C46, 0xEB05,
    0x3C52, 0x4006,
    0xFCFC, 0x2000,
    0xD326, 0x0110,
    0xD3EC, 0xB01C,
    0xFCFC, 0x2001,
    0x195E, 0x0100,
    0x1966, 0x0000,
    0xFCFC, 0x4000,
    0x0086, 0x1400,
    0xFCFC, 0x2000,
    0xE980, 0x9E04,
    0xC4D8, 0x2000,
    0x795A, 0x2000,
    0x7970, 0x2000,
    0xFCFC, 0x2002,
    0x849E, 0x0000,
    0x84A0, 0x0000,
    0x84A2, 0x0005,
    0xFCFC, 0x2001,
    0x2BB2, 0x1000,
    0x2D32, 0x0010,
    0xFCFC, 0x2000,
    0x703C, 0x0101,
    0x7046, 0x7F02,
    0x7058, 0x8002,
    0x71D4, 0x3F00,
    0x71D6, 0x3D00,
    0x71D8, 0x84F3,
    0x71DA, 0x0040,
    0x7048, 0x3F01,
    0x705A, 0x4001,
    0x7274, 0x0B00,
    0x7276, 0x0B00,
    0x7278, 0x36D2,
    0x727A, 0x0040,
    0x727C, 0x0000,
    0x727E, 0x00D0,
    0x7280, 0x12D2,
    0x7282, 0x0040,
    0x703E, 0x0100,
    0x704A, 0x000A,
    0x705C, 0x010A,
    0x7314, 0x2E00,
    0x7316, 0x3000,
    0x7318, 0x9EFD,
    0x731A, 0x0040,
    0xBEDC, 0xC526,
    0xBEDE, 0x907E,
    0xBEE0, 0xC00F,
    0xBEE2, 0x0008,
    0xBEE4, 0x2C00,
    0xBEE6, 0x8000,
    0xFCFC, 0x2001,
    0x2A54, 0x0000,
    0x2A56, 0x0400,
    0x2A42, 0x0100,
    0x2A44, 0x7901,
    0x2A46, 0x0000,
    0xFCFC, 0x2000,
    0xD704, 0x0278,
    0x7A0E, 0x0F00,
    0x7A6E, 0x1900,
    0x7A86, 0x1900,
    0x8C9E, 0x3500,
    0x8CCE, 0x9600,
    0x7A10, 0x0F00,
    0x7A70, 0x1900,
    0x7A88, 0x1900,
    0x8CA0, 0x3500,
    0x8CD0, 0x9600,
    0xB224, 0x0103,
    0xB226, 0x0000,
    0xB220, 0x0103,
    0x7A12, 0x0F00,
    0x7A72, 0x1900,
    0x7A8A, 0x1900,
    0x8CA2, 0x5000,
    0x8CD2, 0xBE00,
    0x7EE6, 0x2C00,
    0x7EF2, 0x2C00,
    0x7EFE, 0x6400,
    0x7F0A, 0x5800,
    0x8D0E, 0x0000,
    0x9032, 0x0000,
    0x903E, 0x0000,
    0x7A14, 0x0F00,
    0x7A74, 0x1900,
    0x7A8C, 0x1900,
    0x8CA4, 0x3500,
    0x7F0E, 0x5800,
    0x8CD6, 0x9600,
    0x7BDA, 0x3C00,
    0xD49C, 0x2100,
    0xD4D0, 0x0A00,
    0xD4A8, 0x0100,
    0xD4D6, 0x1A00,
    0xD4E2, 0x6A00,
    0xD4BC, 0x9801,
    0xD4B0, 0xC803,
    0xD4C8, 0x0100,
    0xD624, 0x0000,
    0xD62E, 0x0000,
    0xD638, 0x0000,
    0xD4EA, 0x0100,
    0xD554, 0xC400,
    0xD556, 0x2E01,
    0xD560, 0x5203,
    0xD562, 0xBC03,
    0xD4DA, 0x0000,
    0xD4E6, 0x0100,
    0xD4C0, 0x1400,
    0xD4B4, 0x0100,
    0xD4CC, 0x0000,
    0xD5BC, 0x0000,
    0xD5BE, 0x0000,
    0xD5C8, 0x0000,
    0xD5CA, 0x0000,
    0xD4D2, 0x0000,
    0xD4DE, 0x0100,
    0xD4B8, 0x1400,
    0xD4AC, 0x0100,
    0xD4C4, 0x0000,
    0xD4EC, 0x0000,
    0xD4EE, 0x0000,
    0xD4F8, 0x0000,
    0xD4FA, 0x0000,
    0xBF78, 0x5333,
    0xD896, 0x0000,
    0xFCFC, 0x2001,
    0x1C24, 0x0002,
    0x1C26, 0x8001,
    0x1C28, 0x8004,
    0x1C2A, 0x2010,
    0x1C2C, 0x2010,
    0x1C2E, 0x0005,
    0x1C30, 0x00A0,
    0x1C32, 0x2810,
    0x1C34, 0x2810,
    0x1C4E, 0x8001,
    0x1C50, 0x8004,
    0x1C52, 0x0010,
    0x1C54, 0x0010,
    0x1C56, 0x0005,
    0x1C58, 0x00A0,
    0x1C5A, 0x2810,
    0x1C5C, 0x2810,
    0x1C5E, 0x0000,
    0x1C60, 0x0000,
    0x1C62, 0x0000,
    0x1C64, 0x0000,
    0x1C66, 0x0000,
    0x1C68, 0x0000,
    0x1C6A, 0x0000,
    0x1C6C, 0x0000,
    0x1C76, 0x8001,
    0x1C78, 0x8004,
    0x1C7A, 0x2010,
    0x1C7C, 0x2010,
    0x1C7E, 0x0005,
    0x1C80, 0x00A0,
    0x1C82, 0x2810,
    0x1C84, 0x2810,
    0x1C86, 0x0000,
    0x1C88, 0x0000,
    0x1C8A, 0x0000,
    0x1C8C, 0x0000,
    0x1C8E, 0x0000,
    0x1C90, 0x0000,
    0x1C92, 0x0000,
    0x1C94, 0x0000,
    0x1C9E, 0x8001,
    0x1CA0, 0x8004,
    0x1CA2, 0x2010,
    0x1CA4, 0x2010,
    0x1CA6, 0x0005,
    0x1CA8, 0x00A0,
    0x1CAA, 0x2810,
    0x1CAC, 0x2810,
    0x1CC6, 0x8001,
    0x1CC8, 0x8004,
    0x1CCA, 0x2010,
    0x1CCC, 0x2010,
    0x1CCE, 0x0005,
    0x1CD0, 0x00A0,
    0x1CD2, 0x2810,
    0x1CD4, 0x2810,
    0x1CEE, 0x8001,
    0x1CF0, 0x8004,
    0x1CF2, 0x0010,
    0x1CF4, 0x0010,
    0x1CF6, 0x0005,
    0x1CF8, 0x00A0,
    0x1CFA, 0x2810,
    0x1CFC, 0x2810,
    0x1CFE, 0x0000,
    0x1D00, 0x0000,
    0x1D02, 0x0000,
    0x1D04, 0x0000,
    0x1D06, 0x0000,
    0x1D08, 0x0000,
    0x1D0A, 0x0000,
    0x1D0C, 0x0000,
    0x1D16, 0x8001,
    0x1D18, 0x8004,
    0x1D1A, 0x2010,
    0x1D1C, 0x2010,
    0x1D1E, 0x0005,
    0x1D20, 0x00A0,
    0x1D22, 0x2810,
    0x1D24, 0x2810,
    0x1D26, 0x0000,
    0x1D28, 0x0000,
    0x1D2A, 0x0000,
    0x1D2C, 0x0000,
    0x1D2E, 0x0000,
    0x1D30, 0x0000,
    0x1D32, 0x0000,
    0x1D34, 0x0000,
    0x1D3E, 0x8001,
    0x1D40, 0x8004,
    0x1D42, 0x2010,
    0x1D44, 0x2010,
    0x1D46, 0x0005,
    0x1D48, 0x00A0,
    0x1D4A, 0x2810,
    0x1D4C, 0x2810,
    0xFCFC, 0x2000,
    0xB21E, 0x0000,
    0xB222, 0xC000,
    0xB20C, 0x2E00,
    0xB21A, 0x0402,
    0xB378, 0x0100,
    0xDD70, 0x0000,
    0xDE38, 0x0000,
    0xFCFC, 0x2002,
    0xA574, 0x0155,
    0xA59C, 0xA2FD,
    0xA59E, 0xFEFE,
    0xA576, 0x4000,
    0xA588, 0x0E00,
    0xA578, 0x8000,
    0xA58A, 0x2000,
    0xA57A, 0xA000,
    0xA58C, 0x2800,
    0xA57C, 0x4001,
    0xA58E, 0x1400,
    0xA57E, 0x8002,
    0xA590, 0x2200,
    0xA580, 0x0005,
    0xA592, 0x2800,
    0xA582, 0x000A,
    0xA594, 0x2C00,
    0xA584, 0xA00F,
    0xA596, 0x2E00,
    0xA586, 0x4011,
    0xA598, 0x3200,
    0xA59A, 0x3500,
    0xA548, 0x00EA,
    0xA570, 0x0000,
    0xA54A, 0x0000,
    0xA54C, 0x0000,
    0xA54E, 0x0000,
    0xA550, 0x0000,
    0xA552, 0x0000,
    0xA554, 0x0000,
    0xA556, 0x0000,
    0xA55C, 0x0000,
    0xA55E, 0x0000,
    0xA560, 0x0000,
    0xA562, 0x0000,
    0xA564, 0x0000,
    0xA566, 0x0000,
    0xA568, 0x0000,
    0xA56A, 0x0000,
    0xFCFC, 0x2001,
    0x1D96, 0x0000,
    0x1D98, 0x0000,
    0x1DA6, 0x0000,
    0x1DA8, 0x0000,
    0x1D72, 0x0000,
    0x1D74, 0x0000,
    0x1D82, 0x0000,
    0x1D84, 0x0000,
    0x1D92, 0x0000,
    0x1D94, 0x0000,
    0x1DA2, 0x0000,
    0x1DA4, 0x0000,
    0x1D76, 0x0000,
    0x1D78, 0x0000,
    0x1D86, 0x0000,
    0x1D88, 0x0000,
    0x1E16, 0x1200,
    0x1E18, 0x1200,
    0x1E26, 0x1200,
    0x1E28, 0x1200,
    0x1DF2, 0x1500,
    0x1DF4, 0x1500,
    0x1E02, 0x1500,
    0x1E04, 0x1500,
    0x1E12, 0x1200,
    0x1E14, 0x1200,
    0x1E22, 0x1200,
    0x1E24, 0x1200,
    0x1DF6, 0x1500,
    0x1DF8, 0x1500,
    0x1E06, 0x1500,
    0x1E08, 0x1500,
    0xFCFC, 0x2000,
    0x82BA, 0x3300,
    0x82A2, 0x1400,
    0xFCFC, 0x2001,
    0x427C, 0x2000,
    0x4280, 0x1000,
    0x4362, 0x0100,
    0x43AA, 0x0000,
    0x43AC, 0x0000,
    0x43C6, 0x0114,
    0x43B4, 0x0000,
    0x43B6, 0x0000,
    0x4396, 0x0B00,
    0x4398, 0x0B00,
    0x437E, 0xE400,
    0xFCFC, 0x2000,
    0xB322, 0x0101,
    0xB324, 0x0100,
    0xB330, 0x2828,
    0xB34A, 0x2828,
    0xB360, 0x2828,
    0xFCFC, 0x2001,
    0x4292, 0x0000,
    0x4364, 0x0000,
    0x4366, 0x0000,
    0x4370, 0x0000,
    0x4290, 0x0100,
    0xFCFC, 0x2002,
    0x84C4, 0x012D,
    0x84A4, 0x0000,
    0xFCFC, 0x2000,
    0xD684, 0x80F3,
    0xB268, 0x80F3,
    0xF09A, 0x00FF,
    0xF2E0, 0x0000,
    0xF372, 0x0000,
    0xF0AA, 0xFFFF,
    0xF0AC, 0xFFFF,
    0xF2EA, 0x4000,
    0xDADA, 0x0001,
    0xDB3C, 0xD2FD,
    0xDADC, 0x0000,
    0xDB0C, 0x1F1F,
    0xDB3E, 0x12D2,
    0xDADE, 0x0000,
    0xDB0E, 0x0080,
    0xDB40, 0x12D2,
    0xDAE0, 0xA000,
    0xDB10, 0x0040,
    0xDB42, 0x12D2,
    0xDAE2, 0x0001,
    0xDB12, 0x0020,
    0xDB44, 0x12D2,
    0xDAE4, 0x0005,
    0xDB14, 0x0040,
    0xDB46, 0x12D2,
    0xDAE6, 0x4011,
    0xDB16, 0x0060,
    0xDBCC, 0x0000,
    0xDB6C, 0x0000,
    0xDB9C, 0x0000,
    0xDBCE, 0x0000,
    0xDB6E, 0x0000,
    0xDB9E, 0x0000,
    0xDBD0, 0x0000,
    0xDB70, 0x0000,
    0xDBA0, 0x0000,
    0xDBD2, 0x0000,
    0xDB72, 0x0000,
    0xDBA2, 0x0000,
    0xDBD4, 0x0000,
    0xDB74, 0x0000,
    0xDBA4, 0x0000,
    0xDBD6, 0x0000,
    0xDB76, 0x0000,
    0xDBA6, 0x0000,
    0xF370, 0x0203,
    0xF3E4, 0x0301,
    0xF3F4, 0xC800,
    0xF3F6, 0xD210,
    0xF014, 0x0700,
    0xB270, 0x8708,
    0xB266, 0xC004,
    0xD682, 0xC004,
    0xBF16, 0x0BAA,
    0xDC8C, 0x3F0B,
    0xFCFC, 0x4000,
    0x0808, 0x0201,
    0x0E00, 0x0003,
};

/*Mode13_13_1_Changjiang_JN5_A2A2_FHD_30FPS_2048x1152_wAF.nset_2048x1536_30fps_3056Msps		
    Mode :	Mode13_13_1_Changjiang_JN5_A2A2_FHD_30FPS_2048x1152_wAF.nset	
    Purpose :	Porting	
    PHY	DPHY	
    QPDC	QPDC_On	
    DBPC	DBPC_Off	
    Qmosaic	QMSC_Off	
    Tail :	On (L/R only)	2048x384
    24	MHz	
    920	MHz	
    3056	Mbps/lane	
    4	lane	
    8224	px	
    6176	px	
    2048	px	
    1536	px	
    30.01	fps	
    Raw10		
    4784	px	
    2736	px	
    6408	line	
    4872	line	
    25.33	ms	
    Gr	First	
*/
static u16 cjfront_custom9_setting[] = {
    0xFCFC, 0x4000,
    0x0B30, 0x01FF,
    0x6170, 0xFFFF,
    0x6180, 0x0000,
    0x6190, 0x0000,
    0x6200, 0xFFFF,
    0x6202, 0xFFFF,
    0x6204, 0x0000,
    0x6206, 0x0000,
    0x6208, 0x0000,
    0xA100, 0xFFFF,
    0xA102, 0x0000,
    0xA104, 0x0000,
    0xFCFC, 0x4001,
    0x0100, 0xFFFF,
    0x0102, 0xFFFF,
    0x0104, 0x0000,
    0x0106, 0x0000,
    0x0108, 0x0000,
    0xFCFC, 0x4000,
    0x8100, 0xFFFF,
    0x8104, 0x0000,
    0x8108, 0x0000,
    0xFCFC, 0x2000,
    0x7806, 0x0001,
    0x7808, 0x2408,
    0xFCFC, 0x4000,
    0x0344, 0x0000,
    0x0348, 0x201F,
    0x0346, 0x0000,
    0x034A, 0x181F,
    0x034C, 0x0800,
    0x034E, 0x0600,
    0x0350, 0x0004,
    0x0352, 0x0004,
    0x0340, 0x1908,
    0x0342, 0x12B0,
    0x0136, 0x1800,
    0x013E, 0x0000,
    0x0304, 0x0003,
    0x0306, 0x00E6,
    0x030C, 0x0000,
    0x030E, 0x0003,
    0x0310, 0x00BF,
    0x0312, 0x0000,
    0x031A, 0x0003,
    0x031C, 0x0028,
    0x031E, 0x0002,
    0x0202, 0x0014,
    0x0226, 0x0014,
    0x022C, 0x0014,
    0x0702, 0x0000,
    0x0704, 0x0000,
    0x0114, 0x0301,
    0x0118, 0x0004,
    0x011A, 0x0001,
    0x011C, 0x0100,
    0xFCFC, 0x2000,
    0xB176, 0x0602,
    0xB178, 0x0000,
    0x7996, 0x0101,
    0x7994, 0x2020,
    0xFCFC, 0x4000,
    0x0900, 0x3344,
    0x0380, 0x0002,
    0x0382, 0x0006,
    0x0384, 0x0002,
    0x0386, 0x0006,
    0x040C, 0x0000,
    0x0400, 0x1010,
    0x0408, 0x0100,
    0x040A, 0x0100,
    0xFCFC, 0x2000,
    0xD1F6, 0x3A00,
    0xD20C, 0x0910,
    0xD314, 0x2002,
    0xD27A, 0x0700,
    0xD3F0, 0xB01C,
    0xD410, 0x4802,
    0xD426, 0xD204,
    0xD43C, 0x0140,
    0xD412, 0xD204,
    0xD428, 0xEA0A,
    0xD43E, 0x0140,
    0xFCFC, 0x4000,
    0x0260, 0x0001,
    0x0262, 0x0000,
    0x0264, 0x0006,
    0x0266, 0x0700,
    0x0112, 0x0A0A,
    0x0270, 0x2B2B,
    0x0272, 0x2B10,
    0x0274, 0x302B,
    0xFCFC, 0x2001,
    0x44C6, 0x0000,
    0xFCFC, 0x4000,
    0x0B02, 0x0102,
    0x0720, 0x0001,
    0x0722, 0x0800,
    0x0724, 0x0000,
    0x0728, 0x0000,
    0x072A, 0x0000,
    0x072C, 0x0000,
    0x072E, 0x0000,
    0xFCFC, 0x2001,
    0x3132, 0x0200,
    0xFCFC, 0x4000,
    0x021E, 0x0000,
    0x0228, 0x0100,
    0xFCFC, 0x2001,
    0x31D0, 0x0000,
    0x5A70, 0x0000,
    0xFCFC, 0x2000,
    0xDC94, 0x0103,
    0xEF80, 0x0000,
    0x23F0, 0x0001,
    0xF288, 0x0000,
    0xFCFC, 0x2001,
    0x2A30, 0x01FF,
    0x4270, 0x0000,
    0x29BA, 0x2000,
    0x29A8, 0x0100,
    0xFCFC, 0x4000,
    0x0B04, 0x0001,
    0x0B06, 0x0101,
    0x0B08, 0x0100,
    0x0B0A, 0x0101,
    0x0B0C, 0x0100,
    0xFCFC, 0x2000,
    0xC4E0, 0x0100,
    0xC4F6, 0x0000,
    0xC4E2, 0x0000,
    0xC53C, 0x0500,
    0xC544, 0x0005,
    0xC53E, 0x0000,
    0xB23C, 0x6060,
    0xB242, 0x6060,
    0xC554, 0x0010,
    0xC556, 0x0000,
    0xFCFC, 0x2001,
    0x2920, 0x0100,
    0x31F8, 0x0000,
    0x31FA, 0x0000,
    0xFCFC, 0x2000,
    0xD856, 0x0507,
    0xD6D4, 0x0000,
    0x799A, 0x0000,
    0xD8A2, 0x0100,
    0xFCFC, 0x4000,
    0x020A, 0x0000,
    0xFCFC, 0x2000,
    0x78C0, 0x0101,
    0x22C2, 0x0600,
    0x22C4, 0xFF1F,
    0x22EC, 0x1F00,
    0x2306, 0xFF3F,
    0x2314, 0xFF00,
    0x2354, 0x0300,
    0xFCFC, 0x4000,
    0x0936, 0x0000,
    0x0C40, 0x0000,
    0xFCFC, 0x2000,
    0x68DE, 0x0000,
    0xFCFC, 0x2001,
    0x2540, 0x0200,
    0x25E0, 0x0100,
    0x25E2, 0x0000,
    0xFCFC, 0x2000,
    0xD718, 0x0002,
    0xBF30, 0x0000,
    0xFCFC, 0x2001,
    0x3C42, 0x0000,
    0x3C46, 0xEB05,
    0x3C52, 0x4006,
    0xFCFC, 0x2000,
    0xD326, 0x0110,
    0xD3EC, 0xB01C,
    0xFCFC, 0x2001,
    0x195E, 0x0100,
    0x1966, 0x0000,
    0xFCFC, 0x4000,
    0x0086, 0x1400,
    0xFCFC, 0x2000,
    0xE980, 0x9E04,
    0xC4D8, 0x2000,
    0x795A, 0x2000,
    0x7970, 0x2000,
    0xFCFC, 0x2002,
    0x849E, 0x0000,
    0x84A0, 0x0000,
    0x84A2, 0x0005,
    0xFCFC, 0x2001,
    0x2BB2, 0x1000,
    0x2D32, 0x0010,
    0xFCFC, 0x2000,
    0x703C, 0x0101,
    0x7046, 0x7F02,
    0x7058, 0x8002,
    0x71D4, 0x3F00,
    0x71D6, 0x3D00,
    0x71D8, 0x84F3,
    0x71DA, 0x0040,
    0x7048, 0x3F01,
    0x705A, 0x4001,
    0x7274, 0x0B00,
    0x7276, 0x0B00,
    0x7278, 0x36D2,
    0x727A, 0x0040,
    0x727C, 0x0000,
    0x727E, 0x00D0,
    0x7280, 0x12D2,
    0x7282, 0x0040,
    0x703E, 0x0100,
    0x704A, 0x000A,
    0x705C, 0x010A,
    0x7314, 0x2E00,
    0x7316, 0x3000,
    0x7318, 0x9EFD,
    0x731A, 0x0040,
    0xBEDC, 0xC526,
    0xBEDE, 0x907E,
    0xBEE0, 0xC00F,
    0xBEE2, 0x0008,
    0xBEE4, 0x2C00,
    0xBEE6, 0x8000,
    0xFCFC, 0x2001,
    0x2A54, 0x0000,
    0x2A56, 0x0400,
    0x2A42, 0x0100,
    0x2A44, 0x7901,
    0x2A46, 0x0000,
    0xFCFC, 0x2000,
    0xD704, 0x0278,
    0x7A0E, 0x0F00,
    0x7A6E, 0x1900,
    0x7A86, 0x1900,
    0x8C9E, 0x3500,
    0x8CCE, 0x9600,
    0x7A10, 0x0F00,
    0x7A70, 0x1900,
    0x7A88, 0x1900,
    0x8CA0, 0x3500,
    0x8CD0, 0x9600,
    0xB224, 0x0103,
    0xB226, 0x0000,
    0xB220, 0x0103,
    0x7A12, 0x0F00,
    0x7A72, 0x1900,
    0x7A8A, 0x1900,
    0x8CA2, 0x5000,
    0x8CD2, 0xBE00,
    0x7EE6, 0x2C00,
    0x7EF2, 0x2C00,
    0x7EFE, 0x6400,
    0x7F0A, 0x5800,
    0x8D0E, 0x0000,
    0x9032, 0x0000,
    0x903E, 0x0000,
    0x7A14, 0x0F00,
    0x7A74, 0x1900,
    0x7A8C, 0x1900,
    0x8CA4, 0x3500,
    0x7F0E, 0x5800,
    0x8CD6, 0x9600,
    0x7BDA, 0x3C00,
    0xD49C, 0x2100,
    0xD4D0, 0x0A00,
    0xD4A8, 0x0100,
    0xD4D6, 0x1A00,
    0xD4E2, 0x6A00,
    0xD4BC, 0x9801,
    0xD4B0, 0xC803,
    0xD4C8, 0x0100,
    0xD624, 0x0000,
    0xD62E, 0x0000,
    0xD638, 0x0000,
    0xD4EA, 0x0100,
    0xD554, 0xC400,
    0xD556, 0x2E01,
    0xD560, 0x5203,
    0xD562, 0xBC03,
    0xD4DA, 0x0000,
    0xD4E6, 0x0100,
    0xD4C0, 0x1400,
    0xD4B4, 0x0100,
    0xD4CC, 0x0000,
    0xD5BC, 0x0000,
    0xD5BE, 0x0000,
    0xD5C8, 0x0000,
    0xD5CA, 0x0000,
    0xD4D2, 0x0000,
    0xD4DE, 0x0100,
    0xD4B8, 0x1400,
    0xD4AC, 0x0100,
    0xD4C4, 0x0000,
    0xD4EC, 0x0000,
    0xD4EE, 0x0000,
    0xD4F8, 0x0000,
    0xD4FA, 0x0000,
    0xBF78, 0x5333,
    0xD896, 0x0000,
    0xFCFC, 0x2001,
    0x1C24, 0x0002,
    0x1C26, 0x8001,
    0x1C28, 0x8004,
    0x1C2A, 0x2010,
    0x1C2C, 0x2010,
    0x1C2E, 0x0005,
    0x1C30, 0x00A0,
    0x1C32, 0x2810,
    0x1C34, 0x2810,
    0x1C4E, 0x8001,
    0x1C50, 0x8004,
    0x1C52, 0x0010,
    0x1C54, 0x0010,
    0x1C56, 0x0005,
    0x1C58, 0x00A0,
    0x1C5A, 0x2810,
    0x1C5C, 0x2810,
    0x1C5E, 0x0000,
    0x1C60, 0x0000,
    0x1C62, 0x0000,
    0x1C64, 0x0000,
    0x1C66, 0x0000,
    0x1C68, 0x0000,
    0x1C6A, 0x0000,
    0x1C6C, 0x0000,
    0x1C76, 0x8001,
    0x1C78, 0x8004,
    0x1C7A, 0x2010,
    0x1C7C, 0x2010,
    0x1C7E, 0x0005,
    0x1C80, 0x00A0,
    0x1C82, 0x2810,
    0x1C84, 0x2810,
    0x1C86, 0x0000,
    0x1C88, 0x0000,
    0x1C8A, 0x0000,
    0x1C8C, 0x0000,
    0x1C8E, 0x0000,
    0x1C90, 0x0000,
    0x1C92, 0x0000,
    0x1C94, 0x0000,
    0x1C9E, 0x8001,
    0x1CA0, 0x8004,
    0x1CA2, 0x2010,
    0x1CA4, 0x2010,
    0x1CA6, 0x0005,
    0x1CA8, 0x00A0,
    0x1CAA, 0x2810,
    0x1CAC, 0x2810,
    0x1CC6, 0x8001,
    0x1CC8, 0x8004,
    0x1CCA, 0x2010,
    0x1CCC, 0x2010,
    0x1CCE, 0x0005,
    0x1CD0, 0x00A0,
    0x1CD2, 0x2810,
    0x1CD4, 0x2810,
    0x1CEE, 0x8001,
    0x1CF0, 0x8004,
    0x1CF2, 0x0010,
    0x1CF4, 0x0010,
    0x1CF6, 0x0005,
    0x1CF8, 0x00A0,
    0x1CFA, 0x2810,
    0x1CFC, 0x2810,
    0x1CFE, 0x0000,
    0x1D00, 0x0000,
    0x1D02, 0x0000,
    0x1D04, 0x0000,
    0x1D06, 0x0000,
    0x1D08, 0x0000,
    0x1D0A, 0x0000,
    0x1D0C, 0x0000,
    0x1D16, 0x8001,
    0x1D18, 0x8004,
    0x1D1A, 0x2010,
    0x1D1C, 0x2010,
    0x1D1E, 0x0005,
    0x1D20, 0x00A0,
    0x1D22, 0x2810,
    0x1D24, 0x2810,
    0x1D26, 0x0000,
    0x1D28, 0x0000,
    0x1D2A, 0x0000,
    0x1D2C, 0x0000,
    0x1D2E, 0x0000,
    0x1D30, 0x0000,
    0x1D32, 0x0000,
    0x1D34, 0x0000,
    0x1D3E, 0x8001,
    0x1D40, 0x8004,
    0x1D42, 0x2010,
    0x1D44, 0x2010,
    0x1D46, 0x0005,
    0x1D48, 0x00A0,
    0x1D4A, 0x2810,
    0x1D4C, 0x2810,
    0xFCFC, 0x2000,
    0xB21E, 0x0000,
    0xB222, 0xC000,
    0xB20C, 0x2E00,
    0xB21A, 0x0402,
    0xB378, 0x0100,
    0xDD70, 0x0000,
    0xDE38, 0x0000,
    0xFCFC, 0x2002,
    0xA574, 0x0155,
    0xA59C, 0xA2FD,
    0xA59E, 0xFEFE,
    0xA576, 0x4000,
    0xA588, 0x0E00,
    0xA578, 0x8000,
    0xA58A, 0x2000,
    0xA57A, 0xA000,
    0xA58C, 0x2800,
    0xA57C, 0x4001,
    0xA58E, 0x1400,
    0xA57E, 0x8002,
    0xA590, 0x2200,
    0xA580, 0x0005,
    0xA592, 0x2800,
    0xA582, 0x000A,
    0xA594, 0x2C00,
    0xA584, 0xA00F,
    0xA596, 0x2E00,
    0xA586, 0x4011,
    0xA598, 0x3200,
    0xA59A, 0x3500,
    0xA548, 0x00EA,
    0xA570, 0x0000,
    0xA54A, 0x0000,
    0xA54C, 0x0000,
    0xA54E, 0x0000,
    0xA550, 0x0000,
    0xA552, 0x0000,
    0xA554, 0x0000,
    0xA556, 0x0000,
    0xA55C, 0x0000,
    0xA55E, 0x0000,
    0xA560, 0x0000,
    0xA562, 0x0000,
    0xA564, 0x0000,
    0xA566, 0x0000,
    0xA568, 0x0000,
    0xA56A, 0x0000,
    0xFCFC, 0x2001,
    0x1D96, 0x0000,
    0x1D98, 0x0000,
    0x1DA6, 0x0000,
    0x1DA8, 0x0000,
    0x1D72, 0x0000,
    0x1D74, 0x0000,
    0x1D82, 0x0000,
    0x1D84, 0x0000,
    0x1D92, 0x0000,
    0x1D94, 0x0000,
    0x1DA2, 0x0000,
    0x1DA4, 0x0000,
    0x1D76, 0x0000,
    0x1D78, 0x0000,
    0x1D86, 0x0000,
    0x1D88, 0x0000,
    0x1E16, 0x1200,
    0x1E18, 0x1200,
    0x1E26, 0x1200,
    0x1E28, 0x1200,
    0x1DF2, 0x1500,
    0x1DF4, 0x1500,
    0x1E02, 0x1500,
    0x1E04, 0x1500,
    0x1E12, 0x1200,
    0x1E14, 0x1200,
    0x1E22, 0x1200,
    0x1E24, 0x1200,
    0x1DF6, 0x1500,
    0x1DF8, 0x1500,
    0x1E06, 0x1500,
    0x1E08, 0x1500,
    0xFCFC, 0x2000,
    0x82BA, 0x3300,
    0x82A2, 0x1400,
    0xFCFC, 0x2001,
    0x427C, 0x2000,
    0x4280, 0x1000,
    0x4362, 0x0100,
    0x43AA, 0x0000,
    0x43AC, 0x0000,
    0x43C6, 0x0114,
    0x43B4, 0x0000,
    0x43B6, 0x0000,
    0x4396, 0x0B00,
    0x4398, 0x0B00,
    0x437E, 0xE400,
    0xFCFC, 0x2000,
    0xB322, 0x0101,
    0xB324, 0x0100,
    0xB330, 0x2828,
    0xB34A, 0x2828,
    0xB360, 0x2828,
    0xFCFC, 0x2001,
    0x4292, 0x0000,
    0x4364, 0x0000,
    0x4366, 0x0000,
    0x4370, 0x0000,
    0x4290, 0x0100,
    0xFCFC, 0x2002,
    0x84C4, 0x012D,
    0x84A4, 0x0000,
    0xFCFC, 0x2000,
    0xD684, 0x80F3,
    0xB268, 0x80F3,
    0xF09A, 0x00FF,
    0xF2E0, 0x0000,
    0xF372, 0x0000,
    0xF0AA, 0xFFFF,
    0xF0AC, 0xFFFF,
    0xF2EA, 0x4000,
    0xDADA, 0x0001,
    0xDB3C, 0xD2FD,
    0xDADC, 0x0000,
    0xDB0C, 0x1F1F,
    0xDB3E, 0x12D2,
    0xDADE, 0x0000,
    0xDB0E, 0x0080,
    0xDB40, 0x12D2,
    0xDAE0, 0xA000,
    0xDB10, 0x0040,
    0xDB42, 0x12D2,
    0xDAE2, 0x0001,
    0xDB12, 0x0020,
    0xDB44, 0x12D2,
    0xDAE4, 0x0005,
    0xDB14, 0x0040,
    0xDB46, 0x12D2,
    0xDAE6, 0x4011,
    0xDB16, 0x0060,
    0xDBCC, 0x0000,
    0xDB6C, 0x0000,
    0xDB9C, 0x0000,
    0xDBCE, 0x0000,
    0xDB6E, 0x0000,
    0xDB9E, 0x0000,
    0xDBD0, 0x0000,
    0xDB70, 0x0000,
    0xDBA0, 0x0000,
    0xDBD2, 0x0000,
    0xDB72, 0x0000,
    0xDBA2, 0x0000,
    0xDBD4, 0x0000,
    0xDB74, 0x0000,
    0xDBA4, 0x0000,
    0xDBD6, 0x0000,
    0xDB76, 0x0000,
    0xDBA6, 0x0000,
    0xF370, 0x0203,
    0xF3E4, 0x0301,
    0xF3F4, 0xC800,
    0xF3F6, 0xD210,
    0xF014, 0x0700,
    0xB270, 0x8708,
    0xB266, 0xC004,
    0xD682, 0xC004,
    0xBF16, 0x0BAA,
    0xDC8C, 0x3F0B,
    0xFCFC, 0x4000,
    0x0808, 0x0201,
    0x0E00, 0x0003,
};

#endif
