/* SPDX-License-Identifier: GPL-2.0 */
/*
 * Copyright (c) 2019 MediaTek Inc.
 */
/*****************************************************************************
 *
 * Filename:
 * ---------
 *	 cjtele_Sensor_setting.h
 *
 * Project:
 * --------
 * Description:
 * ------------
 *	 CMOS sensor header file
 *
 ****************************************************************************/
#ifndef _CJTELE_SENSOR_SETTING_H
#define _CJTELE_SENSOR_SETTING_H

#include "kd_camera_typedef.h"

/*
01_4096x3072_30fps_2976Msps 8Sum2Avg_Normal
02_4096x3072_60fps_2976Msps//AEB 8Sum2Avg_Normal
03_4096x3072_30.01fps_2976Msps 8Sum2Avg_iDCG
04_8192x6144_30fps_2976Msps 4Sum_Normal
05_4096x3072_30fps_2976Msps Full_Normal
06_16384x12288_7.5fps_2976Msps Full_Normal
07_4096x3072_60fps_2976Msps////AEB 4Sum_Normal
08_4096x2560_30fps_2976Msps 8Sum2Avg_Normal
09_4096x2560_30.01fps_2976Msps 8Sum2Avg_iDCG
010_4096x2560_30fps_2976Msps 4Sum_Normal
011_4096x2560_30fps_2976Msps Full_Normal
012_4096x2304_60fps_2976Msps 8Sum2Avg_Normal
013_4096x2304_120fps_2976Msps 8Sum2Avg_Normal
014_2048x1152_240.01fps_1760Msps 8Sum2Avg_2bin_Normal
015_2048x1152_480.03fps_3300Msps 8Sum2Avg_2bin_Normal
*/

/*******************************************************************************
 * Global
 ******************************************************************************/
static u16 cjtele_init_setting_part1[] = {
    0xFCFC, 0x4000,
    0x6018, 0x0001,
};

static u16 cjtele_init_setting_part2[] = {
    0x7002, 0x0008,
    0x7004, 0x1770,
    0x70B8, 0x0CF0,
    0x6014, 0x0001,
};

static u16 cjtele_init_setting_part3_long[] = {
    0xFCFC, 0x2000,
    0x18B4, 0xFCFC,
    0x18B6, 0xFFFE,
    0x18B8, 0xFCFC,
    0x18BA, 0xFFFE,
    0x18BC, 0xFCFC,
    0x18BE, 0xFFFE,
    0x18C0, 0xFCFC,
    0x18C2, 0xFFFE,
    0x18C4, 0xFCFC,
    0x18C6, 0xFFFE,
    0x18C8, 0xFCFC,
    0x18CA, 0xFFFE,
    0x18CC, 0xFCFC,
    0x18CE, 0xFFFE,
    0x18D0, 0xFCFC,
    0x18D2, 0xFFFE,
    0x1A44, 0x2002,
    0x1A46, 0xE1D0,
    0x1A48, 0x2003,
    0x1A4A, 0x0C82,
    0x1A4C, 0x2003,
    0x1A4E, 0x0D52,
    0x1A50, 0x2003,
    0x1A52, 0x1336,
    0x1A54, 0x2003,
    0x1A56, 0x118C,
    0x1A58, 0x0000,
    0x1A5A, 0x0000,
    0x1A5C, 0x0000,
    0x1A5E, 0x0000,
    0x1A60, 0x0000,
    0x1A62, 0x0000,
    0x1BD4, 0x2002,
    0x1BD6, 0xE1D0,
    0x1BD8, 0x2003,
    0x1BDA, 0x0C82,
    0x1BDC, 0x2003,
    0x1BDE, 0x0D52,
    0x1BE0, 0x2003,
    0x1BE2, 0x1336,
    0x1BE4, 0x2003,
    0x1BE6, 0x118C,
    0x1BE8, 0x0000,
    0x1BEA, 0x0000,
    0x1BEC, 0x0000,
    0x1BEE, 0x0000,
    0x1BF0, 0x0000,
    0x1BF2, 0x0000,
    0x1D64, 0x2002,
    0x1D66, 0xE1D0,
    0x1D68, 0x2002,
    0x1D6A, 0xF78A,
    0x1D6C, 0x2002,
    0x1D6E, 0xFF4C,
    0x1D70, 0x2003,
    0x1D72, 0x0C82,
    0x1D74, 0x2003,
    0x1D76, 0x0D52,
    0x1D78, 0x2003,
    0x1D7A, 0x1336,
    0x1D7C, 0x2003,
    0x1D7E, 0x1206,
    0x1D80, 0x0000,
    0x1D82, 0x0000,
    0x1EF4, 0x2002,
    0x1EF6, 0xE1D0,
    0x1EF8, 0x2002,
    0x1EFA, 0xFB08,
    0x1EFC, 0x2003,
    0x1EFE, 0x0C82,
    0x1F00, 0x2003,
    0x1F02, 0x0D52,
    0x1F04, 0x2003,
    0x1F06, 0x1336,
    0x1F08, 0x2003,
    0x1F0A, 0x118C,
    0x1F0C, 0x2003,
    0x1F0E, 0x124E,
    0x1F10, 0x0000,
    0x1F12, 0x0000,
    0x2084, 0x2002,
    0x2086, 0xE1D0,
    0x2088, 0x2002,
    0x208A, 0xFB08,
    0x208C, 0x2003,
    0x208E, 0x0C82,
    0x2090, 0x2003,
    0x2092, 0x0D52,
    0x2094, 0x2003,
    0x2096, 0x1336,
    0x2098, 0x2003,
    0x209A, 0x118C,
    0x209C, 0x2003,
    0x209E, 0x12C2,
    0x20A0, 0x0000,
    0x20A2, 0x0000,
    0x2214, 0x2002,
    0x2216, 0xE1D0,
    0x2218, 0x2002,
    0x221A, 0xF78A,
    0x221C, 0x2003,
    0x221E, 0x0C82,
    0x2220, 0x2003,
    0x2222, 0x0D52,
    0x2224, 0x2003,
    0x2226, 0x1336,
    0x2228, 0x0000,
    0x222A, 0x0000,
    0x222C, 0x0000,
    0x222E, 0x0000,
    0x2230, 0x0000,
    0x2232, 0x0000,
    0x23A4, 0x2002,
    0x23A6, 0xE1D0,
    0x23A8, 0x2003,
    0x23AA, 0x0C82,
    0x23AC, 0x2003,
    0x23AE, 0x0EBA,
    0x23B0, 0x2003,
    0x23B2, 0x1336,
    0x23B4, 0x2003,
    0x23B6, 0x118C,
    0x23B8, 0x2003,
    0x23BA, 0x17A8,
    0x23BC, 0x0000,
    0x23BE, 0x0000,
    0x23C0, 0x0000,
    0x23C2, 0x0000,
    0x2534, 0x2002,
    0x2536, 0xE1D0,
    0x2538, 0x2002,
    0x253A, 0xF78A,
    0x253C, 0x2003,
    0x253E, 0x0C82,
    0x2540, 0x2003,
    0x2542, 0x0D52,
    0x2544, 0x2003,
    0x2546, 0x1336,
    0x2548, 0x0000,
    0x254A, 0x0000,
    0x254C, 0x0000,
    0x254E, 0x0000,
    0x2550, 0x0000,
    0x2552, 0x0000,
    0x26C4, 0x2002,
    0x26C6, 0xE1D0,
    0x26C8, 0x2002,
    0x26CA, 0xFB08,
    0x26CC, 0x2003,
    0x26CE, 0x0C82,
    0x26D0, 0x2003,
    0x26D2, 0x0D52,
    0x26D4, 0x2003,
    0x26D6, 0x1336,
    0x26D8, 0x2003,
    0x26DA, 0x118C,
    0x26DC, 0x2003,
    0x26DE, 0x124E,
    0x26E0, 0x0000,
    0x26E2, 0x0000,
    0x2854, 0x2002,
    0x2856, 0xE1D0,
    0x2858, 0x2003,
    0x285A, 0x0C82,
    0x285C, 0x2003,
    0x285E, 0x1022,
    0x2860, 0x2003,
    0x2862, 0x1336,
    0x2864, 0x2003,
    0x2866, 0x118C,
    0x2868, 0x2003,
    0x286A, 0x1800,
    0x286C, 0x0000,
    0x286E, 0x0000,
    0x2870, 0x0000,
    0x2872, 0x0000,
    0x29E4, 0x2002,
    0x29E6, 0xE1D0,
    0x29E8, 0x2002,
    0x29EA, 0xF78A,
    0x29EC, 0x2003,
    0x29EE, 0x0C82,
    0x29F0, 0x2003,
    0x29F2, 0x0D52,
    0x29F4, 0x2003,
    0x29F6, 0x1336,
    0x29F8, 0x0000,
    0x29FA, 0x0000,
    0x29FC, 0x0000,
    0x29FE, 0x0000,
    0x2A00, 0x0000,
    0x2A02, 0x0000,
    0x2B74, 0x2002,
    0x2B76, 0xE1D0,
    0x2B78, 0x2002,
    0x2B7A, 0xF17C,
    0x2B7C, 0x2003,
    0x2B7E, 0x0072,
    0x2B80, 0x2003,
    0x2B82, 0x0C82,
    0x2B84, 0x2003,
    0x2B86, 0x0D52,
    0x2B88, 0x2003,
    0x2B8A, 0x1336,
    0x2B8C, 0x2003,
    0x2B8E, 0x1854,
    0x2B90, 0x0000,
    0x2B92, 0x0000,
    0x2D04, 0x2002,
    0x2D06, 0xE1D0,
    0x2D08, 0x2002,
    0x2D0A, 0xF17C,
    0x2D0C, 0x2003,
    0x2D0E, 0x0072,
    0x2D10, 0x2003,
    0x2D12, 0x0C82,
    0x2D14, 0x2003,
    0x2D16, 0x0D52,
    0x2D18, 0x2003,
    0x2D1A, 0x1336,
    0x2D1C, 0x2003,
    0x2D1E, 0x1854,
    0x2D20, 0x2003,
    0x2D22, 0x18FA,
    0x2E94, 0x2002,
    0x2E96, 0xE1D0,
    0x2E98, 0x2002,
    0x2E9A, 0xF78A,
    0x2E9C, 0x2003,
    0x2E9E, 0x0C82,
    0x2EA0, 0x2003,
    0x2EA2, 0x0D52,
    0x2EA4, 0x2003,
    0x2EA6, 0x1336,
    0x2EA8, 0x0000,
    0x2EAA, 0x0000,
    0x2EAC, 0x0000,
    0x2EAE, 0x0000,
    0x2EB0, 0x0000,
    0x2EB2, 0x0000,
    0x3024, 0x2002,
    0x3026, 0xE1D0,
    0x3028, 0x2002,
    0x302A, 0xFB08,
    0x302C, 0x2003,
    0x302E, 0x0C82,
    0x3030, 0x2003,
    0x3032, 0x0D52,
    0x3034, 0x2003,
    0x3036, 0x1336,
    0x3038, 0x2003,
    0x303A, 0x118C,
    0x303C, 0x2003,
    0x303E, 0x124E,
    0x3040, 0x0000,
    0x3042, 0x0000,
    0xFCFC, 0x2002,
    0xE1D0, 0xFFFE,
    0xE1D2, 0x2000,
    0xE1D4, 0xFFFD,
    0xE1D6, 0x0E90,
    0xE1D8, 0x0803,
    0xE1DA, 0x0E92,
    0xE1DC, 0x0803,
    0xE1DE, 0x0E94,
    0xE1E0, 0x0803,
    0xE1E2, 0x0E96,
    0xE1E4, 0x0803,
    0xE1E6, 0x0F64,
    0xE1E8, 0x0040,
    0xE1EA, 0x34BA,
    0xE1EC, 0x0000,
    0xE1EE, 0x34BC,
    0xE1F0, 0x0004,
    0xE1F2, 0x3512,
    0xE1F4, 0xFA36,
    0xE1F6, 0x3514,
    0xE1F8, 0xFB0E,
    0xE1FA, 0x3552,
    0xE1FC, 0x0000,
    0xE1FE, 0x3554,
    0xE200, 0x0000,
    0xE202, 0x3E14,
    0xE204, 0x0101,
    0xE206, 0x3E16,
    0xE208, 0x0100,
    0xE20A, 0x3E1E,
    0xE20C, 0x03FF,
    0xE20E, 0x3E20,
    0xE210, 0x03FF,
    0xE212, 0x3E22,
    0xE214, 0x01FF,
    0xE216, 0x3E24,
    0xE218, 0x003F,
    0xE21A, 0x3E30,
    0xE21C, 0x0400,
    0xE21E, 0x3E32,
    0xE220, 0x0400,
    0xE222, 0x3E34,
    0xE224, 0x0200,
    0xE226, 0x3E36,
    0xE228, 0x0040,
    0xE22A, 0x4254,
    0xE22C, 0x06DB,
    0xE22E, 0x4256,
    0xE230, 0x06C9,
    0xE232, 0x4258,
    0xE234, 0x4000,
    0xE236, 0x425A,
    0xE238, 0xFA12,
    0xE23A, 0x46F0,
    0xE23C, 0x0101,
    0xE23E, 0x47C2,
    0xE240, 0x0101,
    0xE242, 0x485A,
    0xE244, 0x0102,
    0xE246, 0x487C,
    0xE248, 0x0004,
    0xE24A, 0x4882,
    0xE24C, 0x0004,
    0xE24E, 0x489A,
    0xE250, 0x0004,
    0xE252, 0x48A0,
    0xE254, 0x0004,
    0xE256, 0x48B8,
    0xE258, 0x0012,
    0xE25A, 0x48BE,
    0xE25C, 0x0014,
    0xE25E, 0x48D6,
    0xE260, 0x0014,
    0xE262, 0x48DC,
    0xE264, 0x000C,
    0xE266, 0x48F4,
    0xE268, 0x0012,
    0xE26A, 0x48FA,
    0xE26C, 0x0014,
    0xE26E, 0x4918,
    0xE270, 0x0101,
    0xE272, 0x491A,
    0xE274, 0x0000,
    0xE276, 0x49D0,
    0xE278, 0x0000,
    0xE27A, 0x49D4,
    0xE27C, 0x2214,
    0xE27E, 0x49DA,
    0xE280, 0x1422,
    0xE282, 0x49E6,
    0xE284, 0x2118,
    0xE286, 0x49EC,
    0xE288, 0x1821,
    0xE28A, 0x49F8,
    0xE28C, 0x8080,
    0xE28E, 0x4A58,
    0xE290, 0x0030,
    0xE292, 0x4A5A,
    0xE294, 0x0030,
    0xE296, 0x4A5C,
    0xE298, 0x0001,
    0xE29A, 0x4A5E,
    0xE29C, 0x0030,
    0xE29E, 0x4A60,
    0xE2A0, 0x0030,
    0xE2A2, 0x4A72,
    0xE2A4, 0x0019,
    0xE2A6, 0x4A90,
    0xE2A8, 0xFFF9,
    0xE2AA, 0x4A92,
    0xE2AC, 0x0000,
    0xE2AE, 0x4A94,
    0xE2B0, 0x0005,
    0xE2B2, 0x4A96,
    0xE2B4, 0xFFFC,
    0xE2B6, 0x4A98,
    0xE2B8, 0xFFFC,
    0xE2BA, 0x4AAA,
    0xE2BC, 0x0048,
    0xE2BE, 0x4AAC,
    0xE2C0, 0xFFF3,
    0xE2C2, 0x4AB0,
    0xE2C4, 0xFFFC,
    0xE2C6, 0x4AB8,
    0xE2C8, 0xFFFC,
    0xE2CA, 0x4ABA,
    0xE2CC, 0x0048,
    0xE2CE, 0x4ABE,
    0xE2D0, 0x0000,
    0xE2D2, 0x4AC0,
    0xE2D4, 0x0048,
    0xE2D6, 0x4AC2,
    0xE2D8, 0x0048,
    0xE2DA, 0x4AC6,
    0xE2DC, 0x0048,
    0xE2DE, 0x4AD4,
    0xE2E0, 0xFFFC,
    0xE2E2, 0x4AFE,
    0xE2E4, 0x0018,
    0xE2E6, 0x4B54,
    0xE2E8, 0x0021,
    0xE2EA, 0x4B56,
    0xE2EC, 0x000D,
    0xE2EE, 0x4B58,
    0xE2F0, 0x0010,
    0xE2F2, 0x4B5A,
    0xE2F4, 0x0016,
    0xE2F6, 0x4B5C,
    0xE2F8, 0x0016,
    0xE2FA, 0x4B6E,
    0xE2FC, 0x0018,
    0xE2FE, 0x4BC4,
    0xE300, 0x0021,
    0xE302, 0x4BC6,
    0xE304, 0x000D,
    0xE306, 0x4BC8,
    0xE308, 0x0010,
    0xE30A, 0x4BCA,
    0xE30C, 0x0016,
    0xE30E, 0x4BCC,
    0xE310, 0x0016,
    0xE312, 0x4BFA,
    0xE314, 0x0060,
    0xE316, 0x4C08,
    0xE318, 0x0060,
    0xE31A, 0x4C16,
    0xE31C, 0x0060,
    0xE31E, 0x4C4E,
    0xE320, 0x0000,
    0xE322, 0x4C5C,
    0xE324, 0x0002,
    0xE326, 0x4C6C,
    0xE328, 0x0004,
    0xE32A, 0x4C6E,
    0xE32C, 0x0004,
    0xE32E, 0x4C70,
    0xE330, 0x0004,
    0xE332, 0x4C72,
    0xE334, 0x0004,
    0xE336, 0x4C74,
    0xE338, 0x0004,
    0xE33A, 0x4CA2,
    0xE33C, 0x0000,
    0xE33E, 0x4CAA,
    0xE340, 0x0000,
    0xE342, 0x4CB0,
    0xE344, 0x0000,
    0xE346, 0x4CB2,
    0xE348, 0x0000,
    0xE34A, 0x4CB6,
    0xE34C, 0x0000,
    0xE34E, 0x4CB8,
    0xE350, 0x0000,
    0xE352, 0x4CBA,
    0xE354, 0x0000,
    0xE356, 0x4CBE,
    0xE358, 0x0000,
    0xE35A, 0x4CCC,
    0xE35C, 0x0000,
    0xE35E, 0x4D2E,
    0xE360, 0x000A,
    0xE362, 0x4D74,
    0xE364, 0x0000,
    0xE366, 0x4D82,
    0xE368, 0x0000,
    0xE36A, 0x4DF4,
    0xE36C, 0x0000,
    0xE36E, 0x4DF6,
    0xE370, 0x0000,
    0xE372, 0x4DF8,
    0xE374, 0x0004,
    0xE376, 0x4DFA,
    0xE378, 0x0000,
    0xE37A, 0x4DFC,
    0xE37C, 0x0000,
    0xE37E, 0x4E00,
    0xE380, 0x0000,
    0xE382, 0x4E04,
    0xE384, 0x0053,
    0xE386, 0x4E06,
    0xE388, 0x0053,
    0xE38A, 0x4E08,
    0xE38C, 0x0053,
    0xE38E, 0x4E0A,
    0xE390, 0x0053,
    0xE392, 0x4E0E,
    0xE394, 0x0053,
    0xE396, 0x4E2C,
    0xE398, 0x000F,
    0xE39A, 0x4E2E,
    0xE39C, 0x0030,
    0xE39E, 0x4E30,
    0xE3A0, 0x01E8,
    0xE3A2, 0x4E32,
    0xE3A4, 0x000F,
    0xE3A6, 0x4E34,
    0xE3A8, 0x000F,
    0xE3AA, 0x4E38,
    0xE3AC, 0x000F,
    0xE3AE, 0x4E3C,
    0xE3B0, 0x000D,
    0xE3B2, 0x4E3E,
    0xE3B4, 0x0060,
    0xE3B6, 0x4E40,
    0xE3B8, 0x0030,
    0xE3BA, 0x4E42,
    0xE3BC, 0x0030,
    0xE3BE, 0x4E54,
    0xE3C0, 0x000F,
    0xE3C2, 0x4E58,
    0xE3C4, 0x0030,
    0xE3C6, 0x4E5A,
    0xE3C8, 0x0060,
    0xE3CA, 0x4E5C,
    0xE3CC, 0x0030,
    0xE3CE, 0x4E5E,
    0xE3D0, 0x0030,
    0xE3D2, 0x4E62,
    0xE3D4, 0x0030,
    0xE3D6, 0x4E9A,
    0xE3D8, 0x0000,
    0xE3DA, 0x4EB6,
    0xE3DC, 0x0008,
    0xE3DE, 0x4EE0,
    0xE3E0, 0x000A,
    0xE3E2, 0x4EFC,
    0xE3E4, 0x0018,
    0xE3E6, 0x4F1A,
    0xE3E8, 0x0002,
    0xE3EA, 0x4F1C,
    0xE3EC, 0x0002,
    0xE3EE, 0x4F1E,
    0xE3F0, 0x0064,
    0xE3F2, 0x4F20,
    0xE3F4, 0x0002,
    0xE3F6, 0x4F22,
    0xE3F8, 0x0002,
    0xE3FA, 0x4F42,
    0xE3FC, 0x0088,
    0xE3FE, 0x4F52,
    0xE400, 0x0004,
    0xE402, 0x4F60,
    0xE404, 0x000A,
    0xE406, 0x4F6E,
    0xE408, 0x0004,
    0xE40A, 0x4F70,
    0xE40C, 0x0004,
    0xE40E, 0x4F72,
    0xE410, 0x0008,
    0xE412, 0x4F74,
    0xE414, 0x0004,
    0xE416, 0x4F76,
    0xE418, 0x0004,
    0xE41A, 0x4F88,
    0xE41C, 0x000A,
    0xE41E, 0x50BE,
    0xE420, 0x001B,
    0xE422, 0x50C0,
    0xE424, 0x0006,
    0xE426, 0x50C2,
    0xE428, 0x0004,
    0xE42A, 0x50C4,
    0xE42C, 0x0010,
    0xE42E, 0x50C6,
    0xE430, 0x0010,
    0xE432, 0x50D8,
    0xE434, 0x0016,
    0xE436, 0x50E0,
    0xE438, 0x0016,
    0xE43A, 0x50E6,
    0xE43C, 0x0016,
    0xE43E, 0x50E8,
    0xE440, 0x000F,
    0xE442, 0x50EC,
    0xE444, 0x0008,
    0xE446, 0x50EE,
    0xE448, 0x000F,
    0xE44A, 0x50F0,
    0xE44C, 0x000F,
    0xE44E, 0x50F4,
    0xE450, 0x000F,
    0xE452, 0x5118,
    0xE454, 0x04E1,
    0xE456, 0x5126,
    0xE458, 0x000F,
    0xE45A, 0x51FE,
    0xE45C, 0x0005,
    0xE45E, 0x520C,
    0xE460, 0x000A,
    0xE462, 0x5214,
    0xE464, 0x0005,
    0xE466, 0x521A,
    0xE468, 0x0005,
    0xE46A, 0x527E,
    0xE46C, 0x0003,
    0xE46E, 0x528C,
    0xE470, 0x0010,
    0xE472, 0x528E,
    0xE474, 0x0013,
    0xE476, 0x5290,
    0xE478, 0x0016,
    0xE47A, 0x5292,
    0xE47C, 0x0015,
    0xE47E, 0x5294,
    0xE480, 0x0015,
    0xE482, 0x5298,
    0xE484, 0x0015,
    0xE486, 0x529E,
    0xE488, 0x0027,
    0xE48A, 0x52A0,
    0xE48C, 0x002D,
    0xE48E, 0x52A2,
    0xE490, 0x002D,
    0xE492, 0x52A6,
    0xE494, 0x002D,
    0xE496, 0x52B6,
    0xE498, 0x0032,
    0xE49A, 0x52B8,
    0xE49C, 0x0035,
    0xE49E, 0x52BA,
    0xE4A0, 0x0036,
    0xE4A2, 0x52BC,
    0xE4A4, 0x0037,
    0xE4A6, 0x52BE,
    0xE4A8, 0x0037,
    0xE4AA, 0x52C2,
    0xE4AC, 0x0037,
    0xE4AE, 0x5500,
    0xE4B0, 0x00C7,
    0xE4B2, 0x5554,
    0xE4B4, 0x00C7,
    0xE4B6, 0x578A,
    0xE4B8, 0x0004,
    0xE4BA, 0x578C,
    0xE4BC, 0x001F,
    0xE4BE, 0x578E,
    0xE4C0, 0x001F,
    0xE4C2, 0x5792,
    0xE4C4, 0x001F,
    0xE4C6, 0x57CC,
    0xE4C8, 0x005E,
    0xE4CA, 0x57CE,
    0xE4CC, 0x002D,
    0xE4CE, 0x57D0,
    0xE4D0, 0x0088,
    0xE4D2, 0x57D2,
    0xE4D4, 0x0031,
    0xE4D6, 0x57D4,
    0xE4D8, 0x00AE,
    0xE4DA, 0x57D8,
    0xE4DC, 0x0070,
    0xE4DE, 0x57E6,
    0xE4E0, 0x0115,
    0xE4E2, 0x57E8,
    0xE4E4, 0x0089,
    0xE4E6, 0x57EC,
    0xE4E8, 0x0078,
    0xE4EA, 0x57EE,
    0xE4EC, 0x0088,
    0xE4EE, 0x57F0,
    0xE4F0, 0x0105,
    0xE4F2, 0x57F4,
    0xE4F4, 0x00C6,
    0xE4F6, 0x5804,
    0xE4F8, 0x0089,
    0xE4FA, 0x5806,
    0xE4FC, 0x008D,
    0xE4FE, 0x5808,
    0xE500, 0x0154,
    0xE502, 0x580A,
    0xE504, 0x0088,
    0xE506, 0x580C,
    0xE508, 0x0105,
    0xE50A, 0x5810,
    0xE50C, 0x00C6,
    0xE50E, 0x581A,
    0xE510, 0x0105,
    0xE512, 0x581E,
    0xE514, 0x00C6,
    0xE516, 0x629E,
    0xE518, 0x0000,
    0xE51A, 0x62AC,
    0xE51C, 0x0000,
    0xE51E, 0x65AE,
    0xE520, 0x017C,
    0xE522, 0x65BC,
    0xE524, 0x01C1,
    0xE526, 0x65F6,
    0xE528, 0x0000,
    0xE52A, 0x65FA,
    0xE52C, 0x8000,
    0xE52E, 0x65FC,
    0xE530, 0x0000,
    0xE532, 0x65FE,
    0xE534, 0x0000,
    0xE536, 0x6604,
    0xE538, 0x0000,
    0xE53A, 0x6608,
    0xE53C, 0x8000,
    0xE53E, 0x660A,
    0xE540, 0x0000,
    0xE542, 0x660C,
    0xE544, 0x0000,
    0xE546, 0x8F42,
    0xE548, 0x0000,
    0xE54A, 0x8F72,
    0xE54C, 0x0600,
    0xE54E, 0x8F7E,
    0xE550, 0x0017,
    0xE552, 0x8F80,
    0xE554, 0x170B,
    0xE556, 0x8F82,
    0xE558, 0x0B0B,
    0xE55A, 0x8F84,
    0xE55C, 0x0B0B,
    0xE55E, 0x8F8C,
    0xE560, 0x0004,
    0xE562, 0x8F8E,
    0xE564, 0x040B,
    0xE566, 0x8F90,
    0xE568, 0x0B0B,
    0xE56A, 0x8F92,
    0xE56C, 0x0B0B,
    0xE56E, 0x8F9A,
    0xE570, 0x0001,
    0xE572, 0x8F9C,
    0xE574, 0x0100,
    0xE576, 0x8F9E,
    0xE578, 0x0101,
    0xE57A, 0x8FA0,
    0xE57C, 0x0101,
    0xE57E, 0x8FA8,
    0xE580, 0x0001,
    0xE582, 0x8FAA,
    0xE584, 0x0100,
    0xE586, 0x8FAC,
    0xE588, 0x0101,
    0xE58A, 0x8FAE,
    0xE58C, 0x0101,
    0xE58E, 0x8FB6,
    0xE590, 0x0090,
    0xE592, 0x8FB8,
    0xE594, 0x0B07,
    0xE596, 0x8FBA,
    0xE598, 0x0B0B,
    0xE59A, 0x8FBC,
    0xE59C, 0x0B0B,
    0xE59E, 0x8FC4,
    0xE5A0, 0x0090,
    0xE5A2, 0x8FC6,
    0xE5A4, 0x9005,
    0xE5A6, 0x8FC8,
    0xE5A8, 0x9090,
    0xE5AA, 0x8FCA,
    0xE5AC, 0x9090,
    0xE5AE, 0x9066,
    0xE5B0, 0x80F5,
    0xE5B2, 0x9996,
    0xE5B4, 0xA6F1,
    0xE5B6, 0x9998,
    0xE5B8, 0x412C,
    0xE5BA, 0x999A,
    0xE5BC, 0xA8B1,
    0xE5BE, 0x999C,
    0xE5C0, 0x0000,
    0xE5C2, 0x999E,
    0xE5C4, 0x0044,
    0xE5C6, 0x9D50,
    0xE5C8, 0x013F,
    0xE5CA, 0x9D54,
    0xE5CC, 0x0000,
    0xE5CE, 0x9D56,
    0xE5D0, 0x01FF,
    0xE5D2, 0x9D58,
    0xE5D4, 0xFFFF,
    0xE5D6, 0x9DD4,
    0xE5D8, 0x4000,
    0xE5DA, 0x9DD6,
    0xE5DC, 0xFA9E,
    0xE5DE, 0x9DD8,
    0xE5E0, 0x4000,
    0xE5E2, 0x9DDA,
    0xE5E4, 0xFAA0,
    0xE5E6, 0x9DE4,
    0xE5E8, 0x1206,
    0xE5EA, 0x9DE6,
    0xE5EC, 0x0C06,
    0xE5EE, 0x9E60,
    0xE5F0, 0x0C06,
    0xE5F2, 0x9E62,
    0xE5F4, 0x1206,
    0xE5F6, 0x9E64,
    0xE5F8, 0x0C06,
    0xE5FA, 0x9EDE,
    0xE5FC, 0x0C06,
    0xE5FE, 0xA0A8,
    0xE600, 0x0000,
    0xE602, 0xA0EE,
    0xE604, 0x0100,
    0xE606, 0xA15C,
    0xE608, 0x0002,
    0xE60A, 0xA1C4,
    0xE60C, 0xBC76,
    0xE60E, 0xA1D2,
    0xE610, 0xFE00,
    0xE612, 0xA4FE,
    0xE614, 0x0000,
    0xE616, 0xA50C,
    0xE618, 0x0000,
    0xE61A, 0xA512,
    0xE61C, 0x0000,
    0xE61E, 0xA514,
    0xE620, 0x0000,
    0xE622, 0xA516,
    0xE624, 0x0000,
    0xE626, 0xA51E,
    0xE628, 0x0000,
    0xE62A, 0xA520,
    0xE62C, 0x001E,
    0xE62E, 0xA52E,
    0xE630, 0x0000,
    0xE632, 0xA53C,
    0xE634, 0x000A,
    0xE636, 0xA53E,
    0xE638, 0x0000,
    0xE63A, 0xA542,
    0xE63C, 0x0000,
    0xE63E, 0xA54A,
    0xE640, 0x0000,
    0xE642, 0xA54C,
    0xE644, 0x0001,
    0xE646, 0xA550,
    0xE648, 0x0001,
    0xE64A, 0xA9E0,
    0xE64C, 0x8822,
    0xE64E, 0xAA00,
    0xE650, 0x0000,
    0xE652, 0xB252,
    0xE654, 0x0202,
    0xE656, 0xB254,
    0xE658, 0x0200,
    0xE65A, 0xB264,
    0xE65C, 0x0001,
    0xE65E, 0xB390,
    0xE660, 0x0202,
    0xE662, 0xB39C,
    0xE664, 0x1000,
    0xE666, 0xB3DC,
    0xE668, 0x0600,
    0xE66A, 0xB3DE,
    0xE66C, 0x0000,
    0xE66E, 0xB3EE,
    0xE670, 0x0600,
    0xE672, 0xB3F0,
    0xE674, 0x0101,
    0xE676, 0xB57A,
    0xE678, 0x0008,
    0xE67A, 0xB57C,
    0xE67C, 0x0008,
    0xE67E, 0xB8C0,
    0xE680, 0x0011,
    0xE682, 0xB8C2,
    0xE684, 0x000D,
    0xE686, 0xB8C6,
    0xE688, 0x0B08,
    0xE68A, 0xC880,
    0xE68C, 0x0100,
    0xE68E, 0xC890,
    0xE690, 0x00FF,
    0xE692, 0xC892,
    0xE694, 0x0012,
    0xE696, 0xC896,
    0xE698, 0x6786,
    0xE69A, 0xC89A,
    0xE69C, 0x0001,
    0xE69E, 0xC89C,
    0xE6A0, 0x0030,
    0xE6A2, 0xC89E,
    0xE6A4, 0x0004,
    0xE6A6, 0xE8A2,
    0xE6A8, 0x0100,
    0xE6AA, 0xE8A4,
    0xE6AC, 0x0030,
    0xE6AE, 0xE8A8,
    0xE6B0, 0x0000,
    0xE6B2, 0xE8AA,
    0xE6B4, 0x678A,
    0xE6B6, 0xFF64,
    0xE6B8, 0x0002,
    0xE6BA, 0xFF6A,
    0xE6BC, 0x1000,
    0xE6BE, 0xFF6C,
    0xE6C0, 0x1000,
    0xE6C2, 0xFF72,
    0xE6C4, 0x1000,
    0xE6C6, 0xFF74,
    0xE6C8, 0x1000,
    0xE6CA, 0xFF7A,
    0xE6CC, 0x1000,
    0xE6CE, 0xFF7C,
    0xE6D0, 0x1000,
    0xE6D2, 0xFF82,
    0xE6D4, 0x1000,
    0xE6D6, 0xFF84,
    0xE6D8, 0x1000,
    0xE6DA, 0xFF8A,
    0xE6DC, 0x1000,
    0xE6DE, 0xFF8C,
    0xE6E0, 0x1000,
    0xE6E2, 0xFF92,
    0xE6E4, 0x1000,
    0xE6E6, 0xFF94,
    0xE6E8, 0x1000,
    0xE6EA, 0xFF9A,
    0xE6EC, 0x1000,
    0xE6EE, 0xFF9C,
    0xE6F0, 0x1000,
    0xE6F2, 0xFFA2,
    0xE6F4, 0x1000,
    0xE6F6, 0xFFA4,
    0xE6F8, 0x1000,
    0xE6FA, 0xFFAA,
    0xE6FC, 0x1000,
    0xE6FE, 0xFFAC,
    0xE700, 0x1000,
    0xE702, 0xFFB2,
    0xE704, 0x1000,
    0xE706, 0xFFB4,
    0xE708, 0x1000,
    0xE70A, 0xFFBA,
    0xE70C, 0x1000,
    0xE70E, 0xFFBC,
    0xE710, 0x1000,
    0xE712, 0xFFC2,
    0xE714, 0x1000,
    0xE716, 0xFFC4,
    0xE718, 0x1000,
    0xE71A, 0xFFCA,
    0xE71C, 0x1000,
    0xE71E, 0xFFCC,
    0xE720, 0x1000,
    0xE722, 0xFFD2,
    0xE724, 0x1000,
    0xE726, 0xFFD4,
    0xE728, 0x1000,
    0xE72A, 0xFFDA,
    0xE72C, 0x1000,
    0xE72E, 0xFFDC,
    0xE730, 0x1000,
    0xE732, 0xFFE2,
    0xE734, 0x1000,
    0xE736, 0xFFE4,
    0xE738, 0x1000,
    0xE73A, 0xFFEA,
    0xE73C, 0x1000,
    0xE73E, 0xFFEC,
    0xE740, 0x1000,
    0xE742, 0x0000,
    0xE744, 0xFFFE,
    0xE746, 0x2001,
    0xE748, 0xFFFD,
    0xE74A, 0x0002,
    0xE74C, 0x1000,
    0xE74E, 0x0004,
    0xE750, 0x1000,
    0xE752, 0x000A,
    0xE754, 0x1000,
    0xE756, 0x000C,
    0xE758, 0x1000,
    0xE75A, 0x0012,
    0xE75C, 0x1000,
    0xE75E, 0x0014,
    0xE760, 0x1000,
    0xE762, 0x001A,
    0xE764, 0x1000,
    0xE766, 0x001C,
    0xE768, 0x1000,
    0xE76A, 0x0022,
    0xE76C, 0x1000,
    0xE76E, 0x0024,
    0xE770, 0x1000,
    0xE772, 0x002A,
    0xE774, 0x0000,
    0xE776, 0x002C,
    0xE778, 0x0000,
    0xE77A, 0x0032,
    0xE77C, 0x0000,
    0xE77E, 0x0034,
    0xE780, 0x0000,
    0xE782, 0x003A,
    0xE784, 0x0000,
    0xE786, 0x003C,
    0xE788, 0x0000,
    0xE78A, 0x0042,
    0xE78C, 0x0000,
    0xE78E, 0x0044,
    0xE790, 0x0000,
    0xE792, 0x004A,
    0xE794, 0x0000,
    0xE796, 0x004C,
    0xE798, 0x0000,
    0xE79A, 0x0052,
    0xE79C, 0x0000,
    0xE79E, 0x0054,
    0xE7A0, 0x0000,
    0xE7A2, 0x005A,
    0xE7A4, 0x0000,
    0xE7A6, 0x005C,
    0xE7A8, 0x0000,
    0xE7AA, 0x0062,
    0xE7AC, 0x0000,
    0xE7AE, 0x0064,
    0xE7B0, 0x0000,
    0xE7B2, 0x006A,
    0xE7B4, 0x0000,
    0xE7B6, 0x006C,
    0xE7B8, 0x0000,
    0xE7BA, 0x0072,
    0xE7BC, 0x0000,
    0xE7BE, 0x0074,
    0xE7C0, 0x0000,
    0xE7C2, 0x007A,
    0xE7C4, 0x0000,
    0xE7C6, 0x007C,
    0xE7C8, 0x0000,
    0xE7CA, 0x0082,
    0xE7CC, 0x0000,
    0xE7CE, 0x0084,
    0xE7D0, 0x0000,
    0xE7D2, 0x008A,
    0xE7D4, 0x0000,
    0xE7D6, 0x008C,
    0xE7D8, 0x0000,
    0xE7DA, 0x0092,
    0xE7DC, 0x0000,
    0xE7DE, 0x0094,
    0xE7E0, 0x0000,
    0xE7E2, 0x009A,
    0xE7E4, 0x0000,
    0xE7E6, 0x009C,
    0xE7E8, 0x0000,
    0xE7EA, 0x00A2,
    0xE7EC, 0x0000,
    0xE7EE, 0x00A4,
    0xE7F0, 0x0000,
    0xE7F2, 0x00AA,
    0xE7F4, 0x0000,
    0xE7F6, 0x00AC,
    0xE7F8, 0x0000,
    0xE7FA, 0x00B2,
    0xE7FC, 0x0000,
    0xE7FE, 0x00B4,
    0xE800, 0x0000,
    0xE802, 0x00BA,
    0xE804, 0x0000,
    0xE806, 0x00BC,
    0xE808, 0x0000,
    0xE80A, 0x00C2,
    0xE80C, 0x0000,
    0xE80E, 0x00C4,
    0xE810, 0x0000,
    0xE812, 0x00CA,
    0xE814, 0x0000,
    0xE816, 0x00CC,
    0xE818, 0x0000,
    0xE81A, 0x00D2,
    0xE81C, 0x0000,
    0xE81E, 0x00D4,
    0xE820, 0x0000,
    0xE822, 0x00DA,
    0xE824, 0x0000,
    0xE826, 0x00DC,
    0xE828, 0x0000,
    0xE82A, 0x00E2,
    0xE82C, 0x0000,
    0xE82E, 0x00E4,
    0xE830, 0x0000,
    0xE832, 0x01B4,
    0xE834, 0x0600,
    0xE836, 0x01B6,
    0xE838, 0x0003,
    0xE83A, 0x01BA,
    0xE83C, 0x0003,
    0xE83E, 0x01BE,
    0xE840, 0x0003,
    0xE842, 0x01C2,
    0xE844, 0x0003,
    0xE846, 0x01D6,
    0xE848, 0x0003,
    0xE84A, 0x01DA,
    0xE84C, 0x0003,
    0xE84E, 0x01DE,
    0xE850, 0x0003,
    0xE852, 0x01E2,
    0xE854, 0x0003,
    0xE856, 0x01F6,
    0xE858, 0x0003,
    0xE85A, 0x01FA,
    0xE85C, 0x0003,
    0xE85E, 0x01FE,
    0xE860, 0x0003,
    0xE862, 0x0202,
    0xE864, 0x0003,
    0xE866, 0x0216,
    0xE868, 0x0003,
    0xE86A, 0x021A,
    0xE86C, 0x0003,
    0xE86E, 0x021E,
    0xE870, 0x0003,
    0xE872, 0x0222,
    0xE874, 0x0003,
    0xE876, 0x0236,
    0xE878, 0x0000,
    0xE87A, 0x023A,
    0xE87C, 0x0000,
    0xE87E, 0x023E,
    0xE880, 0x0000,
    0xE882, 0x0242,
    0xE884, 0x0000,
    0xE886, 0x0256,
    0xE888, 0x0000,
    0xE88A, 0x025A,
    0xE88C, 0x0000,
    0xE88E, 0x025E,
    0xE890, 0x0000,
    0xE892, 0x0262,
    0xE894, 0x0000,
    0xE896, 0x0276,
    0xE898, 0x0000,
    0xE89A, 0x027A,
    0xE89C, 0x0000,
    0xE89E, 0x027E,
    0xE8A0, 0x0000,
    0xE8A2, 0x0282,
    0xE8A4, 0x0000,
    0xE8A6, 0x0296,
    0xE8A8, 0x0000,
    0xE8AA, 0x029A,
    0xE8AC, 0x0000,
    0xE8AE, 0x029E,
    0xE8B0, 0x0000,
    0xE8B2, 0x02A2,
    0xE8B4, 0x0000,
    0xE8B6, 0x03BA,
    0xE8B8, 0x0000,
    0xE8BA, 0x03BE,
    0xE8BC, 0x0000,
    0xE8BE, 0x03C2,
    0xE8C0, 0x0000,
    0xE8C2, 0x03D6,
    0xE8C4, 0x0000,
    0xE8C6, 0x03DA,
    0xE8C8, 0x0000,
    0xE8CA, 0x03DE,
    0xE8CC, 0x0000,
    0xE8CE, 0x03E2,
    0xE8D0, 0x0000,
    0xE8D2, 0x03F6,
    0xE8D4, 0x0000,
    0xE8D6, 0x03FA,
    0xE8D8, 0x0000,
    0xE8DA, 0x03FE,
    0xE8DC, 0x0000,
    0xE8DE, 0x0402,
    0xE8E0, 0x0000,
    0xE8E2, 0x0416,
    0xE8E4, 0x0000,
    0xE8E6, 0x041A,
    0xE8E8, 0x0000,
    0xE8EA, 0x041E,
    0xE8EC, 0x0000,
    0xE8EE, 0x0422,
    0xE8F0, 0x0000,
    0xE8F2, 0x2270,
    0xE8F4, 0x0204,
    0xE8F6, 0x25D4,
    0xE8F8, 0x0101,
    0xE8FA, 0x25FA,
    0xE8FC, 0x2000,
    0xE8FE, 0x2648,
    0xE900, 0x0200,
    0xE902, 0x264A,
    0xE904, 0x0400,
    0xE906, 0x264C,
    0xE908, 0x0200,
    0xE90A, 0x264E,
    0xE90C, 0x0200,
    0xE90E, 0x2660,
    0xE910, 0x0202,
    0xE912, 0x2B7E,
    0xE914, 0x0200,
    0xE916, 0x2B84,
    0xE918, 0x0000,
    0xE91A, 0x2BC4,
    0xE91C, 0x078A,
    0xE91E, 0x2BC6,
    0xE920, 0x0005,
    0xE922, 0x2BC8,
    0xE924, 0x0005,
    0xE926, 0x2BCA,
    0xE928, 0xFFFA,
    0xE92A, 0x2BCC,
    0xE92C, 0xFFFA,
    0xE92E, 0x2CBE,
    0xE930, 0x0101,
    0xE932, 0x2DD6,
    0xE934, 0x0104,
    0xE936, 0x2DD8,
    0xE938, 0x0802,
    0xE93A, 0x2DDC,
    0xE93C, 0x0204,
    0xE93E, 0x2DFE,
    0xE940, 0x0100,
    0xE942, 0x2E0E,
    0xE944, 0x0000,
    0xE946, 0x3348,
    0xE948, 0x0002,
    0xE94A, 0x34FE,
    0xE94C, 0x0400,
    0xE94E, 0x350C,
    0xE950, 0x000B,
    0xE952, 0x3714,
    0xE954, 0x0000,
    0xE956, 0x391C,
    0xE958, 0x0000,
    0xE95A, 0x3B4C,
    0xE95C, 0x000F,
    0xE95E, 0x4780,
    0xE960, 0x0200,
    0xE962, 0x4994,
    0xE964, 0x0190,
    0xE966, 0x4996,
    0xE968, 0x0190,
    0xE96A, 0x4998,
    0xE96C, 0x0190,
    0xE96E, 0x49B8,
    0xE970, 0x0258,
    0xE972, 0x49BA,
    0xE974, 0x0258,
    0xE976, 0x49BC,
    0xE978, 0x0258,
    0xE97A, 0x49CA,
    0xE97C, 0x0190,
    0xE97E, 0x49CC,
    0xE980, 0x0190,
    0xE982, 0x49CE,
    0xE984, 0x0190,
    0xE986, 0x49DC,
    0xE988, 0x01F4,
    0xE98A, 0x49DE,
    0xE98C, 0x01F4,
    0xE98E, 0x49E0,
    0xE990, 0x01F4,
    0xE992, 0x4C52,
    0xE994, 0x044C,
    0xE996, 0x4C54,
    0xE998, 0x044C,
    0xE99A, 0x4C56,
    0xE99C, 0x044C,
    0xE99E, 0x4CE2,
    0xE9A0, 0x001E,
    0xE9A2, 0x4CE4,
    0xE9A4, 0x001E,
    0xE9A6, 0x4CE6,
    0xE9A8, 0x001E,
    0xE9AA, 0x4DBA,
    0xE9AC, 0x00E6,
    0xE9AE, 0x4DBC,
    0xE9B0, 0x00E6,
    0xE9B2, 0x4DBE,
    0xE9B4, 0x00E6,
    0xE9B6, 0x4DCC,
    0xE9B8, 0x00E6,
    0xE9BA, 0x4DCE,
    0xE9BC, 0x00E6,
    0xE9BE, 0x4DD0,
    0xE9C0, 0x00E6,
    0xE9C2, 0x4DDE,
    0xE9C4, 0x00E6,
    0xE9C6, 0x4DE0,
    0xE9C8, 0x00E6,
    0xE9CA, 0x4DE2,
    0xE9CC, 0x00E6,
    0xE9CE, 0x4E02,
    0xE9D0, 0x0050,
    0xE9D2, 0x4E04,
    0xE9D4, 0x0050,
    0xE9D6, 0x4E06,
    0xE9D8, 0x0050,
    0xE9DA, 0x85FA,
    0xE9DC, 0x0000,
    0xE9DE, 0x0000,
    0xE9E0, 0xFFFE,
    0xE9E2, 0x2002,
    0xE9E4, 0xFFFD,
    0xE9E6, 0xDDD6,
    0xE9E8, 0x001F,
    0xE9EA, 0xDDEC,
    0xE9EC, 0x0000,
    0xE9EE, 0xDDF6,
    0xE9F0, 0x0100,
    0xE9F2, 0xDDF8,
    0xE9F4, 0x8000,
    0xE9F6, 0xDE16,
    0xE9F8, 0x0003,
    0xE9FA, 0xDE18,
    0xE9FC, 0x04EF,
    0xE9FE, 0xDE1C,
    0xEA00, 0x0001,
    0xEA02, 0xE060,
    0xEA04, 0x0000,
    0xEA06, 0x0000,
    0xEA08, 0xFFFE,
    0xEA0A, 0x4000,
    0xEA0C, 0xFFFD,
    0xEA0E, 0x0086,
    0xEA10, 0x2000,
    0xEA12, 0x020A,
    0xEA14, 0x0100,
    0xEA16, 0x0228,
    0xEA18, 0x0100,
    0xEA1A, 0x0380,
    0xEA1C, 0x0004,
    0xEA1E, 0x0382,
    0xEA20, 0x0004,
    0xEA22, 0x0384,
    0xEA24, 0x0004,
    0xEA26, 0x0386,
    0xEA28, 0x0004,
    0xEA2A, 0x0722,
    0xEA2C, 0x0800,
    0xEA2E, 0x0900,
    0xEA30, 0x3244,
    0xEA32, 0x0BCC,
    0xEA34, 0x0100,
    0xEA36, 0x0BE2,
    0xEA38, 0x0000,
    0xEA3A, 0x0000,
    0xEA3C, 0xFFFF,
    0xEA3E, 0x0018,
    0xEA40, 0x2000,
    0xEA42, 0x4114,
    0xEA44, 0x0008,
    0xEA46, 0x0048,
    0xEA48, 0x4000,
    0xEA4A, 0xFA28,
    0xEA4C, 0xA8B1,
    0xEA4E, 0xA0B1,
    0xEA50, 0x4000,
    0xEA52, 0xFA2C,
    0xEA54, 0x0002,
    0xEA56, 0x0003,
    0xEA58, 0x4000,
    0xEA5A, 0xFC1E,
    0xEA5C, 0xFFFF,
    0xEA5E, 0x0010,
    0xEA60, 0x2000,
    0xEA62, 0x41B4,
    0xEA64, 0x000C,
    0xEA66, 0x0000,
    0xEA68, 0x4000,
    0xEA6A, 0xFAB2,
    0xEA6C, 0x000C,
    0xEA6E, 0x0000,
    0xEA70, 0x4000,
    0xEA72, 0xFAB4,
    0xEA74, 0xFFFF,
    0xEA76, 0x0010,
    0xEA78, 0x2000,
    0xEA7A, 0x42F4,
    0xEA7C, 0x01D5,
    0xEA7E, 0x01F9,
    0xEA80, 0x4000,
    0xEA82, 0xF470,
    0xEA84, 0x01D5,
    0xEA86, 0x01F9,
    0xEA88, 0x4000,
    0xEA8A, 0xF478,
    0xEA8C, 0xFFFF,
    0xEA8E, 0x000C,
    0xEA90, 0x2000,
    0xEA92, 0x4A64,
    0xEA94, 0x0030,
    0xEA96, 0x001B,
    0xEA98, 0x0012,
    0xEA9A, 0x0006,
    0xEA9C, 0x0019,
    0xEA9E, 0x0019,
    0xEAA0, 0xFFFF,
    0xEAA2, 0x000C,
    0xEAA4, 0x2000,
    0xEAA6, 0x4A9C,
    0xEAA8, 0xFFFC,
    0xEAAA, 0x0048,
    0xEAAC, 0x0048,
    0xEAAE, 0x000E,
    0xEAB0, 0x0048,
    0xEAB2, 0x0048,
    0xEAB4, 0xFFFF,
    0xEAB6, 0x000C,
    0xEAB8, 0x2000,
    0xEABA, 0x4AE2,
    0xEABC, 0x0048,
    0xEABE, 0x0021,
    0xEAC0, 0x000D,
    0xEAC2, 0x0010,
    0xEAC4, 0x0016,
    0xEAC6, 0x0016,
    0xEAC8, 0xFFFF,
    0xEACA, 0x000C,
    0xEACC, 0x2000,
    0xEACE, 0x4AF0,
    0xEAD0, 0x0016,
    0xEAD2, 0x001A,
    0xEAD4, 0x0011,
    0xEAD6, 0x0008,
    0xEAD8, 0x0018,
    0xEADA, 0x0018,
    0xEADC, 0xFFFF,
    0xEADE, 0x000C,
    0xEAE0, 0x2000,
    0xEAE2, 0x4B60,
    0xEAE4, 0x0016,
    0xEAE6, 0x001A,
    0xEAE8, 0x0011,
    0xEAEA, 0x0008,
    0xEAEC, 0x0018,
    0xEAEE, 0x0018,
    0xEAF0, 0xFFFF,
    0xEAF2, 0x000C,
    0xEAF4, 0x2000,
    0xEAF6, 0x4BD0,
    0xEAF8, 0x0016,
    0xEAFA, 0x001A,
    0xEAFC, 0x0011,
    0xEAFE, 0x0008,
    0xEB00, 0x0018,
    0xEB02, 0x0018,
    0xEB04, 0xFFFF,
    0xEB06, 0x000C,
    0xEB08, 0x2000,
    0xEB0A, 0x4BDE,
    0xEB0C, 0x0018,
    0xEB0E, 0x0008,
    0xEB10, 0x0001,
    0xEB12, 0x0003,
    0xEB14, 0x0005,
    0xEB16, 0x0005,
    0xEB18, 0xFFFF,
    0xEB1A, 0x000C,
    0xEB1C, 0x2000,
    0xEB1E, 0x4BEC,
    0xEB20, 0x0005,
    0xEB22, 0x0060,
    0xEB24, 0x0060,
    0xEB26, 0x0060,
    0xEB28, 0x0060,
    0xEB2A, 0x0060,
    0xEB2C, 0xFFFF,
    0xEB2E, 0x000C,
    0xEB30, 0x2000,
    0xEB32, 0x4C40,
    0xEB34, 0x0000,
    0xEB36, 0x0000,
    0xEB38, 0x0000,
    0xEB3A, 0x0014,
    0xEB3C, 0x0000,
    0xEB3E, 0x0000,
    0xEB40, 0xFFFF,
    0xEB42, 0x000C,
    0xEB44, 0x2000,
    0xEB46, 0x4C78,
    0xEB48, 0x0004,
    0xEB4A, 0x0001,
    0xEB4C, 0x0001,
    0xEB4E, 0xFFDE,
    0xEB50, 0x0001,
    0xEB52, 0x0001,
    0xEB54, 0xFFFF,
    0xEB56, 0x000C,
    0xEB58, 0x2000,
    0xEB5A, 0x4C86,
    0xEB5C, 0x0001,
    0xEB5E, 0x0000,
    0xEB60, 0x0000,
    0xEB62, 0x0006,
    0xEB64, 0x0000,
    0xEB66, 0x0000,
    0xEB68, 0xFFFF,
    0xEB6A, 0x000C,
    0xEB6C, 0x2000,
    0xEB6E, 0x4C94,
    0xEB70, 0x0000,
    0xEB72, 0x0000,
    0xEB74, 0x0000,
    0xEB76, 0xFFFB,
    0xEB78, 0x0000,
    0xEB7A, 0x0000,
    0xEB7C, 0xFFFF,
    0xEB7E, 0x000C,
    0xEB80, 0x2000,
    0xEB82, 0x4CDA,
    0xEB84, 0x0000,
    0xEB86, 0x0002,
    0xEB88, 0x0002,
    0xEB8A, 0x0001,
    0xEB8C, 0x0002,
    0xEB8E, 0x0002,
    0xEB90, 0xFFFF,
    0xEB92, 0x000C,
    0xEB94, 0x2000,
    0xEB96, 0x4CE8,
    0xEB98, 0x0002,
    0xEB9A, 0x000A,
    0xEB9C, 0x000A,
    0xEB9E, 0x0040,
    0xEBA0, 0x000A,
    0xEBA2, 0x000A,
    0xEBA4, 0xFFFF,
    0xEBA6, 0x000C,
    0xEBA8, 0x2000,
    0xEBAA, 0x4CF6,
    0xEBAC, 0x000A,
    0xEBAE, 0x0002,
    0xEBB0, 0x0002,
    0xEBB2, 0x0001,
    0xEBB4, 0x0002,
    0xEBB6, 0x0002,
    0xEBB8, 0xFFFF,
    0xEBBA, 0x000C,
    0xEBBC, 0x2000,
    0xEBBE, 0x4D04,
    0xEBC0, 0x0002,
    0xEBC2, 0x000A,
    0xEBC4, 0x000A,
    0xEBC6, 0x0040,
    0xEBC8, 0x000A,
    0xEBCA, 0x000A,
    0xEBCC, 0xFFFF,
    0xEBCE, 0x000C,
    0xEBD0, 0x2000,
    0xEBD2, 0x4D12,
    0xEBD4, 0x000A,
    0xEBD6, 0x0002,
    0xEBD8, 0x0002,
    0xEBDA, 0x0001,
    0xEBDC, 0x0002,
    0xEBDE, 0x0002,
    0xEBE0, 0xFFFF,
    0xEBE2, 0x000C,
    0xEBE4, 0x2000,
    0xEBE6, 0x4D20,
    0xEBE8, 0x0002,
    0xEBEA, 0x000A,
    0xEBEC, 0x000A,
    0xEBEE, 0x0040,
    0xEBF0, 0x000A,
    0xEBF2, 0x000A,
    0xEBF4, 0xFFFF,
    0xEBF6, 0x000C,
    0xEBF8, 0x2000,
    0xEBFA, 0x4E46,
    0xEBFC, 0x0030,
    0xEBFE, 0x000F,
    0xEC00, 0x000F,
    0xEC02, 0x01E8,
    0xEC04, 0x000F,
    0xEC06, 0x000F,
    0xEC08, 0xFFFF,
    0xEC0A, 0x000C,
    0xEC0C, 0x2000,
    0xEC0E, 0x4F26,
    0xEC10, 0x0002,
    0xEC12, 0x008A,
    0xEC14, 0x008A,
    0xEC16, 0x0080,
    0xEC18, 0x0569,
    0xEC1A, 0x008A,
    0xEC1C, 0xFFFF,
    0xEC1E, 0x000C,
    0xEC20, 0x2000,
    0xEC22, 0x4F34,
    0xEC24, 0x008A,
    0xEC26, 0x0088,
    0xEC28, 0x0088,
    0xEC2A, 0x007E,
    0xEC2C, 0x0567,
    0xEC2E, 0x0088,
    0xEC30, 0xFFFF,
    0xEC32, 0x000C,
    0xEC34, 0x2000,
    0xEC36, 0x4F7A,
    0xEC38, 0x0004,
    0xEC3A, 0x000A,
    0xEC3C, 0x000A,
    0xEC3E, 0x0008,
    0xEC40, 0x000A,
    0xEC42, 0x000A,
    0xEC44, 0xFFFF,
    0xEC46, 0x000C,
    0xEC48, 0x2000,
    0xEC4A, 0x50CA,
    0xEC4C, 0x0010,
    0xEC4E, 0x0021,
    0xEC50, 0x000D,
    0xEC52, 0x0002,
    0xEC54, 0x0016,
    0xEC56, 0x0016,
    0xEC58, 0xFFFF,
    0xEC5A, 0x001C,
    0xEC5C, 0x2000,
    0xEC5E, 0x8FD0,
    0xEC60, 0x0087,
    0xEC62, 0x0082,
    0xEC64, 0xF7DD,
    0xEC66, 0xF105,
    0xEC68, 0x3008,
    0xEC6A, 0x00FF,
    0xEC6C, 0x03FF,
    0xEC6E, 0x1901,
    0xEC70, 0x06C9,
    0xEC72, 0x0249,
    0xEC74, 0x0249,
    0xEC76, 0x0010,
    0xEC78, 0x0449,
    0xEC7A, 0x0790,
    0xEC7C, 0xFFFF,
    0xEC7E, 0x000E,
    0xEC80, 0x2000,
    0xEC82, 0x8FF6,
    0xEC84, 0x0D0D,
    0xEC86, 0x080D,
    0xEC88, 0x0D0D,
    0xEC8A, 0x0D0D,
    0xEC8C, 0x0D08,
    0xEC8E, 0x0D0D,
    0xEC90, 0x0D0D,
    0xEC92, 0xFFFF,
    0xEC94, 0x000C,
    0xEC96, 0x2000,
    0xEC98, 0xA558,
    0xEC9A, 0x0001,
    0xEC9C, 0x0000,
    0xEC9E, 0x0000,
    0xECA0, 0x0000,
    0xECA2, 0x0000,
    0xECA4, 0x0000,
    0xECA6, 0xFFFF,
    0xECA8, 0x0004,
    0xECAA, 0x2000,
    0xECAC, 0xFFF2,
    0xECAE, 0x1000,
    0xECB0, 0x1000,
    0xECB2, 0xFFFF,
    0xECB4, 0x0004,
    0xECB6, 0x2000,
    0xECB8, 0xFFFA,
    0xECBA, 0x1000,
    0xECBC, 0x1000,
    0xECBE, 0xFFFF,
    0xECC0, 0x0082,
    0xECC2, 0x2001,
    0xECC4, 0x0336,
    0xECC6, 0xFFFF,
    0xECC8, 0x0000,
    0xECCA, 0xFFFF,
    0xECCC, 0x0000,
    0xECCE, 0xFFFF,
    0xECD0, 0x0000,
    0xECD2, 0xFFFF,
    0xECD4, 0x0000,
    0xECD6, 0x0000,
    0xECD8, 0x0000,
    0xECDA, 0x0000,
    0xECDC, 0x0000,
    0xECDE, 0x0000,
    0xECE0, 0x0000,
    0xECE2, 0x0000,
    0xECE4, 0x0000,
    0xECE6, 0xFFFF,
    0xECE8, 0x0000,
    0xECEA, 0xFFFF,
    0xECEC, 0x0000,
    0xECEE, 0xFFFF,
    0xECF0, 0x0000,
    0xECF2, 0xFFFF,
    0xECF4, 0x0000,
    0xECF6, 0x0000,
    0xECF8, 0x0000,
    0xECFA, 0x0000,
    0xECFC, 0x0000,
    0xECFE, 0x0000,
    0xED00, 0x0000,
    0xED02, 0x0000,
    0xED04, 0x0000,
    0xED06, 0x0000,
    0xED08, 0x0000,
    0xED0A, 0x0000,
    0xED0C, 0x0000,
    0xED0E, 0x0000,
    0xED10, 0x0000,
    0xED12, 0x0000,
    0xED14, 0x0000,
    0xED16, 0x0000,
    0xED18, 0x0000,
    0xED1A, 0x0000,
    0xED1C, 0x0000,
    0xED1E, 0x0000,
    0xED20, 0x0000,
    0xED22, 0x0000,
    0xED24, 0x0000,
    0xED26, 0x0000,
    0xED28, 0x0000,
    0xED2A, 0x0000,
    0xED2C, 0x0000,
    0xED2E, 0x0000,
    0xED30, 0x0000,
    0xED32, 0x0000,
    0xED34, 0x0000,
    0xED36, 0x0000,
    0xED38, 0x0000,
    0xED3A, 0x0000,
    0xED3C, 0x0000,
    0xED3E, 0x0000,
    0xED40, 0x0000,
    0xED42, 0x0000,
    0xED44, 0x0000,
    0xED46, 0x0000,
    0xED48, 0xFFFF,
    0xED4A, 0x0020,
    0xED4C, 0x2001,
    0xED4E, 0x2BA0,
    0xED50, 0x0200,
    0xED52, 0x0200,
    0xED54, 0x0000,
    0xED56, 0x0000,
    0xED58, 0x0000,
    0xED5A, 0x0000,
    0xED5C, 0x0200,
    0xED5E, 0x0200,
    0xED60, 0x0200,
    0xED62, 0x0200,
    0xED64, 0x0000,
    0xED66, 0x0000,
    0xED68, 0x0000,
    0xED6A, 0x0000,
    0xED6C, 0x0200,
    0xED6E, 0x0200,
    0xED70, 0xFFFF,
    0xED72, 0x000C,
    0xED74, 0x2001,
    0xED76, 0x2E16,
    0xED78, 0x0064,
    0xED7A, 0x0096,
    0xED7C, 0x0078,
    0xED7E, 0x0190,
    0xED80, 0x0258,
    0xED82, 0x0320,
    0xED84, 0xFFFF,
    0xED86, 0x000E,
    0xED88, 0x2001,
    0xED8A, 0x3516,
    0xED8C, 0x00A0,
    0xED8E, 0x00A0,
    0xED90, 0x00C4,
    0xED92, 0x00BA,
    0xED94, 0x00C4,
    0xED96, 0x00AF,
    0xED98, 0x00AF,
    0xED9A, 0xFFFF,
    0xED9C, 0x000E,
    0xED9E, 0x2001,
    0xEDA0, 0x3536,
    0xEDA2, 0x00A5,
    0xEDA4, 0x00A0,
    0xEDA6, 0x00C8,
    0xEDA8, 0x00BE,
    0xEDAA, 0x00C8,
    0xEDAC, 0x00B3,
    0xEDAE, 0x0091,
    0xEDB0, 0xFFFF,
    0xEDB2, 0x000E,
    0xEDB4, 0x2001,
    0xEDB6, 0x371E,
    0xEDB8, 0x0000,
    0xEDBA, 0x0000,
    0xEDBC, 0x0000,
    0xEDBE, 0x0000,
    0xEDC0, 0x0000,
    0xEDC2, 0x0000,
    0xEDC4, 0x0000,
    0xEDC6, 0xFFFF,
    0xEDC8, 0x000E,
    0xEDCA, 0x2001,
    0xEDCC, 0x373E,
    0xEDCE, 0x0000,
    0xEDD0, 0x0000,
    0xEDD2, 0x0000,
    0xEDD4, 0x0000,
    0xEDD6, 0x0000,
    0xEDD8, 0x0000,
    0xEDDA, 0x0000,
    0xEDDC, 0xFFFF,
    0xEDDE, 0x000E,
    0xEDE0, 0x2001,
    0xEDE2, 0x3926,
    0xEDE4, 0x0000,
    0xEDE6, 0x0000,
    0xEDE8, 0x0000,
    0xEDEA, 0x0000,
    0xEDEC, 0x0000,
    0xEDEE, 0x0000,
    0xEDF0, 0x0000,
    0xEDF2, 0xFFFF,
    0xEDF4, 0x000E,
    0xEDF6, 0x2001,
    0xEDF8, 0x3946,
    0xEDFA, 0x0000,
    0xEDFC, 0x0000,
    0xEDFE, 0x0000,
    0xEE00, 0x0000,
    0xEE02, 0x0000,
    0xEE04, 0x0000,
    0xEE06, 0x0000,
    0xEE08, 0xFFFF,
    0xEE0A, 0x000E,
    0xEE0C, 0x2001,
    0xEE0E, 0x49E6,
    0xEE10, 0x0004,
    0xEE12, 0x0004,
    0xEE14, 0x0004,
    0xEE16, 0x0004,
    0xEE18, 0x0004,
    0xEE1A, 0x0004,
    0xEE1C, 0x0004,
    0xEE1E, 0xFFFF,
    0xEE20, 0x000E,
    0xEE22, 0x2001,
    0xEE24, 0x49F8,
    0xEE26, 0x000A,
    0xEE28, 0x000A,
    0xEE2A, 0x000A,
    0xEE2C, 0x000A,
    0xEE2E, 0x000A,
    0xEE30, 0x000A,
    0xEE32, 0x000A,
    0xEE34, 0xFFFF,
    0xEE36, 0x000E,
    0xEE38, 0x2001,
    0xEE3A, 0x4A0A,
    0xEE3C, 0x0014,
    0xEE3E, 0x0014,
    0xEE40, 0x0014,
    0xEE42, 0x0014,
    0xEE44, 0x0014,
    0xEE46, 0x0014,
    0xEE48, 0x0014,
    0xEE4A, 0xFFFF,
    0xEE4C, 0x000E,
    0xEE4E, 0x2001,
    0xEE50, 0x4A1C,
    0xEE52, 0x001E,
    0xEE54, 0x001E,
    0xEE56, 0x001E,
    0xEE58, 0x001E,
    0xEE5A, 0x001E,
    0xEE5C, 0x001E,
    0xEE5E, 0x001E,
    0xEE60, 0xFFFF,
    0xEE62, 0x000E,
    0xEE64, 0x2001,
    0xEE66, 0x4A2E,
    0xEE68, 0x0032,
    0xEE6A, 0x0032,
    0xEE6C, 0x0032,
    0xEE6E, 0x0032,
    0xEE70, 0x0032,
    0xEE72, 0x0032,
    0xEE74, 0x0032,
    0xEE76, 0xFFFF,
    0xEE78, 0x000E,
    0xEE7A, 0x2001,
    0xEE7C, 0x4A40,
    0xEE7E, 0x0050,
    0xEE80, 0x0050,
    0xEE82, 0x0050,
    0xEE84, 0x0050,
    0xEE86, 0x0050,
    0xEE88, 0x0050,
    0xEE8A, 0x0050,
    0xEE8C, 0xFFFF,
    0xEE8E, 0x000E,
    0xEE90, 0x2001,
    0xEE92, 0x4A64,
    0xEE94, 0x0006,
    0xEE96, 0x0006,
    0xEE98, 0x0006,
    0xEE9A, 0x0006,
    0xEE9C, 0x0006,
    0xEE9E, 0x0006,
    0xEEA0, 0x0006,
    0xEEA2, 0xFFFF,
    0xEEA4, 0x000E,
    0xEEA6, 0x2001,
    0xEEA8, 0x4A76,
    0xEEAA, 0x0007,
    0xEEAC, 0x0007,
    0xEEAE, 0x0007,
    0xEEB0, 0x0007,
    0xEEB2, 0x0007,
    0xEEB4, 0x0007,
    0xEEB6, 0x0007,
    0xEEB8, 0xFFFF,
    0xEEBA, 0x000E,
    0xEEBC, 0x2001,
    0xEEBE, 0x4A88,
    0xEEC0, 0x001E,
    0xEEC2, 0x001E,
    0xEEC4, 0x001E,
    0xEEC6, 0x001E,
    0xEEC8, 0x001E,
    0xEECA, 0x001E,
    0xEECC, 0x001E,
    0xEECE, 0xFFFF,
    0xEED0, 0x000E,
    0xEED2, 0x2001,
    0xEED4, 0x4BA8,
    0xEED6, 0x003C,
    0xEED8, 0x0006,
    0xEEDA, 0x0006,
    0xEEDC, 0x0006,
    0xEEDE, 0x0006,
    0xEEE0, 0x0006,
    0xEEE2, 0x0006,
    0xEEE4, 0xFFFF,
    0xEEE6, 0x000E,
    0xEEE8, 0x2001,
    0xEEEA, 0x4BCC,
    0xEEEC, 0x0028,
    0xEEEE, 0x0001,
    0xEEF0, 0x0001,
    0xEEF2, 0x0001,
    0xEEF4, 0x0001,
    0xEEF6, 0x0001,
    0xEEF8, 0x0001,
    0xEEFA, 0xFFFF,
    0xEEFC, 0x000E,
    0xEEFE, 0x2001,
    0xEF00, 0x4C02,
    0xEF02, 0x003C,
    0xEF04, 0x0008,
    0xEF06, 0x0008,
    0xEF08, 0x0008,
    0xEF0A, 0x0008,
    0xEF0C, 0x0008,
    0xEF0E, 0x0008,
    0xEF10, 0xFFFF,
    0xEF12, 0x000E,
    0xEF14, 0x2001,
    0xEF16, 0x4C26,
    0xEF18, 0x0028,
    0xEF1A, 0x0014,
    0xEF1C, 0x0014,
    0xEF1E, 0x0014,
    0xEF20, 0x0014,
    0xEF22, 0x0014,
    0xEF24, 0x0014,
    0xEF26, 0xFFFF,
    0xEF28, 0x000E,
    0xEF2A, 0x2001,
    0xEF2C, 0x4F3E,
    0xEF2E, 0x001E,
    0xEF30, 0x001E,
    0xEF32, 0x001E,
    0xEF34, 0x0028,
    0xEF36, 0x0032,
    0xEF38, 0x0032,
    0xEF3A, 0x0032,
    0xEF3C, 0xFFFF,
    0xEF3E, 0x000E,
    0xEF40, 0x2001,
    0xEF42, 0x4F50,
    0xEF44, 0x001E,
    0xEF46, 0x001E,
    0xEF48, 0x001E,
    0xEF4A, 0x0028,
    0xEF4C, 0x0050,
    0xEF4E, 0x0050,
    0xEF50, 0x0050,
    0xEF52, 0xFFFF,
    0xEF54, 0x000E,
    0xEF56, 0x2001,
    0xEF58, 0x4F62,
    0xEF5A, 0x001E,
    0xEF5C, 0x001E,
    0xEF5E, 0x001E,
    0xEF60, 0x0028,
    0xEF62, 0x006E,
    0xEF64, 0x006E,
    0xEF66, 0x006E,
    0xEF68, 0xFFFF,
    0xEF6A, 0x000E,
    0xEF6C, 0x2001,
    0xEF6E, 0x4F74,
    0xEF70, 0x001E,
    0xEF72, 0x001E,
    0xEF74, 0x001E,
    0xEF76, 0x0028,
    0xEF78, 0x0082,
    0xEF7A, 0x0082,
    0xEF7C, 0x0082,
    0xEF7E, 0xFFFF,
    0xEF80, 0x000E,
    0xEF82, 0x2001,
    0xEF84, 0x4F86,
    0xEF86, 0x0028,
    0xEF88, 0x0028,
    0xEF8A, 0x0028,
    0xEF8C, 0x0032,
    0xEF8E, 0x0082,
    0xEF90, 0x0082,
    0xEF92, 0x0082,
    0xEF94, 0xFFFF,
    0xEF96, 0x000C,
    0xEF98, 0x2002,
    0xEF9A, 0xDDD6,
    0xEF9C, 0x001F,
    0xEF9E, 0x000C,
    0xEFA0, 0x000C,
    0xEFA2, 0x000C,
    0xEFA4, 0x000C,
    0xEFA6, 0x000C,
    0xEFA8, 0xFFFF,
    0xEFAA, 0x000E,
    0xEFAC, 0x2002,
    0xEFAE, 0xDE02,
    0xEFB0, 0x003F,
    0xEFB2, 0x0001,
    0xEFB4, 0x0F13,
    0xEFB6, 0x0F13,
    0xEFB8, 0x000C,
    0xEFBA, 0x000C,
    0xEFBC, 0x0000,
    0xEFBE, 0xFFFF,
    0xEFC0, 0x00C0,
    0xEFC2, 0x2002,
    0xEFC4, 0xDE20,
    0xEFC6, 0x0000,
    0xEFC8, 0x0100,
    0xEFCA, 0x0000,
    0xEFCC, 0x0200,
    0xEFCE, 0x0000,
    0xEFD0, 0x0400,
    0xEFD2, 0x0000,
    0xEFD4, 0x0800,
    0xEFD6, 0x0000,
    0xEFD8, 0x2000,
    0xEFDA, 0x0000,
    0xEFDC, 0x4000,
    0xEFDE, 0x0000,
    0xEFE0, 0x0100,
    0xEFE2, 0x0000,
    0xEFE4, 0x0200,
    0xEFE6, 0x0000,
    0xEFE8, 0x0400,
    0xEFEA, 0x0000,
    0xEFEC, 0x0800,
    0xEFEE, 0x0000,
    0xEFF0, 0x2000,
    0xEFF2, 0x0000,
    0xEFF4, 0x4000,
    0xEFF6, 0x0000,
    0xEFF8, 0x0100,
    0xEFFA, 0x0000,
    0xEFFC, 0x0200,
    0xEFFE, 0x0000,
    0xF000, 0x0400,
    0xF002, 0x0000,
    0xF004, 0x0800,
    0xF006, 0x0000,
    0xF008, 0x2000,
    0xF00A, 0x0000,
    0xF00C, 0x4000,
    0xF00E, 0x0000,
    0xF010, 0x0100,
    0xF012, 0x0000,
    0xF014, 0x0200,
    0xF016, 0x0000,
    0xF018, 0x0400,
    0xF01A, 0x0000,
    0xF01C, 0x0800,
    0xF01E, 0x0000,
    0xF020, 0x2000,
    0xF022, 0x0000,
    0xF024, 0x4000,
    0xF026, 0x0000,
    0xF028, 0x0000,
    0xF02A, 0x0000,
    0xF02C, 0x0000,
    0xF02E, 0x0000,
    0xF030, 0x0000,
    0xF032, 0x0000,
    0xF034, 0x0000,
    0xF036, 0x0000,
    0xF038, 0x0000,
    0xF03A, 0x0000,
    0xF03C, 0x0000,
    0xF03E, 0x0000,
    0xF040, 0x0000,
    0xF042, 0x0000,
    0xF044, 0x0000,
    0xF046, 0x0000,
    0xF048, 0x0000,
    0xF04A, 0x0000,
    0xF04C, 0x0000,
    0xF04E, 0x0000,
    0xF050, 0x0000,
    0xF052, 0x0000,
    0xF054, 0x0000,
    0xF056, 0x0000,
    0xF058, 0x0000,
    0xF05A, 0x0000,
    0xF05C, 0x0000,
    0xF05E, 0x0000,
    0xF060, 0x0000,
    0xF062, 0x0000,
    0xF064, 0x0000,
    0xF066, 0x0000,
    0xF068, 0x0000,
    0xF06A, 0x0000,
    0xF06C, 0x0000,
    0xF06E, 0x0000,
    0xF070, 0x0000,
    0xF072, 0x0000,
    0xF074, 0x0000,
    0xF076, 0x0000,
    0xF078, 0x0000,
    0xF07A, 0x0000,
    0xF07C, 0x0000,
    0xF07E, 0x0000,
    0xF080, 0x0000,
    0xF082, 0x0000,
    0xF084, 0x0000,
    0xF086, 0xFFFF,
    0xF088, 0x00C0,
    0xF08A, 0x2002,
    0xF08C, 0xDF40,
    0xF08E, 0x0000,
    0xF090, 0x01FF,
    0xF092, 0x0000,
    0xF094, 0x03FF,
    0xF096, 0x0000,
    0xF098, 0x07FF,
    0xF09A, 0x0000,
    0xF09C, 0x1FFF,
    0xF09E, 0x0000,
    0xF0A0, 0x3FFF,
    0xF0A2, 0x0001,
    0xF0A4, 0x0000,
    0xF0A6, 0x0000,
    0xF0A8, 0x01FF,
    0xF0AA, 0x0000,
    0xF0AC, 0x03FF,
    0xF0AE, 0x0000,
    0xF0B0, 0x07FF,
    0xF0B2, 0x0000,
    0xF0B4, 0x1FFF,
    0xF0B6, 0x0000,
    0xF0B8, 0x3FFF,
    0xF0BA, 0x0001,
    0xF0BC, 0x0000,
    0xF0BE, 0x0000,
    0xF0C0, 0x01FF,
    0xF0C2, 0x0000,
    0xF0C4, 0x03FF,
    0xF0C6, 0x0000,
    0xF0C8, 0x07FF,
    0xF0CA, 0x0000,
    0xF0CC, 0x1FFF,
    0xF0CE, 0x0000,
    0xF0D0, 0x3FFF,
    0xF0D2, 0x0001,
    0xF0D4, 0x0000,
    0xF0D6, 0x0000,
    0xF0D8, 0x01FF,
    0xF0DA, 0x0000,
    0xF0DC, 0x03FF,
    0xF0DE, 0x0000,
    0xF0E0, 0x07FF,
    0xF0E2, 0x0000,
    0xF0E4, 0x1FFF,
    0xF0E6, 0x0000,
    0xF0E8, 0x3FFF,
    0xF0EA, 0x0001,
    0xF0EC, 0x0000,
    0xF0EE, 0x0000,
    0xF0F0, 0x0000,
    0xF0F2, 0x0000,
    0xF0F4, 0x0000,
    0xF0F6, 0x0000,
    0xF0F8, 0x0000,
    0xF0FA, 0x0000,
    0xF0FC, 0x0000,
    0xF0FE, 0x0000,
    0xF100, 0x0000,
    0xF102, 0x0000,
    0xF104, 0x0000,
    0xF106, 0x0000,
    0xF108, 0x0000,
    0xF10A, 0x0000,
    0xF10C, 0x0000,
    0xF10E, 0x0000,
    0xF110, 0x0000,
    0xF112, 0x0000,
    0xF114, 0x0000,
    0xF116, 0x0000,
    0xF118, 0x0000,
    0xF11A, 0x0000,
    0xF11C, 0x0000,
    0xF11E, 0x0000,
    0xF120, 0x0000,
    0xF122, 0x0000,
    0xF124, 0x0000,
    0xF126, 0x0000,
    0xF128, 0x0000,
    0xF12A, 0x0000,
    0xF12C, 0x0000,
    0xF12E, 0x0000,
    0xF130, 0x0000,
    0xF132, 0x0000,
    0xF134, 0x0000,
    0xF136, 0x0000,
    0xF138, 0x0000,
    0xF13A, 0x0000,
    0xF13C, 0x0000,
    0xF13E, 0x0000,
    0xF140, 0x0000,
    0xF142, 0x0000,
    0xF144, 0x0000,
    0xF146, 0x0000,
    0xF148, 0x0000,
    0xF14A, 0x0000,
    0xF14C, 0x0000,
    0xF14E, 0xFFFF,
    0xF150, 0x000E,
    0xF152, 0x2002,
    0xF154, 0xE06E,
    0xF156, 0x2000,
    0xF158, 0x1800,
    0xF15A, 0x2020,
    0xF15C, 0x1830,
    0xF15E, 0xFFFF,
    0xF160, 0xFFFF,
    0xF162, 0x0000,
    0xF164, 0xFFFF,
    0xF166, 0x000C,
    0xF168, 0x4000,
    0xF16A, 0x0B02,
    0xF16C, 0x0202,
    0xF16E, 0x0001,
    0xF170, 0x0101,
    0xF172, 0x0100,
    0xF174, 0x0101,
    0xF176, 0x0100,
    0xF178, 0x0000,
    0xF17A, 0x0000,
    0xF17C, 0xFFFE,
    0xF17E, 0x2000,
    0xF180, 0xFFFD,
    0xF182, 0x0E90,
    0xF184, 0x8003,
    0xF186, 0x0E92,
    0xF188, 0x8003,
    0xF18A, 0x34BA,
    0xF18C, 0x0001,
    0xF18E, 0x34BC,
    0xF190, 0x0104,
    0xF192, 0x3E1E,
    0xF194, 0x007F,
    0xF196, 0x3E20,
    0xF198, 0x007F,
    0xF19A, 0x3E30,
    0xF19C, 0x0080,
    0xF19E, 0x3E32,
    0xF1A0, 0x0080,
    0xF1A2, 0x4114,
    0xF1A4, 0x0000,
    0xF1A6, 0x4116,
    0xF1A8, 0x0040,
    0xF1AA, 0x4124,
    0xF1AC, 0x0003,
    0xF1AE, 0x41B4,
    0xF1B0, 0x001C,
    0xF1B2, 0x41B6,
    0xF1B4, 0x0010,
    0xF1B6, 0x41BC,
    0xF1B8, 0x001C,
    0xF1BA, 0x41BE,
    0xF1BC, 0x0010,
    0xF1BE, 0x4254,
    0xF1C0, 0x0FFF,
    0xF1C2, 0x4256,
    0xF1C4, 0x0FFF,
    0xF1C6, 0x485A,
    0xF1C8, 0x0103,
    0xF1CA, 0x4918,
    0xF1CC, 0x0100,
    0xF1CE, 0x49D0,
    0xF1D0, 0x0002,
    0xF1D2, 0x4A5C,
    0xF1D4, 0x0030,
    0xF1D6, 0x4A64,
    0xF1D8, 0xFFF4,
    0xF1DA, 0x4A6A,
    0xF1DC, 0x0019,
    0xF1DE, 0x4A72,
    0xF1E0, 0x0005,
    0xF1E2, 0x4A94,
    0xF1E4, 0xFFFC,
    0xF1E6, 0x4A9C,
    0xF1E8, 0x0008,
    0xF1EA, 0x4AA2,
    0xF1EC, 0x0048,
    0xF1EE, 0x4AAA,
    0xF1F0, 0x0018,
    0xF1F2, 0x4AB8,
    0xF1F4, 0x001E,
    0xF1F6, 0x4ABE,
    0xF1F8, 0x0048,
    0xF1FA, 0x4AC6,
    0xF1FC, 0x0002,
    0xF1FE, 0x4AD4,
    0xF200, 0x0014,
    0xF202, 0x4AE2,
    0xF204, 0x001A,
    0xF206, 0x4AE8,
    0xF208, 0x0016,
    0xF20A, 0x4AF0,
    0xF20C, 0x0030,
    0xF20E, 0x4AF6,
    0xF210, 0x0018,
    0xF212, 0x4AFE,
    0xF214, 0x0004,
    0xF216, 0x4B58,
    0xF218, 0x0016,
    0xF21A, 0x4B60,
    0xF21C, 0x01D6,
    0xF21E, 0x4B66,
    0xF220, 0x0018,
    0xF222, 0x4B6E,
    0xF224, 0x0216,
    0xF226, 0x4BC8,
    0xF228, 0x0016,
    0xF22A, 0x4BD0,
    0xF22C, 0x01D5,
    0xF22E, 0x4BD6,
    0xF230, 0x0018,
    0xF232, 0x4BDE,
    0xF234, 0x0215,
    0xF236, 0x4BE4,
    0xF238, 0x0005,
    0xF23A, 0x4BEC,
    0xF23C, 0x001F,
    0xF23E, 0x4BFA,
    0xF240, 0x004B,
    0xF242, 0x4C08,
    0xF244, 0x004B,
    0xF246, 0x4C16,
    0xF248, 0x004B,
    0xF24A, 0x4C40,
    0xF24C, 0x0004,
    0xF24E, 0x4C46,
    0xF250, 0x0000,
    0xF252, 0x4C4E,
    0xF254, 0x0006,
    0xF256, 0x4C5C,
    0xF258, 0x0004,
    0xF25A, 0x4C7E,
    0xF25C, 0x0001,
    0xF25E, 0x4C86,
    0xF260, 0xFFFA,
    0xF262, 0x4C8C,
    0xF264, 0x0000,
    0xF266, 0x4C94,
    0xF268, 0x0006,
    0xF26A, 0x4C9A,
    0xF26C, 0x0000,
    0xF26E, 0x4CA2,
    0xF270, 0xFFF6,
    0xF272, 0x4CB0,
    0xF274, 0x000C,
    0xF276, 0x4CBE,
    0xF278, 0x000E,
    0xF27A, 0x4CCC,
    0xF27C, 0x0012,
    0xF27E, 0x4CDA,
    0xF280, 0x0006,
    0xF282, 0x4CE0,
    0xF284, 0x0002,
    0xF286, 0x4CE8,
    0xF288, 0x0001,
    0xF28A, 0x4CEE,
    0xF28C, 0x000A,
    0xF28E, 0x4CF6,
    0xF290, 0x00A2,
    0xF292, 0x4CFC,
    0xF294, 0x0002,
    0xF296, 0x4D04,
    0xF298, 0x0001,
    0xF29A, 0x4D0A,
    0xF29C, 0x000A,
    0xF29E, 0x4D12,
    0xF2A0, 0x00C2,
    0xF2A2, 0x4D18,
    0xF2A4, 0x0002,
    0xF2A6, 0x4D20,
    0xF2A8, 0x0051,
    0xF2AA, 0x4D26,
    0xF2AC, 0x000A,
    0xF2AE, 0x4D2E,
    0xF2B0, 0xFDE7,
    0xF2B2, 0x4D74,
    0xF2B4, 0x000F,
    0xF2B6, 0x4D82,
    0xF2B8, 0x001B,
    0xF2BA, 0x4DF8,
    0xF2BC, 0x0000,
    0xF2BE, 0x4E00,
    0xF2C0, 0x041F,
    0xF2C2, 0x4E0E,
    0xF2C4, 0x004B,
    0xF2C6, 0x4E30,
    0xF2C8, 0x000F,
    0xF2CA, 0x4E38,
    0xF2CC, 0x03BD,
    0xF2CE, 0x4E3E,
    0xF2D0, 0x0030,
    0xF2D2, 0x4E46,
    0xF2D4, 0x004B,
    0xF2D6, 0x4E4C,
    0xF2D8, 0x000F,
    0xF2DA, 0x4E54,
    0xF2DC, 0x03BD,
    0xF2DE, 0x4E5A,
    0xF2E0, 0x0030,
    0xF2E2, 0x4E62,
    0xF2E4, 0x004B,
    0xF2E6, 0x4E9A,
    0xF2E8, 0x0005,
    0xF2EA, 0x4EB6,
    0xF2EC, 0x0038,
    0xF2EE, 0x4EE0,
    0xF2F0, 0x002C,
    0xF2F2, 0x4EFC,
    0xF2F4, 0x000C,
    0xF2F6, 0x4F1E,
    0xF2F8, 0x0002,
    0xF2FA, 0x4F26,
    0xF2FC, 0x0064,
    0xF2FE, 0x4F2C,
    0xF300, 0x008A,
    0xF302, 0x4F34,
    0xF304, 0x0080,
    0xF306, 0x4F3A,
    0xF308, 0x0088,
    0xF30A, 0x4F42,
    0xF30C, 0x007E,
    0xF30E, 0x4F72,
    0xF310, 0x0004,
    0xF312, 0x4F80,
    0xF314, 0x000A,
    0xF316, 0x4F88,
    0xF318, 0x0006,
    0xF31A, 0x50C2,
    0xF31C, 0x0010,
    0xF31E, 0x50CA,
    0xF320, 0x0032,
    0xF322, 0x50D0,
    0xF324, 0x0016,
    0xF326, 0x50D8,
    0xF328, 0x0036,
    0xF32A, 0x50EC,
    0xF32C, 0x000F,
    0xF32E, 0x50F4,
    0xF330, 0x0005,
    0xF332, 0x51FE,
    0xF334, 0x000F,
    0xF336, 0x520C,
    0xF338, 0x001B,
    0xF33A, 0x5290,
    0xF33C, 0x0015,
    0xF33E, 0x5298,
    0xF340, 0x0017,
    0xF342, 0x529E,
    0xF344, 0x002D,
    0xF346, 0x52A6,
    0xF348, 0x0033,
    0xF34A, 0x52BA,
    0xF34C, 0x0037,
    0xF34E, 0x52C2,
    0xF350, 0x0035,
    0xF352, 0x5500,
    0xF354, 0x0008,
    0xF356, 0x5554,
    0xF358, 0x0008,
    0xF35A, 0x578A,
    0xF35C, 0x001F,
    0xF35E, 0x5792,
    0xF360, 0x0000,
    0xF362, 0x57D0,
    0xF364, 0x0031,
    0xF366, 0x57D8,
    0xF368, 0x005A,
    0xF36A, 0x57E6,
    0xF36C, 0x01B4,
    0xF36E, 0x57EC,
    0xF370, 0x0088,
    0xF372, 0x57F4,
    0xF374, 0x007B,
    0xF376, 0x5808,
    0xF378, 0x0088,
    0xF37A, 0x5810,
    0xF37C, 0x012E,
    0xF37E, 0x581E,
    0xF380, 0x00D7,
    0xF382, 0x629E,
    0xF384, 0x81A7,
    0xF386, 0x62AC,
    0xF388, 0x81B9,
    0xF38A, 0x65AE,
    0xF38C, 0x81A7,
    0xF38E, 0x65BC,
    0xF390, 0x81C0,
    0xF392, 0x65FA,
    0xF394, 0x0000,
    0xF396, 0x6608,
    0xF398, 0x0000,
    0xF39A, 0x8F72,
    0xF39C, 0x0100,
    0xF39E, 0x8F84,
    0xF3A0, 0x0B15,
    0xF3A2, 0x8F92,
    0xF3A4, 0x0B15,
    0xF3A6, 0x8F9C,
    0xF3A8, 0x0101,
    0xF3AA, 0x8FA0,
    0xF3AC, 0x0105,
    0xF3AE, 0x8FAA,
    0xF3B0, 0x0101,
    0xF3B2, 0x8FAE,
    0xF3B4, 0x0100,
    0xF3B6, 0x8FB8,
    0xF3B8, 0x0B0B,
    0xF3BA, 0x8FBC,
    0xF3BC, 0x0B05,
    0xF3BE, 0x8FC6,
    0xF3C0, 0x9090,
    0xF3C2, 0x8FCA,
    0xF3C4, 0x9003,
    0xF3C6, 0x8FD2,
    0xF3C8, 0x1882,
    0xF3CA, 0x8FD4,
    0xF3CC, 0xFFDF,
    0xF3CE, 0x8FD8,
    0xF3D0, 0x30AF,
    0xF3D2, 0x8FDE,
    0xF3D4, 0x1981,
    0xF3D6, 0x8FE0,
    0xF3D8, 0x0FFF,
    0xF3DA, 0x8FE6,
    0xF3DC, 0x0000,
    0xF3DE, 0x8FF8,
    0xF3E0, 0x0D0D,
    0xF3E2, 0x8FFC,
    0xF3E4, 0x060D,
    0xF3E6, 0x8FFE,
    0xF3E8, 0x0D0D,
    0xF3EA, 0x9002,
    0xF3EC, 0x0D06,
    0xF3EE, 0x9998,
    0xF3F0, 0x472C,
    0xF3F2, 0x999E,
    0xF3F4, 0x0040,
    0xF3F6, 0x9DE4,
    0xF3F8, 0x0612,
    0xF3FA, 0x9DE6,
    0xF3FC, 0x0612,
    0xF3FE, 0x9E60,
    0xF400, 0x0612,
    0xF402, 0x9E62,
    0xF404, 0x0612,
    0xF406, 0x9E64,
    0xF408, 0x0612,
    0xF40A, 0x9EDE,
    0xF40C, 0x0612,
    0xF40E, 0xA0A8,
    0xF410, 0x0001,
    0xF412, 0xA1C4,
    0xF414, 0xB076,
    0xF416, 0xA50C,
    0xF418, 0x0003,
    0xF41A, 0xA53C,
    0xF41C, 0x0006,
    0xF41E, 0xC890,
    0xF420, 0x001F,
    0xF422, 0xC896,
    0xF424, 0x184B,
    0xF426, 0xC89E,
    0xF428, 0x0002,
    0xF42A, 0xE8A2,
    0xF42C, 0x0020,
    0xF42E, 0xE8AA,
    0xF430, 0x184D,
    0xF432, 0xFF94,
    0xF434, 0x1090,
    0xF436, 0xFFC4,
    0xF438, 0x1090,
    0xF43A, 0x0000,
    0xF43C, 0xFFFE,
    0xF43E, 0x2001,
    0xF440, 0xFFFD,
    0xF442, 0x0024,
    0xF444, 0x1090,
    0xF446, 0x002A,
    0xF448, 0x1000,
    0xF44A, 0x002C,
    0xF44C, 0x1000,
    0xF44E, 0x0032,
    0xF450, 0x1000,
    0xF452, 0x0034,
    0xF454, 0x1000,
    0xF456, 0x003A,
    0xF458, 0x1000,
    0xF45A, 0x003C,
    0xF45C, 0x1000,
    0xF45E, 0x0042,
    0xF460, 0x1000,
    0xF462, 0x0044,
    0xF464, 0x1000,
    0xF466, 0x004A,
    0xF468, 0x1000,
    0xF46A, 0x004C,
    0xF46C, 0x1000,
    0xF46E, 0x0052,
    0xF470, 0x1000,
    0xF472, 0x0054,
    0xF474, 0x1000,
    0xF476, 0x005A,
    0xF478, 0x1000,
    0xF47A, 0x005C,
    0xF47C, 0x1000,
    0xF47E, 0x0062,
    0xF480, 0x1000,
    0xF482, 0x0064,
    0xF484, 0x1000,
    0xF486, 0x006A,
    0xF488, 0x1000,
    0xF48A, 0x006C,
    0xF48C, 0x1000,
    0xF48E, 0x0072,
    0xF490, 0x1000,
    0xF492, 0x0074,
    0xF494, 0x1000,
    0xF496, 0x007A,
    0xF498, 0x1000,
    0xF49A, 0x007C,
    0xF49C, 0x1000,
    0xF49E, 0x0082,
    0xF4A0, 0x1000,
    0xF4A2, 0x0084,
    0xF4A4, 0x1000,
    0xF4A6, 0x008A,
    0xF4A8, 0x1000,
    0xF4AA, 0x008C,
    0xF4AC, 0x1000,
    0xF4AE, 0x0092,
    0xF4B0, 0x1000,
    0xF4B2, 0x0094,
    0xF4B4, 0x1000,
    0xF4B6, 0x009A,
    0xF4B8, 0x1000,
    0xF4BA, 0x009C,
    0xF4BC, 0x1000,
    0xF4BE, 0x00A2,
    0xF4C0, 0x1000,
    0xF4C2, 0x00A4,
    0xF4C4, 0x1000,
    0xF4C6, 0x00AA,
    0xF4C8, 0x1000,
    0xF4CA, 0x00AC,
    0xF4CC, 0x1000,
    0xF4CE, 0x00B2,
    0xF4D0, 0x1000,
    0xF4D2, 0x00B4,
    0xF4D4, 0x1000,
    0xF4D6, 0x00BA,
    0xF4D8, 0x1000,
    0xF4DA, 0x00BC,
    0xF4DC, 0x1000,
    0xF4DE, 0x00C2,
    0xF4E0, 0x1000,
    0xF4E2, 0x00C4,
    0xF4E4, 0x1000,
    0xF4E6, 0x00CA,
    0xF4E8, 0x1000,
    0xF4EA, 0x00CC,
    0xF4EC, 0x1000,
    0xF4EE, 0x00D2,
    0xF4F0, 0x1000,
    0xF4F2, 0x00D4,
    0xF4F4, 0x1000,
    0xF4F6, 0x00DA,
    0xF4F8, 0x1000,
    0xF4FA, 0x00DC,
    0xF4FC, 0x1000,
    0xF4FE, 0x00E2,
    0xF500, 0x1000,
    0xF502, 0x00E4,
    0xF504, 0x1000,
    0xF506, 0x01B6,
    0xF508, 0x0000,
    0xF50A, 0x01BA,
    0xF50C, 0x0000,
    0xF50E, 0x01BE,
    0xF510, 0x0000,
    0xF512, 0x01C2,
    0xF514, 0x0000,
    0xF516, 0x01D6,
    0xF518, 0x0000,
    0xF51A, 0x01DA,
    0xF51C, 0x0000,
    0xF51E, 0x01DE,
    0xF520, 0x0000,
    0xF522, 0x01E2,
    0xF524, 0x0000,
    0xF526, 0x01F6,
    0xF528, 0x0000,
    0xF52A, 0x01FA,
    0xF52C, 0x0000,
    0xF52E, 0x01FE,
    0xF530, 0x0000,
    0xF532, 0x0202,
    0xF534, 0x0000,
    0xF536, 0x0216,
    0xF538, 0x0000,
    0xF53A, 0x021A,
    0xF53C, 0x0000,
    0xF53E, 0x021E,
    0xF540, 0x0000,
    0xF542, 0x0222,
    0xF544, 0x0000,
    0xF546, 0x0336,
    0xF548, 0x0006,
    0xF54A, 0x033A,
    0xF54C, 0x0006,
    0xF54E, 0x033E,
    0xF550, 0x0006,
    0xF552, 0x0342,
    0xF554, 0x0006,
    0xF556, 0x0356,
    0xF558, 0x0006,
    0xF55A, 0x035A,
    0xF55C, 0x0006,
    0xF55E, 0x035E,
    0xF560, 0x0006,
    0xF562, 0x0362,
    0xF564, 0x0006,
    0xF566, 0x0376,
    0xF568, 0x0006,
    0xF56A, 0x037A,
    0xF56C, 0x0006,
    0xF56E, 0x037E,
    0xF570, 0x0006,
    0xF572, 0x0382,
    0xF574, 0x0006,
    0xF576, 0x0396,
    0xF578, 0x0006,
    0xF57A, 0x039A,
    0xF57C, 0x0006,
    0xF57E, 0x039E,
    0xF580, 0x0006,
    0xF582, 0x03A2,
    0xF584, 0x0006,
    0xF586, 0x03B6,
    0xF588, 0xFFFA,
    0xF58A, 0x03BA,
    0xF58C, 0xFFFA,
    0xF58E, 0x03BE,
    0xF590, 0xFFFA,
    0xF592, 0x03C2,
    0xF594, 0xFFFA,
    0xF596, 0x03D6,
    0xF598, 0xFFFA,
    0xF59A, 0x03DA,
    0xF59C, 0xFFFA,
    0xF59E, 0x03DE,
    0xF5A0, 0xFFFA,
    0xF5A2, 0x03E2,
    0xF5A4, 0xFFFA,
    0xF5A6, 0x03F6,
    0xF5A8, 0xFFFA,
    0xF5AA, 0x03FA,
    0xF5AC, 0xFFFA,
    0xF5AE, 0x03FE,
    0xF5B0, 0xFFFA,
    0xF5B2, 0x0402,
    0xF5B4, 0xFFFA,
    0xF5B6, 0x0416,
    0xF5B8, 0xFFFA,
    0xF5BA, 0x041A,
    0xF5BC, 0xFFFA,
    0xF5BE, 0x041E,
    0xF5C0, 0xFFFA,
    0xF5C2, 0x0422,
    0xF5C4, 0xFFFA,
    0xF5C6, 0x25FA,
    0xF5C8, 0x0000,
    0xF5CA, 0x2660,
    0xF5CC, 0x0002,
    0xF5CE, 0x2B7E,
    0xF5D0, 0x0300,
    0xF5D2, 0x2B84,
    0xF5D4, 0x0100,
    0xF5D6, 0x2BC4,
    0xF5D8, 0x040D,
    0xF5DA, 0x2BC6,
    0xF5DC, 0x005F,
    0xF5DE, 0x2BC8,
    0xF5E0, 0x005F,
    0xF5E2, 0x2BCA,
    0xF5E4, 0x005E,
    0xF5E6, 0x2BCC,
    0xF5E8, 0x005E,
    0xF5EA, 0x3714,
    0xF5EC, 0x000D,
    0xF5EE, 0x0000,
    0xF5F0, 0xFFFE,
    0xF5F2, 0x2002,
    0xF5F4, 0xFFFD,
    0xF5F6, 0xDE04,
    0xF5F8, 0xFF01,
    0xF5FA, 0xDE0A,
    0xF5FC, 0x0010,
    0xF5FE, 0xDE0C,
    0xF600, 0x0010,
    0xF602, 0xDE0E,
    0xF604, 0x9807,
    0xF606, 0xDE32,
    0xF608, 0x0C00,
    0xF60A, 0xDE36,
    0xF60C, 0x1000,
    0xF60E, 0xDE4A,
    0xF610, 0x0C00,
    0xF612, 0xDE4E,
    0xF614, 0x1000,
    0xF616, 0xDE62,
    0xF618, 0x0C00,
    0xF61A, 0xDE66,
    0xF61C, 0x1000,
    0xF61E, 0xDE7A,
    0xF620, 0x0C00,
    0xF622, 0xDE7E,
    0xF624, 0x1000,
    0xF626, 0xDE82,
    0xF628, 0x0100,
    0xF62A, 0xDE86,
    0xF62C, 0x0200,
    0xF62E, 0xDE8A,
    0xF630, 0x0400,
    0xF632, 0xDE8E,
    0xF634, 0x0800,
    0xF636, 0xDE92,
    0xF638, 0x0C00,
    0xF63A, 0xDE96,
    0xF63C, 0x1000,
    0xF63E, 0xDE9A,
    0xF640, 0x0100,
    0xF642, 0xDE9E,
    0xF644, 0x0200,
    0xF646, 0xDEA2,
    0xF648, 0x0400,
    0xF64A, 0xDEA6,
    0xF64C, 0x0800,
    0xF64E, 0xDEAA,
    0xF650, 0x0C00,
    0xF652, 0xDEAE,
    0xF654, 0x1000,
    0xF656, 0xDEB2,
    0xF658, 0x0100,
    0xF65A, 0xDEB6,
    0xF65C, 0x0200,
    0xF65E, 0xDEBA,
    0xF660, 0x0400,
    0xF662, 0xDEBE,
    0xF664, 0x0800,
    0xF666, 0xDEC2,
    0xF668, 0x0C00,
    0xF66A, 0xDEC6,
    0xF66C, 0x1000,
    0xF66E, 0xDECA,
    0xF670, 0x0100,
    0xF672, 0xDECE,
    0xF674, 0x0200,
    0xF676, 0xDED2,
    0xF678, 0x0400,
    0xF67A, 0xDED6,
    0xF67C, 0x0800,
    0xF67E, 0xDEDA,
    0xF680, 0x0C00,
    0xF682, 0xDEDE,
    0xF684, 0x1000,
    0xF686, 0xDF4E,
    0xF688, 0x0BFF,
    0xF68A, 0xDF52,
    0xF68C, 0x0FFF,
    0xF68E, 0xDF54,
    0xF690, 0x0000,
    0xF692, 0xDF56,
    0xF694, 0x2000,
    0xF696, 0xDF66,
    0xF698, 0x0BFF,
    0xF69A, 0xDF6A,
    0xF69C, 0x0FFF,
    0xF69E, 0xDF6C,
    0xF6A0, 0x0000,
    0xF6A2, 0xDF6E,
    0xF6A4, 0x2000,
    0xF6A6, 0xDF7E,
    0xF6A8, 0x0BFF,
    0xF6AA, 0xDF82,
    0xF6AC, 0x0FFF,
    0xF6AE, 0xDF84,
    0xF6B0, 0x0000,
    0xF6B2, 0xDF86,
    0xF6B4, 0x2000,
    0xF6B6, 0xDF96,
    0xF6B8, 0x0BFF,
    0xF6BA, 0xDF9A,
    0xF6BC, 0x0FFF,
    0xF6BE, 0xDF9C,
    0xF6C0, 0x0000,
    0xF6C2, 0xDF9E,
    0xF6C4, 0x2000,
    0xF6C6, 0xDFA2,
    0xF6C8, 0x01FF,
    0xF6CA, 0xDFA6,
    0xF6CC, 0x03FF,
    0xF6CE, 0xDFAA,
    0xF6D0, 0x07FF,
    0xF6D2, 0xDFAE,
    0xF6D4, 0x0BFF,
    0xF6D6, 0xDFB2,
    0xF6D8, 0x0FFF,
    0xF6DA, 0xDFB6,
    0xF6DC, 0x2000,
    0xF6DE, 0xDFBA,
    0xF6E0, 0x01FF,
    0xF6E2, 0xDFBE,
    0xF6E4, 0x03FF,
    0xF6E6, 0xDFC2,
    0xF6E8, 0x07FF,
    0xF6EA, 0xDFC6,
    0xF6EC, 0x0BFF,
    0xF6EE, 0xDFCA,
    0xF6F0, 0x0FFF,
    0xF6F2, 0xDFCE,
    0xF6F4, 0x2000,
    0xF6F6, 0xDFD2,
    0xF6F8, 0x01FF,
    0xF6FA, 0xDFD6,
    0xF6FC, 0x03FF,
    0xF6FE, 0xDFDA,
    0xF700, 0x07FF,
    0xF702, 0xDFDE,
    0xF704, 0x0BFF,
    0xF706, 0xDFE2,
    0xF708, 0x0FFF,
    0xF70A, 0xDFE6,
    0xF70C, 0x2000,
    0xF70E, 0xDFEA,
    0xF710, 0x01FF,
    0xF712, 0xDFEE,
    0xF714, 0x03FF,
    0xF716, 0xDFF2,
    0xF718, 0x07FF,
    0xF71A, 0xDFF6,
    0xF71C, 0x0BFF,
    0xF71E, 0xDFFA,
    0xF720, 0x0FFF,
    0xF722, 0xDFFE,
    0xF724, 0x2000,
    0xF726, 0x0000,
    0xF728, 0xFFFE,
    0xF72A, 0x4000,
    0xF72C, 0xFFFD,
    0xF72E, 0x0086,
    0xF730, 0x0400,
    0xF732, 0x0722,
    0xF734, 0x2000,
    0xF736, 0x0000,
    0xF738, 0xFFFF,
    0xF73A, 0x0002,
    0xF73C, 0x2000,
    0xF73E, 0xFFF4,
    0xF740, 0x1090,
    0xF742, 0xFFFF,
    0xF744, 0x0010,
    0xF746, 0x2001,
    0xF748, 0x2BB0,
    0xF74A, 0x0100,
    0xF74C, 0x0100,
    0xF74E, 0x0100,
    0xF750, 0x0100,
    0xF752, 0x0100,
    0xF754, 0x0100,
    0xF756, 0x0100,
    0xF758, 0x0100,
    0xF75A, 0xFFFF,
    0xF75C, 0x000E,
    0xF75E, 0x2001,
    0xF760, 0x3516,
    0xF762, 0x0069,
    0xF764, 0x0078,
    0xF766, 0x0075,
    0xF768, 0x006E,
    0xF76A, 0x006C,
    0xF76C, 0x006A,
    0xF76E, 0x006A,
    0xF770, 0xFFFF,
    0xF772, 0x000E,
    0xF774, 0x2001,
    0xF776, 0x3536,
    0xF778, 0x006D,
    0xF77A, 0x007C,
    0xF77C, 0x0079,
    0xF77E, 0x0072,
    0xF780, 0x0070,
    0xF782, 0x006E,
    0xF784, 0x006E,
    0xF786, 0x0000,
    0xF788, 0x0000,
    0xF78A, 0xFFFE,
    0xF78C, 0x2000,
    0xF78E, 0xFFFD,
    0xF790, 0x3E1E,
    0xF792, 0x01FF,
    0xF794, 0x3E20,
    0xF796, 0x01FF,
    0xF798, 0x3E22,
    0xF79A, 0x00FF,
    0xF79C, 0x3E30,
    0xF79E, 0x0200,
    0xF7A0, 0x3E32,
    0xF7A2, 0x0200,
    0xF7A4, 0x3E34,
    0xF7A6, 0x0100,
    0xF7A8, 0x4116,
    0xF7AA, 0x0040,
    0xF7AC, 0x4918,
    0xF7AE, 0x0100,
    0xF7B0, 0x49F8,
    0xF7B2, 0x9090,
    0xF7B4, 0x4A5C,
    0xF7B6, 0x0004,
    0xF7B8, 0x4A6A,
    0xF7BA, 0x0015,
    0xF7BC, 0x4A94,
    0xF7BE, 0xFFFF,
    0xF7C0, 0x4AA2,
    0xF7C2, 0x0000,
    0xF7C4, 0x4AB0,
    0xF7C6, 0x0000,
    0xF7C8, 0x4ABE,
    0xF7CA, 0xFFF9,
    0xF7CC, 0x4AE8,
    0xF7CE, 0x000D,
    0xF7D0, 0x4AF6,
    0xF7D2, 0x0001,
    0xF7D4, 0x4B58,
    0xF7D6, 0x000D,
    0xF7D8, 0x4B66,
    0xF7DA, 0x0001,
    0xF7DC, 0x4BC8,
    0xF7DE, 0x000D,
    0xF7E0, 0x4BD6,
    0xF7E2, 0x0001,
    0xF7E4, 0x4BE4,
    0xF7E6, 0x000A,
    0xF7E8, 0x4BF2,
    0xF7EA, 0x0050,
    0xF7EC, 0x4C46,
    0xF7EE, 0x0006,
    0xF7F0, 0x4C7E,
    0xF7F2, 0xFFE0,
    0xF7F4, 0x4C9A,
    0xF7F6, 0x0000,
    0xF7F8, 0x4CB6,
    0xF7FA, 0x0011,
    0xF7FC, 0x4DF8,
    0xF7FE, 0x0000,
    0xF800, 0x4E30,
    0xF802, 0x019A,
    0xF804, 0x4E4C,
    0xF806, 0x019A,
    0xF808, 0x4F1E,
    0xF80A, 0x0028,
    0xF80C, 0x4F80,
    0xF80E, 0x0019,
    0xF810, 0x5290,
    0xF812, 0x0013,
    0xF814, 0x529E,
    0xF816, 0x0024,
    0xF818, 0x52BA,
    0xF81A, 0x0034,
    0xF81C, 0x578A,
    0xF81E, 0x0002,
    0xF820, 0x57D0,
    0xF822, 0x0084,
    0xF824, 0x57EC,
    0xF826, 0x003B,
    0xF828, 0x5808,
    0xF82A, 0x0104,
    0xF82C, 0x8F80,
    0xF82E, 0x1714,
    0xF830, 0x8F8E,
    0xF832, 0x040C,
    0xF834, 0x8FB8,
    0xF836, 0x0B09,
    0xF838, 0x8FF8,
    0xF83A, 0x050D,
    0xF83C, 0x8FFE,
    0xF83E, 0x0D05,
    0xF840, 0x9998,
    0xF842, 0x472C,
    0xF844, 0x9DE4,
    0xF846, 0x0A06,
    0xF848, 0x9DE6,
    0xF84A, 0x0A06,
    0xF84C, 0x9E60,
    0xF84E, 0x0A06,
    0xF850, 0x9E62,
    0xF852, 0x0A06,
    0xF854, 0x9E64,
    0xF856, 0x0A06,
    0xF858, 0x9EDE,
    0xF85A, 0x0A06,
    0xF85C, 0xA50C,
    0xF85E, 0x0005,
    0xF860, 0xA53C,
    0xF862, 0x000B,
    0xF864, 0xA9E0,
    0xF866, 0x8844,
    0xF868, 0xB57A,
    0xF86A, 0x0010,
    0xF86C, 0xB57C,
    0xF86E, 0x0010,
    0xF870, 0xC890,
    0xF872, 0x003F,
    0xF874, 0xC896,
    0xF876, 0x5DE6,
    0xF878, 0xE8A2,
    0xF87A, 0x0040,
    0xF87C, 0xE8AA,
    0xF87E, 0x5DEA,
    0xF880, 0xFFAC,
    0xF882, 0x1006,
    0xF884, 0xFFB2,
    0xF886, 0x0FFA,
    0xF888, 0xFFB4,
    0xF88A, 0x0FFA,
    0xF88C, 0xFFC2,
    0xF88E, 0x100A,
    0xF890, 0xFFC4,
    0xF892, 0x100A,
    0xF894, 0xFFCA,
    0xF896, 0x1008,
    0xF898, 0xFFCC,
    0xF89A, 0x1008,
    0xF89C, 0xFFD2,
    0xF89E, 0x1008,
    0xF8A0, 0xFFD4,
    0xF8A2, 0x1008,
    0xF8A4, 0x0000,
    0xF8A6, 0xFFFE,
    0xF8A8, 0x2001,
    0xF8AA, 0xFFFD,
    0xF8AC, 0x01B6,
    0xF8AE, 0x0000,
    0xF8B0, 0x01BA,
    0xF8B2, 0x0000,
    0xF8B4, 0x01BE,
    0xF8B6, 0x0000,
    0xF8B8, 0x01C2,
    0xF8BA, 0x0000,
    0xF8BC, 0x01D6,
    0xF8BE, 0x0000,
    0xF8C0, 0x01DA,
    0xF8C2, 0x0000,
    0xF8C4, 0x01DE,
    0xF8C6, 0x0000,
    0xF8C8, 0x01E2,
    0xF8CA, 0x0000,
    0xF8CC, 0x01F6,
    0xF8CE, 0x0000,
    0xF8D0, 0x01FA,
    0xF8D2, 0x0000,
    0xF8D4, 0x01FE,
    0xF8D6, 0x0000,
    0xF8D8, 0x0202,
    0xF8DA, 0x0000,
    0xF8DC, 0x0216,
    0xF8DE, 0x0000,
    0xF8E0, 0x021A,
    0xF8E2, 0x0000,
    0xF8E4, 0x021E,
    0xF8E6, 0x0000,
    0xF8E8, 0x0222,
    0xF8EA, 0x0000,
    0xF8EC, 0x0336,
    0xF8EE, 0xFFFA,
    0xF8F0, 0x033A,
    0xF8F2, 0xFFFA,
    0xF8F4, 0x033E,
    0xF8F6, 0xFFFA,
    0xF8F8, 0x0342,
    0xF8FA, 0xFFFA,
    0xF8FC, 0x0356,
    0xF8FE, 0xFFFA,
    0xF900, 0x035A,
    0xF902, 0xFFFA,
    0xF904, 0x035E,
    0xF906, 0xFFFA,
    0xF908, 0x0362,
    0xF90A, 0xFFFA,
    0xF90C, 0x0376,
    0xF90E, 0xFFFA,
    0xF910, 0x037A,
    0xF912, 0xFFFA,
    0xF914, 0x037E,
    0xF916, 0xFFFA,
    0xF918, 0x0382,
    0xF91A, 0xFFFA,
    0xF91C, 0x0396,
    0xF91E, 0xFFFA,
    0xF920, 0x039A,
    0xF922, 0xFFFA,
    0xF924, 0x039E,
    0xF926, 0xFFFA,
    0xF928, 0x03A2,
    0xF92A, 0xFFFA,
    0xF92C, 0x2B7E,
    0xF92E, 0x0100,
    0xF930, 0x2BC6,
    0xF932, 0x0003,
    0xF934, 0x2BC8,
    0xF936, 0x0003,
    0xF938, 0x2BCA,
    0xF93A, 0xFFFF,
    0xF93C, 0x2BCC,
    0xF93E, 0xFFFF,
    0xF940, 0x4A2E,
    0xF942, 0x0055,
    0xF944, 0x4A30,
    0xF946, 0x0055,
    0xF948, 0x4A64,
    0xF94A, 0x0000,
    0xF94C, 0x4A66,
    0xF94E, 0x0000,
    0xF950, 0x4A68,
    0xF952, 0x0000,
    0xF954, 0x4A6A,
    0xF956, 0x0000,
    0xF958, 0x4BCE,
    0xF95A, 0x000F,
    0xF95C, 0x4BD0,
    0xF95E, 0x000A,
    0xF960, 0x4BD2,
    0xF962, 0x000A,
    0xF964, 0x0000,
    0xF966, 0xFFFE,
    0xF968, 0x2002,
    0xF96A, 0xFFFD,
    0xF96C, 0xDE22,
    0xF96E, 0x0101,
    0xF970, 0xDE32,
    0xF972, 0x1000,
    0xF974, 0xDE36,
    0xF976, 0x2000,
    0xF978, 0xDE3A,
    0xF97A, 0x0101,
    0xF97C, 0xDE4A,
    0xF97E, 0x1000,
    0xF980, 0xDE4E,
    0xF982, 0x2000,
    0xF984, 0xDE52,
    0xF986, 0x0101,
    0xF988, 0xDE62,
    0xF98A, 0x1000,
    0xF98C, 0xDE66,
    0xF98E, 0x2000,
    0xF990, 0xDE6A,
    0xF992, 0x0101,
    0xF994, 0xDE7A,
    0xF996, 0x1000,
    0xF998, 0xDE7E,
    0xF99A, 0x2000,
    0xF99C, 0xDF4E,
    0xF99E, 0x0FFF,
    0xF9A0, 0xDF52,
    0xF9A2, 0x1FFF,
    0xF9A4, 0xDF54,
    0xF9A6, 0x0000,
    0xF9A8, 0xDF56,
    0xF9AA, 0x4000,
    0xF9AC, 0xDF66,
    0xF9AE, 0x0FFF,
    0xF9B0, 0xDF6A,
    0xF9B2, 0x1FFF,
    0xF9B4, 0xDF6C,
    0xF9B6, 0x0000,
    0xF9B8, 0xDF6E,
    0xF9BA, 0x4000,
    0xF9BC, 0xDF7E,
    0xF9BE, 0x0FFF,
    0xF9C0, 0xDF82,
    0xF9C2, 0x1FFF,
    0xF9C4, 0xDF84,
    0xF9C6, 0x0000,
    0xF9C8, 0xDF86,
    0xF9CA, 0x4000,
    0xF9CC, 0xDF96,
    0xF9CE, 0x0FFF,
    0xF9D0, 0xDF9A,
    0xF9D2, 0x1FFF,
    0xF9D4, 0xDF9C,
    0xF9D6, 0x0000,
    0xF9D8, 0xDF9E,
    0xF9DA, 0x4000,
    0xF9DC, 0x0000,
    0xF9DE, 0xFFFE,
    0xF9E0, 0x4000,
    0xF9E2, 0xFFFD,
    0xF9E4, 0x0086,
    0xF9E6, 0x0800,
    0xF9E8, 0x0380,
    0xF9EA, 0x0002,
    0xF9EC, 0x0382,
    0xF9EE, 0x0002,
    0xF9F0, 0x0384,
    0xF9F2, 0x0002,
    0xF9F4, 0x0386,
    0xF9F6, 0x0002,
    0xF9F8, 0x0900,
    0xF9FA, 0x2222,
    0xF9FC, 0x0B08,
    0xF9FE, 0x0101,
    0xFA00, 0x0000,
    0xFA02, 0xFFFF,
    0xFA04, 0x000E,
    0xFA06, 0x2001,
    0xFA08, 0x3516,
    0xFA0A, 0x009C,
    0xFA0C, 0x009F,
    0xFA0E, 0x00A2,
    0xFA10, 0x0076,
    0xFA12, 0x00A2,
    0xFA14, 0x009E,
    0xFA16, 0x009E,
    0xFA18, 0xFFFF,
    0xFA1A, 0x000E,
    0xFA1C, 0x2001,
    0xFA1E, 0x3536,
    0xFA20, 0x009C,
    0xFA22, 0x009F,
    0xFA24, 0x00A2,
    0xFA26, 0x0076,
    0xFA28, 0x00A2,
    0xFA2A, 0x009E,
    0xFA2C, 0x009E,
    0xFA2E, 0xFFFF,
    0xFA30, 0x000E,
    0xFA32, 0x2001,
    0xFA34, 0x49E6,
    0xFA36, 0x0028,
    0xFA38, 0x0028,
    0xFA3A, 0x000F,
    0xFA3C, 0x000F,
    0xFA3E, 0x000A,
    0xFA40, 0x000A,
    0xFA42, 0x000A,
    0xFA44, 0xFFFF,
    0xFA46, 0x000E,
    0xFA48, 0x2001,
    0xFA4A, 0x49F8,
    0xFA4C, 0x0032,
    0xFA4E, 0x0032,
    0xFA50, 0x0014,
    0xFA52, 0x0014,
    0xFA54, 0x0014,
    0xFA56, 0x0014,
    0xFA58, 0x0014,
    0xFA5A, 0xFFFF,
    0xFA5C, 0x000E,
    0xFA5E, 0x2001,
    0xFA60, 0x4A0A,
    0xFA62, 0x003C,
    0xFA64, 0x003C,
    0xFA66, 0x0024,
    0xFA68, 0x0024,
    0xFA6A, 0x001E,
    0xFA6C, 0x001E,
    0xFA6E, 0x001E,
    0xFA70, 0xFFFF,
    0xFA72, 0x000E,
    0xFA74, 0x2001,
    0xFA76, 0x4A1C,
    0xFA78, 0x0050,
    0xFA7A, 0x0050,
    0xFA7C, 0x002C,
    0xFA7E, 0x002C,
    0xFA80, 0x0028,
    0xFA82, 0x0028,
    0xFA84, 0x0028,
    0xFA86, 0xFFFF,
    0xFA88, 0x000E,
    0xFA8A, 0x2001,
    0xFA8C, 0x4A40,
    0xFA8E, 0x0055,
    0xFA90, 0x0055,
    0xFA92, 0x0046,
    0xFA94, 0x0046,
    0xFA96, 0x003C,
    0xFA98, 0x003C,
    0xFA9A, 0x003C,
    0xFA9C, 0xFFFF,
    0xFA9E, 0x000E,
    0xFAA0, 0x2001,
    0xFAA2, 0x4A76,
    0xFAA4, 0x0000,
    0xFAA6, 0x0000,
    0xFAA8, 0x0000,
    0xFAAA, 0x0000,
    0xFAAC, 0x0000,
    0xFAAE, 0x0000,
    0xFAB0, 0x0000,
    0xFAB2, 0xFFFF,
    0xFAB4, 0x000E,
    0xFAB6, 0x2001,
    0xFAB8, 0x4A88,
    0xFABA, 0x0000,
    0xFABC, 0x0000,
    0xFABE, 0x0000,
    0xFAC0, 0x0000,
    0xFAC2, 0x0000,
    0xFAC4, 0x0000,
    0xFAC6, 0x0000,
    0xFAC8, 0xFFFF,
    0xFACA, 0x000C,
    0xFACC, 0x2001,
    0xFACE, 0x4BAA,
    0xFAD0, 0x0028,
    0xFAD2, 0x0020,
    0xFAD4, 0x0020,
    0xFAD6, 0x000F,
    0xFAD8, 0x000F,
    0xFADA, 0x000F,
    0xFADC, 0xFFFF,
    0xFADE, 0x000C,
    0xFAE0, 0x2001,
    0xFAE2, 0x4C04,
    0xFAE4, 0x0028,
    0xFAE6, 0x0020,
    0xFAE8, 0x0020,
    0xFAEA, 0x000F,
    0xFAEC, 0x000F,
    0xFAEE, 0x000F,
    0xFAF0, 0xFFFF,
    0xFAF2, 0x000C,
    0xFAF4, 0x2001,
    0xFAF6, 0x4C28,
    0xFAF8, 0x000F,
    0xFAFA, 0x000A,
    0xFAFC, 0x000A,
    0xFAFE, 0x0004,
    0xFB00, 0x0004,
    0xFB02, 0x0004,
    0xFB04, 0x0000,
    0xFB06, 0x0000,
    0xFB08, 0xFFFE,
    0xFB0A, 0x2000,
    0xFB0C, 0xFFFD,
    0xFB0E, 0x3552,
    0xFB10, 0x0F02,
    0xFB12, 0x3554,
    0xFB14, 0x0081,
    0xFB16, 0x3E16,
    0xFB18, 0x0000,
    0xFB1A, 0x4116,
    0xFB1C, 0x0040,
    0xFB1E, 0x4918,
    0xFB20, 0x0100,
    0xFB22, 0x491A,
    0xFB24, 0x0100,
    0xFB26, 0x49F8,
    0xFB28, 0x9090,
    0xFB2A, 0x4A58,
    0xFB2C, 0x0005,
    0xFB2E, 0x4A5C,
    0xFB30, 0x0030,
    0xFB32, 0x4A66,
    0xFB34, 0x0008,
    0xFB36, 0x4A6A,
    0xFB38, 0x0019,
    0xFB3A, 0x4A90,
    0xFB3C, 0xFFFA,
    0xFB3E, 0x4A94,
    0xFB40, 0xFFFC,
    0xFB42, 0x4A9E,
    0xFB44, 0xFFFE,
    0xFB46, 0x4AA2,
    0xFB48, 0x0048,
    0xFB4A, 0x4AAC,
    0xFB4C, 0xFFF1,
    0xFB4E, 0x4ABA,
    0xFB50, 0x0046,
    0xFB52, 0x4ABE,
    0xFB54, 0x0048,
    0xFB56, 0x4AE4,
    0xFB58, 0x0016,
    0xFB5A, 0x4AE8,
    0xFB5C, 0x0016,
    0xFB5E, 0x4AF2,
    0xFB60, 0x000C,
    0xFB62, 0x4AF6,
    0xFB64, 0x0018,
    0xFB66, 0x4B54,
    0xFB68, 0x0016,
    0xFB6A, 0x4B58,
    0xFB6C, 0x0016,
    0xFB6E, 0x4B62,
    0xFB70, 0x000C,
    0xFB72, 0x4B66,
    0xFB74, 0x0018,
    0xFB76, 0x4BC4,
    0xFB78, 0x0016,
    0xFB7A, 0x4BC8,
    0xFB7C, 0x0016,
    0xFB7E, 0x4BD2,
    0xFB80, 0x000C,
    0xFB82, 0x4BD6,
    0xFB84, 0x0018,
    0xFB86, 0x4BE0,
    0xFB88, 0x000A,
    0xFB8A, 0x4BE4,
    0xFB8C, 0x0005,
    0xFB8E, 0x4C42,
    0xFB90, 0x0004,
    0xFB92, 0x4C46,
    0xFB94, 0x0000,
    0xFB96, 0x4C6C,
    0xFB98, 0x0003,
    0xFB9A, 0x4C7A,
    0xFB9C, 0xFFBE,
    0xFB9E, 0x4C7E,
    0xFBA0, 0x0001,
    0xFBA2, 0x4C88,
    0xFBA4, 0x0003,
    0xFBA6, 0x4C8C,
    0xFBA8, 0x0000,
    0xFBAA, 0x4C96,
    0xFBAC, 0x0020,
    0xFBAE, 0x4C9A,
    0xFBB0, 0x0000,
    0xFBB2, 0x4CDC,
    0xFBB4, 0x0001,
    0xFBB6, 0x4CE0,
    0xFBB8, 0x0002,
    0xFBBA, 0x4CEA,
    0xFBBC, 0x0042,
    0xFBBE, 0x4CEE,
    0xFBC0, 0x000A,
    0xFBC2, 0x4CF8,
    0xFBC4, 0x0001,
    0xFBC6, 0x4CFC,
    0xFBC8, 0x0002,
    0xFBCA, 0x4D06,
    0xFBCC, 0x0042,
    0xFBCE, 0x4D0A,
    0xFBD0, 0x000A,
    0xFBD2, 0x4D14,
    0xFBD4, 0x0001,
    0xFBD6, 0x4D18,
    0xFBD8, 0x0002,
    0xFBDA, 0x4D22,
    0xFBDC, 0x0042,
    0xFBDE, 0x4D26,
    0xFBE0, 0x000A,
    0xFBE2, 0x4DF8,
    0xFBE4, 0x0000,
    0xFBE6, 0x4E2C,
    0xFBE8, 0x0234,
    0xFBEA, 0x4E30,
    0xFBEC, 0x000F,
    0xFBEE, 0x4E3E,
    0xFBF0, 0x0030,
    0xFBF2, 0x4E48,
    0xFBF4, 0x0227,
    0xFBF6, 0x4E4C,
    0xFBF8, 0x000F,
    0xFBFA, 0x4E5A,
    0xFBFC, 0x0030,
    0xFBFE, 0x4F1A,
    0xFC00, 0x0069,
    0xFC02, 0x4F1E,
    0xFC04, 0x0002,
    0xFC06, 0x4F28,
    0xFC08, 0x0083,
    0xFC0A, 0x4F2C,
    0xFC0C, 0x008A,
    0xFC0E, 0x4F36,
    0xFC10, 0x0081,
    0xFC12, 0x4F3A,
    0xFC14, 0x0088,
    0xFC16, 0x4F60,
    0xFC18, 0x0036,
    0xFC1A, 0x4F6E,
    0xFC1C, 0x0003,
    0xFC1E, 0x4F72,
    0xFC20, 0x0004,
    0xFC22, 0x4F7C,
    0xFC24, 0x0003,
    0xFC26, 0x4F80,
    0xFC28, 0x000A,
    0xFC2A, 0x50BE,
    0xFC2C, 0x000C,
    0xFC2E, 0x50C2,
    0xFC30, 0x0010,
    0xFC32, 0x50CC,
    0xFC34, 0x0003,
    0xFC36, 0x50D0,
    0xFC38, 0x0016,
    0xFC3A, 0x50E8,
    0xFC3C, 0x000A,
    0xFC3E, 0x50EC,
    0xFC40, 0x000F,
    0xFC42, 0x527E,
    0xFC44, 0x0009,
    0xFC46, 0x528C,
    0xFC48, 0x0019,
    0xFC4A, 0x5290,
    0xFC4C, 0x0015,
    0xFC4E, 0x529E,
    0xFC50, 0x002D,
    0xFC52, 0x52B6,
    0xFC54, 0x003A,
    0xFC56, 0x52BA,
    0xFC58, 0x0037,
    0xFC5A, 0x578A,
    0xFC5C, 0x001F,
    0xFC5E, 0x57CC,
    0xFC60, 0x00A8,
    0xFC62, 0x57D0,
    0xFC64, 0x0031,
    0xFC66, 0x57E8,
    0xFC68, 0x008A,
    0xFC6A, 0x57EC,
    0xFC6C, 0x0088,
    0xFC6E, 0x5804,
    0xFC70, 0x013D,
    0xFC72, 0x5808,
    0xFC74, 0x0088,
    0xFC76, 0x65F6,
    0xFC78, 0x7FFE,
    0xFC7A, 0x65FA,
    0xFC7C, 0x0000,
    0xFC7E, 0x6604,
    0xFC80, 0x8003,
    0xFC82, 0x6608,
    0xFC84, 0x0000,
    0xFC86, 0x8F7E,
    0xFC88, 0x000B,
    0xFC8A, 0x8F8C,
    0xFC8C, 0x0000,
    0xFC8E, 0x8F9A,
    0xFC90, 0x0000,
    0xFC92, 0x8F9C,
    0xFC94, 0x0101,
    0xFC96, 0x8FA8,
    0xFC98, 0x0000,
    0xFC9A, 0x8FAA,
    0xFC9C, 0x0101,
    0xFC9E, 0x8FB6,
    0xFCA0, 0x0005,
    0xFCA2, 0x8FB8,
    0xFCA4, 0x0B0B,
    0xFCA6, 0x8FC4,
    0xFCA8, 0x0005,
    0xFCAA, 0x8FC6,
    0xFCAC, 0x9090,
    0xFCAE, 0x8FD4,
    0xFCB0, 0xF3DD,
    0xFCB2, 0x8FD8,
    0xFCB4, 0x3009,
    0xFCB6, 0x8FDA,
    0xFCB8, 0x00FD,
    0xFCBA, 0x8FE0,
    0xFCBC, 0x0249,
    0xFCBE, 0x8FE6,
    0xFCC0, 0x0000,
    0xFCC2, 0x8FF6,
    0xFCC4, 0x080D,
    0xFCC6, 0x8FF8,
    0xFCC8, 0x0D0D,
    0xFCCA, 0x8FFC,
    0xFCCC, 0x0D08,
    0xFCCE, 0x8FFE,
    0xFCD0, 0x0D0D,
    0xFCD2, 0x9998,
    0xFCD4, 0x472C,
    0xFCD6, 0x999E,
    0xFCD8, 0x0040,
    0xFCDA, 0x9DE4,
    0xFCDC, 0x0B06,
    0xFCDE, 0x9DE6,
    0xFCE0, 0x0B06,
    0xFCE2, 0x9E60,
    0xFCE4, 0x0B06,
    0xFCE6, 0x9E62,
    0xFCE8, 0x0B06,
    0xFCEA, 0x9E64,
    0xFCEC, 0x0B06,
    0xFCEE, 0x9EDE,
    0xFCF0, 0x0B06,
    0xFCF2, 0xA4FE,
    0xFCF4, 0x0002,
    0xFCF6, 0xA512,
    0xFCF8, 0x016E,
    0xFCFA, 0xA55C,
    0xFCFC, 0x4000,
    0x6028, 0x2002,
    0x602A, 0xFCFC,
    0x6F12, 0x01CB,
    0xFCFC, 0x2002,
    0xFCFE, 0xA55E,
    0xFD00, 0x01E9,
    0xFD02, 0xA560,
    0xFD04, 0x03D0,
    0xFD06, 0xA562,
    0xFD08, 0x03EE,
    0xFD0A, 0xA9E0,
    0xFD0C, 0x8888,
    0xFD0E, 0xAA00,
    0xFD10, 0x2200,
    0xFD12, 0xB264,
    0xFD14, 0x0000,
    0xFD16, 0xB57A,
    0xFD18, 0x0020,
    0xFD1A, 0xB57C,
    0xFD1C, 0x0020,
    0xFD1E, 0xB8C6,
    0xFD20, 0x0B06,
    0xFD22, 0xC890,
    0xFD24, 0x003F,
    0xFD26, 0xC896,
    0xFD28, 0x22D7,
    0xFD2A, 0xC89C,
    0xFD2C, 0x0000,
    0xFD2E, 0xC89E,
    0xFD30, 0x0002,
    0xFD32, 0xE8A2,
    0xFD34, 0x0040,
    0xFD36, 0xE8A4,
    0xFD38, 0x007F,
    0xFD3A, 0xE8AA,
    0xFD3C, 0x22D9,
    0xFD3E, 0xFF6C,
    0xFD40, 0x0FE8,
    0xFD42, 0xFF72,
    0xFD44, 0x0FE8,
    0xFD46, 0xFF74,
    0xFD48, 0x0FE8,
    0xFD4A, 0xFF7A,
    0xFD4C, 0x0FE8,
    0xFD4E, 0xFF7C,
    0xFD50, 0x0FE8,
    0xFD52, 0xFF82,
    0xFD54, 0x0FE8,
    0xFD56, 0xFF84,
    0xFD58, 0x0FE8,
    0xFD5A, 0xFF8A,
    0xFD5C, 0x0FE8,
    0xFD5E, 0xFF8C,
    0xFD60, 0x0FE8,
    0xFD62, 0xFF92,
    0xFD64, 0x0FE8,
    0xFD66, 0xFF94,
    0xFD68, 0x0FE8,
    0xFD6A, 0xFF9C,
    0xFD6C, 0x0FE8,
    0xFD6E, 0xFFA2,
    0xFD70, 0x0FE8,
    0xFD72, 0xFFA4,
    0xFD74, 0x0FE8,
    0xFD76, 0xFFAA,
    0xFD78, 0x0FE8,
    0xFD7A, 0xFFAC,
    0xFD7C, 0x0FE8,
    0xFD7E, 0xFFB2,
    0xFD80, 0x0FE8,
    0xFD82, 0xFFB4,
    0xFD84, 0x0FE8,
    0xFD86, 0xFFBA,
    0xFD88, 0x0FE8,
    0xFD8A, 0xFFBC,
    0xFD8C, 0x0FE8,
    0xFD8E, 0xFFC2,
    0xFD90, 0x0FE8,
    0xFD92, 0xFFC4,
    0xFD94, 0x0FE8,
    0xFD96, 0xFFCC,
    0xFD98, 0x0FF8,
    0xFD9A, 0xFFD2,
    0xFD9C, 0x0FF8,
    0xFD9E, 0xFFD4,
    0xFDA0, 0x0FF8,
    0xFDA2, 0xFFDA,
    0xFDA4, 0x0FF8,
    0xFDA6, 0xFFDC,
    0xFDA8, 0x0FF8,
    0xFDAA, 0xFFE2,
    0xFDAC, 0x0FF8,
    0xFDAE, 0xFFE4,
    0xFDB0, 0x0FF8,
    0xFDB2, 0xFFEA,
    0xFDB4, 0x0FF8,
    0xFDB6, 0xFFEC,
    0xFDB8, 0x0FF8,
    0xFDBA, 0x0000,
    0xFDBC, 0xFFFE,
    0xFDBE, 0x2001,
    0xFDC0, 0xFFFD,
    0xFDC2, 0x0002,
    0xFDC4, 0x0FE8,
    0xFDC6, 0x0004,
    0xFDC8, 0x0FE8,
    0xFDCA, 0x000A,
    0xFDCC, 0x0FE8,
    0xFDCE, 0x000C,
    0xFDD0, 0x0FE8,
    0xFDD2, 0x0012,
    0xFDD4, 0x0FE8,
    0xFDD6, 0x0014,
    0xFDD8, 0x0FE8,
    0xFDDA, 0x001A,
    0xFDDC, 0x0FE8,
    0xFDDE, 0x001C,
    0xFDE0, 0x0FE8,
    0xFDE2, 0x0022,
    0xFDE4, 0x0FE8,
    0xFDE6, 0x0024,
    0xFDE8, 0x0FE8,
    0xFDEA, 0x01B6,
    0xFDEC, 0x0000,
    0xFDEE, 0x01BA,
    0xFDF0, 0x0000,
    0xFDF2, 0x01BE,
    0xFDF4, 0x0000,
    0xFDF6, 0x01C2,
    0xFDF8, 0x0000,
    0xFDFA, 0x01D6,
    0xFDFC, 0x0000,
    0xFDFE, 0x01DA,
    0xFE00, 0x0000,
    0xFE02, 0x01DE,
    0xFE04, 0x0000,
    0xFE06, 0x01E2,
    0xFE08, 0x0000,
    0xFE0A, 0x01F6,
    0xFE0C, 0x0000,
    0xFE0E, 0x01FA,
    0xFE10, 0x0000,
    0xFE12, 0x01FE,
    0xFE14, 0x0000,
    0xFE16, 0x0202,
    0xFE18, 0x0000,
    0xFE1A, 0x0216,
    0xFE1C, 0x0000,
    0xFE1E, 0x021A,
    0xFE20, 0x0000,
    0xFE22, 0x021E,
    0xFE24, 0x0000,
    0xFE26, 0x0222,
    0xFE28, 0x0000,
    0xFE2A, 0x2270,
    0xFE2C, 0x0104,
    0xFE2E, 0x25D4,
    0xFE30, 0x0001,
    0xFE32, 0x25FA,
    0xFE34, 0xFF00,
    0xFE36, 0x2648,
    0xFE38, 0x07FF,
    0xFE3A, 0x264A,
    0xFE3C, 0x07FF,
    0xFE3E, 0x264C,
    0xFE40, 0x07FF,
    0xFE42, 0x264E,
    0xFE44, 0x07FF,
    0xFE46, 0x2B7E,
    0xFE48, 0x0000,
    0xFE4A, 0x2BC4,
    0xFE4C, 0x0400,
    0xFE4E, 0x2BC6,
    0xFE50, 0x0007,
    0xFE52, 0x2BC8,
    0xFE54, 0x0007,
    0xFE56, 0x2BCA,
    0xFE58, 0x0007,
    0xFE5A, 0x2BCC,
    0xFE5C, 0x0007,
    0xFE5E, 0x0000,
    0xFE60, 0xFFFE,
    0xFE62, 0x4000,
    0xFE64, 0xFFFD,
    0xFE66, 0x0086,
    0xFE68, 0x0200,
    0xFE6A, 0x0380,
    0xFE6C, 0x0001,
    0xFE6E, 0x0382,
    0xFE70, 0x0001,
    0xFE72, 0x0384,
    0xFE74, 0x0001,
    0xFE76, 0x0386,
    0xFE78, 0x0001,
    0xFE7A, 0x0900,
    0xFE7C, 0x0011,
    0xFE7E, 0x0000,
    0xFE80, 0xFFFF,
    0xFE82, 0x0004,
    0xFE84, 0x2000,
    0xFE86, 0xFFF2,
    0xFE88, 0x0FF8,
    0xFE8A, 0x0FF8,
    0xFE8C, 0xFFFF,
    0xFE8E, 0x0002,
    0xFE90, 0x2000,
    0xFE92, 0xFFFC,
    0xFE94, 0x0FE8,
    0xFE96, 0xFFFF,
    0xFE98, 0x0080,
    0xFE9A, 0x2001,
    0xFE9C, 0x0336,
    0xFE9E, 0xFFF2,
    0xFEA0, 0xFFF2,
    0xFEA2, 0xFFF2,
    0xFEA4, 0xFFF2,
    0xFEA6, 0xFFF2,
    0xFEA8, 0xFFF2,
    0xFEAA, 0xFFF2,
    0xFEAC, 0xFFF2,
    0xFEAE, 0xFFF2,
    0xFEB0, 0xFFF2,
    0xFEB2, 0xFFF2,
    0xFEB4, 0xFFF2,
    0xFEB6, 0xFFF2,
    0xFEB8, 0xFFF2,
    0xFEBA, 0xFFF2,
    0xFEBC, 0xFFF2,
    0xFEBE, 0xFFF2,
    0xFEC0, 0xFFF2,
    0xFEC2, 0xFFF2,
    0xFEC4, 0xFFF2,
    0xFEC6, 0xFFF2,
    0xFEC8, 0xFFF2,
    0xFECA, 0xFFF2,
    0xFECC, 0xFFF2,
    0xFECE, 0xFFF2,
    0xFED0, 0xFFF2,
    0xFED2, 0xFFF2,
    0xFED4, 0xFFF2,
    0xFED6, 0xFFF2,
    0xFED8, 0xFFF2,
    0xFEDA, 0xFFF2,
    0xFEDC, 0xFFF2,
    0xFEDE, 0xFFF2,
    0xFEE0, 0xFFF2,
    0xFEE2, 0xFFF2,
    0xFEE4, 0xFFF2,
    0xFEE6, 0xFFF2,
    0xFEE8, 0xFFF2,
    0xFEEA, 0xFFF2,
    0xFEEC, 0xFFF2,
    0xFEEE, 0xFFF2,
    0xFEF0, 0xFFF2,
    0xFEF2, 0xFFF2,
    0xFEF4, 0xFFF2,
    0xFEF6, 0xFFF2,
    0xFEF8, 0xFFF2,
    0xFEFA, 0xFFF2,
    0xFEFC, 0xFFF2,
    0xFEFE, 0xFFF2,
    0xFF00, 0xFFF2,
    0xFF02, 0xFFF2,
    0xFF04, 0xFFF2,
    0xFF06, 0xFFF2,
    0xFF08, 0xFFF2,
    0xFF0A, 0xFFF2,
    0xFF0C, 0xFFF2,
    0xFF0E, 0xFFF2,
    0xFF10, 0xFFF2,
    0xFF12, 0xFFF2,
    0xFF14, 0xFFF2,
    0xFF16, 0xFFF2,
    0xFF18, 0xFFF2,
    0xFF1A, 0xFFF2,
    0xFF1C, 0xFFF2,
    0xFF1E, 0xFFFF,
    0xFF20, 0x000E,
    0xFF22, 0x2001,
    0xFF24, 0x3516,
    0xFF26, 0x007F,
    0xFF28, 0x007E,
    0xFF2A, 0x009E,
    0xFF2C, 0x0099,
    0xFF2E, 0x009D,
    0xFF30, 0x008D,
    0xFF32, 0x008D,
    0xFF34, 0xFFFF,
    0xFF36, 0x000C,
    0xFF38, 0x2001,
    0xFF3A, 0x3536,
    0xFF3C, 0x0084,
    0xFF3E, 0x0083,
    0xFF40, 0x00A2,
    0xFF42, 0x009D,
    0xFF44, 0x00A1,
    0xFF46, 0x0091,
    0xFF48, 0x0000,
    0xFF4A, 0x0000,
    0xFF4C, 0xFFFE,
    0xFF4E, 0x2000,
    0xFF50, 0xFFFD,
    0xFF52, 0xC896,
    0xFF54, 0x5161,
    0xFF56, 0xE8AA,
    0xFF58, 0x5165,
    0xFF5A, 0x0000,
    0xFF5C, 0xFFFE,
    0xFF5E, 0x2001,
    0xFF60, 0xFFFD,
    0xFF62, 0x49E6,
    0xFF64, 0x0004,
    0xFF66, 0x4A2E,
    0xFF68, 0x0032,
    0xFF6A, 0x4A30,
    0xFF6C, 0x0032,
    0xFF6E, 0x4A64,
    0xFF70, 0x0006,
    0xFF72, 0x4A66,
    0xFF74, 0x0006,
    0xFF76, 0x4A68,
    0xFF78, 0x0006,
    0xFF7A, 0x4A6A,
    0xFF7C, 0x0006,
    0xFF7E, 0x4BCE,
    0xFF80, 0x0001,
    0xFF82, 0x4BD0,
    0xFF84, 0x0001,
    0xFF86, 0x4BD2,
    0xFF88, 0x0001,
    0xFF8A, 0x0000,
    0xFF8C, 0xFFFE,
    0xFF8E, 0x2002,
    0xFF90, 0xFFFD,
    0xFF92, 0xE078,
    0xFF94, 0x0008,
    0xFF96, 0x0000,
    0xFF98, 0xFFFF,
    0xFF9A, 0x000E,
    0xFF9C, 0x2001,
    0xFF9E, 0x49E6,
    0xFFA0, 0x0004,
    0xFFA2, 0x0004,
    0xFFA4, 0x0004,
    0xFFA6, 0x0004,
    0xFFA8, 0x0004,
    0xFFAA, 0x0004,
    0xFFAC, 0x0004,
    0xFFAE, 0xFFFF,
    0xFFB0, 0x000E,
    0xFFB2, 0x2001,
    0xFFB4, 0x49F8,
    0xFFB6, 0x000A,
    0xFFB8, 0x000A,
    0xFFBA, 0x000A,
    0xFFBC, 0x000A,
    0xFFBE, 0x000A,
    0xFFC0, 0x000A,
    0xFFC2, 0x000A,
    0xFFC4, 0xFFFF,
    0xFFC6, 0x000E,
    0xFFC8, 0x2001,
    0xFFCA, 0x4A0A,
    0xFFCC, 0x0014,
    0xFFCE, 0x0014,
    0xFFD0, 0x0014,
    0xFFD2, 0x0014,
    0xFFD4, 0x0014,
    0xFFD6, 0x0014,
    0xFFD8, 0x0014,
    0xFFDA, 0xFFFF,
    0xFFDC, 0x000E,
    0xFFDE, 0x2001,
    0xFFE0, 0x4A1C,
    0xFFE2, 0x001E,
    0xFFE4, 0x001E,
    0xFFE6, 0x001E,
    0xFFE8, 0x001E,
    0xFFEA, 0x001E,
    0xFFEC, 0x001E,
    0xFFEE, 0x001E,
    0xFFF0, 0xFFFF,
    0xFFF2, 0x000E,
    0xFFF4, 0x2001,
    0xFFF6, 0x4A40,
    0xFFF8, 0x0050,
    0xFFFA, 0x0050,
    0xFCFC, 0x4000,
    0x6028, 0x2002,
    0x602A, 0xFFFC,
    0x6F12, 0x0050,
    0x6F12, 0x0050,
    0xFCFC, 0x2003,
    0x0000, 0x0050,
    0x0002, 0x0050,
    0x0004, 0x0050,
    0x0006, 0xFFFF,
    0x0008, 0x000E,
    0x000A, 0x2001,
    0x000C, 0x4A76,
    0x000E, 0x0007,
    0x0010, 0x0007,
    0x0012, 0x0007,
    0x0014, 0x0007,
    0x0016, 0x0007,
    0x0018, 0x0007,
    0x001A, 0x0007,
    0x001C, 0xFFFF,
    0x001E, 0x000E,
    0x0020, 0x2001,
    0x0022, 0x4A88,
    0x0024, 0x001E,
    0x0026, 0x001E,
    0x0028, 0x001E,
    0x002A, 0x001E,
    0x002C, 0x001E,
    0x002E, 0x001E,
    0x0030, 0x001E,
    0x0032, 0xFFFF,
    0x0034, 0x000C,
    0x0036, 0x2001,
    0x0038, 0x4BAA,
    0x003A, 0x0006,
    0x003C, 0x0006,
    0x003E, 0x0006,
    0x0040, 0x0006,
    0x0042, 0x0006,
    0x0044, 0x0006,
    0x0046, 0xFFFF,
    0x0048, 0x000C,
    0x004A, 0x2001,
    0x004C, 0x4C04,
    0x004E, 0x0008,
    0x0050, 0x0008,
    0x0052, 0x0008,
    0x0054, 0x0008,
    0x0056, 0x0008,
    0x0058, 0x0008,
    0x005A, 0xFFFF,
    0x005C, 0x000C,
    0x005E, 0x2001,
    0x0060, 0x4C28,
    0x0062, 0x0014,
    0x0064, 0x0014,
    0x0066, 0x0014,
    0x0068, 0x0014,
    0x006A, 0x0014,
    0x006C, 0x0014,
    0x006E, 0x0000,
    0x0070, 0x0000,
    0x0072, 0xFFFE,
    0x0074, 0x2000,
    0x0076, 0xFFFD,
    0x0078, 0x49D4,
    0x007A, 0x3A35,
    0x007C, 0x49DA,
    0x007E, 0x353A,
    0x0080, 0x49E6,
    0x0082, 0x353A,
    0x0084, 0x49EC,
    0x0086, 0x3A35,
    0x0088, 0x0000,
    0x008A, 0x0000,
    0x008C, 0x0000,
    0x008E, 0xFFFE,
    0x0090, 0x2000,
    0x0092, 0xFFFD,
    0x0094, 0x34BA,
    0x0096, 0x0000,
    0x0098, 0x34BC,
    0x009A, 0x0004,
    0x009C, 0xB39C,
    0x009E, 0x0E00,
    0x00A0, 0xB3EE,
    0x00A2, 0x0500,
    0x00A4, 0x0000,
    0x00A6, 0xFFFE,
    0x00A8, 0x2001,
    0x00AA, 0xFFFD,
    0x00AC, 0x2BC6,
    0x00AE, 0x00E1,
    0x00B0, 0x2BC8,
    0x00B2, 0x00E1,
    0x00B4, 0x2BCA,
    0x00B6, 0x0122,
    0x00B8, 0x2BCC,
    0x00BA, 0x0122,
    0x00BC, 0x0000,
    0x00BE, 0xFFFF,
    0x00C0, 0x000E,
    0x00C2, 0x2001,
    0x00C4, 0x3516,
    0x00C6, 0x0044,
    0x00C8, 0x0038,
    0x00CA, 0x0059,
    0x00CC, 0x004A,
    0x00CE, 0x004E,
    0x00D0, 0x0050,
    0x00D2, 0x0000,
    0x00D4, 0xFFFF,
    0x00D6, 0x000E,
    0x00D8, 0x2001,
    0x00DA, 0x3536,
    0x00DC, 0x0044,
    0x00DE, 0x0038,
    0x00E0, 0x0059,
    0x00E2, 0x004A,
    0x00E4, 0x004E,
    0x00E6, 0x0050,
    0x00E8, 0x0000,
    0x00EA, 0x0000,
    0x00EC, 0x0000,
    0x00EE, 0xFFFE,
    0x00F0, 0x2000,
    0x00F2, 0xFFFD,
    0x00F4, 0x4B60,
    0x00F6, 0x0030,
    0x00F8, 0x4B6E,
    0x00FA, 0x0004,
    0x00FC, 0xA15C,
    0x00FE, 0x0001,
    0x0100, 0xA1D2,
    0x0102, 0x81F8,
    0x0104, 0x0000,
    0x0106, 0xFFFE,
    0x0108, 0x2002,
    0x010A, 0xFFFD,
    0x010C, 0xDE0E,
    0x010E, 0x8067,
    0x0110, 0xE07A,
    0x0112, 0x0002,
    0x0114, 0x0000,
    0x0116, 0x0000,
    0x0118, 0x0000,
    0x011A, 0xFFFE,
    0x011C, 0x2000,
    0x011E, 0xFFFD,
    0x0120, 0x4A5C,
    0x0122, 0x0030,
    0x0124, 0x4A60,
    0x0126, 0x0001,
    0x0128, 0x4A6A,
    0x012A, 0x0019,
    0x012C, 0x4A6E,
    0x012E, 0x0006,
    0x0130, 0x4A94,
    0x0132, 0xFFFC,
    0x0134, 0x4A98,
    0x0136, 0x0010,
    0x0138, 0x4AA2,
    0x013A, 0x0048,
    0x013C, 0x4AA6,
    0x013E, 0x0007,
    0x0140, 0x4ABE,
    0x0142, 0x0048,
    0x0144, 0x4AC2,
    0x0146, 0x001E,
    0x0148, 0x4AE8,
    0x014A, 0x0016,
    0x014C, 0x4AEC,
    0x014E, 0x0010,
    0x0150, 0x4AF6,
    0x0152, 0x0018,
    0x0154, 0x4AFA,
    0x0156, 0x0008,
    0x0158, 0x4B58,
    0x015A, 0x0016,
    0x015C, 0x4B5C,
    0x015E, 0x0010,
    0x0160, 0x4B66,
    0x0162, 0x0018,
    0x0164, 0x4B6A,
    0x0166, 0x0008,
    0x0168, 0x4BC8,
    0x016A, 0x0016,
    0x016C, 0x4BCC,
    0x016E, 0x0010,
    0x0170, 0x4BD6,
    0x0172, 0x0018,
    0x0174, 0x4BDA,
    0x0176, 0x0008,
    0x0178, 0x4BE4,
    0x017A, 0x0005,
    0x017C, 0x4BE8,
    0x017E, 0x0003,
    0x0180, 0x4C46,
    0x0182, 0x0000,
    0x0184, 0x4C4A,
    0x0186, 0x0014,
    0x0188, 0x4C7E,
    0x018A, 0x0001,
    0x018C, 0x4C82,
    0x018E, 0xFFCE,
    0x0190, 0x4C8C,
    0x0192, 0x0000,
    0x0194, 0x4C90,
    0x0196, 0x0006,
    0x0198, 0x4C9A,
    0x019A, 0x0000,
    0x019C, 0x4C9E,
    0x019E, 0xFFFF,
    0x01A0, 0x4CBA,
    0x01A2, 0xFFCA,
    0x01A4, 0x4CE0,
    0x01A6, 0x0002,
    0x01A8, 0x4CE4,
    0x01AA, 0x0001,
    0x01AC, 0x4CEE,
    0x01AE, 0x000A,
    0x01B0, 0x4CF2,
    0x01B2, 0x0040,
    0x01B4, 0x4CFC,
    0x01B6, 0x0002,
    0x01B8, 0x4D00,
    0x01BA, 0x0001,
    0x01BC, 0x4D0A,
    0x01BE, 0x000A,
    0x01C0, 0x4D0E,
    0x01C2, 0x0040,
    0x01C4, 0x4D18,
    0x01C6, 0x0002,
    0x01C8, 0x4D1C,
    0x01CA, 0x0001,
    0x01CC, 0x4D26,
    0x01CE, 0x000A,
    0x01D0, 0x4D2A,
    0x01D2, 0x0040,
    0x01D4, 0x4DF8,
    0x01D6, 0x0000,
    0x01D8, 0x4DFC,
    0x01DA, 0x0004,
    0x01DC, 0x4E30,
    0x01DE, 0x000F,
    0x01E0, 0x4E34,
    0x01E2, 0x0351,
    0x01E4, 0x4E3E,
    0x01E6, 0x0030,
    0x01E8, 0x4E42,
    0x01EA, 0x0060,
    0x01EC, 0x4E4C,
    0x01EE, 0x000F,
    0x01F0, 0x4E50,
    0x01F2, 0x0351,
    0x01F4, 0x4E5A,
    0x01F6, 0x0030,
    0x01F8, 0x4E5E,
    0x01FA, 0x0060,
    0x01FC, 0x4F1E,
    0x01FE, 0x0002,
    0x0200, 0x4F22,
    0x0202, 0x0064,
    0x0204, 0x4F2C,
    0x0206, 0x008A,
    0x0208, 0x4F30,
    0x020A, 0x0080,
    0x020C, 0x4F3A,
    0x020E, 0x0088,
    0x0210, 0x4F3E,
    0x0212, 0x007E,
    0x0214, 0x4F72,
    0x0216, 0x0004,
    0x0218, 0x4F76,
    0x021A, 0x0008,
    0x021C, 0x4F80,
    0x021E, 0x000A,
    0x0220, 0x4F84,
    0x0222, 0x0008,
    0x0224, 0x50C2,
    0x0226, 0x0010,
    0x0228, 0x50C6,
    0x022A, 0x0019,
    0x022C, 0x50D0,
    0x022E, 0x0016,
    0x0230, 0x50D4,
    0x0232, 0x0008,
    0x0234, 0x50EC,
    0x0236, 0x000F,
    0x0238, 0x50F0,
    0x023A, 0x0008,
    0x023C, 0x5290,
    0x023E, 0x0015,
    0x0240, 0x5294,
    0x0242, 0x0016,
    0x0244, 0x529E,
    0x0246, 0x002D,
    0x0248, 0x52A2,
    0x024A, 0x0027,
    0x024C, 0x52BA,
    0x024E, 0x0037,
    0x0250, 0x52BE,
    0x0252, 0x0036,
    0x0254, 0x578A,
    0x0256, 0x001F,
    0x0258, 0x578E,
    0x025A, 0x0004,
    0x025C, 0x57D0,
    0x025E, 0x0031,
    0x0260, 0x57D4,
    0x0262, 0x0100,
    0x0264, 0x57EC,
    0x0266, 0x0088,
    0x0268, 0x57F0,
    0x026A, 0x0088,
    0x026C, 0x5808,
    0x026E, 0x0088,
    0x0270, 0x580C,
    0x0272, 0x0158,
    0x0274, 0x581A,
    0x0276, 0x00F0,
    0x0278, 0x65FA,
    0x027A, 0x0000,
    0x027C, 0x65FE,
    0x027E, 0x8000,
    0x0280, 0x6608,
    0x0282, 0x0000,
    0x0284, 0x660C,
    0x0286, 0x8000,
    0x0288, 0x8F42,
    0x028A, 0x0100,
    0x028C, 0x8F9C,
    0x028E, 0x0101,
    0x0290, 0x8F9E,
    0x0292, 0x0100,
    0x0294, 0x8FAA,
    0x0296, 0x0101,
    0x0298, 0x8FAC,
    0x029A, 0x0100,
    0x029C, 0x8FB8,
    0x029E, 0x0B0B,
    0x02A0, 0x8FBA,
    0x02A2, 0x0B07,
    0x02A4, 0x8FC6,
    0x02A6, 0x9090,
    0x02A8, 0x8FC8,
    0x02AA, 0x9005,
    0x02AC, 0x8FF8,
    0x02AE, 0x0D0D,
    0x02B0, 0x8FFA,
    0x02B2, 0x080D,
    0x02B4, 0x8FFE,
    0x02B6, 0x0D0D,
    0x02B8, 0x9000,
    0x02BA, 0x0D08,
    0x02BC, 0xC896,
    0x02BE, 0x3194,
    0x02C0, 0xC89E,
    0x02C2, 0x0002,
    0x02C4, 0xE8AA,
    0x02C6, 0x3196,
    0x02C8, 0x0000,
    0x02CA, 0xFFFE,
    0x02CC, 0x2001,
    0x02CE, 0xFFFD,
    0x02D0, 0x0336,
    0x02D2, 0x0000,
    0x02D4, 0x033A,
    0x02D6, 0x0000,
    0x02D8, 0x033E,
    0x02DA, 0x0000,
    0x02DC, 0x0342,
    0x02DE, 0x0000,
    0x02E0, 0x0356,
    0x02E2, 0x0000,
    0x02E4, 0x035A,
    0x02E6, 0x0000,
    0x02E8, 0x035E,
    0x02EA, 0x0000,
    0x02EC, 0x0362,
    0x02EE, 0x0000,
    0x02F0, 0x2BC6,
    0x02F2, 0x0002,
    0x02F4, 0x2BC8,
    0x02F6, 0x0002,
    0x02F8, 0x2BCA,
    0x02FA, 0xFFFC,
    0x02FC, 0x2BCC,
    0x02FE, 0xFFFC,
    0x0300, 0x0000,
    0x0302, 0xFFFF,
    0x0304, 0x000E,
    0x0306, 0x2001,
    0x0308, 0x3516,
    0x030A, 0x0079,
    0x030C, 0x0077,
    0x030E, 0x008F,
    0x0310, 0x008D,
    0x0312, 0x0088,
    0x0314, 0x0079,
    0x0316, 0x0078,
    0x0318, 0xFFFF,
    0x031A, 0x000E,
    0x031C, 0x2001,
    0x031E, 0x3536,
    0x0320, 0x007F,
    0x0322, 0x007D,
    0x0324, 0x0093,
    0x0326, 0x0091,
    0x0328, 0x008C,
    0x032A, 0x007D,
    0x032C, 0x007C,
    0x032E, 0x0000,
    0x0330, 0x0000,
    0x0332, 0xFFFE,
    0x0334, 0x2000,
    0x0336, 0xFFFD,
    0x0338, 0x34BA,
    0x033A, 0x0000,
    0x033C, 0x34BC,
    0x033E, 0x0004,
    0x0340, 0xB39C,
    0x0342, 0x0E00,
    0x0344, 0xB3EE,
    0x0346, 0x0500,
    0x0348, 0x0000,
    0x034A, 0xFFFE,
    0x034C, 0x2001,
    0x034E, 0xFFFD,
    0x0350, 0x2BC6,
    0x0352, 0x00E1,
    0x0354, 0x2BC8,
    0x0356, 0x00E1,
    0x0358, 0x2BCA,
    0x035A, 0x0122,
    0x035C, 0x2BCC,
    0x035E, 0x0122,
    0x0360, 0x0000,
    0x0362, 0xFFFF,
    0x0364, 0x000E,
    0x0366, 0x2001,
    0x0368, 0x3516,
    0x036A, 0x0046,
    0x036C, 0x005C,
    0x036E, 0x0055,
    0x0370, 0x0052,
    0x0372, 0x004E,
    0x0374, 0x0050,
    0x0376, 0x0000,
    0x0378, 0xFFFF,
    0x037A, 0x000E,
    0x037C, 0x2001,
    0x037E, 0x3536,
    0x0380, 0x0046,
    0x0382, 0x005C,
    0x0384, 0x0055,
    0x0386, 0x0052,
    0x0388, 0x004E,
    0x038A, 0x0050,
    0x038C, 0x0000,
    0x038E, 0x0000,
    0x0390, 0x0000,
    0x0392, 0xFFFE,
    0x0394, 0x2000,
    0x0396, 0xFFFD,
    0x0398, 0x0E90,
    0x039A, 0x0080,
    0x039C, 0x0E92,
    0x039E, 0x0080,
    0x03A0, 0x0E94,
    0x03A2, 0x0080,
    0x03A4, 0x0E96,
    0x03A6, 0x0080,
    0x03A8, 0x3E14,
    0x03AA, 0x0000,
    0x03AC, 0x3E16,
    0x03AE, 0x0000,
    0x03B0, 0x47C2,
    0x03B2, 0x0001,
    0x03B4, 0x485A,
    0x03B6, 0x0103,
    0x03B8, 0x4A5C,
    0x03BA, 0x0030,
    0x03BC, 0x4A5E,
    0x03BE, 0x00C8,
    0x03C0, 0x4A6A,
    0x03C2, 0x0019,
    0x03C4, 0x4A6C,
    0x03C6, 0x0018,
    0x03C8, 0x4A94,
    0x03CA, 0xFFFC,
    0x03CC, 0x4A96,
    0x03CE, 0x0005,
    0x03D0, 0x4AA2,
    0x03D2, 0x0048,
    0x03D4, 0x4AA4,
    0x03D6, 0x000E,
    0x03D8, 0x4ABE,
    0x03DA, 0x0048,
    0x03DC, 0x4AC0,
    0x03DE, 0x000E,
    0x03E0, 0x4AE8,
    0x03E2, 0x0016,
    0x03E4, 0x4AEA,
    0x03E6, 0x0010,
    0x03E8, 0x4AF6,
    0x03EA, 0x0018,
    0x03EC, 0x4AF8,
    0x03EE, 0x0004,
    0x03F0, 0x4B58,
    0x03F2, 0x0016,
    0x03F4, 0x4B5A,
    0x03F6, 0x0010,
    0x03F8, 0x4B66,
    0x03FA, 0x0018,
    0x03FC, 0x4B68,
    0x03FE, 0x0004,
    0x0400, 0x4BC8,
    0x0402, 0x0016,
    0x0404, 0x4BCA,
    0x0406, 0x0010,
    0x0408, 0x4BD6,
    0x040A, 0x0018,
    0x040C, 0x4BD8,
    0x040E, 0x0004,
    0x0410, 0x4BE4,
    0x0412, 0x0005,
    0x0414, 0x4BE6,
    0x0416, 0x0008,
    0x0418, 0x4C46,
    0x041A, 0x0000,
    0x041C, 0x4C48,
    0x041E, 0x0014,
    0x0420, 0x4C72,
    0x0422, 0x0007,
    0x0424, 0x4C7E,
    0x0426, 0x0001,
    0x0428, 0x4C80,
    0x042A, 0xFFDE,
    0x042C, 0x4C8C,
    0x042E, 0x0000,
    0x0430, 0x4C8E,
    0x0432, 0x0006,
    0x0434, 0x4C9A,
    0x0436, 0x0000,
    0x0438, 0x4C9C,
    0x043A, 0xFFFD,
    0x043C, 0x4CAA,
    0x043E, 0x0006,
    0x0440, 0x4CB8,
    0x0442, 0x0006,
    0x0444, 0x4CE0,
    0x0446, 0x0002,
    0x0448, 0x4CE2,
    0x044A, 0x0004,
    0x044C, 0x4CEE,
    0x044E, 0x000A,
    0x0450, 0x4CF0,
    0x0452, 0x0040,
    0x0454, 0x4CFC,
    0x0456, 0x0002,
    0x0458, 0x4CFE,
    0x045A, 0x0004,
    0x045C, 0x4D0A,
    0x045E, 0x000A,
    0x0460, 0x4D0C,
    0x0462, 0x0040,
    0x0464, 0x4D18,
    0x0466, 0x0002,
    0x0468, 0x4D1A,
    0x046A, 0x0004,
    0x046C, 0x4D26,
    0x046E, 0x000A,
    0x0470, 0x4D28,
    0x0472, 0x0040,
    0x0474, 0x4DF8,
    0x0476, 0x0000,
    0x0478, 0x4DFA,
    0x047A, 0x0004,
    0x047C, 0x4E30,
    0x047E, 0x000F,
    0x0480, 0x4E32,
    0x0482, 0x01E8,
    0x0484, 0x4E3E,
    0x0486, 0x0030,
    0x0488, 0x4E40,
    0x048A, 0x0060,
    0x048C, 0x4E4C,
    0x048E, 0x000F,
    0x0490, 0x4E4E,
    0x0492, 0x01E8,
    0x0494, 0x4E5A,
    0x0496, 0x0030,
    0x0498, 0x4E5C,
    0x049A, 0x0060,
    0x049C, 0x4F1E,
    0x049E, 0x0002,
    0x04A0, 0x4F20,
    0x04A2, 0x0001,
    0x04A4, 0x4F2C,
    0x04A6, 0x008A,
    0x04A8, 0x4F2E,
    0x04AA, 0x0342,
    0x04AC, 0x4F3A,
    0x04AE, 0x0088,
    0x04B0, 0x4F3C,
    0x04B2, 0x0340,
    0x04B4, 0x4F72,
    0x04B6, 0x0004,
    0x04B8, 0x4F74,
    0x04BA, 0x0008,
    0x04BC, 0x4F80,
    0x04BE, 0x000A,
    0x04C0, 0x4F82,
    0x04C2, 0x0008,
    0x04C4, 0x50C2,
    0x04C6, 0x0010,
    0x04C8, 0x50C4,
    0x04CA, 0x00F0,
    0x04CC, 0x50D0,
    0x04CE, 0x0016,
    0x04D0, 0x50D2,
    0x04D2, 0x00F6,
    0x04D4, 0x50E0,
    0x04D6, 0x0104,
    0x04D8, 0x50EC,
    0x04DA, 0x000F,
    0x04DC, 0x50EE,
    0x04DE, 0x0008,
    0x04E0, 0x5118,
    0x04E2, 0x0005,
    0x04E4, 0x5214,
    0x04E6, 0x0007,
    0x04E8, 0x5290,
    0x04EA, 0x0015,
    0x04EC, 0x5292,
    0x04EE, 0x0016,
    0x04F0, 0x529E,
    0x04F2, 0x002D,
    0x04F4, 0x52A0,
    0x04F6, 0x0029,
    0x04F8, 0x52BA,
    0x04FA, 0x0037,
    0x04FC, 0x52BC,
    0x04FE, 0x0036,
    0x0500, 0x578A,
    0x0502, 0x001F,
    0x0504, 0x578C,
    0x0506, 0x000A,
    0x0508, 0x57D0,
    0x050A, 0x0031,
    0x050C, 0x57D2,
    0x050E, 0x0154,
    0x0510, 0x57EC,
    0x0512, 0x0088,
    0x0514, 0x57EE,
    0x0516, 0x0078,
    0x0518, 0x5808,
    0x051A, 0x0088,
    0x051C, 0x580A,
    0x051E, 0x01E4,
    0x0520, 0x65FA,
    0x0522, 0x0000,
    0x0524, 0x65FC,
    0x0526, 0x8000,
    0x0528, 0x6608,
    0x052A, 0x0000,
    0x052C, 0x660A,
    0x052E, 0x8000,
    0x0530, 0x8F9C,
    0x0532, 0x0101,
    0x0534, 0x8F9E,
    0x0536, 0x0001,
    0x0538, 0x8FAA,
    0x053A, 0x0101,
    0x053C, 0x8FAC,
    0x053E, 0x0001,
    0x0540, 0x8FB8,
    0x0542, 0x0B0B,
    0x0544, 0x8FBA,
    0x0546, 0x070B,
    0x0548, 0x8FC6,
    0x054A, 0x9090,
    0x054C, 0x8FC8,
    0x054E, 0x0590,
    0x0550, 0x8FD0,
    0x0552, 0x0387,
    0x0554, 0x8FD2,
    0x0556, 0x2082,
    0x0558, 0x8FE0,
    0x055A, 0x06DB,
    0x055C, 0x8FE2,
    0x055E, 0xF249,
    0x0560, 0x8FE4,
    0x0562, 0x0000,
    0x0564, 0x8FE8,
    0x0566, 0x0440,
    0x0568, 0x8FF8,
    0x056A, 0x0D08,
    0x056C, 0x8FFE,
    0x056E, 0x0D0D,
    0x0570, 0x9000,
    0x0572, 0x080D,
    0x0574, 0x9066,
    0x0576, 0xE0F5,
    0x0578, 0x999E,
    0x057A, 0x0040,
    0x057C, 0x9DE4,
    0x057E, 0x0C06,
    0x0580, 0x9E62,
    0x0582, 0x0C06,
    0x0584, 0xB252,
    0x0586, 0x0101,
    0x0588, 0xB254,
    0x058A, 0x0100,
    0x058C, 0xB8C6,
    0x058E, 0x0B06,
    0x0590, 0xC890,
    0x0592, 0x0005,
    0x0594, 0xC892,
    0x0596, 0x0014,
    0x0598, 0xC896,
    0x059A, 0x001E,
    0x059C, 0xC89C,
    0x059E, 0x0000,
    0x05A0, 0xC89E,
    0x05A2, 0x0000,
    0x05A4, 0xE8A2,
    0x05A6, 0x00FF,
    0x05A8, 0xE8A4,
    0x05AA, 0x007F,
    0x05AC, 0xE8AA,
    0x05AE, 0xFFFF,
    0x05B0, 0xFF6C,
    0x05B2, 0x1010,
    0x05B4, 0xFF8C,
    0x05B6, 0x0FF0,
    0x05B8, 0xFF92,
    0x05BA, 0x0FF0,
    0x05BC, 0xFF94,
    0x05BE, 0x0FE0,
    0x05C0, 0xFF9C,
    0x05C2, 0x1010,
    0x05C4, 0xFFBC,
    0x05C6, 0x0FF0,
    0x05C8, 0xFFC2,
    0x05CA, 0x0FE0,
    0x05CC, 0xFFC4,
    0x05CE, 0x0FE0,
    0x05D0, 0xFFCC,
    0x05D2, 0x1010,
    0x05D4, 0xFFEC,
    0x05D6, 0x0FF0,
    0x05D8, 0x0000,
    0x05DA, 0xFFFE,
    0x05DC, 0x2001,
    0x05DE, 0xFFFD,
    0x05E0, 0x001C,
    0x05E2, 0x0FF0,
    0x05E4, 0x0022,
    0x05E6, 0x0FF0,
    0x05E8, 0x0024,
    0x05EA, 0x0FE0,
    0x05EC, 0x002A,
    0x05EE, 0x1000,
    0x05F0, 0x002C,
    0x05F2, 0x1010,
    0x05F4, 0x0032,
    0x05F6, 0x1000,
    0x05F8, 0x0034,
    0x05FA, 0x1000,
    0x05FC, 0x003A,
    0x05FE, 0x1000,
    0x0600, 0x003C,
    0x0602, 0x1000,
    0x0604, 0x0042,
    0x0606, 0x1000,
    0x0608, 0x0044,
    0x060A, 0x1000,
    0x060C, 0x004A,
    0x060E, 0x1000,
    0x0610, 0x004C,
    0x0612, 0x0FF0,
    0x0614, 0x0052,
    0x0616, 0x0FF0,
    0x0618, 0x0054,
    0x061A, 0x0FE0,
    0x061C, 0x005A,
    0x061E, 0x1000,
    0x0620, 0x005C,
    0x0622, 0x0FF0,
    0x0624, 0x0062,
    0x0626, 0x0FF0,
    0x0628, 0x0064,
    0x062A, 0x0FF0,
    0x062C, 0x006A,
    0x062E, 0x0FF0,
    0x0630, 0x006C,
    0x0632, 0x0FF0,
    0x0634, 0x0072,
    0x0636, 0x1000,
    0x0638, 0x0074,
    0x063A, 0x1000,
    0x063C, 0x007A,
    0x063E, 0x1000,
    0x0640, 0x007C,
    0x0642, 0x0FF0,
    0x0644, 0x0082,
    0x0646, 0x0FE0,
    0x0648, 0x0084,
    0x064A, 0x0FE0,
    0x064C, 0x008A,
    0x064E, 0x1000,
    0x0650, 0x008C,
    0x0652, 0x0FF0,
    0x0654, 0x0092,
    0x0656, 0x0FF0,
    0x0658, 0x0094,
    0x065A, 0x0FF0,
    0x065C, 0x009A,
    0x065E, 0x0FF0,
    0x0660, 0x009C,
    0x0662, 0x0FF0,
    0x0664, 0x00A2,
    0x0666, 0x1000,
    0x0668, 0x00A4,
    0x066A, 0x1000,
    0x066C, 0x00AA,
    0x066E, 0x1000,
    0x0670, 0x00AC,
    0x0672, 0x0FF0,
    0x0674, 0x00B2,
    0x0676, 0x0FF0,
    0x0678, 0x00B4,
    0x067A, 0x0FE0,
    0x067C, 0x00BA,
    0x067E, 0x1000,
    0x0680, 0x00BC,
    0x0682, 0x1010,
    0x0684, 0x00C2,
    0x0686, 0x1000,
    0x0688, 0x00C4,
    0x068A, 0x1000,
    0x068C, 0x00CA,
    0x068E, 0x1000,
    0x0690, 0x00CC,
    0x0692, 0x1000,
    0x0694, 0x00D2,
    0x0696, 0x1000,
    0x0698, 0x00D4,
    0x069A, 0x1000,
    0x069C, 0x00DA,
    0x069E, 0x1000,
    0x06A0, 0x00DC,
    0x06A2, 0x0FF0,
    0x06A4, 0x00E2,
    0x06A6, 0x0FF0,
    0x06A8, 0x00E4,
    0x06AA, 0x0FE0,
    0x06AC, 0x01B6,
    0x06AE, 0x0000,
    0x06B0, 0x01BA,
    0x06B2, 0x0000,
    0x06B4, 0x01BE,
    0x06B6, 0x0000,
    0x06B8, 0x01C2,
    0x06BA, 0x0000,
    0x06BC, 0x01D6,
    0x06BE, 0x0000,
    0x06C0, 0x01DA,
    0x06C2, 0x0000,
    0x06C4, 0x01DE,
    0x06C6, 0x0000,
    0x06C8, 0x01E2,
    0x06CA, 0x0000,
    0x06CC, 0x01F6,
    0x06CE, 0x0000,
    0x06D0, 0x01FA,
    0x06D2, 0x0000,
    0x06D4, 0x01FE,
    0x06D6, 0x0000,
    0x06D8, 0x0202,
    0x06DA, 0x0000,
    0x06DC, 0x0216,
    0x06DE, 0x0000,
    0x06E0, 0x021A,
    0x06E2, 0x0000,
    0x06E4, 0x021E,
    0x06E6, 0x0000,
    0x06E8, 0x0222,
    0x06EA, 0x0000,
    0x06EC, 0x0376,
    0x06EE, 0xFFFF,
    0x06F0, 0x037A,
    0x06F2, 0xFFFF,
    0x06F4, 0x037E,
    0x06F6, 0xFFFF,
    0x06F8, 0x0382,
    0x06FA, 0xFFFF,
    0x06FC, 0x0396,
    0x06FE, 0xFFFF,
    0x0700, 0x039A,
    0x0702, 0xFFFF,
    0x0704, 0x039E,
    0x0706, 0xFFFF,
    0x0708, 0x03A2,
    0x070A, 0xFFFF,
    0x070C, 0x03B6,
    0x070E, 0xFFFF,
    0x0710, 0x03BA,
    0x0712, 0xFFFF,
    0x0714, 0x03BE,
    0x0716, 0xFFFF,
    0x0718, 0x03C2,
    0x071A, 0xFFFF,
    0x071C, 0x03D6,
    0x071E, 0xFFFF,
    0x0720, 0x03DA,
    0x0722, 0xFFFF,
    0x0724, 0x03DE,
    0x0726, 0xFFFF,
    0x0728, 0x03E2,
    0x072A, 0xFFFF,
    0x072C, 0x03F6,
    0x072E, 0xFFFF,
    0x0730, 0x03FA,
    0x0732, 0xFFFF,
    0x0734, 0x03FE,
    0x0736, 0xFFFF,
    0x0738, 0x0402,
    0x073A, 0xFFFF,
    0x073C, 0x0416,
    0x073E, 0xFFFF,
    0x0740, 0x041A,
    0x0742, 0xFFFF,
    0x0744, 0x041E,
    0x0746, 0xFFFF,
    0x0748, 0x0422,
    0x074A, 0xFFFF,
    0x074C, 0x2BC6,
    0x074E, 0x0000,
    0x0750, 0x2BC8,
    0x0752, 0x0000,
    0x0754, 0x2BCA,
    0x0756, 0xFFFE,
    0x0758, 0x2BCC,
    0x075A, 0xFFFE,
    0x075C, 0x3348,
    0x075E, 0x0003,
    0x0760, 0x3714,
    0x0762, 0x000B,
    0x0764, 0x391C,
    0x0766, 0x000B,
    0x0768, 0x3B4C,
    0x076A, 0x0002,
    0x076C, 0x0000,
    0x076E, 0xFFFE,
    0x0770, 0x2002,
    0x0772, 0xFFFD,
    0x0774, 0xDDD6,
    0x0776, 0x0000,
    0x0778, 0xDE16,
    0x077A, 0x0002,
    0x077C, 0xDE2E,
    0x077E, 0x0801,
    0x0780, 0xDE46,
    0x0782, 0x0801,
    0x0784, 0xDE5E,
    0x0786, 0x0801,
    0x0788, 0xDE76,
    0x078A, 0x0801,
    0x078C, 0xDE82,
    0x078E, 0x0100,
    0x0790, 0xDE86,
    0x0792, 0x0200,
    0x0794, 0xDE8A,
    0x0796, 0x0400,
    0x0798, 0xDE8E,
    0x079A, 0x0801,
    0x079C, 0xDE92,
    0x079E, 0x2000,
    0x07A0, 0xDE96,
    0x07A2, 0x4000,
    0x07A4, 0xDE9A,
    0x07A6, 0x0100,
    0x07A8, 0xDE9E,
    0x07AA, 0x0200,
    0x07AC, 0xDEA2,
    0x07AE, 0x0400,
    0x07B0, 0xDEA6,
    0x07B2, 0x0801,
    0x07B4, 0xDEAA,
    0x07B6, 0x2000,
    0x07B8, 0xDEAE,
    0x07BA, 0x4000,
    0x07BC, 0xDEB2,
    0x07BE, 0x0100,
    0x07C0, 0xDEB6,
    0x07C2, 0x0200,
    0x07C4, 0xDEBA,
    0x07C6, 0x0400,
    0x07C8, 0xDEBE,
    0x07CA, 0x0801,
    0x07CC, 0xDEC2,
    0x07CE, 0x2000,
    0x07D0, 0xDEC6,
    0x07D2, 0x4000,
    0x07D4, 0xDECA,
    0x07D6, 0x0100,
    0x07D8, 0xDECE,
    0x07DA, 0x0200,
    0x07DC, 0xDED2,
    0x07DE, 0x0400,
    0x07E0, 0xDED6,
    0x07E2, 0x0801,
    0x07E4, 0xDEDA,
    0x07E6, 0x2000,
    0x07E8, 0xDEDE,
    0x07EA, 0x4000,
    0x07EC, 0xDFA2,
    0x07EE, 0x01FF,
    0x07F0, 0xDFA6,
    0x07F2, 0x03FF,
    0x07F4, 0xDFAA,
    0x07F6, 0x07FF,
    0x07F8, 0xDFAE,
    0x07FA, 0x1FFF,
    0x07FC, 0xDFB2,
    0x07FE, 0x3FFF,
    0x0800, 0xDFB4,
    0x0802, 0x0001,
    0x0804, 0xDFBA,
    0x0806, 0x01FF,
    0x0808, 0xDFBE,
    0x080A, 0x03FF,
    0x080C, 0xDFC2,
    0x080E, 0x07FF,
    0x0810, 0xDFC6,
    0x0812, 0x1FFF,
    0x0814, 0xDFCA,
    0x0816, 0x3FFF,
    0x0818, 0xDFCC,
    0x081A, 0x0001,
    0x081C, 0xDFD2,
    0x081E, 0x01FF,
    0x0820, 0xDFD6,
    0x0822, 0x03FF,
    0x0824, 0xDFDA,
    0x0826, 0x07FF,
    0x0828, 0xDFDE,
    0x082A, 0x1FFF,
    0x082C, 0xDFE2,
    0x082E, 0x3FFF,
    0x0830, 0xDFE4,
    0x0832, 0x0001,
    0x0834, 0xDFEA,
    0x0836, 0x01FF,
    0x0838, 0xDFEE,
    0x083A, 0x03FF,
    0x083C, 0xDFF2,
    0x083E, 0x07FF,
    0x0840, 0xDFF6,
    0x0842, 0x1FFF,
    0x0844, 0xDFFA,
    0x0846, 0x3FFF,
    0x0848, 0xDFFC,
    0x084A, 0x0001,
    0x084C, 0x0000,
    0x084E, 0xFFFE,
    0x0850, 0x4000,
    0x0852, 0xFFFD,
    0x0854, 0x0228,
    0x0856, 0x0200,
    0x0858, 0x0722,
    0x085A, 0x0100,
    0x085C, 0x0BCC,
    0x085E, 0x0200,
    0x0860, 0x0BE2,
    0x0862, 0x0004,
    0x0864, 0x0000,
    0x0866, 0xFFFF,
    0x0868, 0x0004,
    0x086A, 0x2000,
    0x086C, 0xFFF2,
    0x086E, 0x0FF0,
    0x0870, 0x0FE0,
    0x0872, 0xFFFF,
    0x0874, 0x0002,
    0x0876, 0x2000,
    0x0878, 0xFFFC,
    0x087A, 0x1010,
    0x087C, 0xFFFF,
    0x087E, 0x000E,
    0x0880, 0x2001,
    0x0882, 0x3516,
    0x0884, 0x0030,
    0x0886, 0x0034,
    0x0888, 0x0057,
    0x088A, 0x0054,
    0x088C, 0x0062,
    0x088E, 0x0055,
    0x0890, 0x0048,
    0x0892, 0xFFFF,
    0x0894, 0x000E,
    0x0896, 0x2001,
    0x0898, 0x3536,
    0x089A, 0x0030,
    0x089C, 0x0034,
    0x089E, 0x0057,
    0x08A0, 0x0054,
    0x08A2, 0x0062,
    0x08A4, 0x0055,
    0x08A6, 0x0048,
    0x08A8, 0xFFFF,
    0x08AA, 0x000E,
    0x08AC, 0x2001,
    0x08AE, 0x371E,
    0x08B0, 0x0030,
    0x08B2, 0x0034,
    0x08B4, 0x0057,
    0x08B6, 0x0054,
    0x08B8, 0x0062,
    0x08BA, 0x0055,
    0x08BC, 0x0048,
    0x08BE, 0xFFFF,
    0x08C0, 0x000E,
    0x08C2, 0x2001,
    0x08C4, 0x373E,
    0x08C6, 0x0030,
    0x08C8, 0x0034,
    0x08CA, 0x0057,
    0x08CC, 0x0054,
    0x08CE, 0x0062,
    0x08D0, 0x0055,
    0x08D2, 0x0048,
    0x08D4, 0x0000,
    0x08D6, 0x0000,
    0x08D8, 0xFFFE,
    0x08DA, 0x2000,
    0x08DC, 0xFFFD,
    0x08DE, 0x485A,
    0x08E0, 0x0103,
    0x08E2, 0x4C9A,
    0x08E4, 0x0004,
    0x08E6, 0x4CB6,
    0x08E8, 0xFFD6,
    0x08EA, 0x50C2,
    0x08EC, 0x0034,
    0x08EE, 0x50D0,
    0x08F0, 0x001C,
    0x08F2, 0x57D0,
    0x08F4, 0x0084,
    0x08F6, 0x5808,
    0x08F8, 0x0174,
    0x08FA, 0xB39C,
    0x08FC, 0x0800,
    0x08FE, 0xB57A,
    0x0900, 0x0004,
    0x0902, 0xB57C,
    0x0904, 0x0004,
    0x0906, 0xC896,
    0x0908, 0x4F88,
    0x090A, 0xC89E,
    0x090C, 0x0002,
    0x090E, 0xE8AA,
    0x0910, 0x4F8A,
    0x0912, 0xFF6C,
    0x0914, 0x1040,
    0x0916, 0xFF72,
    0x0918, 0x0FF0,
    0x091A, 0xFF9C,
    0x091C, 0x1040,
    0x091E, 0xFFA2,
    0x0920, 0x0FF0,
    0x0922, 0xFFCC,
    0x0924, 0x1040,
    0x0926, 0xFFD2,
    0x0928, 0x0FF0,
    0x092A, 0x0000,
    0x092C, 0xFFFE,
    0x092E, 0x2001,
    0x0930, 0xFFFD,
    0x0932, 0x0002,
    0x0934, 0x0FF0,
    0x0936, 0x0336,
    0x0938, 0x0000,
    0x093A, 0x033A,
    0x093C, 0x0000,
    0x093E, 0x033E,
    0x0940, 0x0000,
    0x0942, 0x0342,
    0x0944, 0x0000,
    0x0946, 0x0356,
    0x0948, 0x0000,
    0x094A, 0x035A,
    0x094C, 0x0000,
    0x094E, 0x035E,
    0x0950, 0x0000,
    0x0952, 0x0362,
    0x0954, 0x0000,
    0x0956, 0x0376,
    0x0958, 0x0001,
    0x095A, 0x037A,
    0x095C, 0x0001,
    0x095E, 0x037E,
    0x0960, 0x0001,
    0x0962, 0x0382,
    0x0964, 0x0001,
    0x0966, 0x0396,
    0x0968, 0x0001,
    0x096A, 0x039A,
    0x096C, 0x0001,
    0x096E, 0x039E,
    0x0970, 0x0001,
    0x0972, 0x03A2,
    0x0974, 0x0001,
    0x0976, 0x2BC6,
    0x0978, 0xFFFF,
    0x097A, 0x2BC8,
    0x097C, 0xFFFF,
    0x097E, 0x2BCA,
    0x0980, 0x0000,
    0x0982, 0x2BCC,
    0x0984, 0x0000,
    0x0986, 0x2CBE,
    0x0988, 0x0202,
    0x098A, 0x0000,
    0x098C, 0xFFFE,
    0x098E, 0x2002,
    0x0990, 0xFFFD,
    0x0992, 0xDE16,
    0x0994, 0x0000,
    0x0996, 0x0000,
    0x0998, 0xFFFE,
    0x099A, 0x4000,
    0x099C, 0xFFFD,
    0x099E, 0x0382,
    0x09A0, 0x000C,
    0x09A2, 0x0384,
    0x09A4, 0x0008,
    0x09A6, 0x0386,
    0x09A8, 0x0008,
    0x09AA, 0x0900,
    0x09AC, 0x3388,
    0x09AE, 0x0000,
    0x09B0, 0xFFFF,
    0x09B2, 0x0002,
    0x09B4, 0x2000,
    0x09B6, 0xFFFC,
    0x09B8, 0x1040,
    0x09BA, 0xFFFF,
    0x09BC, 0x000E,
    0x09BE, 0x2001,
    0x09C0, 0x3516,
    0x09C2, 0x0075,
    0x09C4, 0x0075,
    0x09C6, 0x0095,
    0x09C8, 0x0090,
    0x09CA, 0x0092,
    0x09CC, 0x0080,
    0x09CE, 0x0090,
    0x09D0, 0xFFFF,
    0x09D2, 0x000E,
    0x09D4, 0x2001,
    0x09D6, 0x3536,
    0x09D8, 0x0079,
    0x09DA, 0x0079,
    0x09DC, 0x0099,
    0x09DE, 0x0094,
    0x09E0, 0x0096,
    0x09E2, 0x0084,
    0x09E4, 0x0094,
    0x09E6, 0x0000,
    0x09E8, 0x0000,
    0x09EA, 0xFFFE,
    0x09EC, 0x2000,
    0x09EE, 0xFFFD,
    0x09F0, 0x3E14,
    0x09F2, 0x0100,
    0x09F4, 0x4116,
    0x09F6, 0x0040,
    0x09F8, 0x4254,
    0x09FA, 0x0249,
    0x09FC, 0x4256,
    0x09FE, 0x0249,
    0x0A00, 0x46F0,
    0x0A02, 0x0100,
    0x0A04, 0x4A5A,
    0x0A06, 0xFFF1,
    0x0A08, 0x4A5C,
    0x0A0A, 0x0030,
    0x0A0C, 0x4A68,
    0x0A0E, 0x0007,
    0x0A10, 0x4A6A,
    0x0A12, 0x0019,
    0x0A14, 0x4A92,
    0x0A16, 0xFFFA,
    0x0A18, 0x4A94,
    0x0A1A, 0xFFFC,
    0x0A1C, 0x4AA0,
    0x0A1E, 0x0020,
    0x0A20, 0x4AA2,
    0x0A22, 0x0048,
    0x0A24, 0x4ABE,
    0x0A26, 0x0048,
    0x0A28, 0x4AE6,
    0x0A2A, 0x0010,
    0x0A2C, 0x4AE8,
    0x0A2E, 0x0016,
    0x0A30, 0x4AF4,
    0x0A32, 0x0008,
    0x0A34, 0x4AF6,
    0x0A36, 0x0018,
    0x0A38, 0x4B56,
    0x0A3A, 0x0010,
    0x0A3C, 0x4B58,
    0x0A3E, 0x0016,
    0x0A40, 0x4B64,
    0x0A42, 0x0008,
    0x0A44, 0x4B66,
    0x0A46, 0x0018,
    0x0A48, 0x4BC6,
    0x0A4A, 0x0010,
    0x0A4C, 0x4BC8,
    0x0A4E, 0x0016,
    0x0A50, 0x4BD4,
    0x0A52, 0x0008,
    0x0A54, 0x4BD6,
    0x0A56, 0x0018,
    0x0A58, 0x4BE2,
    0x0A5A, 0x0003,
    0x0A5C, 0x4BE4,
    0x0A5E, 0x0005,
    0x0A60, 0x4BF0,
    0x0A62, 0x004B,
    0x0A64, 0x4C44,
    0x0A66, 0x0001,
    0x0A68, 0x4C46,
    0x0A6A, 0x0000,
    0x0A6C, 0x4C6E,
    0x0A6E, 0x0001,
    0x0A70, 0x4C7C,
    0x0A72, 0xFFD0,
    0x0A74, 0x4C7E,
    0x0A76, 0x0001,
    0x0A78, 0x4C8C,
    0x0A7A, 0x0000,
    0x0A7C, 0x4C98,
    0x0A7E, 0xFFE0,
    0x0A80, 0x4C9A,
    0x0A82, 0x0000,
    0x0A84, 0x4CB6,
    0x0A86, 0x0000,
    0x0A88, 0x4CDE,
    0x0A8A, 0x0001,
    0x0A8C, 0x4CE0,
    0x0A8E, 0x0002,
    0x0A90, 0x4CEC,
    0x0A92, 0x0040,
    0x0A94, 0x4CEE,
    0x0A96, 0x000A,
    0x0A98, 0x4CFA,
    0x0A9A, 0x0001,
    0x0A9C, 0x4CFC,
    0x0A9E, 0x0002,
    0x0AA0, 0x4D08,
    0x0AA2, 0x0040,
    0x0AA4, 0x4D0A,
    0x0AA6, 0x000A,
    0x0AA8, 0x4D16,
    0x0AAA, 0x0001,
    0x0AAC, 0x4D18,
    0x0AAE, 0x0002,
    0x0AB0, 0x4D24,
    0x0AB2, 0x0040,
    0x0AB4, 0x4D26,
    0x0AB6, 0x000A,
    0x0AB8, 0x4DF6,
    0x0ABA, 0x0305,
    0x0ABC, 0x4DF8,
    0x0ABE, 0x0000,
    0x0AC0, 0x4E2E,
    0x0AC2, 0x012F,
    0x0AC4, 0x4E30,
    0x0AC6, 0x000F,
    0x0AC8, 0x4E3C,
    0x0ACA, 0x004B,
    0x0ACC, 0x4E3E,
    0x0ACE, 0x0030,
    0x0AD0, 0x4E4A,
    0x0AD2, 0x012F,
    0x0AD4, 0x4E4C,
    0x0AD6, 0x000F,
    0x0AD8, 0x4E58,
    0x0ADA, 0x004B,
    0x0ADC, 0x4E5A,
    0x0ADE, 0x0030,
    0x0AE0, 0x4F1C,
    0x0AE2, 0x001A,
    0x0AE4, 0x4F1E,
    0x0AE6, 0x0002,
    0x0AE8, 0x4F2A,
    0x0AEA, 0x0054,
    0x0AEC, 0x4F2C,
    0x0AEE, 0x008A,
    0x0AF0, 0x4F38,
    0x0AF2, 0x0052,
    0x0AF4, 0x4F3A,
    0x0AF6, 0x0088,
    0x0AF8, 0x4F70,
    0x0AFA, 0x0008,
    0x0AFC, 0x4F72,
    0x0AFE, 0x0004,
    0x0B00, 0x4F7E,
    0x0B02, 0x0008,
    0x0B04, 0x4F80,
    0x0B06, 0x000A,
    0x0B08, 0x50C0,
    0x0B0A, 0x0024,
    0x0B0C, 0x50C2,
    0x0B0E, 0x0010,
    0x0B10, 0x50CE,
    0x0B12, 0x0005,
    0x0B14, 0x50D0,
    0x0B16, 0x0016,
    0x0B18, 0x50EC,
    0x0B1A, 0x000F,
    0x0B1C, 0x528E,
    0x0B1E, 0x0016,
    0x0B20, 0x5290,
    0x0B22, 0x0015,
    0x0B24, 0x529E,
    0x0B26, 0x002D,
    0x0B28, 0x52BA,
    0x0B2A, 0x0037,
    0x0B2C, 0x578A,
    0x0B2E, 0x001F,
    0x0B30, 0x57CE,
    0x0B32, 0x003E,
    0x0B34, 0x57D0,
    0x0B36, 0x0031,
    0x0B38, 0x57EC,
    0x0B3A, 0x0088,
    0x0B3C, 0x5806,
    0x0B3E, 0x00A9,
    0x0B40, 0x5808,
    0x0B42, 0x0088,
    0x0B44, 0x65FA,
    0x0B46, 0x0000,
    0x0B48, 0x6608,
    0x0B4A, 0x0000,
    0x0B4C, 0x8F80,
    0x0B4E, 0x120B,
    0x0B50, 0x8F8E,
    0x0B52, 0x120B,
    0x0B54, 0x8F9C,
    0x0B56, 0x0001,
    0x0B58, 0x8FAA,
    0x0B5A, 0x0001,
    0x0B5C, 0x8FB8,
    0x0B5E, 0x070B,
    0x0B60, 0x8FC6,
    0x0B62, 0x0590,
    0x0B64, 0x8FD4,
    0x0B66, 0xF3DD,
    0x0B68, 0x8FDA,
    0x0B6A, 0x00FD,
    0x0B6C, 0x8FE0,
    0x0B6E, 0x0249,
    0x0B70, 0x8FE2,
    0x0B72, 0xF249,
    0x0B74, 0x8FE4,
    0x0B76, 0x0000,
    0x0B78, 0x8FE6,
    0x0B7A, 0x0000,
    0x0B7C, 0x8FF6,
    0x0B7E, 0x0D0B,
    0x0B80, 0x8FF8,
    0x0B82, 0x0D0D,
    0x0B84, 0x8FFE,
    0x0B86, 0x0B0D,
    0x0B88, 0x999A,
    0x0B8A, 0xA8B2,
    0x0B8C, 0x999E,
    0x0B8E, 0x0040,
    0x0B90, 0xA514,
    0x0B92, 0x001E,
    0x0B94, 0xAA00,
    0x0B96, 0x2200,
    0x0B98, 0xB264,
    0x0B9A, 0x0000,
    0x0B9C, 0xFF6C,
    0x0B9E, 0x0FD0,
    0x0BA0, 0xFF72,
    0x0BA2, 0x1030,
    0x0BA4, 0xFF7C,
    0x0BA6, 0x0FD0,
    0x0BA8, 0xFF82,
    0x0BAA, 0x1030,
    0x0BAC, 0xFF9C,
    0x0BAE, 0x0FD0,
    0x0BB0, 0xFFA2,
    0x0BB2, 0x1030,
    0x0BB4, 0xFFAC,
    0x0BB6, 0x0FD0,
    0x0BB8, 0xFFB2,
    0x0BBA, 0x1030,
    0x0BBC, 0xFFCC,
    0x0BBE, 0x0FD0,
    0x0BC0, 0xFFD2,
    0x0BC2, 0x1030,
    0x0BC4, 0xFFDC,
    0x0BC6, 0x0FD0,
    0x0BC8, 0xFFE2,
    0x0BCA, 0x1030,
    0x0BCC, 0x0000,
    0x0BCE, 0xFFFE,
    0x0BD0, 0x2001,
    0x0BD2, 0xFFFD,
    0x0BD4, 0x0002,
    0x0BD6, 0x1030,
    0x0BD8, 0x000C,
    0x0BDA, 0x0FD0,
    0x0BDC, 0x0012,
    0x0BDE, 0x1030,
    0x0BE0, 0x0336,
    0x0BE2, 0x0005,
    0x0BE4, 0x033A,
    0x0BE6, 0x0005,
    0x0BE8, 0x033E,
    0x0BEA, 0x0005,
    0x0BEC, 0x0342,
    0x0BEE, 0x0005,
    0x0BF0, 0x0356,
    0x0BF2, 0x0005,
    0x0BF4, 0x035A,
    0x0BF6, 0x0005,
    0x0BF8, 0x035E,
    0x0BFA, 0x0005,
    0x0BFC, 0x0362,
    0x0BFE, 0x0005,
    0x0C00, 0x0376,
    0x0C02, 0x0007,
    0x0C04, 0x037A,
    0x0C06, 0x0007,
    0x0C08, 0x037E,
    0x0C0A, 0x0007,
    0x0C0C, 0x0382,
    0x0C0E, 0x0007,
    0x0C10, 0x0396,
    0x0C12, 0x0007,
    0x0C14, 0x039A,
    0x0C16, 0x0007,
    0x0C18, 0x039E,
    0x0C1A, 0x0007,
    0x0C1C, 0x03A2,
    0x0C1E, 0x0007,
    0x0C20, 0x25D4,
    0x0C22, 0x0001,
    0x0C24, 0x25FA,
    0x0C26, 0xFF00,
    0x0C28, 0x2648,
    0x0C2A, 0x07FF,
    0x0C2C, 0x264A,
    0x0C2E, 0x07FF,
    0x0C30, 0x264C,
    0x0C32, 0x07FF,
    0x0C34, 0x264E,
    0x0C36, 0x07FF,
    0x0C38, 0x0000,
    0x0C3A, 0xFFFE,
    0x0C3C, 0x4000,
    0x0C3E, 0xFFFD,
    0x0C40, 0x0086,
    0x0C42, 0x1000,
    0x0C44, 0x0000,
    0x0C46, 0xFFFF,
    0x0C48, 0x0002,
    0x0C4A, 0x2000,
    0x0C4C, 0xFFFC,
    0x0C4E, 0x0FD0,
    0x0C50, 0xFFFF,
    0x0C52, 0x000E,
    0x0C54, 0x2001,
    0x0C56, 0x3516,
    0x0C58, 0x005D,
    0x0C5A, 0x0070,
    0x0C5C, 0x00BE,
    0x0C5E, 0x009F,
    0x0C60, 0x00A0,
    0x0C62, 0x006C,
    0x0C64, 0x0000,
    0x0C66, 0xFFFF,
    0x0C68, 0x000E,
    0x0C6A, 0x2001,
    0x0C6C, 0x3536,
    0x0C6E, 0x005D,
    0x0C70, 0x0070,
    0x0C72, 0x00BE,
    0x0C74, 0x009F,
    0x0C76, 0x00A0,
    0x0C78, 0x006C,
    0x0C7A, 0x0000,
    0x0C7C, 0x0000,
    0x0C7E, 0x0000,
    0x0C80, 0x0000,
    0x0C82, 0xFFFE,
    0x0C84, 0x2000,
    0x0C86, 0xFFFD,
    0x0C88, 0x1004,
    0x0C8A, 0x0000,
    0x0C8C, 0x4718,
    0x0C8E, 0x002C,
    0x0C90, 0x8F40,
    0x0C92, 0x0702,
    0x0C94, 0xB8C4,
    0x0C96, 0x0100,
    0x0C98, 0x0000,
    0x0C9A, 0xFFFE,
    0x0C9C, 0x2001,
    0x0C9E, 0xFFFD,
    0x0CA0, 0x10F0,
    0x0CA2, 0x0200,
    0x0CA4, 0x2C02,
    0x0CA6, 0x0008,
    0x0CA8, 0x2C04,
    0x0CAA, 0x0008,
    0x0CAC, 0x2C06,
    0x0CAE, 0x0000,
    0x0CB0, 0x2C90,
    0x0CB2, 0x0200,
    0x0CB4, 0x2DD0,
    0x0CB6, 0x0000,
    0x0CB8, 0x0000,
    0x0CBA, 0xFFFE,
    0x0CBC, 0x4000,
    0x0CBE, 0xFFFD,
    0x0CC0, 0x0112,
    0x0CC2, 0x0A0A,
    0x0CC4, 0x021E,
    0x0CC6, 0x0000,
    0x0CC8, 0x0720,
    0x0CCA, 0x0001,
    0x0CCC, 0x0724,
    0x0CCE, 0x0000,
    0x0CD0, 0x072C,
    0x0CD2, 0x0800,
    0x0CD4, 0x072E,
    0x0CD6, 0x0300,
    0x0CD8, 0x0000,
    0x0CDA, 0xFFFF,
    0x0CDC, 0x002A,
    0x0CDE, 0x2000,
    0x0CE0, 0xA76E,
    0x0CE2, 0x0180,
    0x0CE4, 0x0200,
    0x0CE6, 0x0300,
    0x0CE8, 0x0400,
    0x0CEA, 0x1E20,
    0x0CEC, 0x2223,
    0x0CEE, 0x2526,
    0x0CF0, 0x2728,
    0x0CF2, 0x292A,
    0x0CF4, 0x2B2C,
    0x0CF6, 0x2C2D,
    0x0CF8, 0x2E2E,
    0x0CFA, 0x2F31,
    0x0CFC, 0x3233,
    0x0CFE, 0x3435,
    0x0D00, 0x3637,
    0x0D02, 0x3739,
    0x0D04, 0x3A3B,
    0x0D06, 0x3B3D,
    0x0D08, 0x3E3E,
    0x0D0A, 0x3F2C,
    0x0D0C, 0xFFFF,
    0x0D0E, 0x001E,
    0x0D10, 0x2001,
    0x0D12, 0x34BC,
    0x0D14, 0x013F,
    0x0D16, 0x017F,
    0x0D18, 0x01BF,
    0x0D1A, 0x01FF,
    0x0D1C, 0x027F,
    0x0D1E, 0x02FF,
    0x0D20, 0x037F,
    0x0D22, 0x03FF,
    0x0D24, 0x05FF,
    0x0D26, 0x07FF,
    0x0D28, 0x09FF,
    0x0D2A, 0x0BFF,
    0x0D2C, 0x0DFF,
    0x0D2E, 0x0FFF,
    0x0D30, 0x3FFF,
    0x0D32, 0xFFFF,
    0x0D34, 0x0012,
    0x0D36, 0x4000,
    0x0D38, 0x0342,
    0x0D3A, 0x1860,
    0x0D3C, 0x0000,
    0x0D3E, 0x0020,
    0x0D40, 0x403C,
    0x0D42, 0x305C,
    0x0D44, 0x1000,
    0x0D46, 0x0C00,
    0x0D48, 0x0008,
    0x0D4A, 0x0008,
    0x0D4C, 0x0000,
    0x0D4E, 0x0000,
    0x0D50, 0x0000,
    0x0D52, 0xFFFE,
    0x0D54, 0x2000,
    0x0D56, 0xFFFD,
    0x0D58, 0xB8F0,
    0x0D5A, 0x0086,
    0x0D5C, 0x0000,
    0x0D5E, 0xFFFF,
    0x0D60, 0x00C8,
    0x0D62, 0x2000,
    0x0D64, 0xB8F0,
    0x0D66, 0x0086,
    0x0D68, 0x0082,
    0x0D6A, 0x00AB,
    0x0D6C, 0x00A1,
    0x0D6E, 0x00D7,
    0x0D70, 0x00AF,
    0x0D72, 0x00CC,
    0x0D74, 0x011D,
    0x0D76, 0x016C,
    0x0D78, 0x0183,
    0x0D7A, 0x005E,
    0x0D7C, 0x004F,
    0x0D7E, 0x007D,
    0x0D80, 0x0079,
    0x0D82, 0x0094,
    0x0D84, 0x0055,
    0x0D86, 0x0088,
    0x0D88, 0x00D7,
    0x0D8A, 0x0122,
    0x0D8C, 0x0157,
    0x0D8E, 0x0089,
    0x0D90, 0x0083,
    0x0D92, 0x0099,
    0x0D94, 0x0076,
    0x0D96, 0x0075,
    0x0D98, 0x003F,
    0x0D9A, 0x005A,
    0x0D9C, 0x009C,
    0x0D9E, 0x00C9,
    0x0DA0, 0x0104,
    0x0DA2, 0x0057,
    0x0DA4, 0x0068,
    0x0DA6, 0x006D,
    0x0DA8, 0x004D,
    0x0DAA, 0x0030,
    0x0DAC, 0xFFF8,
    0x0DAE, 0x0014,
    0x0DB0, 0x004E,
    0x0DB2, 0x007F,
    0x0DB4, 0x00AE,
    0x0DB6, 0xFFDF,
    0x0DB8, 0xFFFC,
    0x0DBA, 0x0009,
    0x0DBC, 0x0000,
    0x0DBE, 0xFFE4,
    0x0DC0, 0xFFA4,
    0x0DC2, 0xFFAA,
    0x0DC4, 0xFFED,
    0x0DC6, 0x0021,
    0x0DC8, 0x0042,
    0x0DCA, 0xFFBF,
    0x0DCC, 0x0007,
    0x0DCE, 0x0005,
    0x0DD0, 0xFFE9,
    0x0DD2, 0xFFC8,
    0x0DD4, 0xFF93,
    0x0DD6, 0xFF97,
    0x0DD8, 0xFFD0,
    0x0DDA, 0xFFF5,
    0x0DDC, 0x0023,
    0x0DDE, 0xFFAC,
    0x0DE0, 0xFFD5,
    0x0DE2, 0xFFC9,
    0x0DE4, 0xFFBD,
    0x0DE6, 0xFF9D,
    0x0DE8, 0xFF77,
    0x0DEA, 0xFF7B,
    0x0DEC, 0xFFAF,
    0x0DEE, 0xFFCF,
    0x0DF0, 0xFFF0,
    0x0DF2, 0xFFAE,
    0x0DF4, 0xFFD2,
    0x0DF6, 0xFFBC,
    0x0DF8, 0xFFAF,
    0x0DFA, 0xFF96,
    0x0DFC, 0xFF6A,
    0x0DFE, 0xFF72,
    0x0E00, 0xFF9F,
    0x0E02, 0xFFC8,
    0x0E04, 0xFFA7,
    0x0E06, 0xFF70,
    0x0E08, 0xFF90,
    0x0E0A, 0xFF7F,
    0x0E0C, 0xFF7A,
    0x0E0E, 0xFF58,
    0x0E10, 0xFF3C,
    0x0E12, 0xFF41,
    0x0E14, 0xFF61,
    0x0E16, 0xFF7B,
    0x0E18, 0xFF5E,
    0x0E1A, 0xFF3C,
    0x0E1C, 0xFF41,
    0x0E1E, 0xFF30,
    0x0E20, 0xFF22,
    0x0E22, 0xFF08,
    0x0E24, 0xFEF4,
    0x0E26, 0xFEF3,
    0x0E28, 0xFF10,
    0x0E2A, 0xFF19,
    0x0E2C, 0xFF00,
    0x0E2E, 0xFFFF,
    0x0E30, 0x0080,
    0x0E32, 0x2000,
    0x0E34, 0xC8A0,
    0x0E36, 0x0000,
    0x0E38, 0x0000,
    0x0E3A, 0x0000,
    0x0E3C, 0x0000,
    0x0E3E, 0x0000,
    0x0E40, 0x0000,
    0x0E42, 0x0000,
    0x0E44, 0x0000,
    0x0E46, 0x0000,
    0x0E48, 0x0000,
    0x0E4A, 0x0000,
    0x0E4C, 0x0000,
    0x0E4E, 0x0000,
    0x0E50, 0x0000,
    0x0E52, 0x0000,
    0x0E54, 0x0000,
    0x0E56, 0x078C,
    0x0E58, 0x0800,
    0x0E5A, 0x0800,
    0x0E5C, 0x0800,
    0x0E5E, 0x078C,
    0x0E60, 0x0800,
    0x0E62, 0x0800,
    0x0E64, 0x0800,
    0x0E66, 0x078C,
    0x0E68, 0x0800,
    0x0E6A, 0x0800,
    0x0E6C, 0x0800,
    0x0E6E, 0x078C,
    0x0E70, 0x0800,
    0x0E72, 0x0800,
    0x0E74, 0x0800,
    0x0E76, 0x078C,
    0x0E78, 0x0800,
    0x0E7A, 0x0800,
    0x0E7C, 0x0800,
    0x0E7E, 0x078C,
    0x0E80, 0x0800,
    0x0E82, 0x0800,
    0x0E84, 0x0800,
    0x0E86, 0x078C,
    0x0E88, 0x0800,
    0x0E8A, 0x0800,
    0x0E8C, 0x0800,
    0x0E8E, 0x078C,
    0x0E90, 0x0800,
    0x0E92, 0x0800,
    0x0E94, 0x0800,
    0x0E96, 0x078C,
    0x0E98, 0x0800,
    0x0E9A, 0x0800,
    0x0E9C, 0x0800,
    0x0E9E, 0x078C,
    0x0EA0, 0x0800,
    0x0EA2, 0x0800,
    0x0EA4, 0x0800,
    0x0EA6, 0x078C,
    0x0EA8, 0x0800,
    0x0EAA, 0x0800,
    0x0EAC, 0x0800,
    0x0EAE, 0x078C,
    0x0EB0, 0x0800,
    0x0EB2, 0x0800,
    0x0EB4, 0x0800,
    0x0EB6, 0x0000,
    0x0EB8, 0x0000,
    0x0EBA, 0xFFFE,
    0x0EBC, 0x2000,
    0x0EBE, 0xFFFD,
    0x0EC0, 0xB8F0,
    0x0EC2, 0x0052,
    0x0EC4, 0x0000,
    0x0EC6, 0xFFFF,
    0x0EC8, 0x00C8,
    0x0ECA, 0x2000,
    0x0ECC, 0xB8F0,
    0x0ECE, 0x0052,
    0x0ED0, 0x004A,
    0x0ED2, 0x0075,
    0x0ED4, 0x0076,
    0x0ED6, 0x0099,
    0x0ED8, 0x005D,
    0x0EDA, 0x008F,
    0x0EDC, 0x00DC,
    0x0EDE, 0x012B,
    0x0EE0, 0x0156,
    0x0EE2, 0x0084,
    0x0EE4, 0x0071,
    0x0EE6, 0x0098,
    0x0EE8, 0x0080,
    0x0EEA, 0x008A,
    0x0EEC, 0x004D,
    0x0EEE, 0x006F,
    0x0EF0, 0x00BA,
    0x0EF2, 0x00EE,
    0x0EF4, 0x0121,
    0x0EF6, 0x0078,
    0x0EF8, 0x0083,
    0x0EFA, 0x0089,
    0x0EFC, 0x006A,
    0x0EFE, 0x005D,
    0x0F00, 0x0025,
    0x0F02, 0x0044,
    0x0F04, 0x0082,
    0x0F06, 0x00AC,
    0x0F08, 0x00E2,
    0x0F0A, 0x0041,
    0x0F0C, 0x004E,
    0x0F0E, 0x005C,
    0x0F10, 0x003C,
    0x0F12, 0x001E,
    0x0F14, 0xFFE1,
    0x0F16, 0xFFF9,
    0x0F18, 0x0035,
    0x0F1A, 0x0066,
    0x0F1C, 0x008B,
    0x0F1E, 0xFFD5,
    0x0F20, 0xFFF7,
    0x0F22, 0x0004,
    0x0F24, 0xFFFC,
    0x0F26, 0xFFE0,
    0x0F28, 0xFFA1,
    0x0F2A, 0xFFA5,
    0x0F2C, 0xFFEB,
    0x0F2E, 0x001E,
    0x0F30, 0x0041,
    0x0F32, 0xFFCA,
    0x0F34, 0x000F,
    0x0F36, 0x000E,
    0x0F38, 0xFFF3,
    0x0F3A, 0xFFCE,
    0x0F3C, 0xFF99,
    0x0F3E, 0xFFA0,
    0x0F40, 0xFFDC,
    0x0F42, 0x0001,
    0x0F44, 0x0027,
    0x0F46, 0xFFA3,
    0x0F48, 0xFFD2,
    0x0F4A, 0xFFD2,
    0x0F4C, 0xFFBC,
    0x0F4E, 0xFF9D,
    0x0F50, 0xFF73,
    0x0F52, 0xFF77,
    0x0F54, 0xFFAA,
    0x0F56, 0xFFC9,
    0x0F58, 0xFFF8,
    0x0F5A, 0xFFBF,
    0x0F5C, 0xFFE3,
    0x0F5E, 0xFFCA,
    0x0F60, 0xFFC2,
    0x0F62, 0xFFA9,
    0x0F64, 0xFF7B,
    0x0F66, 0xFF87,
    0x0F68, 0xFFB9,
    0x0F6A, 0xFFDF,
    0x0F6C, 0xFFD3,
    0x0F6E, 0xFF8D,
    0x0F70, 0xFFB1,
    0x0F72, 0xFFA2,
    0x0F74, 0xFF94,
    0x0F76, 0xFF76,
    0x0F78, 0xFF52,
    0x0F7A, 0xFF57,
    0x0F7C, 0xFF80,
    0x0F7E, 0xFFA0,
    0x0F80, 0xFF82,
    0x0F82, 0xFF69,
    0x0F84, 0xFF7D,
    0x0F86, 0xFF6F,
    0x0F88, 0xFF6C,
    0x0F8A, 0xFF49,
    0x0F8C, 0xFF2F,
    0x0F8E, 0xFF38,
    0x0F90, 0xFF54,
    0x0F92, 0xFF6D,
    0x0F94, 0xFF50,
    0x0F96, 0xFFFF,
    0x0F98, 0x0080,
    0x0F9A, 0x2000,
    0x0F9C, 0xC8A0,
    0x0F9E, 0x0000,
    0x0FA0, 0x0000,
    0x0FA2, 0x0000,
    0x0FA4, 0x0000,
    0x0FA6, 0x0000,
    0x0FA8, 0x0000,
    0x0FAA, 0x0000,
    0x0FAC, 0x0000,
    0x0FAE, 0x0000,
    0x0FB0, 0x0000,
    0x0FB2, 0x0000,
    0x0FB4, 0x0000,
    0x0FB6, 0x0000,
    0x0FB8, 0x0000,
    0x0FBA, 0x0000,
    0x0FBC, 0x0000,
    0x0FBE, 0x06FB,
    0x0FC0, 0x0800,
    0x0FC2, 0x0800,
    0x0FC4, 0x0800,
    0x0FC6, 0x06FB,
    0x0FC8, 0x0800,
    0x0FCA, 0x0800,
    0x0FCC, 0x0800,
    0x0FCE, 0x06FB,
    0x0FD0, 0x0800,
    0x0FD2, 0x0800,
    0x0FD4, 0x0800,
    0x0FD6, 0x06FB,
    0x0FD8, 0x0800,
    0x0FDA, 0x0800,
    0x0FDC, 0x0800,
    0x0FDE, 0x06FB,
    0x0FE0, 0x0800,
    0x0FE2, 0x0800,
    0x0FE4, 0x0800,
    0x0FE6, 0x06FB,
    0x0FE8, 0x0800,
    0x0FEA, 0x0800,
    0x0FEC, 0x0800,
    0x0FEE, 0x06FB,
    0x0FF0, 0x0800,
    0x0FF2, 0x0800,
    0x0FF4, 0x0800,
    0x0FF6, 0x06FB,
    0x0FF8, 0x0800,
    0x0FFA, 0x0800,
    0x0FFC, 0x0800,
    0x0FFE, 0x06FB,
    0x1000, 0x0800,
    0x1002, 0x0800,
    0x1004, 0x0800,
    0x1006, 0x06FB,
    0x1008, 0x0800,
    0x100A, 0x0800,
    0x100C, 0x0800,
    0x100E, 0x06FB,
    0x1010, 0x0800,
    0x1012, 0x0800,
    0x1014, 0x0800,
    0x1016, 0x06FB,
    0x1018, 0x0800,
    0x101A, 0x0800,
    0x101C, 0x0800,
    0x101E, 0x0000,
    0x1020, 0x0000,
    0x1022, 0xFFFE,
    0x1024, 0x2000,
    0x1026, 0xFFFD,
    0x1028, 0xB8F0,
    0x102A, 0x0078,
    0x102C, 0x0000,
    0x102E, 0xFFFF,
    0x1030, 0x00C8,
    0x1032, 0x2000,
    0x1034, 0xB8F0,
    0x1036, 0x0078,
    0x1038, 0x0064,
    0x103A, 0x0088,
    0x103C, 0x0080,
    0x103E, 0x009A,
    0x1040, 0x0058,
    0x1042, 0x0086,
    0x1044, 0x00D1,
    0x1046, 0x0116,
    0x1048, 0x0148,
    0x104A, 0x008D,
    0x104C, 0x007D,
    0x104E, 0x009C,
    0x1050, 0x007B,
    0x1052, 0x007C,
    0x1054, 0x0042,
    0x1056, 0x0061,
    0x1058, 0x00A6,
    0x105A, 0x00D7,
    0x105C, 0x0116,
    0x105E, 0x007B,
    0x1060, 0x0083,
    0x1062, 0x0084,
    0x1064, 0x0066,
    0x1066, 0x0050,
    0x1068, 0x001B,
    0x106A, 0x0038,
    0x106C, 0x0076,
    0x106E, 0x00A4,
    0x1070, 0x00D6,
    0x1072, 0x0037,
    0x1074, 0x0043,
    0x1076, 0x0050,
    0x1078, 0x0032,
    0x107A, 0x0012,
    0x107C, 0xFFD5,
    0x107E, 0xFFEB,
    0x1080, 0x0028,
    0x1082, 0x005D,
    0x1084, 0x0086,
    0x1086, 0xFFD9,
    0x1088, 0xFFF6,
    0x108A, 0x0001,
    0x108C, 0xFFFB,
    0x108E, 0xFFDF,
    0x1090, 0xFF9F,
    0x1092, 0xFFA4,
    0x1094, 0xFFE7,
    0x1096, 0x001C,
    0x1098, 0x0043,
    0x109A, 0xFFD0,
    0x109C, 0x0011,
    0x109E, 0x000B,
    0x10A0, 0xFFF3,
    0x10A2, 0xFFCD,
    0x10A4, 0xFF9A,
    0x10A6, 0xFF9E,
    0x10A8, 0xFFDB,
    0x10AA, 0x0003,
    0x10AC, 0x002A,
    0x10AE, 0xFFA5,
    0x10B0, 0xFFDA,
    0x10B2, 0xFFD9,
    0x10B4, 0xFFC1,
    0x10B6, 0xFFA1,
    0x10B8, 0xFF75,
    0x10BA, 0xFF78,
    0x10BC, 0xFFAC,
    0x10BE, 0xFFCB,
    0x10C0, 0x0003,
    0x10C2, 0xFFC0,
    0x10C4, 0xFFDE,
    0x10C6, 0xFFC9,
    0x10C8, 0xFFC1,
    0x10CA, 0xFFA5,
    0x10CC, 0xFF7D,
    0x10CE, 0xFF84,
    0x10D0, 0xFFB9,
    0x10D2, 0xFFE0,
    0x10D4, 0xFFDF,
    0x10D6, 0xFFA4,
    0x10D8, 0xFFC2,
    0x10DA, 0xFFAF,
    0x10DC, 0xFFA0,
    0x10DE, 0xFF83,
    0x10E0, 0xFF5A,
    0x10E2, 0xFF62,
    0x10E4, 0xFF8D,
    0x10E6, 0xFFB2,
    0x10E8, 0xFF9B,
    0x10EA, 0xFF72,
    0x10EC, 0xFF95,
    0x10EE, 0xFF82,
    0x10F0, 0xFF7E,
    0x10F2, 0xFF57,
    0x10F4, 0xFF40,
    0x10F6, 0xFF42,
    0x10F8, 0xFF68,
    0x10FA, 0xFF85,
    0x10FC, 0xFF5F,
    0x10FE, 0xFFFF,
    0x1100, 0x0080,
    0x1102, 0x2000,
    0x1104, 0xC8A0,
    0x1106, 0x0000,
    0x1108, 0x0000,
    0x110A, 0x0000,
    0x110C, 0x0000,
    0x110E, 0x0000,
    0x1110, 0x0000,
    0x1112, 0x0000,
    0x1114, 0x0000,
    0x1116, 0x0000,
    0x1118, 0x0000,
    0x111A, 0x0000,
    0x111C, 0x0000,
    0x111E, 0x0000,
    0x1120, 0x0000,
    0x1122, 0x0000,
    0x1124, 0x0000,
    0x1126, 0x077F,
    0x1128, 0x0800,
    0x112A, 0x0800,
    0x112C, 0x0800,
    0x112E, 0x077F,
    0x1130, 0x0800,
    0x1132, 0x0800,
    0x1134, 0x0800,
    0x1136, 0x077F,
    0x1138, 0x0800,
    0x113A, 0x0800,
    0x113C, 0x0800,
    0x113E, 0x077F,
    0x1140, 0x0800,
    0x1142, 0x0800,
    0x1144, 0x0800,
    0x1146, 0x077F,
    0x1148, 0x0800,
    0x114A, 0x0800,
    0x114C, 0x0800,
    0x114E, 0x077F,
    0x1150, 0x0800,
    0x1152, 0x0800,
    0x1154, 0x0800,
    0x1156, 0x077F,
    0x1158, 0x0800,
    0x115A, 0x0800,
    0x115C, 0x0800,
    0x115E, 0x077F,
    0x1160, 0x0800,
    0x1162, 0x0800,
    0x1164, 0x0800,
    0x1166, 0x077F,
    0x1168, 0x0800,
    0x116A, 0x0800,
    0x116C, 0x0800,
    0x116E, 0x077F,
    0x1170, 0x0800,
    0x1172, 0x0800,
    0x1174, 0x0800,
    0x1176, 0x077F,
    0x1178, 0x0800,
    0x117A, 0x0800,
    0x117C, 0x0800,
    0x117E, 0x077F,
    0x1180, 0x0800,
    0x1182, 0x0800,
    0x1184, 0x0800,
    0x1186, 0x0000,
    0x1188, 0x0000,
    0x118A, 0x0000,
    0x118C, 0xFFFE,
    0x118E, 0x2000,
    0x1190, 0xFFFD,
    0x1192, 0x4BF2,
    0x1194, 0x0060,
    0x1196, 0xA50C,
    0x1198, 0x0065,
    0x119A, 0xA516,
    0x119C, 0x0014,
    0x119E, 0x0000,
    0x11A0, 0xFFFE,
    0x11A2, 0x2001,
    0x11A4, 0xFFFD,
    0x11A6, 0x0336,
    0x11A8, 0x0003,
    0x11AA, 0x033E,
    0x11AC, 0x0003,
    0x11AE, 0x3550,
    0x11B0, 0x00A7,
    0x11B2, 0x3552,
    0x11B4, 0x00A5,
    0x11B6, 0x3554,
    0x11B8, 0x00A5,
    0x11BA, 0x0000,
    0x11BC, 0xFFFF,
    0x11BE, 0x0018,
    0x11C0, 0x2001,
    0x11C2, 0x3516,
    0x11C4, 0x006C,
    0x11C6, 0x006C,
    0x11C8, 0x0060,
    0x11CA, 0x0060,
    0x11CC, 0x0090,
    0x11CE, 0x0097,
    0x11D0, 0x009A,
    0x11D2, 0x008A,
    0x11D4, 0x008A,
    0x11D6, 0x008C,
    0x11D8, 0x00A0,
    0x11DA, 0x00A8,
    0x11DC, 0xFFFF,
    0x11DE, 0x001E,
    0x11E0, 0x2001,
    0x11E2, 0x3530,
    0x11E4, 0x00A7,
    0x11E6, 0x00A5,
    0x11E8, 0x00A5,
    0x11EA, 0x006C,
    0x11EC, 0x006C,
    0x11EE, 0x0060,
    0x11F0, 0x0060,
    0x11F2, 0x0090,
    0x11F4, 0x0097,
    0x11F6, 0x009A,
    0x11F8, 0x008A,
    0x11FA, 0x008A,
    0x11FC, 0x008C,
    0x11FE, 0x00A0,
    0x1200, 0x00A8,
    0x1202, 0x0000,
    0x1204, 0x0000,
    0x1206, 0xFFFE,
    0x1208, 0x2000,
    0x120A, 0xFFFD,
    0x120C, 0xA50C,
    0x120E, 0x0002,
    0x1210, 0xA516,
    0x1212, 0x0208,
    0x1214, 0x0000,
    0x1216, 0xFFFE,
    0x1218, 0x2001,
    0x121A, 0xFFFD,
    0x121C, 0x3516,
    0x121E, 0x007E,
    0x1220, 0x0000,
    0x1222, 0xFFFF,
    0x1224, 0x000C,
    0x1226, 0x2001,
    0x1228, 0x3516,
    0x122A, 0x007E,
    0x122C, 0x0082,
    0x122E, 0x008A,
    0x1230, 0x008C,
    0x1232, 0x0098,
    0x1234, 0x009C,
    0x1236, 0xFFFF,
    0x1238, 0x000C,
    0x123A, 0x2001,
    0x123C, 0x3536,
    0x123E, 0x007E,
    0x1240, 0x0082,
    0x1242, 0x008A,
    0x1244, 0x008C,
    0x1246, 0x0098,
    0x1248, 0x009C,
    0x124A, 0x0000,
    0x124C, 0x0000,
    0x124E, 0xFFFE,
    0x1250, 0x2000,
    0x1252, 0xFFFD,
    0x1254, 0x5290,
    0x1256, 0x0015,
    0x1258, 0xA4FE,
    0x125A, 0x0002,
    0x125C, 0xA50C,
    0x125E, 0x0000,
    0x1260, 0xA516,
    0x1262, 0x0000,
    0x1264, 0x0000,
    0x1266, 0xFFFE,
    0x1268, 0x2001,
    0x126A, 0xFFFD,
    0x126C, 0x0336,
    0x126E, 0xFFF2,
    0x1270, 0x033E,
    0x1272, 0xFFF2,
    0x1274, 0x0000,
    0x1276, 0xFFFF,
    0x1278, 0x0040,
    0x127A, 0x2001,
    0x127C, 0x3516,
    0x127E, 0x006D,
    0x1280, 0x0068,
    0x1282, 0x006F,
    0x1284, 0x0073,
    0x1286, 0x007B,
    0x1288, 0x0084,
    0x128A, 0x0086,
    0x128C, 0x008B,
    0x128E, 0x0090,
    0x1290, 0x0099,
    0x1292, 0x009D,
    0x1294, 0x00A1,
    0x1296, 0x00A0,
    0x1298, 0x00AE,
    0x129A, 0x00B0,
    0x129C, 0x00B5,
    0x129E, 0x006D,
    0x12A0, 0x0068,
    0x12A2, 0x006F,
    0x12A4, 0x0073,
    0x12A6, 0x007B,
    0x12A8, 0x0084,
    0x12AA, 0x0086,
    0x12AC, 0x008B,
    0x12AE, 0x0090,
    0x12B0, 0x0099,
    0x12B2, 0x009D,
    0x12B4, 0x00A1,
    0x12B6, 0x00A0,
    0x12B8, 0x00AE,
    0x12BA, 0x00B0,
    0x12BC, 0x00B5,
    0x12BE, 0x0000,
    0x12C0, 0x0000,
    0x12C2, 0xFFFE,
    0x12C4, 0x2000,
    0x12C6, 0xFFFD,
    0x12C8, 0x5290,
    0x12CA, 0x0015,
    0x12CC, 0xA4FE,
    0x12CE, 0x0002,
    0x12D0, 0xA50C,
    0x12D2, 0x0000,
    0x12D4, 0xA516,
    0x12D6, 0x0000,
    0x12D8, 0x0000,
    0x12DA, 0xFFFE,
    0x12DC, 0x2001,
    0x12DE, 0xFFFD,
    0x12E0, 0x0336,
    0x12E2, 0xFFF2,
    0x12E4, 0x033E,
    0x12E6, 0xFFF2,
    0x12E8, 0x0000,
    0x12EA, 0xFFFF,
    0x12EC, 0x0040,
    0x12EE, 0x2001,
    0x12F0, 0x3516,
    0x12F2, 0x004B,
    0x12F4, 0x004E,
    0x12F6, 0x0055,
    0x12F8, 0x0062,
    0x12FA, 0x006E,
    0x12FC, 0x0076,
    0x12FE, 0x007A,
    0x1300, 0x0080,
    0x1302, 0x0086,
    0x1304, 0x008A,
    0x1306, 0x008E,
    0x1308, 0x0091,
    0x130A, 0x0091,
    0x130C, 0x009C,
    0x130E, 0x00A1,
    0x1310, 0x00A6,
    0x1312, 0x004B,
    0x1314, 0x004E,
    0x1316, 0x0055,
    0x1318, 0x0062,
    0x131A, 0x006E,
    0x131C, 0x0076,
    0x131E, 0x007A,
    0x1320, 0x0080,
    0x1322, 0x0086,
    0x1324, 0x008A,
    0x1326, 0x008E,
    0x1328, 0x0091,
    0x132A, 0x0091,
    0x132C, 0x009C,
    0x132E, 0x00A1,
    0x1330, 0x00A6,
    0x1332, 0x0000,
    0x1334, 0x0000,
    0x1336, 0xFFFE,
    0x1338, 0x2000,
    0x133A, 0xFFFD,
    0x133C, 0x4A5A,
    0x133E, 0xFFF1,
    0x1340, 0x4A5E,
    0x1342, 0x00C8,
    0x1344, 0x4A60,
    0x1346, 0x0001,
    0x1348, 0x4A62,
    0x134A, 0x0001,
    0x134C, 0x4A68,
    0x134E, 0x0007,
    0x1350, 0x4A6C,
    0x1352, 0x0018,
    0x1354, 0x4A6E,
    0x1356, 0x0006,
    0x1358, 0x4A70,
    0x135A, 0x0006,
    0x135C, 0x4A92,
    0x135E, 0xFFFA,
    0x1360, 0x4A96,
    0x1362, 0x0005,
    0x1364, 0x4A98,
    0x1366, 0x0010,
    0x1368, 0x4A9A,
    0x136A, 0x0010,
    0x136C, 0x4AA0,
    0x136E, 0x0020,
    0x1370, 0x4AA4,
    0x1372, 0x000E,
    0x1374, 0x4AA6,
    0x1376, 0x0007,
    0x1378, 0x4AA8,
    0x137A, 0x0007,
    0x137C, 0x4AAA,
    0x137E, 0x0048,
    0x1380, 0x4AC0,
    0x1382, 0x000E,
    0x1384, 0x4AC2,
    0x1386, 0x001E,
    0x1388, 0x4AC4,
    0x138A, 0x002E,
    0x138C, 0x4AC6,
    0x138E, 0x0048,
    0x1390, 0x4AE6,
    0x1392, 0x0010,
    0x1394, 0x4AEA,
    0x1396, 0x0010,
    0x1398, 0x4AEC,
    0x139A, 0x0010,
    0x139C, 0x4AEE,
    0x139E, 0x0010,
    0x13A0, 0x4AF4,
    0x13A2, 0x0008,
    0x13A4, 0x4AF8,
    0x13A6, 0x0004,
    0x13A8, 0x4AFA,
    0x13AA, 0x0008,
    0x13AC, 0x4AFC,
    0x13AE, 0x0008,
    0x13B0, 0x4B56,
    0x13B2, 0x0010,
    0x13B4, 0x4B5A,
    0x13B6, 0x0010,
    0x13B8, 0x4B5C,
    0x13BA, 0x0010,
    0x13BC, 0x4B5E,
    0x13BE, 0x0010,
    0x13C0, 0x4B64,
    0x13C2, 0x0008,
    0x13C4, 0x4B68,
    0x13C6, 0x0004,
    0x13C8, 0x4B6A,
    0x13CA, 0x0008,
    0x13CC, 0x4B6C,
    0x13CE, 0x0008,
    0x13D0, 0x4BC6,
    0x13D2, 0x0010,
    0x13D4, 0x4BCA,
    0x13D6, 0x0010,
    0x13D8, 0x4BCC,
    0x13DA, 0x0010,
    0x13DC, 0x4BCE,
    0x13DE, 0x0010,
    0x13E0, 0x4BD4,
    0x13E2, 0x0008,
    0x13E4, 0x4BD8,
    0x13E6, 0x0004,
    0x13E8, 0x4BDA,
    0x13EA, 0x0008,
    0x13EC, 0x4BDC,
    0x13EE, 0x0008,
    0x13F0, 0x4BE2,
    0x13F2, 0x0003,
    0x13F4, 0x4BE6,
    0x13F6, 0x0008,
    0x13F8, 0x4BE8,
    0x13FA, 0x0003,
    0x13FC, 0x4BEA,
    0x13FE, 0x0003,
    0x1400, 0x4BF0,
    0x1402, 0x004B,
    0x1404, 0x4BF2,
    0x1406, 0x004B,
    0x1408, 0x4BF8,
    0x140A, 0x0060,
    0x140C, 0x4C44,
    0x140E, 0x0001,
    0x1410, 0x4C48,
    0x1412, 0x0014,
    0x1414, 0x4C4A,
    0x1416, 0x0014,
    0x1418, 0x4C4C,
    0x141A, 0x0014,
    0x141C, 0x4C6E,
    0x141E, 0x0001,
    0x1420, 0x4C72,
    0x1422, 0x0007,
    0x1424, 0x4C76,
    0x1426, 0x0004,
    0x1428, 0x4C7C,
    0x142A, 0xFFD0,
    0x142C, 0x4C80,
    0x142E, 0xFFDE,
    0x1430, 0x4C82,
    0x1432, 0xFFCE,
    0x1434, 0x4C84,
    0x1436, 0xFFCE,
    0x1438, 0x4C8E,
    0x143A, 0x0006,
    0x143C, 0x4C90,
    0x143E, 0x0006,
    0x1440, 0x4C92,
    0x1442, 0x0006,
    0x1444, 0x4C98,
    0x1446, 0xFFE0,
    0x1448, 0x4C9C,
    0x144A, 0xFFFD,
    0x144C, 0x4C9E,
    0x144E, 0xFFFF,
    0x1450, 0x4CA0,
    0x1452, 0xFFFF,
    0x1454, 0x4CAA,
    0x1456, 0x0006,
    0x1458, 0x4CB8,
    0x145A, 0x0006,
    0x145C, 0x4CBA,
    0x145E, 0xFFCA,
    0x1460, 0x4CBC,
    0x1462, 0xFFBA,
    0x1464, 0x4CBE,
    0x1466, 0x0000,
    0x1468, 0x4CDE,
    0x146A, 0x0001,
    0x146C, 0x4CE2,
    0x146E, 0x0004,
    0x1470, 0x4CE4,
    0x1472, 0x0001,
    0x1474, 0x4CE6,
    0x1476, 0x0001,
    0x1478, 0x4CEC,
    0x147A, 0x0040,
    0x147C, 0x4CF0,
    0x147E, 0x0040,
    0x1480, 0x4CF2,
    0x1482, 0x0040,
    0x1484, 0x4CF4,
    0x1486, 0x0040,
    0x1488, 0x4CFA,
    0x148A, 0x0001,
    0x148C, 0x4CFE,
    0x148E, 0x0004,
    0x1490, 0x4D00,
    0x1492, 0x0001,
    0x1494, 0x4D02,
    0x1496, 0x0001,
    0x1498, 0x4D08,
    0x149A, 0x0040,
    0x149C, 0x4D0C,
    0x149E, 0x0040,
    0x14A0, 0x4D0E,
    0x14A2, 0x0040,
    0x14A4, 0x4D10,
    0x14A6, 0x0040,
    0x14A8, 0x4D16,
    0x14AA, 0x0001,
    0x14AC, 0x4D1A,
    0x14AE, 0x0004,
    0x14B0, 0x4D1C,
    0x14B2, 0x0001,
    0x14B4, 0x4D1E,
    0x14B6, 0x0001,
    0x14B8, 0x4D24,
    0x14BA, 0x0040,
    0x14BC, 0x4D28,
    0x14BE, 0x0040,
    0x14C0, 0x4D2A,
    0x14C2, 0x0040,
    0x14C4, 0x4D2C,
    0x14C6, 0x0040,
    0x14C8, 0x4DF6,
    0x14CA, 0x0305,
    0x14CC, 0x4DFA,
    0x14CE, 0x0004,
    0x14D0, 0x4DFC,
    0x14D2, 0x0004,
    0x14D4, 0x4DFE,
    0x14D6, 0x0000,
    0x14D8, 0x4E0C,
    0x14DA, 0x0053,
    0x14DC, 0x4E2E,
    0x14DE, 0x012F,
    0x14E0, 0x4E32,
    0x14E2, 0x01E8,
    0x14E4, 0x4E34,
    0x14E6, 0x0351,
    0x14E8, 0x4E36,
    0x14EA, 0x064F,
    0x14EC, 0x4E3C,
    0x14EE, 0x004B,
    0x14F0, 0x4E40,
    0x14F2, 0x0060,
    0x14F4, 0x4E42,
    0x14F6, 0x0060,
    0x14F8, 0x4E44,
    0x14FA, 0x0060,
    0x14FC, 0x4E4A,
    0x14FE, 0x012F,
    0x1500, 0x4E4E,
    0x1502, 0x01E8,
    0x1504, 0x4E50,
    0x1506, 0x0351,
    0x1508, 0x4E52,
    0x150A, 0x064F,
    0x150C, 0x4E58,
    0x150E, 0x004B,
    0x1510, 0x4E5C,
    0x1512, 0x0060,
    0x1514, 0x4E5E,
    0x1516, 0x0060,
    0x1518, 0x4E60,
    0x151A, 0x0060,
    0x151C, 0x4F1C,
    0x151E, 0x001A,
    0x1520, 0x4F20,
    0x1522, 0x0001,
    0x1524, 0x4F22,
    0x1526, 0x0064,
    0x1528, 0x4F24,
    0x152A, 0x0064,
    0x152C, 0x4F2A,
    0x152E, 0x0054,
    0x1530, 0x4F2E,
    0x1532, 0x0342,
    0x1534, 0x4F30,
    0x1536, 0x0080,
    0x1538, 0x4F32,
    0x153A, 0x0080,
    0x153C, 0x4F38,
    0x153E, 0x0052,
    0x1540, 0x4F3C,
    0x1542, 0x0340,
    0x1544, 0x4F3E,
    0x1546, 0x007E,
    0x1548, 0x4F40,
    0x154A, 0x007E,
    0x154C, 0x4F70,
    0x154E, 0x0008,
    0x1550, 0x4F74,
    0x1552, 0x0008,
    0x1554, 0x4F76,
    0x1556, 0x0008,
    0x1558, 0x4F78,
    0x155A, 0x0008,
    0x155C, 0x4F7E,
    0x155E, 0x0008,
    0x1560, 0x4F82,
    0x1562, 0x0008,
    0x1564, 0x4F84,
    0x1566, 0x0008,
    0x1568, 0x4F86,
    0x156A, 0x0008,
    0x156C, 0x50C0,
    0x156E, 0x0024,
    0x1570, 0x50C4,
    0x1572, 0x00F0,
    0x1574, 0x50C6,
    0x1576, 0x0019,
    0x1578, 0x50C8,
    0x157A, 0x0019,
    0x157C, 0x50CE,
    0x157E, 0x0005,
    0x1580, 0x50D2,
    0x1582, 0x00F6,
    0x1584, 0x50D4,
    0x1586, 0x0008,
    0x1588, 0x50D6,
    0x158A, 0x0008,
    0x158C, 0x50E0,
    0x158E, 0x0104,
    0x1590, 0x50EE,
    0x1592, 0x0008,
    0x1594, 0x50F0,
    0x1596, 0x0008,
    0x1598, 0x50F2,
    0x159A, 0x0008,
    0x159C, 0x5118,
    0x159E, 0x0005,
    0x15A0, 0x5214,
    0x15A2, 0x0007,
    0x15A4, 0x528E,
    0x15A6, 0x0016,
    0x15A8, 0x5290,
    0x15AA, 0x0016,
    0x15AC, 0x5292,
    0x15AE, 0x0016,
    0x15B0, 0x5294,
    0x15B2, 0x0016,
    0x15B4, 0x5296,
    0x15B6, 0x0016,
    0x15B8, 0x52A0,
    0x15BA, 0x0029,
    0x15BC, 0x52A2,
    0x15BE, 0x0027,
    0x15C0, 0x52A4,
    0x15C2, 0x0027,
    0x15C4, 0x52BC,
    0x15C6, 0x0036,
    0x15C8, 0x52BE,
    0x15CA, 0x0036,
    0x15CC, 0x52C0,
    0x15CE, 0x0036,
    0x15D0, 0x578C,
    0x15D2, 0x000A,
    0x15D4, 0x578E,
    0x15D6, 0x0004,
    0x15D8, 0x5790,
    0x15DA, 0x0004,
    0x15DC, 0x57CE,
    0x15DE, 0x003E,
    0x15E0, 0x57D2,
    0x15E2, 0x0154,
    0x15E4, 0x57D4,
    0x15E6, 0x0100,
    0x15E8, 0x57D6,
    0x15EA, 0x0100,
    0x15EC, 0x57EE,
    0x15EE, 0x0078,
    0x15F0, 0x57F0,
    0x15F2, 0x0088,
    0x15F4, 0x57F2,
    0x15F6, 0x0088,
    0x15F8, 0x5806,
    0x15FA, 0x00A9,
    0x15FC, 0x580A,
    0x15FE, 0x01E4,
    0x1600, 0x580C,
    0x1602, 0x0158,
    0x1604, 0x580E,
    0x1606, 0x0158,
    0x1608, 0x581A,
    0x160A, 0x00F0,
    0x160C, 0x581C,
    0x160E, 0x00E0,
    0x1610, 0x65BC,
    0x1612, 0x01C1,
    0x1614, 0x65FC,
    0x1616, 0x8000,
    0x1618, 0x65FE,
    0x161A, 0x8000,
    0x161C, 0x6600,
    0x161E, 0x8000,
    0x1620, 0x660A,
    0x1622, 0x8000,
    0x1624, 0x660C,
    0x1626, 0x8000,
    0x1628, 0x660E,
    0x162A, 0x8000,
    0x162C, 0x9996,
    0x162E, 0xA6F1,
    0x1630, 0xA4FE,
    0x1632, 0x0011,
    0x1634, 0xA50C,
    0x1636, 0x0008,
    0x1638, 0xA516,
    0x163A, 0x0258,
    0x163C, 0xA51E,
    0x163E, 0x0000,
    0x1640, 0xA522,
    0x1642, 0x001E,
    0x1644, 0xA530,
    0x1646, 0x0000,
    0x1648, 0xA540,
    0x164A, 0x0000,
    0x164C, 0xA54A,
    0x164E, 0x0000,
    0x1650, 0xA54E,
    0x1652, 0x0001,
    0x1654, 0xA558,
    0x1656, 0x0001,
    0x1658, 0xA55A,
    0x165A, 0x0000,
    0x165C, 0xB8C0,
    0x165E, 0x000A,
    0x1660, 0xB8C2,
    0x1662, 0x000A,
    0x1664, 0xB8CC,
    0x1666, 0x0A0A,
    0x1668, 0xB8EC,
    0x166A, 0x23DE,
    0x166C, 0xB8EE,
    0x166E, 0x2FC3,
    0x1670, 0xC888,
    0x1672, 0x0333,
    0x1674, 0xC890,
    0x1676, 0x007F,
    0x1678, 0xC896,
    0x167A, 0x698F,
    0x167C, 0xC89E,
    0x167E, 0x0004,
    0x1680, 0xE8A2,
    0x1682, 0x0080,
    0x1684, 0xE8AA,
    0x1686, 0x6993,
    0x1688, 0x0000,
    0x168A, 0xFFFE,
    0x168C, 0x2001,
    0x168E, 0xFFFD,
    0x1690, 0x0336,
    0x1692, 0xFFFA,
    0x1694, 0x033E,
    0x1696, 0xFFFA,
    0x1698, 0x2DD6,
    0x169A, 0x0101,
    0x169C, 0x2DD8,
    0x169E, 0x0602,
    0x16A0, 0x2DFE,
    0x16A2, 0x0105,
    0x16A4, 0x3714,
    0x16A6, 0x0000,
    0x16A8, 0x0000,
    0x16AA, 0xFFFE,
    0x16AC, 0x2002,
    0x16AE, 0xFFFD,
    0x16B0, 0xDDFA,
    0x16B2, 0x0216,
    0x16B4, 0xE078,
    0x16B6, 0xFFFF,
    0x16B8, 0x0000,
    0x16BA, 0xFFFF,
    0x16BC, 0x003A,
    0x16BE, 0x2000,
    0x16C0, 0xA734,
    0x16C2, 0x0000,
    0x16C4, 0x0022,
    0x16C6, 0x0024,
    0x16C8, 0x0026,
    0x16CA, 0x0028,
    0x16CC, 0x002A,
    0x16CE, 0x002C,
    0x16D0, 0x002E,
    0x16D2, 0x0030,
    0x16D4, 0x0032,
    0x16D6, 0x0034,
    0x16D8, 0x0036,
    0x16DA, 0x0038,
    0x16DC, 0x003A,
    0x16DE, 0x003C,
    0x16E0, 0x003E,
    0x16E2, 0x0040,
    0x16E4, 0x0048,
    0x16E6, 0x0050,
    0x16E8, 0x0058,
    0x16EA, 0x0060,
    0x16EC, 0x0068,
    0x16EE, 0x0070,
    0x16F0, 0x0078,
    0x16F2, 0x0080,
    0x16F4, 0x00A0,
    0x16F6, 0x00C0,
    0x16F8, 0x00E0,
    0x16FA, 0x0100,
    0x16FC, 0xFFFF,
    0x16FE, 0x0010,
    0x1700, 0x2001,
    0x1702, 0x2BB0,
    0x1704, 0x0100,
    0x1706, 0x0100,
    0x1708, 0x0100,
    0x170A, 0x0100,
    0x170C, 0x0100,
    0x170E, 0x0100,
    0x1710, 0x0100,
    0x1712, 0x0100,
    0x1714, 0xFFFF,
    0x1716, 0x0040,
    0x1718, 0x2001,
    0x171A, 0x3516,
    0x171C, 0x008B,
    0x171E, 0x008C,
    0x1720, 0x0092,
    0x1722, 0x0096,
    0x1724, 0x009D,
    0x1726, 0x00A1,
    0x1728, 0x0053,
    0x172A, 0x006A,
    0x172C, 0x0087,
    0x172E, 0x0090,
    0x1730, 0x0096,
    0x1732, 0x00A4,
    0x1734, 0x00A7,
    0x1736, 0x00AB,
    0x1738, 0x00AE,
    0x173A, 0x00B0,
    0x173C, 0x008B,
    0x173E, 0x008C,
    0x1740, 0x0092,
    0x1742, 0x0096,
    0x1744, 0x009D,
    0x1746, 0x00A1,
    0x1748, 0x0053,
    0x174A, 0x006A,
    0x174C, 0x0087,
    0x174E, 0x0090,
    0x1750, 0x0096,
    0x1752, 0x00A4,
    0x1754, 0x00A7,
    0x1756, 0x00AB,
    0x1758, 0x00AE,
    0x175A, 0x00B0,
    0x175C, 0xFFFF,
    0x175E, 0x0040,
    0x1760, 0x2001,
    0x1762, 0x371E,
    0x1764, 0x0030,
    0x1766, 0x0035,
    0x1768, 0x0037,
    0x176A, 0x0044,
    0x176C, 0x0047,
    0x176E, 0x0054,
    0x1770, 0x0057,
    0x1772, 0x005B,
    0x1774, 0x005D,
    0x1776, 0x005E,
    0x1778, 0x0060,
    0x177A, 0x0062,
    0x177C, 0x005E,
    0x177E, 0x0064,
    0x1780, 0x0068,
    0x1782, 0x006A,
    0x1784, 0x0030,
    0x1786, 0x0035,
    0x1788, 0x0037,
    0x178A, 0x0044,
    0x178C, 0x0047,
    0x178E, 0x0054,
    0x1790, 0x0057,
    0x1792, 0x005B,
    0x1794, 0x005D,
    0x1796, 0x005E,
    0x1798, 0x0060,
    0x179A, 0x0062,
    0x179C, 0x005E,
    0x179E, 0x0064,
    0x17A0, 0x0068,
    0x17A2, 0x006A,
    0x17A4, 0x0000,
    0x17A6, 0x0000,
    0x17A8, 0xFFFE,
    0x17AA, 0x2001,
    0x17AC, 0xFFFD,
    0x17AE, 0x351A,
    0x17B0, 0x0070,
    0x17B2, 0x0000,
    0x17B4, 0xFFFF,
    0x17B6, 0x001C,
    0x17B8, 0x2001,
    0x17BA, 0x351A,
    0x17BC, 0x0070,
    0x17BE, 0x0070,
    0x17C0, 0x0088,
    0x17C2, 0x0091,
    0x17C4, 0x0092,
    0x17C6, 0x0092,
    0x17C8, 0x0090,
    0x17CA, 0x0090,
    0x17CC, 0x008F,
    0x17CE, 0x0098,
    0x17D0, 0x009D,
    0x17D2, 0x009D,
    0x17D4, 0x009D,
    0x17D6, 0x009E,
    0x17D8, 0xFFFF,
    0x17DA, 0x001C,
    0x17DC, 0x2001,
    0x17DE, 0x353A,
    0x17E0, 0x0070,
    0x17E2, 0x0070,
    0x17E4, 0x0088,
    0x17E6, 0x0091,
    0x17E8, 0x0092,
    0x17EA, 0x0092,
    0x17EC, 0x0090,
    0x17EE, 0x0090,
    0x17F0, 0x008F,
    0x17F2, 0x0098,
    0x17F4, 0x009D,
    0x17F6, 0x009D,
    0x17F8, 0x009D,
    0x17FA, 0x009E,
    0x17FC, 0x0000,
    0x17FE, 0x0000,
    0x1800, 0xFFFE,
    0x1802, 0x2001,
    0x1804, 0xFFFD,
    0x1806, 0x3516,
    0x1808, 0x0070,
    0x180A, 0x0000,
    0x180C, 0xFFFF,
    0x180E, 0x003C,
    0x1810, 0x2001,
    0x1812, 0x3516,
    0x1814, 0x0074,
    0x1816, 0x007A,
    0x1818, 0x007A,
    0x181A, 0x007C,
    0x181C, 0x009A,
    0x181E, 0x009F,
    0x1820, 0x00A2,
    0x1822, 0x00A6,
    0x1824, 0x00A7,
    0x1826, 0x00A3,
    0x1828, 0x00A1,
    0x182A, 0x00AA,
    0x182C, 0x00AE,
    0x182E, 0x00B2,
    0x1830, 0x00A5,
    0x1832, 0x00A5,
    0x1834, 0x0074,
    0x1836, 0x007A,
    0x1838, 0x007A,
    0x183A, 0x007C,
    0x183C, 0x009A,
    0x183E, 0x009F,
    0x1840, 0x00A2,
    0x1842, 0x00A6,
    0x1844, 0x00A7,
    0x1846, 0x00A3,
    0x1848, 0x00A1,
    0x184A, 0x00AA,
    0x184C, 0x00AE,
    0x184E, 0x00B2,
    0x1850, 0x0000,
    0x1852, 0x0000,
    0x1854, 0xFFFE,
    0x1856, 0x2000,
    0x1858, 0xFFFD,
    0x185A, 0x4AAA,
    0x185C, 0x0006,
    0x185E, 0x4AC6,
    0x1860, 0x000E,
    0x1862, 0x4BF2,
    0x1864, 0x0060,
    0x1866, 0x4CBE,
    0x1868, 0x0002,
    0x186A, 0x5290,
    0x186C, 0x0015,
    0x186E, 0x65BC,
    0x1870, 0x81A9,
    0x1872, 0x9996,
    0x1874, 0xA6FD,
    0x1876, 0xA50C,
    0x1878, 0x0172,
    0x187A, 0xA516,
    0x187C, 0x0000,
    0x187E, 0xA51E,
    0x1880, 0x0546,
    0x1882, 0xA54A,
    0x1884, 0x0005,
    0x1886, 0xA558,
    0x1888, 0x0055,
    0x188A, 0xA55A,
    0x188C, 0x0001,
    0x188E, 0x0000,
    0x1890, 0xFFFE,
    0x1892, 0x2001,
    0x1894, 0xFFFD,
    0x1896, 0x0336,
    0x1898, 0x0006,
    0x189A, 0x033E,
    0x189C, 0x0006,
    0x189E, 0x3516,
    0x18A0, 0x008A,
    0x18A2, 0x3518,
    0x18A4, 0x008E,
    0x18A6, 0x351A,
    0x18A8, 0x0093,
    0x18AA, 0x3714,
    0x18AC, 0x000B,
    0x18AE, 0x0000,
    0x18B0, 0xFFFF,
    0x18B2, 0x001E,
    0x18B4, 0x2001,
    0x18B6, 0x351E,
    0x18B8, 0x0094,
    0x18BA, 0x0091,
    0x18BC, 0x0090,
    0x18BE, 0x008C,
    0x18C0, 0x008D,
    0x18C2, 0x008F,
    0x18C4, 0x008C,
    0x18C6, 0x0087,
    0x18C8, 0x0083,
    0x18CA, 0x0081,
    0x18CC, 0x0085,
    0x18CE, 0x0081,
    0x18D0, 0x008A,
    0x18D2, 0x008E,
    0x18D4, 0x0093,
    0x18D6, 0xFFFF,
    0x18D8, 0x0018,
    0x18DA, 0x2001,
    0x18DC, 0x353E,
    0x18DE, 0x0094,
    0x18E0, 0x0091,
    0x18E2, 0x0090,
    0x18E4, 0x008C,
    0x18E6, 0x008D,
    0x18E8, 0x008F,
    0x18EA, 0x008C,
    0x18EC, 0x0087,
    0x18EE, 0x0083,
    0x18F0, 0x0081,
    0x18F2, 0x0085,
    0x18F4, 0x0081,
    0x18F6, 0x0000,
    0x18F8, 0x0000,
    0x18FA, 0xFFFE,
    0x18FC, 0x2000,
    0x18FE, 0xFFFD,
    0x1900, 0xA4FE,
    0x1902, 0x0022,
    0x1904, 0xA50C,
    0x1906, 0x0003,
    0x1908, 0xA51E,
    0x190A, 0x0570,
    0x190C, 0x0000,
    0x190E, 0xFFFE,
    0x1910, 0x2001,
    0x1912, 0xFFFD,
    0x1914, 0x352A,
    0x1916, 0x008F,
    0x1918, 0x352C,
    0x191A, 0x008C,
    0x191C, 0x352E,
    0x191E, 0x0087,
    0x1920, 0x3530,
    0x1922, 0x0083,
    0x1924, 0x3532,
    0x1926, 0x0081,
    0x1928, 0x354A,
    0x192A, 0x008F,
    0x192C, 0x354C,
    0x192E, 0x008C,
    0x1930, 0x354E,
    0x1932, 0x0087,
    0x1934, 0x3550,
    0x1936, 0x0083,
    0x1938, 0x3552,
    0x193A, 0x0081,
    0x193C, 0x0000,
    0x193E, 0x0000,
    0x1940, 0x0000,
    0x1942, 0x0000,
    0xFCFC, 0x4000,
    0x0B30, 0x01FF,
    0xFCFC, 0x2002,
    0xDDD2, 0x0004,
    0xDDD4, 0x0004,
    0xDDEE, 0xFFFF,
    0xDDF0, 0x0001,
    0xDDF2, 0x0006,
    0xDDF4, 0x0401,
    0xDEE0, 0x0000,
    0xDEE2, 0x0000,
    0xDEE4, 0x0000,
    0xDEE6, 0x0000,
    0xDEE8, 0x0000,
    0xDEEA, 0x0000,
    0xDEEC, 0x0000,
    0xDEEE, 0x0000,
    0xDEF0, 0x0000,
    0xDEF2, 0x0000,
    0xDEF4, 0x0000,
    0xDEF6, 0x0000,
    0xDEF8, 0x0000,
    0xDEFA, 0x0000,
    0xDEFC, 0x0000,
    0xDEFE, 0x0000,
    0xDF00, 0x0000,
    0xDF02, 0x0000,
    0xDF04, 0x0000,
    0xDF06, 0x0000,
    0xDF08, 0x0000,
    0xDF0A, 0x0000,
    0xDF0C, 0x0000,
    0xDF0E, 0x0000,
    0xDF10, 0x0000,
    0xDF12, 0x0000,
    0xDF14, 0x0000,
    0xDF16, 0x0000,
    0xDF18, 0x0000,
    0xDF1A, 0x0000,
    0xDF1C, 0x0000,
    0xDF1E, 0x0000,
    0xDF20, 0x0000,
    0xDF22, 0x0000,
    0xDF24, 0x0000,
    0xDF26, 0x0000,
    0xDF28, 0x0000,
    0xDF2A, 0x0000,
    0xDF2C, 0x0000,
    0xDF2E, 0x0000,
    0xDF30, 0x0000,
    0xDF32, 0x0000,
    0xDF34, 0x0000,
    0xDF36, 0x0000,
    0xDF38, 0x0000,
    0xDF3A, 0x0000,
    0xDF3C, 0x0000,
    0xDF3E, 0x0000,
    0xE000, 0x0000,
    0xE002, 0x0000,
    0xE004, 0x0000,
    0xE006, 0x0000,
    0xE008, 0x0000,
    0xE00A, 0x0000,
    0xE00C, 0x0000,
    0xE00E, 0x0000,
    0xE010, 0x0000,
    0xE012, 0x0000,
    0xE014, 0x0000,
    0xE016, 0x0000,
    0xE018, 0x0000,
    0xE01A, 0x0000,
    0xE01C, 0x0000,
    0xE01E, 0x0000,
    0xE020, 0x0000,
    0xE022, 0x0000,
    0xE024, 0x0000,
    0xE026, 0x0000,
    0xE028, 0x0000,
    0xE02A, 0x0000,
    0xE02C, 0x0000,
    0xE02E, 0x0000,
    0xE030, 0x0000,
    0xE032, 0x0000,
    0xE034, 0x0000,
    0xE036, 0x0000,
    0xE038, 0x0000,
    0xE03A, 0x0000,
    0xE03C, 0x0000,
    0xE03E, 0x0000,
    0xE040, 0x0000,
    0xE042, 0x0000,
    0xE044, 0x0000,
    0xE046, 0x0000,
    0xE048, 0x0000,
    0xE04A, 0x0000,
    0xE04C, 0x0000,
    0xE04E, 0x0000,
    0xE050, 0x0000,
    0xE052, 0x0000,
    0xE054, 0x0000,
    0xE056, 0x0000,
    0xE058, 0x0000,
    0xE05A, 0x0000,
    0xE05C, 0x0000,
    0xE05E, 0x0000,
    0xE062, 0xFFFF,
    0xE066, 0x0000,
    0xE068, 0x0FD7,
    0xE06A, 0x0000,
    0xE06C, 0x0000,
    0xE08C, 0x0000,
    0xFCFC, 0x2001,
    0x3B64, 0x0000,
    0x3B66, 0x9F95,
    0x3B68, 0x2002,
    0x3B6A, 0x16E5,
    0x3B6C, 0x0000,
    0x3B6E, 0x6879,
    0x3B70, 0x2002,
    0x3B72, 0x178B,
    0x3B74, 0x0002,
    0x3B76, 0x9013,
    0x3B78, 0x2002,
    0x3B7A, 0x17C1,
    0x3B7C, 0x0001,
    0x3B7E, 0xBC81,
    0x3B80, 0x2002,
    0x3B82, 0x17CD,
    0x3B84, 0x0002,
    0x3B86, 0x8541,
    0x3B88, 0x2002,
    0x3B8A, 0x1801,
    0x3B8C, 0x0000,
    0x3B8E, 0x4ED5,
    0x3B90, 0x2002,
    0x3B92, 0x1BC7,
    0x3B94, 0x0002,
    0x3B96, 0xFA39,
    0x3B98, 0x2002,
    0x3B9A, 0x1BF7,
    0x3B9C, 0x0002,
    0x3B9E, 0x9D59,
    0x3BA0, 0x2002,
    0x3BA2, 0x1CBB,
    0x3BA4, 0x0000,
    0x3BA6, 0xC351,
    0x3BA8, 0x2002,
    0x3BAA, 0x1D25,
    0x3BAC, 0x0001,
    0x3BAE, 0xC391,
    0x3BB0, 0x2002,
    0x3BB2, 0x1D5F,
    0x3BB4, 0x0001,
    0x3BB6, 0xD085,
    0x3BB8, 0x2002,
    0x3BBA, 0x1DC5,
    0x3BBC, 0x0001,
    0x3BBE, 0xD241,
    0x3BC0, 0x2002,
    0x3BC2, 0x1E07,
    0x3BC4, 0x0002,
    0x3BC6, 0xF7E9,
    0x3BC8, 0x2002,
    0x3BCA, 0x207D,
    0x3BCC, 0x0000,
    0x3BCE, 0xEF6D,
    0x3BD0, 0x2002,
    0x3BD2, 0x20DF,
    0x3BD4, 0x0000,
    0x3BD6, 0xDD17,
    0x3BD8, 0x2002,
    0x3BDA, 0x215F,
    0x3BDC, 0x0001,
    0x3BDE, 0x1C25,
    0x3BE0, 0x2002,
    0x3BE2, 0x21AF,
    0x3BE4, 0x0000,
    0x3BE6, 0xE41B,
    0x3BE8, 0x2002,
    0x3BEA, 0x22D9,
    0x3BEC, 0x0002,
    0x3BEE, 0xE59B,
    0x3BF0, 0x2002,
    0x3BF2, 0x25D5,
    0x3BF4, 0x0002,
    0x3BF6, 0xE5DF,
    0x3BF8, 0x2002,
    0x3BFA, 0x2625,
    0x3BFC, 0x0000,
    0x3BFE, 0x8B01,
    0x3C00, 0x2002,
    0x3C02, 0x252F,
    0x3C04, 0x0001,
    0x3C06, 0x267F,
    0x3C08, 0x2002,
    0x3C0A, 0x269F,
    0x3C0C, 0x0000,
    0x3C0E, 0x5D2F,
    0x3C10, 0x2002,
    0x3C12, 0x28B1,
    0x3C14, 0x0000,
    0x3C16, 0x5FFB,
    0x3C18, 0x2002,
    0x3C1A, 0x29C5,
    0x3C1C, 0x0003,
    0x3C1E, 0x203B,
    0x3C20, 0x2002,
    0x3C22, 0x2A61,
    0x3C24, 0x0001,
    0x3C26, 0xC4D7,
    0x3C28, 0x2002,
    0x3C2A, 0x3051,
    0x3C2C, 0x0001,
    0x3C2E, 0xD01B,
    0x3C30, 0x2002,
    0x3C32, 0x2AA3,
    0x3C34, 0x0002,
    0x3C36, 0x2A87,
    0x3C38, 0x2002,
    0x3C3A, 0x2AFD,
    0x3C3C, 0x0002,
    0x3C3E, 0xA7EF,
    0x3C40, 0x2002,
    0x3C42, 0x2B2F,
    0x3C44, 0x0000,
    0x3C46, 0xE5D1,
    0x3C48, 0x2002,
    0x3C4A, 0x2F71,
    0x3C4C, 0x0000,
    0x3C4E, 0x7563,
    0x3C50, 0x2002,
    0x3C52, 0x2FE7,
    0x3C54, 0x0000,
    0x3C56, 0x3271,
    0x3C58, 0x2002,
    0x3C5A, 0x3131,
    0x3C5C, 0x0002,
    0x3C5E, 0x0A2D,
    0x3C60, 0x2002,
    0x3C62, 0x352B,
    0x3C64, 0x0003,
    0x3C66, 0x1F91,
    0x3C68, 0x2002,
    0x3C6A, 0x3523,
    0xFCFC, 0x2002,
    0x16D0, 0x10B5,
    0x16D2, 0x01F0,
    0x16D4, 0x5FFF,
    0x16D6, 0x0028,
    0x16D8, 0x03D0,
    0x16DA, 0xBDE8,
    0x16DC, 0x1040,
    0x16DE, 0x02F0,
    0x16E0, 0x4FB9,
    0x16E2, 0x10BD,
    0x16E4, 0x2DE9,
    0x16E6, 0xFC41,
    0x16E8, 0x0546,
    0x16EA, 0x01F0,
    0x16EC, 0x58FF,
    0x16EE, 0xFE4E,
    0x16F0, 0x4FF0,
    0x16F2, 0x0004,
    0x16F4, 0x10B3,
    0x16F6, 0x0327,
    0x16F8, 0x2146,
    0x16FA, 0x2846,
    0x16FC, 0x01F0,
    0x16FE, 0x54FF,
    0x1700, 0x0346,
    0x1702, 0x04EB,
    0x1704, 0x4400,
    0x1706, 0x00EB,
    0x1708, 0xC400,
    0x170A, 0x05EB,
    0x170C, 0x4000,
    0x170E, 0x6946,
    0x1710, 0x30F8,
    0x1712, 0x062F,
    0x1714, 0x01F0,
    0x1716, 0x4DFF,
    0x1718, 0xA01C,
    0x171A, 0xB0FB,
    0x171C, 0xF7F1,
    0x171E, 0x07FB,
    0x1720, 0x1100,
    0x1722, 0x06EB,
    0x1724, 0x8000,
    0x1726, 0xD0F8,
    0x1728, 0xF810,
    0x172A, 0x6846,
    0x172C, 0x01F0,
    0x172E, 0x46FF,
    0x1730, 0x641C,
    0x1732, 0xE4B2,
    0x1734, 0x032C,
    0x1736, 0xDFD3,
    0x1738, 0xBDE8,
    0x173A, 0xFC81,
    0x173C, 0x2146,
    0x173E, 0x2846,
    0x1740, 0x01F0,
    0x1742, 0x32FF,
    0x1744, 0x0346,
    0x1746, 0x04EB,
    0x1748, 0x4400,
    0x174A, 0x00EB,
    0x174C, 0xC400,
    0x174E, 0x05EB,
    0x1750, 0x4000,
    0x1752, 0x6946,
    0x1754, 0x30F8,
    0x1756, 0x062F,
    0x1758, 0x01F0,
    0x175A, 0x2BFF,
    0x175C, 0x01F0,
    0x175E, 0x33FF,
    0x1760, 0x38B1,
    0x1762, 0xE248,
    0x1764, 0x2044,
    0x1766, 0x8078,
    0x1768, 0x0128,
    0x176A, 0x02D0,
    0x176C, 0x0120,
    0x176E, 0xADF8,
    0x1770, 0x0000,
    0x1772, 0x06EB,
    0x1774, 0x8400,
    0x1776, 0xD0F8,
    0x1778, 0xF810,
    0x177A, 0x6846,
    0x177C, 0x01F0,
    0x177E, 0x1EFF,
    0x1780, 0x641C,
    0x1782, 0xE4B2,
    0x1784, 0x032C,
    0x1786, 0xD9D3,
    0x1788, 0xD6E7,
    0x178A, 0x70B5,
    0x178C, 0x0646,
    0x178E, 0xD848,
    0x1790, 0x0022,
    0x1792, 0x8468,
    0x1794, 0x200C,
    0x1796, 0xA1B2,
    0x1798, 0x0546,
    0x179A, 0x01F0,
    0x179C, 0x19FF,
    0x179E, 0x3046,
    0x17A0, 0x01F0,
    0x17A2, 0x1BFF,
    0x17A4, 0xA1B2,
    0x17A6, 0x0122,
    0x17A8, 0x2846,
    0x17AA, 0x01F0,
    0x17AC, 0x11FF,
    0x17AE, 0xD149,
    0x17B0, 0xD148,
    0x17B2, 0xCA78,
    0x17B4, 0x80F8,
    0x17B6, 0x172C,
    0x17B8, 0x0979,
    0x17BA, 0x80F8,
    0x17BC, 0x181C,
    0x17BE, 0x70BD,
    0x17C0, 0xCE4A,
    0x17C2, 0xA2F8,
    0x17C4, 0x3801,
    0x17C6, 0xA2F8,
    0x17C8, 0x3A11,
    0x17CA, 0x7047,
    0x17CC, 0x2DE9,
    0x17CE, 0xF041,
    0x17D0, 0x0646,
    0x17D2, 0xC748,
    0x17D4, 0x0D46,
    0x17D6, 0x0022,
    0x17D8, 0x0469,
    0x17DA, 0x200C,
    0x17DC, 0xA1B2,
    0x17DE, 0x0746,
    0x17E0, 0x01F0,
    0x17E2, 0xF6FE,
    0x17E4, 0x2946,
    0x17E6, 0x3046,
    0x17E8, 0x01F0,
    0x17EA, 0xFCFE,
    0x17EC, 0xA1B2,
    0x17EE, 0x0122,
    0x17F0, 0x3846,
    0x17F2, 0x01F0,
    0x17F4, 0xEDFE,
    0x17F6, 0xC249,
    0x17F8, 0x0020,
    0x17FA, 0x0880,
    0x17FC, 0xBDE8,
    0x17FE, 0xF081,
    0x1800, 0x2DE9,
    0x1802, 0xF047,
    0x1804, 0x0546,
    0x1806, 0xBA48,
    0x1808, 0x1646,
    0x180A, 0x8846,
    0x180C, 0x4469,
    0x180E, 0x9946,
    0x1810, 0x200C,
    0x1812, 0xA1B2,
    0x1814, 0x0746,
    0x1816, 0x0022,
    0x1818, 0x01F0,
    0x181A, 0xDAFE,
    0x181C, 0x4B46,
    0x181E, 0x3246,
    0x1820, 0x4146,
    0x1822, 0x2846,
    0x1824, 0x01F0,
    0x1826, 0xE3FE,
    0x1828, 0xA1B2,
    0x182A, 0x0122,
    0x182C, 0x3846,
    0x182E, 0x01F0,
    0x1830, 0xCFFE,
    0x1832, 0x0024,
    0x1834, 0x5FEA,
    0x1836, 0xC870,
    0x1838, 0x3CD0,
    0x183A, 0xB6F9,
    0x183C, 0x0200,
    0x183E, 0x0028,
    0x1840, 0x08DD,
    0x1842, 0x01F0,
    0x1844, 0xD9FE,
    0x1846, 0xB6F9,
    0x1848, 0x0240,
    0x184A, 0x8440,
    0x184C, 0x01F0,
    0x184E, 0xD9FE,
    0x1850, 0x0441,
    0x1852, 0x0AE0,
    0x1854, 0x09DA,
    0x1856, 0x01F0,
    0x1858, 0xCFFE,
    0x185A, 0xB6F9,
    0x185C, 0x0210,
    0x185E, 0x4C42,
    0x1860, 0x8440,
    0x1862, 0x01F0,
    0x1864, 0xCEFE,
    0x1866, 0x0441,
    0x1868, 0x6442,
    0x186A, 0xB9F1,
    0x186C, 0x000F,
    0x186E, 0x21D1,
    0x1870, 0x01F0,
    0x1872, 0xCCFE,
    0x1874, 0x0646,
    0x1876, 0x0120,
    0x1878, 0x01F0,
    0x187A, 0xCDFE,
    0x187C, 0xA149,
    0x187E, 0xB1F8,
    0x1880, 0x1A13,
    0x1882, 0x4718,
    0x1884, 0x01F0,
    0x1886, 0xCCFE,
    0x1888, 0x07FB,
    0x188A, 0x0066,
    0x188C, 0x01F0,
    0x188E, 0xB4FE,
    0x1890, 0x8640,
    0x1892, 0x01F0,
    0x1894, 0xB6FE,
    0x1896, 0xC640,
    0x1898, 0x9B48,
    0x189A, 0xB0F9,
    0x189C, 0x6C00,
    0x189E, 0x3044,
    0x18A0, 0x0119,
    0x18A2, 0x0329,
    0x18A4, 0x00DA,
    0x18A6, 0x0321,
    0x18A8, 0x2868,
    0x18AA, 0x8842,
    0x18AC, 0x01D8,
    0x18AE, 0x4FF0,
    0x18B0, 0xFF31,
    0x18B2, 0x6960,
    0x18B4, 0xBDE8,
    0x18B6, 0xF087,
    0x18B8, 0x2DE9,
    0x18BA, 0xF047,
    0x18BC, 0x914F,
    0x18BE, 0x0546,
    0x18C0, 0x0024,
    0x18C2, 0xB7F8,
    0x18C4, 0x080B,
    0x18C6, 0x0128,
    0x18C8, 0x01D1,
    0x18CA, 0x87F8,
    0x18CC, 0xC00A,
    0x18CE, 0x8F4E,
    0x18D0, 0xE807,
    0x18D2, 0x07D0,
    0x18D4, 0xF08D,
    0x18D6, 0x0124,
    0x18D8, 0x401C,
    0x18DA, 0xF085,
    0x18DC, 0x01F0,
    0x18DE, 0xA5FE,
    0x18E0, 0xA7F8,
    0x18E2, 0x9C04,
    0x18E4, 0x6804,
    0x18E6, 0x08D5,
    0x18E8, 0xB6F8,
    0x18EA, 0xA400,
    0x18EC, 0x401C,
    0x18EE, 0xA6F8,
    0x18F0, 0xA400,
    0x18F2, 0x01F0,
    0x18F4, 0x9AFE,
    0x18F6, 0xA7F8,
    0x18F8, 0xA004,
    0x18FA, 0x2804,
    0x18FC, 0x0AD5,
    0x18FE, 0xB6F8,
    0x1900, 0x9A00,
    0x1902, 0x44F4,
    0x1904, 0x0044,
    0x1906, 0x401C,
    0x1908, 0xA6F8,
    0x190A, 0x9A00,
    0x190C, 0x01F0,
    0x190E, 0x8DFE,
    0x1910, 0xA7F8,
    0x1912, 0x9E04,
    0x1914, 0xA807,
    0x1916, 0x1BD5,
    0x1918, 0xB6F8,
    0x191A, 0x8600,
    0x191C, 0x44F0,
    0x191E, 0x0204,
    0x1920, 0x401C,
    0x1922, 0xA6F8,
    0x1924, 0x8600,
    0x1926, 0xB7F8,
    0x1928, 0xFE0A,
    0x192A, 0x40F0,
    0x192C, 0x0200,
    0x192E, 0xA7F8,
    0x1930, 0xFE0A,
    0x1932, 0x01F0,
    0x1934, 0x7AFE,
    0x1936, 0xA7F8,
    0x1938, 0xA204,
    0x193A, 0x01F0,
    0x193C, 0x44FE,
    0x193E, 0x38B1,
    0x1940, 0x01F0,
    0x1942, 0x78FE,
    0x1944, 0x20B1,
    0x1946, 0x724A,
    0x1948, 0x3821,
    0x194A, 0x3D20,
    0x194C, 0x01F0,
    0x194E, 0x77FE,
    0x1950, 0x6807,
    0x1952, 0x1CD5,
    0x1954, 0xB6F8,
    0x1956, 0x8800,
    0x1958, 0x44F0,
    0x195A, 0x0404,
    0x195C, 0x401C,
    0x195E, 0xA6F8,
    0x1960, 0x8800,
    0x1962, 0xB7F8,
    0x1964, 0xFE0A,
    0x1966, 0x40F0,
    0x1968, 0x0400,
    0x196A, 0xA7F8,
    0x196C, 0xFE0A,
    0x196E, 0x01F0,
    0x1970, 0x5CFE,
    0x1972, 0xA7F8,
    0x1974, 0xA404,
    0x1976, 0x01F0,
    0x1978, 0x26FE,
    0x197A, 0x40B1,
    0x197C, 0x01F0,
    0x197E, 0x5AFE,
    0x1980, 0x28B1,
    0x1982, 0x634A,
    0x1984, 0x3921,
    0x1986, 0x921C,
    0x1988, 0x3E20,
    0x198A, 0x01F0,
    0x198C, 0x58FE,
    0x198E, 0x2807,
    0x1990, 0x1CD5,
    0x1992, 0xB6F8,
    0x1994, 0x8A00,
    0x1996, 0x44F0,
    0x1998, 0x0804,
    0x199A, 0x401C,
    0x199C, 0xA6F8,
    0x199E, 0x8A00,
    0x19A0, 0xB7F8,
    0x19A2, 0xFE0A,
    0x19A4, 0x40F0,
    0x19A6, 0x0800,
    0x19A8, 0xA7F8,
    0x19AA, 0xFE0A,
    0x19AC, 0x01F0,
    0x19AE, 0x3DFE,
    0x19B0, 0xA7F8,
    0x19B2, 0xA604,
    0x19B4, 0x01F0,
    0x19B6, 0x07FE,
    0x19B8, 0x40B1,
    0x19BA, 0x01F0,
    0x19BC, 0x3BFE,
    0x19BE, 0x28B1,
    0x19C0, 0x534A,
    0x19C2, 0x3F21,
    0x19C4, 0x121D,
    0x19C6, 0x0846,
    0x19C8, 0x01F0,
    0x19CA, 0x39FE,
    0x19CC, 0x01F0,
    0x19CE, 0xFBFD,
    0x19D0, 0x08B1,
    0x19D2, 0x0820,
    0x19D4, 0x00E0,
    0x19D6, 0x0E20,
    0x19D8, 0xB7F8,
    0x19DA, 0xFE1A,
    0x19DC, 0xDFF8,
    0x19DE, 0x3491,
    0x19E0, 0x8843,
    0x19E2, 0x27D1,
    0x19E4, 0x01F0,
    0x19E6, 0x21FE,
    0x19E8, 0x80B2,
    0x19EA, 0xA7F8,
    0x19EC, 0xBE04,
    0x19EE, 0x318E,
    0x19F0, 0x491C,
    0x19F2, 0x3186,
    0x19F4, 0x0021,
    0x19F6, 0xA7F8,
    0x19F8, 0xFE1A,
    0x19FA, 0x99F8,
    0x19FC, 0xDF20,
    0x19FE, 0xFF2A,
    0x1A00, 0x18D0,
    0x1A02, 0xE107,
    0x1A04, 0x03D1,
    0x1A06, 0x97F8,
    0x1A08, 0xFD1A,
    0x1A0A, 0xC907,
    0x1A0C, 0x12D1,
    0x1A0E, 0xB7F8,
    0x1A10, 0x9C14,
    0x1A12, 0x411A,
    0x1A14, 0xB7F8,
    0x1A16, 0x5A04,
    0x1A18, 0x431E,
    0x1A1A, 0x9942,
    0x1A1C, 0x02DB,
    0x1A1E, 0x091A,
    0x1A20, 0x491C,
    0x1A22, 0x01E0,
    0x1A24, 0x411A,
    0x1A26, 0x491E,
    0x1A28, 0x8A42,
    0x1A2A, 0x03DA,
    0x1A2C, 0x40F6,
    0x1A2E, 0x4150,
    0x1A30, 0x01F0,
    0x1A32, 0x0AFE,
    0x1A34, 0xDFF8,
    0x1A36, 0xE080,
    0x1A38, 0xE906,
    0x1A3A, 0x1DD5,
    0x1A3C, 0xB08E,
    0x1A3E, 0x44F0,
    0x1A40, 0x1004,
    0x1A42, 0x401C,
    0x1A44, 0xB086,
    0x1A46, 0x01F0,
    0x1A48, 0xF0FD,
    0x1A4A, 0xA7F8,
    0x1A4C, 0xAC04,
    0x1A4E, 0x01F0,
    0x1A50, 0xBAFD,
    0x1A52, 0x60B1,
    0x1A54, 0x01F0,
    0x1A56, 0xFDFD,
    0x1A58, 0x8246,
    0x1A5A, 0x0020,
    0x1A5C, 0x01F0,
    0x1A5E, 0xFEFD,
    0x1A60, 0x8245,
    0x1A62, 0x01DB,
    0x1A64, 0x0120,
    0x1A66, 0x00E0,
    0x1A68, 0x0020,
    0x1A6A, 0x88F8,
    0x1A6C, 0xF800,
    0x1A6E, 0x01F0,
    0x1A70, 0xFAFD,
    0x1A72, 0x08B1,
    0x1A74, 0x44F4,
    0x1A76, 0x1074,
    0x1A78, 0xA805,
    0x1A7A, 0x0AD5,
    0x1A7C, 0xB6F8,
    0x1A7E, 0x4000,
    0x1A80, 0x44F4,
    0x1A82, 0x0074,
    0x1A84, 0x401C,
    0x1A86, 0xA6F8,
    0x1A88, 0x4000,
    0x1A8A, 0x01F0,
    0x1A8C, 0xCEFD,
    0x1A8E, 0xA7F8,
    0x1A90, 0xAA04,
    0x1A92, 0x6806,
    0x1A94, 0x06D5,
    0x1A96, 0xB6F8,
    0x1A98, 0x4400,
    0x1A9A, 0x44F0,
    0x1A9C, 0x4004,
    0x1A9E, 0x401C,
    0x1AA0, 0xA6F8,
    0x1AA2, 0x4400,
    0x1AA4, 0x2806,
    0x1AA6, 0x08D5,
    0x1AA8, 0xB6F8,
    0x1AAA, 0xA200,
    0x1AAC, 0x401C,
    0x1AAE, 0xA6F8,
    0x1AB0, 0xA200,
    0x1AB2, 0x01F0,
    0x1AB4, 0xBAFD,
    0x1AB6, 0xA7F8,
    0x1AB8, 0xBA04,
    0x1ABA, 0xA806,
    0x1ABC, 0x3DD5,
    0x1ABE, 0xB6F8,
    0x1AC0, 0xAC00,
    0x1AC2, 0x401C,
    0x1AC4, 0xA6F8,
    0x1AC6, 0xAC00,
    0x1AC8, 0x01F0,
    0x1ACA, 0xAFFD,
    0x1ACC, 0xA7F8,
    0x1ACE, 0xB604,
    0x1AD0, 0x98F8,
    0x1AD2, 0xF800,
    0x1AD4, 0x88B3,
    0x1AD6, 0x01F0,
    0x1AD8, 0x76FD,
    0x1ADA, 0x70B3,
    0x1ADC, 0x0F48,
    0x1ADE, 0x0088,
    0x1AE0, 0x01F0,
    0x1AE2, 0xC6FD,
    0x1AE4, 0x0022,
    0x1AE6, 0x1BE0,
    0x1AE8, 0x2001,
    0x1AEA, 0x5080,
    0x1AEC, 0x2000,
    0x1AEE, 0xB250,
    0x1AF0, 0x2001,
    0x1AF2, 0x8610,
    0x1AF4, 0x2001,
    0x1AF6, 0x25D0,
    0x1AF8, 0x2001,
    0x1AFA, 0xEB00,
    0x1AFC, 0x4000,
    0x1AFE, 0x8000,
    0x1B00, 0x4000,
    0x1B02, 0x8D94,
    0x1B04, 0x2001,
    0x1B06, 0x6F70,
    0x1B08, 0x2001,
    0x1B0A, 0x2EE0,
    0x1B0C, 0x2001,
    0x1B0E, 0x8070,
    0x1B10, 0x2001,
    0x1B12, 0x7A72,
    0x1B14, 0x2000,
    0x1B16, 0x0E70,
    0x1B18, 0x2001,
    0x1B1A, 0x7F70,
    0x1B1C, 0x2002,
    0x1B1E, 0xDDD0,
    0x1B20, 0x4FF4,
    0x1B22, 0x8055,
    0x1B24, 0x48F6,
    0x1B26, 0x1A58,
    0x1B28, 0x2946,
    0x1B2A, 0x4046,
    0x1B2C, 0x01F0,
    0x1B2E, 0x50FD,
    0x1B30, 0x0122,
    0x1B32, 0x2946,
    0x1B34, 0x4046,
    0x1B36, 0x01F0,
    0x1B38, 0x4BFD,
    0x1B3A, 0xB7F8,
    0x1B3C, 0x080B,
    0x1B3E, 0x0128,
    0x1B40, 0x40D1,
    0x1B42, 0xB7F8,
    0x1B44, 0xFC0A,
    0x1B46, 0xA043,
    0x1B48, 0xA7F8,
    0x1B4A, 0xFC0A,
    0x1B4C, 0x30F0,
    0x1B4E, 0x5000,
    0x1B50, 0x38D1,
    0x1B52, 0xF748,
    0x1B54, 0x0022,
    0x1B56, 0xF749,
    0x1B58, 0x807E,
    0x1B5A, 0x01F0,
    0x1B5C, 0x8EFD,
    0x1B5E, 0xB7F8,
    0x1B60, 0xFC1A,
    0x1B62, 0x09B1,
    0x1B64, 0x0028,
    0x1B66, 0x2DD0,
    0x1B68, 0xF08E,
    0x1B6A, 0x401C,
    0x1B6C, 0xF086,
    0x1B6E, 0x01F0,
    0x1B70, 0x5CFD,
    0x1B72, 0xA7F8,
    0x1B74, 0xC004,
    0x1B76, 0x01F0,
    0x1B78, 0x85FD,
    0x1B7A, 0x80B9,
    0x1B7C, 0xB7F8,
    0x1B7E, 0xC014,
    0x1B80, 0xD7F8,
    0x1B82, 0xE80A,
    0x1B84, 0x8142,
    0x1B86, 0x01D3,
    0x1B88, 0x091A,
    0x1B8A, 0x00E0,
    0x1B8C, 0x411A,
    0x1B8E, 0x99F8,
    0x1B90, 0xDE00,
    0x1B92, 0x8842,
    0x1B94, 0x03DA,
    0x1B96, 0x4FF4,
    0x1B98, 0x5460,
    0x1B9A, 0x01F0,
    0x1B9C, 0x55FD,
    0x1B9E, 0x01F0,
    0x1BA0, 0x76FD,
    0x1BA2, 0x0220,
    0x1BA4, 0x87F8,
    0x1BA6, 0xC00A,
    0x1BA8, 0x01F0,
    0x1BAA, 0x3FFD,
    0x1BAC, 0xA7F8,
    0x1BAE, 0xC204,
    0x1BB0, 0x01F0,
    0x1BB2, 0x72FD,
    0x1BB4, 0x0028,
    0x1BB6, 0x05D0,
    0x1BB8, 0xB18D,
    0x1BBA, 0xBDE8,
    0x1BBC, 0xF047,
    0x1BBE, 0x1120,
    0x1BC0, 0x01F0,
    0x1BC2, 0x42BD,
    0x1BC4, 0x76E6,
    0x1BC6, 0xDC48,
    0x1BC8, 0x416E,
    0x1BCA, 0xC167,
    0x1BCC, 0x816E,
    0x1BCE, 0xC0F8,
    0x1BD0, 0x8010,
    0x1BD2, 0x016E,
    0x1BD4, 0x8167,
    0x1BD6, 0x016F,
    0x1BD8, 0xC0F8,
    0x1BDA, 0x8810,
    0x1BDC, 0x416F,
    0x1BDE, 0xC0F8,
    0x1BE0, 0x8C10,
    0x1BE2, 0xC16E,
    0x1BE4, 0xC0F8,
    0x1BE6, 0x8410,
    0x1BE8, 0xC16D,
    0x1BEA, 0x0029,
    0x1BEC, 0x02D1,
    0x1BEE, 0x40F8,
    0x1BF0, 0x801F,
    0x1BF2, 0xC160,
    0x1BF4, 0x7047,
    0x1BF6, 0x2DE9,
    0x1BF8, 0xF041,
    0x1BFA, 0x0646,
    0x1BFC, 0xCF48,
    0x1BFE, 0x0D46,
    0x1C00, 0x0022,
    0x1C02, 0xC469,
    0x1C04, 0x200C,
    0x1C06, 0xA1B2,
    0x1C08, 0x0746,
    0x1C0A, 0x01F0,
    0x1C0C, 0xE1FC,
    0x1C0E, 0x2946,
    0x1C10, 0x3046,
    0x1C12, 0x01F0,
    0x1C14, 0x46FD,
    0x1C16, 0xA1B2,
    0x1C18, 0x0122,
    0x1C1A, 0x3846,
    0x1C1C, 0x01F0,
    0x1C1E, 0xD8FC,
    0x1C20, 0xC849,
    0x1C22, 0xC74C,
    0x1C24, 0xC84A,
    0x1C26, 0xB1F8,
    0x1C28, 0x2618,
    0x1C2A, 0x94F8,
    0x1C2C, 0xC301,
    0x1C2E, 0xCB07,
    0x1C30, 0x4FEA,
    0x1C32, 0xC161,
    0x1C34, 0x06D0,
    0x1C36, 0x0029,
    0x1C38, 0x02EB,
    0x1C3A, 0x4000,
    0x1C3C, 0x09DA,
    0x1C3E, 0xB0F8,
    0x1C40, 0xAE00,
    0x1C42, 0x0BE0,
    0x1C44, 0x0029,
    0x1C46, 0x02EB,
    0x1C48, 0x4000,
    0x1C4A, 0x05DA,
    0x1C4C, 0xB0F8,
    0x1C4E, 0x9000,
    0x1C50, 0x04E0,
    0x1C52, 0xB0F8,
    0x1C54, 0x7200,
    0x1C56, 0x01E0,
    0x1C58, 0xB0F8,
    0x1C5A, 0x5400,
    0x1C5C, 0xA4F8,
    0x1C5E, 0xAA01,
    0x1C60, 0x01F0,
    0x1C62, 0x24FD,
    0x1C64, 0xC0B2,
    0x1C66, 0x84F8,
    0x1C68, 0xE600,
    0x1C6A, 0xB4F8,
    0x1C6C, 0xAA11,
    0x1C6E, 0x0844,
    0x1C70, 0xA4F8,
    0x1C72, 0xAA01,
    0x1C74, 0x01F0,
    0x1C76, 0xA7FC,
    0x1C78, 0x70B1,
    0x1C7A, 0x01F0,
    0x1C7C, 0x1CFD,
    0x1C7E, 0xB4F8,
    0x1C80, 0xAA11,
    0x1C82, 0x421E,
    0x1C84, 0x0A44,
    0x1C86, 0xB2FB,
    0x1C88, 0xF0F3,
    0x1C8A, 0x00FB,
    0x1C8C, 0x1322,
    0x1C8E, 0x0844,
    0x1C90, 0x801A,
    0x1C92, 0x401E,
    0x1C94, 0xA4F8,
    0x1C96, 0xAA01,
    0x1C98, 0x01F0,
    0x1C9A, 0xB3FC,
    0x1C9C, 0xB4F8,
    0x1C9E, 0xAA51,
    0x1CA0, 0x8540,
    0x1CA2, 0x01F0,
    0x1CA4, 0xA9FC,
    0x1CA6, 0x0544,
    0x1CA8, 0x01F0,
    0x1CAA, 0xA6FC,
    0x1CAC, 0x0541,
    0x1CAE, 0xA748,
    0x1CB0, 0xA4F8,
    0x1CB2, 0xAA51,
    0x1CB4, 0x0068,
    0x1CB6, 0xC580,
    0x1CB8, 0xA0E5,
    0x1CBA, 0x70B5,
    0x1CBC, 0x0446,
    0x1CBE, 0x0020,
    0x1CC0, 0x2118,
    0x1CC2, 0x91F8,
    0x1CC4, 0x3410,
    0x1CC6, 0x41B1,
    0x1CC8, 0x04EB,
    0x1CCA, 0x8002,
    0x1CCC, 0x0021,
    0x1CCE, 0x926B,
    0x1CD0, 0x1160,
    0x1CD2, 0x626C,
    0x1CD4, 0x42F8,
    0x1CD6, 0x2010,
    0x1CD8, 0x0FE0,
    0x1CDA, 0x04EB,
    0x1CDC, 0x8002,
    0x1CDE, 0xA578,
    0x1CE0, 0x936B,
    0x1CE2, 0x1968,
    0x1CE4, 0xB1FB,
    0x1CE6, 0xF5F6,
    0x1CE8, 0x05FB,
    0x1CEA, 0x1615,
    0x1CEC, 0x491B,
    0x1CEE, 0x1960,
    0x1CF0, 0x936B,
    0x1CF2, 0x2269,
    0x1CF4, 0x9142,
    0x1CF6, 0x00D2,
    0x1CF8, 0x1A60,
    0x1CFA, 0x401C,
    0x1CFC, 0x0328,
    0x1CFE, 0xDFD3,
    0x1D00, 0x934D,
    0x1D02, 0xA06B,
    0x1D04, 0xD5F8,
    0x1D06, 0xB412,
    0x1D08, 0x0068,
    0x1D0A, 0x01F0,
    0x1D0C, 0xD9FC,
    0x1D0E, 0xA16B,
    0x1D10, 0x0860,
    0x1D12, 0x206C,
    0x1D14, 0xD5F8,
    0x1D16, 0xB012,
    0x1D18, 0x0068,
    0x1D1A, 0x01F0,
    0x1D1C, 0xD1FC,
    0x1D1E, 0x216C,
    0x1D20, 0x0860,
    0x1D22, 0x70BD,
    0x1D24, 0x70B5,
    0x1D26, 0x0646,
    0x1D28, 0x8448,
    0x1D2A, 0x0022,
    0x1D2C, 0x446A,
    0x1D2E, 0x200C,
    0x1D30, 0xA1B2,
    0x1D32, 0x0546,
    0x1D34, 0x01F0,
    0x1D36, 0x4CFC,
    0x1D38, 0x3046,
    0x1D3A, 0x01F0,
    0x1D3C, 0xC6FC,
    0x1D3E, 0xA1B2,
    0x1D40, 0x0122,
    0x1D42, 0x2846,
    0x1D44, 0x01F0,
    0x1D46, 0x44FC,
    0x1D48, 0x8148,
    0x1D4A, 0x8249,
    0x1D4C, 0x007F,
    0x1D4E, 0x91F8,
    0x1D50, 0x2B10,
    0x1D52, 0x40EA,
    0x1D54, 0x4100,
    0x1D56, 0x8049,
    0x1D58, 0xC0B2,
    0x1D5A, 0x0880,
    0x1D5C, 0x70BD,
    0x1D5E, 0x2DE9,
    0x1D60, 0xF041,
    0x1D62, 0x7E4C,
    0x1D64, 0x0546,
    0x1D66, 0x1646,
    0x1D68, 0x94F8,
    0x1D6A, 0x2A04,
    0x1D6C, 0x8846,
    0x1D6E, 0x70B1,
    0x1D70, 0x7B4F,
    0x1D72, 0x01F0,
    0x1D74, 0xAFFC,
    0x1D76, 0x0028,
    0x1D78, 0xFBD1,
    0x1D7A, 0x97F8,
    0x1D7C, 0x9D01,
    0x1D7E, 0x0028,
    0x1D80, 0xF7D1,
    0x1D82, 0x2988,
    0x1D84, 0x94F8,
    0x1D86, 0x6801,
    0x1D88, 0x3246,
    0x1D8A, 0x01F0,
    0x1D8C, 0xA8FC,
    0x1D8E, 0x6B48,
    0x1D90, 0x0022,
    0x1D92, 0x846A,
    0x1D94, 0x200C,
    0x1D96, 0xA1B2,
    0x1D98, 0x0746,
    0x1D9A, 0x01F0,
    0x1D9C, 0x19FC,
    0x1D9E, 0x3246,
    0x1DA0, 0x4146,
    0x1DA2, 0x2846,
    0x1DA4, 0x01F0,
    0x1DA6, 0xA0FC,
    0x1DA8, 0xA1B2,
    0x1DAA, 0x0122,
    0x1DAC, 0x3846,
    0x1DAE, 0x01F0,
    0x1DB0, 0x0FFC,
    0x1DB2, 0x6748,
    0x1DB4, 0xC08B,
    0x1DB6, 0xA0F5,
    0x1DB8, 0x7F41,
    0x1DBA, 0xFF39,
    0x1DBC, 0x01D0,
    0x1DBE, 0x6949,
    0x1DC0, 0x0880,
    0x1DC2, 0x1BE5,
    0x1DC4, 0x70B5,
    0x1DC6, 0x0646,
    0x1DC8, 0x5C48,
    0x1DCA, 0x0022,
    0x1DCC, 0xC46A,
    0x1DCE, 0x200C,
    0x1DD0, 0xA1B2,
    0x1DD2, 0x0546,
    0x1DD4, 0x01F0,
    0x1DD6, 0xFCFB,
    0x1DD8, 0x3046,
    0x1DDA, 0x01F0,
    0x1DDC, 0x8AFC,
    0x1DDE, 0xA1B2,
    0x1DE0, 0x0122,
    0x1DE2, 0x2846,
    0x1DE4, 0x01F0,
    0x1DE6, 0xF4FB,
    0x1DE8, 0x5F48,
    0x1DEA, 0xB0F8,
    0x1DEC, 0x0801,
    0x1DEE, 0x5849,
    0x1DF0, 0x0022,
    0x1DF2, 0xA1F8,
    0x1DF4, 0xB802,
    0x1DF6, 0xBDE8,
    0x1DF8, 0x7040,
    0x1DFA, 0x4FF4,
    0x1DFC, 0x0051,
    0x1DFE, 0x48F2,
    0x1E00, 0x0810,
    0x1E02, 0x01F0,
    0x1E04, 0xE5BB,
    0x1E06, 0x70B5,
    0x1E08, 0x4C48,
    0x1E0A, 0x0022,
    0x1E0C, 0x046B,
    0x1E0E, 0x200C,
    0x1E10, 0xA1B2,
    0x1E12, 0x0546,
    0x1E14, 0x01F0,
    0x1E16, 0xDCFB,
    0x1E18, 0x01F0,
    0x1E1A, 0x70FC,
    0x1E1C, 0xA1B2,
    0x1E1E, 0x0122,
    0x1E20, 0x2846,
    0x1E22, 0x01F0,
    0x1E24, 0xD5FB,
    0x1E26, 0x4A48,
    0x1E28, 0x4F49,
    0x1E2A, 0xB0F8,
    0x1E2C, 0xB802,
    0x1E2E, 0xA1F8,
    0x1E30, 0x0801,
    0x1E32, 0x70BD,
    0x1E34, 0x2DE9,
    0x1E36, 0xF041,
    0x1E38, 0x8046,
    0x1E3A, 0x01F0,
    0x1E3C, 0x64FC,
    0x1E3E, 0x01F0,
    0x1E40, 0x67FC,
    0x1E42, 0x0021,
    0x1E44, 0x3E4D,
    0x1E46, 0x0828,
    0x1E48, 0x0CD2,
    0x1E4A, 0xDFE8,
    0x1E4C, 0x00F0,
    0x1E4E, 0x0B04,
    0x1E50, 0x0606,
    0x1E52, 0x080A,
    0x1E54, 0x0A10,
    0x1E56, 0x0121,
    0x1E58, 0x05E0,
    0x1E5A, 0x0321,
    0x1E5C, 0x02E0,
    0x1E5E, 0x0521,
    0x1E60, 0x01E0,
    0x1E62, 0x0621,
    0x1E64, 0x30B1,
    0x1E66, 0x95F8,
    0x1E68, 0xCC20,
    0x1E6A, 0x12B1,
    0x1E6C, 0x02E0,
    0x1E6E, 0x0821,
    0x1E70, 0xF9E7,
    0x1E72, 0x491C,
    0x1E74, 0x344A,
    0x1E76, 0x02EB,
    0x1E78, 0x4101,
    0x1E7A, 0x01F5,
    0x1E7C, 0xA041,
    0x1E7E, 0xB1F8,
    0x1E80, 0x924A,
    0x1E82, 0x68B9,
    0x1E84, 0x01F0,
    0x1E86, 0x49FC,
    0x1E88, 0x4FF4,
    0x1E8A, 0x7F41,
    0x1E8C, 0x08B1,
    0x1E8E, 0x0022,
    0x1E90, 0x01E0,
    0x1E92, 0x4FF4,
    0x1E94, 0x7062,
    0x1E96, 0x2046,
    0x1E98, 0x01F0,
    0x1E9A, 0x44FC,
    0x1E9C, 0x3349,
    0x1E9E, 0x0880,
    0x1EA0, 0x2B4C,
    0x1EA2, 0x334E,
    0x1EA4, 0xE088,
    0x1EA6, 0xB086,
    0x1EA8, 0x2089,
    0x1EAA, 0xF086,
    0x1EAC, 0x6089,
    0x1EAE, 0x3087,
    0x1EB0, 0xA089,
    0x1EB2, 0x7087,
    0x1EB4, 0xE089,
    0x1EB6, 0xB087,
    0x1EB8, 0x208A,
    0x1EBA, 0xF087,
    0x1EBC, 0x608A,
    0x1EBE, 0xA6F8,
    0x1EC0, 0x4000,
    0x1EC2, 0xA08A,
    0x1EC4, 0xA6F8,
    0x1EC6, 0x4200,
    0x1EC8, 0xE08A,
    0x1ECA, 0xA6F8,
    0x1ECC, 0x4400,
    0x1ECE, 0x208B,
    0x1ED0, 0xA6F8,
    0x1ED2, 0x4600,
    0x1ED4, 0x608B,
    0x1ED6, 0xA6F8,
    0x1ED8, 0x4800,
    0x1EDA, 0x01F0,
    0x1EDC, 0x92FB,
    0x1EDE, 0xB5F8,
    0x1EE0, 0xE810,
    0x1EE2, 0xC140,
    0x1EE4, 0x4AF2,
    0x1EE6, 0x3200,
    0x1EE8, 0x01F0,
    0x1EEA, 0x21FC,
    0x1EEC, 0x01F0,
    0x1EEE, 0x6BFB,
    0x1EF0, 0xE8B1,
    0x1EF2, 0x0021,
    0x1EF4, 0x0220,
    0x1EF6, 0x01F0,
    0x1EF8, 0x1FFC,
    0x1EFA, 0x184F,
    0x1EFC, 0xB7F8,
    0x1EFE, 0x5213,
    0x1F00, 0x081A,
    0x1F02, 0xA188,
    0x1F04, 0x451A,
    0x1F06, 0x01F0,
    0x1F08, 0x8BFB,
    0x1F0A, 0x4543,
    0x1F0C, 0x0021,
    0x1F0E, 0x0846,
    0x1F10, 0xC4F8,
    0x1F12, 0xB052,
    0x1F14, 0x01F0,
    0x1F16, 0x10FC,
    0x1F18, 0xB7F8,
    0x1F1A, 0x5213,
    0x1F1C, 0x081A,
    0x1F1E, 0x6188,
    0x1F20, 0x451A,
    0x1F22, 0x01F0,
    0x1F24, 0x7DFB,
    0x1F26, 0x4543,
    0x1F28, 0xC4F8,
    0x1F2A, 0xB452,
    0x1F2C, 0x28E0,
    0x1F2E, 0x21E0,
    0x1F30, 0x2000,
    0x1F32, 0x46F0,
    0x1F34, 0x2001,
    0x1F36, 0x82E0,
    0x1F38, 0x2001,
    0x1F3A, 0x5284,
    0x1F3C, 0x2001,
    0x1F3E, 0x8610,
    0x1F40, 0x2001,
    0x1F42, 0x8AC0,
    0x1F44, 0x2000,
    0x1F46, 0x8840,
    0x1F48, 0x2000,
    0x1F4A, 0x4840,
    0x1F4C, 0x2000,
    0x1F4E, 0x0DC0,
    0x1F50, 0x2002,
    0x1F52, 0xDDD0,
    0x1F54, 0x2001,
    0x1F56, 0x3B20,
    0x1F58, 0x4000,
    0x1F5A, 0x8BD0,
    0x1F5C, 0x2001,
    0x1F5E, 0x6F70,
    0x1F60, 0x2000,
    0x1F62, 0x0E70,
    0x1F64, 0x4000,
    0x1F66, 0x8EF8,
    0x1F68, 0x4000,
    0x1F6A, 0x8000,
    0x1F6C, 0x4000,
    0x1F6E, 0xFF08,
    0x1F70, 0x4000,
    0x1F72, 0xA000,
    0x1F74, 0x4FF0,
    0x1F76, 0xFF30,
    0x1F78, 0xC4F8,
    0x1F7A, 0xB002,
    0x1F7C, 0xC4F8,
    0x1F7E, 0xB402,
    0x1F80, 0x01F0,
    0x1F82, 0x21FB,
    0x1F84, 0x4FF4,
    0x1F86, 0x8071,
    0x1F88, 0x48F2,
    0x1F8A, 0x3203,
    0x1F8C, 0xFE4D,
    0x1F8E, 0x70B1,
    0x1F90, 0x0022,
    0x1F92, 0x1846,
    0x1F94, 0x01F0,
    0x1F96, 0x1CFB,
    0x1F98, 0x608C,
    0x1F9A, 0xA5F8,
    0x1F9C, 0x7400,
    0x1F9E, 0x208C,
    0x1FA0, 0xA5F8,
    0x1FA2, 0x8C00,
    0x1FA4, 0x01F0,
    0x1FA6, 0xCDFB,
    0x1FA8, 0xA5F8,
    0x1FAA, 0x4400,
    0x1FAC, 0x0BE0,
    0x1FAE, 0x0122,
    0x1FB0, 0x0F46,
    0x1FB2, 0x1846,
    0x1FB4, 0x01F0,
    0x1FB6, 0x0CFB,
    0x1FB8, 0x0020,
    0x1FBA, 0xA5F8,
    0x1FBC, 0x7400,
    0x1FBE, 0xA5F8,
    0x1FC0, 0x8C00,
    0x1FC2, 0xA5F8,
    0x1FC4, 0x4470,
    0x1FC6, 0xF149,
    0x1FC8, 0x34F8,
    0x1FCA, 0x280F,
    0x1FCC, 0x0880,
    0x1FCE, 0xEF49,
    0x1FD0, 0x6088,
    0x1FD2, 0x3E31,
    0x1FD4, 0x0880,
    0x1FD6, 0x891C,
    0x1FD8, 0xA088,
    0x1FDA, 0x0880,
    0x1FDC, 0x891C,
    0x1FDE, 0xE088,
    0x1FE0, 0x0880,
    0x1FE2, 0x091D,
    0x1FE4, 0x2089,
    0x1FE6, 0x0880,
    0x1FE8, 0xE849,
    0x1FEA, 0x6089,
    0x1FEC, 0x4E31,
    0x1FEE, 0x0880,
    0x1FF0, 0x891C,
    0x1FF2, 0xA089,
    0x1FF4, 0x0880,
    0x1FF6, 0xE549,
    0x1FF8, 0xE089,
    0x1FFA, 0x6C31,
    0x1FFC, 0x0880,
    0x1FFE, 0x891C,
    0x2000, 0x208A,
    0x2002, 0x0880,
    0x2004, 0xE149,
    0x2006, 0x608A,
    0x2008, 0x8031,
    0x200A, 0x0880,
    0x200C, 0x891C,
    0x200E, 0xA08A,
    0x2010, 0x0880,
    0x2012, 0xDE49,
    0x2014, 0xE08A,
    0x2016, 0x9231,
    0x2018, 0x0880,
    0x201A, 0xDC48,
    0x201C, 0x218B,
    0x201E, 0x9830,
    0x2020, 0x0180,
    0x2022, 0xDA49,
    0x2024, 0x608B,
    0x2026, 0x9A31,
    0x2028, 0x0880,
    0x202A, 0xD948,
    0x202C, 0xA18B,
    0x202E, 0x0180,
    0x2030, 0xD748,
    0x2032, 0xE18B,
    0x2034, 0x1630,
    0x2036, 0x0180,
    0x2038, 0xB8F1,
    0x203A, 0x000F,
    0x203C, 0x1DD0,
    0x203E, 0x01F0,
    0x2040, 0x85FB,
    0x2042, 0x01F0,
    0x2044, 0xC0FA,
    0x2046, 0x0028,
    0x2048, 0x17D1,
    0x204A, 0xD248,
    0x204C, 0xD249,
    0x204E, 0x90F8,
    0x2050, 0x2620,
    0x2052, 0xA1F8,
    0x2054, 0x9021,
    0x2056, 0x028D,
    0x2058, 0xA1F8,
    0x205A, 0x0822,
    0x205C, 0x10F8,
    0x205E, 0x521F,
    0x2060, 0xA6F8,
    0x2062, 0x0411,
    0x2064, 0xCD4A,
    0x2066, 0x418A,
    0x2068, 0xA2F8,
    0x206A, 0x0411,
    0x206C, 0xCC4A,
    0x206E, 0xC17F,
    0x2070, 0xA2F8,
    0x2072, 0x0411,
    0x2074, 0x408E,
    0x2076, 0xA5F8,
    0x2078, 0x0801,
    0x207A, 0x1DE6,
    0x207C, 0x70B5,
    0x207E, 0x0646,
    0x2080, 0xC848,
    0x2082, 0x90F8,
    0x2084, 0x0F0B,
    0x2086, 0x18B1,
    0x2088, 0x01F0,
    0x208A, 0x9DFA,
    0x208C, 0x0028,
    0x208E, 0x11D1,
    0x2090, 0xC548,
    0x2092, 0x0022,
    0x2094, 0x446B,
    0x2096, 0x200C,
    0x2098, 0xA1B2,
    0x209A, 0x0546,
    0x209C, 0x01F0,
    0x209E, 0x98FA,
    0x20A0, 0x3046,
    0x20A2, 0x01F0,
    0x20A4, 0x58FB,
    0x20A6, 0xA1B2,
    0x20A8, 0x2846,
    0x20AA, 0xBDE8,
    0x20AC, 0x7040,
    0x20AE, 0x0122,
    0x20B0, 0x01F0,
    0x20B2, 0x8EBA,
    0x20B4, 0x70BD,
    0x20B6, 0xBD4A,
    0x20B8, 0x10B5,
    0x20BA, 0xD2F8,
    0x20BC, 0xB030,
    0x20BE, 0x13B1,
    0x20C0, 0x0023,
    0x20C2, 0xC2F8,
    0x20C4, 0xB030,
    0x20C6, 0x01F0,
    0x20C8, 0x4BFB,
    0x20CA, 0xB949,
    0x20CC, 0xB94B,
    0x20CE, 0xCA88,
    0x20D0, 0x9A86,
    0x20D2, 0xAE4A,
    0x20D4, 0xB1F8,
    0x20D6, 0x4810,
    0x20D8, 0x3632,
    0x20DA, 0x1180,
    0x20DC, 0x10BD,
    0x20DE, 0x2DE9,
    0x20E0, 0xF041,
    0x20E2, 0x0546,
    0x20E4, 0xB048,
    0x20E6, 0x0E46,
    0x20E8, 0x0022,
    0x20EA, 0x846B,
    0x20EC, 0x200C,
    0x20EE, 0xA1B2,
    0x20F0, 0x0746,
    0x20F2, 0x01F0,
    0x20F4, 0x6DFA,
    0x20F6, 0x3146,
    0x20F8, 0x2846,
    0x20FA, 0x01F0,
    0x20FC, 0x36FB,
    0x20FE, 0xA1B2,
    0x2100, 0x0122,
    0x2102, 0x3846,
    0x2104, 0x01F0,
    0x2106, 0x64FA,
    0x2108, 0xA949,
    0x210A, 0x898C,
    0x210C, 0xA1F5,
    0x210E, 0x7F40,
    0x2110, 0xFF38,
    0x2112, 0x23D0,
    0x2114, 0x2869,
    0x2116, 0xCA43,
    0x2118, 0x00F1,
    0x211A, 0x0050,
    0x211C, 0x12F0,
    0x211E, 0xFF0F,
    0x2120, 0x0368,
    0x2122, 0x4468,
    0x2124, 0xC3F3,
    0x2126, 0x0C05,
    0x2128, 0xC4F3,
    0x212A, 0xCC16,
    0x212C, 0x01D0,
    0x212E, 0xCAB2,
    0x2130, 0x01E0,
    0x2132, 0xC3F3,
    0x2134, 0x4C32,
    0x2136, 0xFF27,
    0x2138, 0xB7EB,
    0x213A, 0x112F,
    0x213C, 0x01D0,
    0x213E, 0x090A,
    0x2140, 0x03E0,
    0x2142, 0x6106,
    0x2144, 0xC90C,
    0x2146, 0x41EA,
    0x2148, 0x9361,
    0x214A, 0x8B06,
    0x214C, 0x43EA,
    0x214E, 0x4232,
    0x2150, 0x2A43,
    0x2152, 0x8909,
    0x2154, 0x41EA,
    0x2156, 0xC611,
    0x2158, 0xC0E9,
    0x215A, 0x0021,
    0x215C, 0xACE5,
    0x215E, 0x70B5,
    0x2160, 0x9148,
    0x2162, 0x0022,
    0x2164, 0xC46B,
    0x2166, 0x200C,
    0x2168, 0xA1B2,
    0x216A, 0x0546,
    0x216C, 0x01F0,
    0x216E, 0x30FA,
    0x2170, 0x01F0,
    0x2172, 0x00FB,
    0x2174, 0xA1B2,
    0x2176, 0x0122,
    0x2178, 0x2846,
    0x217A, 0x01F0,
    0x217C, 0x29FA,
    0x217E, 0x01F0,
    0x2180, 0xFEFA,
    0x2182, 0x0028,
    0x2184, 0x12D0,
    0x2186, 0x8C48,
    0x2188, 0x8C4A,
    0x218A, 0xB0F8,
    0x218C, 0x7A1C,
    0x218E, 0xD089,
    0x2190, 0xC0F1,
    0x2192, 0x0103,
    0x2194, 0x4B43,
    0x2196, 0x03F5,
    0x2198, 0x8053,
    0x219A, 0x00EB,
    0x219C, 0x6333,
    0x219E, 0x4143,
    0x21A0, 0xC1F5,
    0x21A2, 0x8051,
    0x21A4, 0x1381,
    0x21A6, 0x00EB,
    0x21A8, 0x6130,
    0x21AA, 0x5081,
    0x21AC, 0x70BD,
    0x21AE, 0x2DE9,
    0x21B0, 0xF041,
    0x21B2, 0x0646,
    0x21B4, 0x7C48,
    0x21B6, 0x0C46,
    0x21B8, 0x0022,
    0x21BA, 0x056C,
    0x21BC, 0x280C,
    0x21BE, 0xA9B2,
    0x21C0, 0x0746,
    0x21C2, 0x01F0,
    0x21C4, 0x05FA,
    0x21C6, 0x2146,
    0x21C8, 0x3046,
    0x21CA, 0x01F0,
    0x21CC, 0xDDFA,
    0x21CE, 0xA9B2,
    0x21D0, 0x0122,
    0x21D2, 0x3846,
    0x21D4, 0x01F0,
    0x21D6, 0xFCF9,
    0x21D8, 0x7548,
    0x21DA, 0x794F,
    0x21DC, 0x90F8,
    0x21DE, 0x2600,
    0x21E0, 0xF0B3,
    0x21E2, 0x01F0,
    0x21E4, 0x4FFA,
    0x21E6, 0x0646,
    0x21E8, 0x0025,
    0x21EA, 0x01F0,
    0x21EC, 0x3CFA,
    0x21EE, 0x032E,
    0x21F0, 0x01D0,
    0x21F2, 0x042E,
    0x21F4, 0x07D1,
    0x21F6, 0x0428,
    0x21F8, 0x02D0,
    0x21FA, 0x0228,
    0x21FC, 0x02D0,
    0x21FE, 0x02E0,
    0x2200, 0x0125,
    0x2202, 0x00E0,
    0x2204, 0x0225,
    0x2206, 0x6F49,
    0x2208, 0xC5EB,
    0x220A, 0x0510,
    0x220C, 0x01EB,
    0x220E, 0x8000,
    0x2210, 0x00F5,
    0x2212, 0x8050,
    0x2214, 0xB7F9,
    0x2216, 0x5625,
    0x2218, 0xD0F8,
    0x221A, 0xE804,
    0x221C, 0x00EE,
    0x221E, 0x902A,
    0x2220, 0xC008,
    0x2222, 0x00EE,
    0x2224, 0x100A,
    0x2226, 0xF8EE,
    0x2228, 0xE00A,
    0x222A, 0xB7F9,
    0x222C, 0x5815,
    0x222E, 0xB8EE,
    0x2230, 0x400A,
    0x2232, 0xB7F9,
    0x2234, 0x5A05,
    0x2236, 0xB7F9,
    0x2238, 0x5C35,
    0x223A, 0x20EE,
    0x223C, 0x801A,
    0x223E, 0xDFED,
    0x2240, 0x620A,
    0x2242, 0x61EE,
    0x2244, 0x201A,
    0x2246, 0x9FED,
    0x2248, 0x611A,
    0x224A, 0x61EE,
    0x224C, 0x812A,
    0x224E, 0x01EE,
    0x2250, 0x901A,
    0x2252, 0xF8EE,
    0x2254, 0xE11A,
    0x2256, 0x61EE,
    0x2258, 0x801A,
    0x225A, 0x61EE,
    0x225C, 0xA01A,
    0x225E, 0x00E0,
    0x2260, 0x2AE0,
    0x2262, 0x21EE,
    0x2264, 0x812A,
    0x2266, 0x01EE,
    0x2268, 0x900A,
    0x226A, 0x03EE,
    0x226C, 0x103A,
    0x226E, 0xF8EE,
    0x2270, 0xE11A,
    0x2272, 0xB8EE,
    0x2274, 0xC33A,
    0x2276, 0x61EE,
    0x2278, 0x801A,
    0x227A, 0x23EE,
    0x227C, 0x000A,
    0x227E, 0x61EE,
    0x2280, 0xA01A,
    0x2282, 0x20EE,
    0x2284, 0x200A,
    0x2286, 0xFDEE,
    0x2288, 0xE20A,
    0x228A, 0x61EE,
    0x228C, 0x811A,
    0x228E, 0x10EE,
    0x2290, 0x900A,
    0x2292, 0xFDEE,
    0x2294, 0xC20A,
    0x2296, 0xE086,
    0x2298, 0x20EE,
    0x229A, 0x010A,
    0x229C, 0x10EE,
    0x229E, 0x900A,
    0x22A0, 0xFDEE,
    0x22A2, 0xE10A,
    0x22A4, 0x2087,
    0x22A6, 0xBDEE,
    0x22A8, 0xC00A,
    0x22AA, 0x10EE,
    0x22AC, 0x900A,
    0x22AE, 0x6087,
    0x22B0, 0x10EE,
    0x22B2, 0x100A,
    0x22B4, 0xA087,
    0x22B6, 0xFFE4,
    0x22B8, 0xB7F9,
    0x22BA, 0x5605,
    0x22BC, 0xC008,
    0x22BE, 0xE086,
    0x22C0, 0xB7F9,
    0x22C2, 0x5805,
    0x22C4, 0xC008,
    0x22C6, 0x2087,
    0x22C8, 0xB7F9,
    0x22CA, 0x5A05,
    0x22CC, 0xC008,
    0x22CE, 0x6087,
    0x22D0, 0xB7F9,
    0x22D2, 0x5C05,
    0x22D4, 0xC008,
    0x22D6, 0xEDE7,
    0x22D8, 0x2DE9,
    0x22DA, 0xF35F,
    0x22DC, 0x3248,
    0x22DE, 0x0E46,
    0x22E0, 0x0022,
    0x22E2, 0x446C,
    0x22E4, 0x200C,
    0x22E6, 0xA1B2,
    0x22E8, 0x0546,
    0x22EA, 0x01F0,
    0x22EC, 0x71F9,
    0x22EE, 0x3146,
    0x22F0, 0x0098,
    0x22F2, 0x01F0,
    0x22F4, 0x4EFA,
    0x22F6, 0xA1B2,
    0x22F8, 0x0122,
    0x22FA, 0x2846,
    0x22FC, 0x01F0,
    0x22FE, 0x68F9,
    0x2300, 0x2848,
    0x2302, 0x90F8,
    0x2304, 0x2B04,
    0x2306, 0x0028,
    0x2308, 0x68D1,
    0x230A, 0x0025,
    0x230C, 0x0126,
    0x230E, 0x2F46,
    0x2310, 0x2C46,
    0x2312, 0x01F0,
    0x2314, 0x58F9,
    0x2316, 0x0028,
    0x2318, 0x7ED0,
    0x231A, 0x01F0,
    0x231C, 0xA4F9,
    0x231E, 0x0228,
    0x2320, 0x03D0,
    0x2322, 0x01F0,
    0x2324, 0xA0F9,
    0x2326, 0x0128,
    0x2328, 0x76D1,
    0x232A, 0x2948,
    0x232C, 0x0026,
    0x232E, 0xB0F8,
    0x2330, 0xE840,
    0x2332, 0x01F0,
    0x2334, 0x98F9,
    0x2336, 0x164F,
    0x2338, 0xDFF8,
    0x233A, 0x54A0,
    0x233C, 0xDFF8,
    0x233E, 0x9480,
    0x2340, 0xDFF8,
    0x2342, 0x9490,
    0x2344, 0xBF1E,
    0x2346, 0x0AF1,
    0x2348, 0x0C0A,
    0x234A, 0x4FF6,
    0x234C, 0xFF7B,
    0x234E, 0x0228,
    0x2350, 0x04D0,
    0x2352, 0x01F0,
    0x2354, 0x88F9,
    0x2356, 0x0128,
    0x2358, 0x44D0,
    0x235A, 0x61E0,
    0x235C, 0xB8F8,
    0x235E, 0xFA30,
    0x2360, 0xB9F8,
    0x2362, 0x0822,
    0x2364, 0x3888,
    0x2366, 0x3988,
    0x2368, 0x00F0,
    0x236A, 0x1F00,
    0x236C, 0x1A44,
    0x236E, 0x1044,
    0x2370, 0xBAF8,
    0x2372, 0x0020,
    0x2374, 0xC1F3,
    0x2376, 0x4411,
    0x2378, 0x80B2,
    0x237A, 0x0AB1,
    0x237C, 0x0844,
    0x237E, 0x80B2,
    0x2380, 0x0321,
    0x2382, 0xB0FB,
    0x2384, 0xF1F1,
    0x2386, 0x2AE0,
    0x2388, 0x4000,
    0x238A, 0x8000,
    0x238C, 0x4000,
    0x238E, 0xFA32,
    0x2390, 0x4000,
    0x2392, 0xFC08,
    0x2394, 0x2000,
    0x2396, 0x0DD0,
    0x2398, 0x4000,
    0x239A, 0x6000,
    0x239C, 0x4001,
    0x239E, 0x0000,
    0x23A0, 0x4001,
    0x23A2, 0x2000,
    0x23A4, 0x2001,
    0x23A6, 0x6F70,
    0x23A8, 0x2001,
    0x23AA, 0x8610,
    0x23AC, 0x2001,
    0x23AE, 0x82E0,
    0x23B0, 0x2002,
    0x23B2, 0xDDD0,
    0x23B4, 0x4000,
    0x23B6, 0xA000,
    0x23B8, 0x2001,
    0x23BA, 0xEB00,
    0x23BC, 0x2001,
    0x23BE, 0x6AA0,
    0x23C0, 0x2001,
    0x23C2, 0x2670,
    0x23C4, 0x2001,
    0x23C6, 0x9B00,
    0x23C8, 0x3980,
    0x23CA, 0x0000,
    0x23CC, 0x4200,
    0x23CE, 0x0000,
    0x23D0, 0x2001,
    0x23D2, 0x8AC0,
    0x23D4, 0x4000,
    0x23D6, 0xF000,
    0x23D8, 0x4000,
    0x23DA, 0xC000,
    0x23DC, 0x3DE0,
    0x23DE, 0x0BEA,
    0x23E0, 0x4105,
    0x23E2, 0x1DE0,
    0x23E4, 0x4046,
    0x23E6, 0x30F8,
    0x23E8, 0xFA1F,
    0x23EA, 0x8088,
    0x23EC, 0x0A18,
    0x23EE, 0xB9F8,
    0x23F0, 0x0812,
    0x23F2, 0xB9F8,
    0x23F4, 0x0C02,
    0x23F6, 0x0844,
    0x23F8, 0x3988,
    0x23FA, 0x01F0,
    0x23FC, 0x1F03,
    0x23FE, 0x3988,
    0x2400, 0x1044,
    0x2402, 0xC1F3,
    0x2404, 0x4411,
    0x2406, 0x00EB,
    0x2408, 0x4300,
    0x240A, 0x0844,
    0x240C, 0xBAF8,
    0x240E, 0x0020,
    0x2410, 0x80B2,
    0x2412, 0x1AB1,
    0x2414, 0x0844,
    0x2416, 0x00E0,
    0x2418, 0x0EE0,
    0x241A, 0x80B2,
    0x241C, 0x20F0,
    0x241E, 0x0105,
    0x2420, 0x0098,
    0x2422, 0x406B,
    0x2424, 0x816B,
    0x2426, 0x4A1C,
    0x2428, 0x00D0,
    0x242A, 0x0C46,
    0x242C, 0xC18E,
    0x242E, 0x5945,
    0x2430, 0x00D0,
    0x2432, 0x0D46,
    0x2434, 0x90F8,
    0x2436, 0x2B70,
    0x2438, 0xFB48,
    0x243A, 0x20F8,
    0x243C, 0x3A4F,
    0x243E, 0x210C,
    0x2440, 0x0183,
    0x2442, 0x0586,
    0x2444, 0xA0F8,
    0x2446, 0x4870,
    0x2448, 0x02B0,
    0x244A, 0x3246,
    0x244C, 0xBDE8,
    0x244E, 0xF05F,
    0x2450, 0x0821,
    0x2452, 0x48F2,
    0x2454, 0x3200,
    0x2456, 0x01F0,
    0x2458, 0xBBB8,
    0x245A, 0xBDE8,
    0x245C, 0xFC9F,
    0x245E, 0x2DE9,
    0x2460, 0xF04F,
    0x2462, 0xDFF8,
    0x2464, 0xC8B3,
    0x2466, 0xF24C,
    0x2468, 0xC1EB,
    0x246A, 0x0112,
    0x246C, 0x9BF8,
    0x246E, 0x9032,
    0x2470, 0x04EB,
    0x2472, 0x8202,
    0x2474, 0x02F5,
    0x2476, 0x8052,
    0x2478, 0x012B,
    0x247A, 0x22D0,
    0x247C, 0xD2F8,
    0x247E, 0xE844,
    0x2480, 0xEC4A,
    0x2482, 0x01EB,
    0x2484, 0x410A,
    0x2486, 0x02EB,
    0x2488, 0x8A11,
    0x248A, 0x01F1,
    0x248C, 0x9609,
    0x248E, 0x0021,
    0x2490, 0x4FF4,
    0x2492, 0x8052,
    0x2494, 0x40F8,
    0x2496, 0x2120,
    0x2498, 0x491C,
    0x249A, 0xC9B2,
    0x249C, 0x0429,
    0x249E, 0xF9D3,
    0x24A0, 0xE549,
    0x24A2, 0x91F8,
    0x24A4, 0xA514,
    0x24A6, 0x0029,
    0x24A8, 0x3FD0,
    0x24AA, 0x0129,
    0x24AC, 0x0CD0,
    0x24AE, 0x4FF0,
    0x24B0, 0x0408,
    0x24B2, 0x0021,
    0x24B4, 0x4145,
    0x24B6, 0x0AD3,
    0x24B8, 0x00EB,
    0x24BA, 0x8102,
    0x24BC, 0x52F8,
    0x24BE, 0x042C,
    0x24C0, 0x28E0,
    0x24C2, 0xD2F8,
    0x24C4, 0xEC44,
    0x24C6, 0xDBE7,
    0x24C8, 0x4FF0,
    0x24CA, 0x0108,
    0x24CC, 0xF1E7,
    0x24CE, 0x01EB,
    0x24D0, 0x4103,
    0x24D2, 0x0BEB,
    0x24D4, 0x4A15,
    0x24D6, 0x0022,
    0x24D8, 0x09EB,
    0x24DA, 0x031C,
    0x24DC, 0x05EB,
    0x24DE, 0xC307,
    0x24E0, 0x07EB,
    0x24E2, 0x8206,
    0x24E4, 0x0CEB,
    0x24E6, 0xC205,
    0x24E8, 0x336D,
    0x24EA, 0xD6F8,
    0x24EC, 0x7061,
    0x24EE, 0xC3B1,
    0x24F0, 0xA342,
    0x24F2, 0x03D1,
    0x24F4, 0xAB88,
    0x24F6, 0x40F8,
    0x24F8, 0x2130,
    0x24FA, 0x0EE0,
    0x24FC, 0x0DDA,
    0x24FE, 0xB442,
    0x2500, 0x0BDC,
    0x2502, 0xAA88,
    0x2504, 0xED88,
    0x2506, 0xF61A,
    0x2508, 0xAD1A,
    0x250A, 0xE31A,
    0x250C, 0x6B43,
    0x250E, 0x93FB,
    0x2510, 0xF6F3,
    0x2512, 0x1A44,
    0x2514, 0x40F8,
    0x2516, 0x2120,
    0x2518, 0x03E0,
    0x251A, 0x521C,
    0x251C, 0xD2B2,
    0x251E, 0x062A,
    0x2520, 0xDED3,
    0x2522, 0x491C,
    0x2524, 0xC9B2,
    0x2526, 0x0429,
    0x2528, 0xC4D3,
    0x252A, 0xBDE8,
    0x252C, 0xF08F,
    0x252E, 0x2DE9,
    0x2530, 0xF041,
    0x2532, 0x8046,
    0x2534, 0x0E46,
    0x2536, 0x0020,
    0x2538, 0xBD4D,
    0x253A, 0x0146,
    0x253C, 0x2A18,
    0x253E, 0x02F5,
    0x2540, 0x8052,
    0x2542, 0x401C,
    0x2544, 0xC0B2,
    0x2546, 0x82F8,
    0x2548, 0xA614,
    0x254A, 0x0328,
    0x254C, 0xF6D3,
    0x254E, 0xBA4C,
    0x2550, 0x94F8,
    0x2552, 0xA504,
    0x2554, 0xE0B1,
    0x2556, 0x01F0,
    0x2558, 0x95F8,
    0x255A, 0x0127,
    0x255C, 0x28B1,
    0x255E, 0x0328,
    0x2560, 0x29D0,
    0x2562, 0x0428,
    0x2564, 0x1ED0,
    0x2566, 0x0528,
    0x2568, 0x31D0,
    0x256A, 0x84F8,
    0x256C, 0xA674,
    0x256E, 0x0024,
    0x2570, 0x2819,
    0x2572, 0x00F5,
    0x2574, 0x8050,
    0x2576, 0x90F8,
    0x2578, 0xA604,
    0x257A, 0x28B1,
    0x257C, 0x06EB,
    0x257E, 0x0410,
    0x2580, 0x2146,
    0x2582, 0x3030,
    0x2584, 0xFFF7,
    0x2586, 0x6BFF,
    0x2588, 0x641C,
    0x258A, 0xE4B2,
    0x258C, 0x032C,
    0x258E, 0xEFD3,
    0x2590, 0xAA48,
    0x2592, 0x3346,
    0x2594, 0x0022,
    0x2596, 0xD0F8,
    0x2598, 0xC410,
    0x259A, 0x4046,
    0x259C, 0xBDE8,
    0x259E, 0xF041,
    0x25A0, 0x01F0,
    0x25A2, 0xFCB8,
    0x25A4, 0x01F0,
    0x25A6, 0xFFF8,
    0x25A8, 0x0328,
    0x25AA, 0x01D3,
    0x25AC, 0x0120,
    0x25AE, 0x00E0,
    0x25B0, 0x0020,
    0x25B2, 0x84F8,
    0x25B4, 0xA804,
    0x25B6, 0x01F0,
    0x25B8, 0xF6F8,
    0x25BA, 0x0228,
    0x25BC, 0x01D3,
    0x25BE, 0x0120,
    0x25C0, 0x00E0,
    0x25C2, 0x0020,
    0x25C4, 0x84F8,
    0x25C6, 0xA604,
    0x25C8, 0x84F8,
    0x25CA, 0xA774,
    0x25CC, 0xCFE7,
    0x25CE, 0x84F8,
    0x25D0, 0xA674,
    0x25D2, 0xF9E7,
    0x25D4, 0x10B5,
    0x25D6, 0x01F0,
    0x25D8, 0xEBF8,
    0x25DA, 0x994C,
    0x25DC, 0x84F8,
    0x25DE, 0xEA0F,
    0x25E0, 0x01F0,
    0x25E2, 0xEBF8,
    0x25E4, 0x0028,
    0x25E6, 0x1CD1,
    0x25E8, 0x0120,
    0x25EA, 0x01F0,
    0x25EC, 0xEBF8,
    0x25EE, 0x01F0,
    0x25F0, 0xEEF8,
    0x25F2, 0xC4F8,
    0x25F4, 0x680C,
    0x25F6, 0x9348,
    0x25F8, 0xC18A,
    0x25FA, 0x0029,
    0x25FC, 0x11D0,
    0x25FE, 0x8B4A,
    0x2600, 0x417E,
    0x2602, 0x007E,
    0x2604, 0x92F8,
    0x2606, 0x4B20,
    0x2608, 0x0901,
    0x260A, 0x41EA,
    0x260C, 0x0221,
    0x260E, 0x0143,
    0x2610, 0x8AB2,
    0x2612, 0xBDE8,
    0x2614, 0x1040,
    0x2616, 0x40F6,
    0x2618, 0xFF71,
    0x261A, 0x4FF6,
    0x261C, 0x6C20,
    0x261E, 0x01F0,
    0x2620, 0xDBB8,
    0x2622, 0x10BD,
    0x2624, 0x70B5,
    0x2626, 0x874C,
    0x2628, 0x4FF4,
    0x262A, 0x7A76,
    0x262C, 0xE08A,
    0x262E, 0xC0B1,
    0x2630, 0x7E49,
    0x2632, 0xE07E,
    0x2634, 0x91F8,
    0x2636, 0x4D10,
    0x2638, 0x0001,
    0x263A, 0x40EA,
    0x263C, 0x0120,
    0x263E, 0xA17E,
    0x2640, 0x0843,
    0x2642, 0x82B2,
    0x2644, 0x40F6,
    0x2646, 0xFF71,
    0x2648, 0x4FF6,
    0x264A, 0x6C20,
    0x264C, 0x01F0,
    0x264E, 0xC4F8,
    0x2650, 0x0020,
    0x2652, 0x01F0,
    0x2654, 0xC6F8,
    0x2656, 0xA18B,
    0x2658, 0x4843,
    0x265A, 0xB0FB,
    0x265C, 0xF6F0,
    0x265E, 0x01F0,
    0x2660, 0xC5F8,
    0x2662, 0x207C,
    0x2664, 0x0028,
    0x2666, 0x19D0,
    0x2668, 0x754D,
    0x266A, 0xD5F8,
    0x266C, 0x680C,
    0x266E, 0x05F6,
    0x2670, 0x6845,
    0x2672, 0x01F0,
    0x2674, 0xC0F8,
    0x2676, 0xA860,
    0x2678, 0x648A,
    0x267A, 0x0220,
    0x267C, 0x01F0,
    0x267E, 0xB1F8,
    0x2680, 0xA4FB,
    0x2682, 0x0010,
    0x2684, 0x0022,
    0x2686, 0x3346,
    0x2688, 0x01F0,
    0x268A, 0xBAF8,
    0x268C, 0xA868,
    0x268E, 0x8842,
    0x2690, 0x04D2,
    0x2692, 0xBDE8,
    0x2694, 0x7040,
    0x2696, 0x081A,
    0x2698, 0x01F0,
    0x269A, 0xA8B8,
    0x269C, 0x70BD,
    0x269E, 0x2DE9,
    0x26A0, 0xF04F,
    0x26A2, 0x6948,
    0x26A4, 0xDFF8,
    0x26A6, 0xA491,
    0x26A8, 0x86B0,
    0x26AA, 0x818D,
    0x26AC, 0x028E,
    0x26AE, 0x4FEA,
    0x26B0, 0x410C,
    0x26B2, 0xC18D,
    0x26B4, 0x0746,
    0x26B6, 0x4E00,
    0x26B8, 0xB9F8,
    0x26BA, 0x1A10,
    0x26BC, 0x8B46,
    0x26BE, 0x01EB,
    0x26C0, 0x4202,
    0x26C2, 0xB9F8,
    0x26C4, 0x1C10,
    0x26C6, 0x0091,
    0x26C8, 0x438E,
    0x26CA, 0xBF8E,
    0x26CC, 0x01EB,
    0x26CE, 0x4301,
    0x26D0, 0x92FB,
    0x26D2, 0xFCF3,
    0x26D4, 0x91FB,
    0x26D6, 0xF6F2,
    0x26D8, 0x018C,
    0x26DA, 0x0C46,
    0x26DC, 0x891E,
    0x26DE, 0x93FB,
    0x26E0, 0xF1F5,
    0x26E2, 0x93FB,
    0x26E4, 0xF1F1,
    0x26E6, 0xED07,
    0x26E8, 0x53D0,
    0x26EA, 0x491C,
    0x26EC, 0x458C,
    0x26EE, 0xA81E,
    0x26F0, 0x92FB,
    0x26F2, 0xF0F8,
    0x26F4, 0x92FB,
    0x26F6, 0xF0F0,
    0x26F8, 0x5FEA,
    0x26FA, 0xC878,
    0x26FC, 0x4BD0,
    0x26FE, 0x401C,
    0x2700, 0x6D1E,
    0x2702, 0x641E,
    0x2704, 0x4543,
    0x2706, 0x4C43,
    0x2708, 0xAA1A,
    0x270A, 0xE31A,
    0x270C, 0x02EB,
    0x270E, 0xD272,
    0x2710, 0x03EB,
    0x2712, 0xD373,
    0x2714, 0x5210,
    0x2716, 0x4FEA,
    0x2718, 0x630A,
    0x271A, 0x0392,
    0x271C, 0x4A1E,
    0x271E, 0x4FF4,
    0x2720, 0x8043,
    0x2722, 0x93FB,
    0x2724, 0xF2F5,
    0x2726, 0x421E,
    0x2728, 0x93FB,
    0x272A, 0xF2F4,
    0x272C, 0xC1F1,
    0x272E, 0x0102,
    0x2730, 0x6A43,
    0x2732, 0x02F5,
    0x2734, 0x804E,
    0x2736, 0xC0F1,
    0x2738, 0x0102,
    0x273A, 0x6243,
    0x273C, 0x02F5,
    0x273E, 0x8042,
    0x2740, 0x0292,
    0x2742, 0x424B,
    0x2744, 0xAAB2,
    0x2746, 0x0592,
    0x2748, 0x5A86,
    0x274A, 0xA2B2,
    0x274C, 0x0492,
    0x274E, 0x9A86,
    0x2750, 0xA3F8,
    0x2752, 0x36E0,
    0x2754, 0x029A,
    0x2756, 0x1A87,
    0x2758, 0x344A,
    0x275A, 0x3B4F,
    0x275C, 0xB2F8,
    0x275E, 0x9222,
    0x2760, 0xB7F8,
    0x2762, 0x3680,
    0x2764, 0xA2F5,
    0x2766, 0x7F43,
    0x2768, 0x3F8F,
    0x276A, 0xA8F1,
    0x276C, 0x0109,
    0x276E, 0xFF3B,
    0x2770, 0x4B46,
    0x2772, 0x0BD0,
    0x2774, 0x1A44,
    0x2776, 0x0192,
    0x2778, 0x2C4A,
    0x277A, 0xA7F1,
    0x277C, 0x0109,
    0x277E, 0xB2F8,
    0x2780, 0x9422,
    0x2782, 0xA2F5,
    0x2784, 0x7F43,
    0x2786, 0xFF3B,
    0x2788, 0x07D0,
    0x278A, 0x07E0,
    0x278C, 0x0BEB,
    0x278E, 0x0302,
    0x2790, 0xF1E7,
    0x2792, 0x3944,
    0x2794, 0xAAE7,
    0x2796, 0x3844,
    0x2798, 0xB2E7,
    0x279A, 0x009A,
    0x279C, 0x4A44,
    0x279E, 0xDFF8,
    0x27A0, 0xAC90,
    0x27A2, 0x0092,
    0x27A4, 0x99F8,
    0x27A6, 0x2620,
    0x27A8, 0x5FEA,
    0x27AA, 0x020B,
    0x27AC, 0x04D0,
    0x27AE, 0x019A,
    0x27B0, 0x521C,
    0x27B2, 0xB2FB,
    0x27B4, 0xFCF3,
    0x27B6, 0x01E0,
    0x27B8, 0xB8FB,
    0x27BA, 0xFCF3,
    0x27BC, 0x99F8,
    0x27BE, 0x2720,
    0x27C0, 0x5344,
    0x27C2, 0x5FEA,
    0x27C4, 0x020A,
    0x27C6, 0x04D0,
    0x27C8, 0x009A,
    0x27CA, 0x521C,
    0x27CC, 0xB2FB,
    0x27CE, 0xF6F6,
    0x27D0, 0x01E0,
    0x27D2, 0xB7FB,
    0x27D4, 0xF6F6,
    0x27D6, 0x039A,
    0x27D8, 0xBBF1,
    0x27DA, 0x000F,
    0x27DC, 0x3244,
    0x27DE, 0x08D0,
    0x27E0, 0x93FB,
    0x27E2, 0xF1F6,
    0x27E4, 0x01FB,
    0x27E6, 0x1636,
    0x27E8, 0x1EB1,
    0x27EA, 0x93FB,
    0x27EC, 0xF1F6,
    0x27EE, 0x761C,
    0x27F0, 0x01E0,
    0x27F2, 0x93FB,
    0x27F4, 0xF1F6,
    0x27F6, 0xBAF1,
    0x27F8, 0x000F,
    0x27FA, 0x0BD0,
    0x27FC, 0x92FB,
    0x27FE, 0xF0FC,
    0x2800, 0x00FB,
    0x2802, 0x1C2C,
    0x2804, 0xBCF1,
    0x2806, 0x000F,
    0x2808, 0x04D0,
    0x280A, 0x92FB,
    0x280C, 0xF0FC,
    0x280E, 0x0CF1,
    0x2810, 0x010C,
    0x2812, 0x01E0,
    0x2814, 0x92FB,
    0x2816, 0xF0FC,
    0x2818, 0xE146,
    0x281A, 0xBBF1,
    0x281C, 0x000F,
    0x281E, 0x17D0,
    0x2820, 0x7143,
    0x2822, 0xCB1A,
    0x2824, 0x16E0,
    0x2826, 0x0000,
    0x2828, 0x4000,
    0x282A, 0x8000,
    0x282C, 0x2002,
    0x282E, 0xDDD0,
    0x2830, 0x2001,
    0x2832, 0x9B00,
    0x2834, 0x2000,
    0x2836, 0xFED0,
    0x2838, 0x2001,
    0x283A, 0xAB00,
    0x283C, 0x2001,
    0x283E, 0x5080,
    0x2840, 0x2001,
    0x2842, 0x8AC0,
    0x2844, 0x2000,
    0x2846, 0x4840,
    0x2848, 0x2001,
    0x284A, 0x10F0,
    0x284C, 0x2001,
    0x284E, 0xF930,
    0x2850, 0x06FB,
    0x2852, 0x1133,
    0x2854, 0xFE49,
    0x2856, 0xBAF1,
    0x2858, 0x000F,
    0x285A, 0x04D0,
    0x285C, 0x09FB,
    0x285E, 0x00FC,
    0x2860, 0xACEB,
    0x2862, 0x0200,
    0x2864, 0x01E0,
    0x2866, 0x09FB,
    0x2868, 0x1020,
    0x286A, 0xBBF1,
    0x286C, 0x000F,
    0x286E, 0x01D0,
    0x2870, 0x6B43,
    0x2872, 0x01E0,
    0x2874, 0x03FB,
    0x2876, 0x05E3,
    0x2878, 0xBAF1,
    0x287A, 0x000F,
    0x287C, 0x01D0,
    0x287E, 0x6043,
    0x2880, 0x02E0,
    0x2882, 0x029A,
    0x2884, 0x00FB,
    0x2886, 0x0420,
    0x2888, 0x81F8,
    0x288A, 0x2860,
    0x288C, 0x81F8,
    0x288E, 0x2990,
    0x2890, 0x4B85,
    0x2892, 0xF04A,
    0x2894, 0x8885,
    0x2896, 0x0598,
    0x2898, 0x1085,
    0x289A, 0x0498,
    0x289C, 0x5085,
    0x289E, 0xA1F8,
    0x28A0, 0x1E80,
    0x28A2, 0x0198,
    0x28A4, 0x0884,
    0x28A6, 0x4F84,
    0x28A8, 0x0098,
    0x28AA, 0x8884,
    0x28AC, 0x06B0,
    0x28AE, 0x3CE6,
    0x28B0, 0x2DE9,
    0x28B2, 0xF041,
    0x28B4, 0x0546,
    0x28B6, 0xE848,
    0x28B8, 0x0E46,
    0x28BA, 0x0022,
    0x28BC, 0x846D,
    0x28BE, 0x200C,
    0x28C0, 0xA1B2,
    0x28C2, 0x0746,
    0x28C4, 0x00F0,
    0x28C6, 0x84FE,
    0x28C8, 0x3146,
    0x28CA, 0x2846,
    0x28CC, 0x00F0,
    0x28CE, 0x9DFF,
    0x28D0, 0xA1B2,
    0x28D2, 0x0122,
    0x28D4, 0x3846,
    0x28D6, 0x00F0,
    0x28D8, 0x7BFE,
    0x28DA, 0x6869,
    0x28DC, 0x90F8,
    0x28DE, 0xC51F,
    0x28E0, 0x0029,
    0x28E2, 0x26D1,
    0x28E4, 0x90F8,
    0x28E6, 0xC60F,
    0x28E8, 0x0028,
    0x28EA, 0x22D1,
    0x28EC, 0xDB48,
    0x28EE, 0x90F8,
    0x28F0, 0xC14F,
    0x28F2, 0x052C,
    0x28F4, 0x04D3,
    0x28F6, 0xBDE8,
    0x28F8, 0xF041,
    0x28FA, 0x4020,
    0x28FC, 0x00F0,
    0x28FE, 0x8ABF,
    0x2900, 0xD74E,
    0x2902, 0x96F8,
    0x2904, 0x9602,
    0x2906, 0x0128,
    0x2908, 0x13D1,
    0x290A, 0x96F8,
    0x290C, 0x9712,
    0x290E, 0x641C,
    0x2910, 0x0329,
    0x2912, 0x02D3,
    0x2914, 0x4220,
    0x2916, 0x00F0,
    0x2918, 0x97FE,
    0x291A, 0x96F8,
    0x291C, 0x9702,
    0x291E, 0x05EB,
    0x2920, 0x0011,
    0x2922, 0x01F1,
    0x2924, 0x5C02,
    0x2926, 0x2046,
    0x2928, 0x2C31,
    0x292A, 0x00F0,
    0x292C, 0x78FF,
    0x292E, 0xCD49,
    0x2930, 0x0880,
    0x2932, 0x13E4,
    0x2934, 0x2DE9,
    0x2936, 0xF047,
    0x2938, 0x0446,
    0x293A, 0x00F0,
    0x293C, 0x75FF,
    0x293E, 0x8146,
    0x2940, 0x0120,
    0x2942, 0x00F0,
    0x2944, 0x76FF,
    0x2946, 0x94F8,
    0x2948, 0xC400,
    0x294A, 0x00F0,
    0x294C, 0x77FF,
    0x294E, 0xC448,
    0x2950, 0x6368,
    0x2952, 0x0022,
    0x2954, 0x90F8,
    0x2956, 0x9702,
    0x2958, 0x03F1,
    0x295A, 0x0053,
    0x295C, 0x04EB,
    0x295E, 0x4000,
    0x2960, 0xB0F9,
    0x2962, 0x9CC0,
    0x2964, 0xBF48,
    0x2966, 0x0088,
    0x2968, 0x07B2,
    0x296A, 0x24E0,
    0x296C, 0xBB48,
    0x296E, 0x00EB,
    0x2970, 0x4200,
    0x2972, 0x018E,
    0x2974, 0x11FB,
    0x2976, 0x0CF1,
    0x2978, 0xB0F8,
    0x297A, 0xEA01,
    0x297C, 0x10FB,
    0x297E, 0x0711,
    0x2980, 0x0029,
    0x2982, 0x01DA,
    0x2984, 0x4E42,
    0x2986, 0x00E0,
    0x2988, 0x0E46,
    0x298A, 0x6069,
    0x298C, 0x8079,
    0x298E, 0x28B1,
    0x2990, 0xA0F1,
    0x2992, 0x0108,
    0x2994, 0x0125,
    0x2996, 0x05FA,
    0x2998, 0x08F5,
    0x299A, 0x00E0,
    0x299C, 0x0025,
    0x299E, 0x3544,
    0x29A0, 0x0541,
    0x29A2, 0x0029,
    0x29A4, 0x02DA,
    0x29A6, 0x4FF0,
    0x29A8, 0xFF30,
    0x29AA, 0x00E0,
    0x29AC, 0x0120,
    0x29AE, 0x4543,
    0x29B0, 0x2804,
    0x29B2, 0x01C3,
    0x29B4, 0x521C,
    0x29B6, 0x4A45,
    0x29B8, 0xD8D3,
    0x29BA, 0xBDE8,
    0x29BC, 0xF047,
    0x29BE, 0x0020,
    0x29C0, 0x00F0,
    0x29C2, 0x37BF,
    0x29C4, 0x2DE9,
    0x29C6, 0xF047,
    0x29C8, 0xA74D,
    0x29CA, 0x0446,
    0x29CC, 0x0020,
    0x29CE, 0x8846,
    0x29D0, 0xC5F8,
    0x29D2, 0x9803,
    0x29D4, 0x00F0,
    0x29D6, 0xFBFE,
    0x29D8, 0x8146,
    0x29DA, 0x9F48,
    0x29DC, 0x0022,
    0x29DE, 0xC66D,
    0x29E0, 0x370C,
    0x29E2, 0xB1B2,
    0x29E4, 0x3846,
    0x29E6, 0x00F0,
    0x29E8, 0xF3FD,
    0x29EA, 0x4146,
    0x29EC, 0x2046,
    0x29EE, 0x00F0,
    0x29F0, 0x2AFF,
    0x29F2, 0xB1B2,
    0x29F4, 0x0122,
    0x29F6, 0x3846,
    0x29F8, 0x00F0,
    0x29FA, 0xEAFD,
    0x29FC, 0xB8F1,
    0x29FE, 0x000F,
    0x2A00, 0x1DD1,
    0x2A02, 0x207E,
    0x2A04, 0x0028,
    0x2A06, 0x1AD1,
    0x2A08, 0x9548,
    0x2A0A, 0x90F8,
    0x2A0C, 0x9602,
    0x2A0E, 0xC0B1,
    0x2A10, 0x0E20,
    0x2A12, 0x0021,
    0x2A14, 0x0123,
    0x2A16, 0x6269,
    0x2A18, 0x2768,
    0x2A1A, 0x9679,
    0x2A1C, 0x03FA,
    0x2A1E, 0x06F2,
    0x2A20, 0x00F1,
    0x2A22, 0x8046,
    0x2A24, 0xBA53,
    0x2A26, 0x801C,
    0x2A28, 0x491C,
    0x2A2A, 0x0329,
    0x2A2C, 0xF3D3,
    0x2A2E, 0x2046,
    0x2A30, 0xFFF7,
    0x2A32, 0x80FF,
    0x2A34, 0x4846,
    0x2A36, 0x00F0,
    0x2A38, 0xDEFE,
    0x2A3A, 0xC5F8,
    0x2A3C, 0x9803,
    0x2A3E, 0xBDE8,
    0x2A40, 0xF087,
    0x2A42, 0x0E21,
    0x2A44, 0x0020,
    0x2A46, 0x04EB,
    0x2A48, 0x4002,
    0x2A4A, 0x2668,
    0x2A4C, 0xB2F8,
    0x2A4E, 0x9C30,
    0x2A50, 0x01F1,
    0x2A52, 0x8042,
    0x2A54, 0xB352,
    0x2A56, 0x401C,
    0x2A58, 0x891C,
    0x2A5A, 0x0328,
    0x2A5C, 0xF3D3,
    0x2A5E, 0xE9E7,
    0x2A60, 0x70B5,
    0x2A62, 0x0646,
    0x2A64, 0x7C48,
    0x2A66, 0x0022,
    0x2A68, 0x046E,
    0x2A6A, 0x200C,
    0x2A6C, 0xA1B2,
    0x2A6E, 0x0546,
    0x2A70, 0x00F0,
    0x2A72, 0xAEFD,
    0x2A74, 0x3046,
    0x2A76, 0x00F0,
    0x2A78, 0xEBFE,
    0x2A7A, 0xA1B2,
    0x2A7C, 0x0122,
    0x2A7E, 0x2846,
    0x2A80, 0x00F0,
    0x2A82, 0xA6FD,
    0x2A84, 0x7949,
    0x2A86, 0x764A,
    0x2A88, 0xB1F8,
    0x2A8A, 0x4A0C,
    0x2A8C, 0xB2F8,
    0x2A8E, 0x9822,
    0x2A90, 0xC0F3,
    0x2A92, 0x0B00,
    0x2A94, 0x8242,
    0x2A96, 0x03D2,
    0x2A98, 0x4FF4,
    0x2A9A, 0x8050,
    0x2A9C, 0xC1F8,
    0x2A9E, 0x480C,
    0x2AA0, 0x70BD,
    0x2AA2, 0x2DE9,
    0x2AA4, 0xF041,
    0x2AA6, 0x724C,
    0x2AA8, 0x0646,
    0x2AAA, 0x0D46,
    0x2AAC, 0x14F8,
    0x2AAE, 0x780F,
    0x2AB0, 0x0128,
    0x2AB2, 0x22D1,
    0x2AB4, 0x4FF2,
    0x2AB6, 0x1400,
    0x2AB8, 0x00F0,
    0x2ABA, 0xCFFE,
    0x2ABC, 0x0746,
    0x2ABE, 0x00F0,
    0x2AC0, 0xD1FE,
    0x2AC2, 0xB842,
    0x2AC4, 0x06D3,
    0x2AC6, 0x0020,
    0x2AC8, 0x2070,
    0x2ACA, 0xBDE8,
    0x2ACC, 0xF041,
    0x2ACE, 0x401E,
    0x2AD0, 0x00F0,
    0x2AD2, 0xCDBE,
    0x2AD4, 0x6048,
    0x2AD6, 0x0022,
    0x2AD8, 0x846E,
    0x2ADA, 0x200C,
    0x2ADC, 0xA1B2,
    0x2ADE, 0x0746,
    0x2AE0, 0x00F0,
    0x2AE2, 0x76FD,
    0x2AE4, 0x2946,
    0x2AE6, 0x3046,
    0x2AE8, 0x00F0,
    0x2AEA, 0xC6FE,
    0x2AEC, 0xA1B2,
    0x2AEE, 0x3846,
    0x2AF0, 0xBDE8,
    0x2AF2, 0xF041,
    0x2AF4, 0x0122,
    0x2AF6, 0x00F0,
    0x2AF8, 0x6BBD,
    0x2AFA, 0x1AE7,
    0x2AFC, 0x70B5,
    0x2AFE, 0x0646,
    0x2B00, 0x00F0,
    0x2B02, 0x61FD,
    0x2B04, 0x00B1,
    0x2B06, 0x0326,
    0x2B08, 0x5348,
    0x2B0A, 0x0022,
    0x2B0C, 0xC46E,
    0x2B0E, 0x200C,
    0x2B10, 0xA1B2,
    0x2B12, 0x0546,
    0x2B14, 0x00F0,
    0x2B16, 0x5CFD,
    0x2B18, 0x3046,
    0x2B1A, 0x00F0,
    0x2B1C, 0xB2FE,
    0x2B1E, 0x0646,
    0x2B20, 0xA1B2,
    0x2B22, 0x0122,
    0x2B24, 0x2846,
    0x2B26, 0x00F0,
    0x2B28, 0x53FD,
    0x2B2A, 0x3046,
    0x2B2C, 0x70BD,
    0x2B2E, 0x70B5,
    0x2B30, 0x0546,
    0x2B32, 0x5048,
    0x2B34, 0x90F8,
    0x2B36, 0xD401,
    0x2B38, 0xA8B1,
    0x2B3A, 0x0020,
    0x2B3C, 0x4E49,
    0x2B3E, 0x0022,
    0x2B40, 0x81F8,
    0x2B42, 0x8801,
    0x2B44, 0x4448,
    0x2B46, 0x046F,
    0x2B48, 0x200C,
    0x2B4A, 0xA1B2,
    0x2B4C, 0x0646,
    0x2B4E, 0x00F0,
    0x2B50, 0x3FFD,
    0x2B52, 0x2846,
    0x2B54, 0x00F0,
    0x2B56, 0x9AFE,
    0x2B58, 0xA1B2,
    0x2B5A, 0x3046,
    0x2B5C, 0xBDE8,
    0x2B5E, 0x7040,
    0x2B60, 0x0122,
    0x2B62, 0x00F0,
    0x2B64, 0x35BD,
    0x2B66, 0x0120,
    0x2B68, 0xE8E7,
    0x2B6A, 0x4449,
    0x2B6C, 0x0020,
    0x2B6E, 0x81F8,
    0x2B70, 0x4B00,
    0x2B72, 0x00F0,
    0x2B74, 0x90BE,
    0x2B76, 0x2DE9,
    0x2B78, 0xF04F,
    0x2B7A, 0x89B0,
    0x2B7C, 0xFFF7,
    0x2B7E, 0x5AF9,
    0x2B80, 0xDFF8,
    0x2B82, 0xD080,
    0x2B84, 0xDFF8,
    0x2B86, 0xD8E0,
    0x2B88, 0xB8F8,
    0x2B8A, 0x2C00,
    0x2B8C, 0x4FEA,
    0x2B8E, 0x400B,
    0x2B90, 0xB8F8,
    0x2B92, 0x2E00,
    0x2B94, 0x4000,
    0x2B96, 0x0090,
    0x2B98, 0xBEF8,
    0x2B9A, 0x9E32,
    0x2B9C, 0xB8F8,
    0x2B9E, 0x2020,
    0x2BA0, 0x93FB,
    0x2BA2, 0xFBF1,
    0x2BA4, 0x1646,
    0x2BA6, 0x921E,
    0x2BA8, 0x91FB,
    0x2BAA, 0xF2F4,
    0x2BAC, 0x02FB,
    0x2BAE, 0x1414,
    0x2BB0, 0xBEF8,
    0x2BB2, 0xA072,
    0x2BB4, 0x002C,
    0x2BB6, 0x91FB,
    0x2BB8, 0xF2F4,
    0x2BBA, 0x97FB,
    0x2BBC, 0xF0F0,
    0x2BBE, 0x4FEA,
    0x2BC0, 0xC474,
    0x2BC2, 0x01D0,
    0x2BC4, 0xC4B1,
    0x2BC6, 0x00E0,
    0x2BC8, 0x9CB1,
    0x2BCA, 0x91FB,
    0x2BCC, 0xF2F5,
    0x2BCE, 0x6D1C,
    0x2BD0, 0xB8F8,
    0x2BD2, 0x2220,
    0x2BD4, 0x9446,
    0x2BD6, 0x921E,
    0x2BD8, 0x90FB,
    0x2BDA, 0xF2F4,
    0x2BDC, 0x02FB,
    0x2BDE, 0x1404,
    0x2BE0, 0x002C,
    0x2BE2, 0x90FB,
    0x2BE4, 0xF2F4,
    0x2BE6, 0x4FEA,
    0x2BE8, 0xC474,
    0x2BEA, 0x09D0,
    0x2BEC, 0x002C,
    0x2BEE, 0x7CD0,
    0x2BF0, 0x08E0,
    0x2BF2, 0x91FB,
    0x2BF4, 0xF2F5,
    0x2BF6, 0xEBE7,
    0x2BF8, 0x91FB,
    0x2BFA, 0xF2F5,
    0x2BFC, 0xAD1C,
    0x2BFE, 0xE7E7,
    0x2C00, 0x002C,
    0x2C02, 0x73D0,
    0x2C04, 0x90FB,
    0x2C06, 0xF2F4,
    0x2C08, 0x641C,
    0x2C0A, 0x761E,
    0x2C0C, 0xACF1,
    0x2C0E, 0x010C,
    0x2C10, 0x6E43,
    0x2C12, 0x0CFB,
    0x2C14, 0x04FC,
    0x2C16, 0x711A,
    0x2C18, 0xACEB,
    0x2C1A, 0x0000,
    0x2C1C, 0x01EB,
    0x2C1E, 0xD171,
    0x2C20, 0x00EB,
    0x2C22, 0xD070,
    0x2C24, 0x4910,
    0x2C26, 0x4010,
    0x2C28, 0x0291,
    0x2C2A, 0x0590,
    0x2C2C, 0x691E,
    0x2C2E, 0x4FF4,
    0x2C30, 0x8040,
    0x2C32, 0x90FB,
    0x2C34, 0xF1FA,
    0x2C36, 0x611E,
    0x2C38, 0x90FB,
    0x2C3A, 0xF1F9,
    0x2C3C, 0xC5F1,
    0x2C3E, 0x0100,
    0x2C40, 0x00FB,
    0x2C42, 0x0AF0,
    0x2C44, 0x00F5,
    0x2C46, 0x8040,
    0x2C48, 0x0490,
    0x2C4A, 0xC4F1,
    0x2C4C, 0x0100,
    0x2C4E, 0x17E0,
    0x2C50, 0x2001,
    0x2C52, 0xF930,
    0x2C54, 0x2001,
    0x2C56, 0x10F0,
    0x2C58, 0x2001,
    0x2C5A, 0x8610,
    0x2C5C, 0x2000,
    0x2C5E, 0xB8C0,
    0x2C60, 0x2002,
    0x2C62, 0xDDD0,
    0x2C64, 0x2002,
    0x2C66, 0x397C,
    0x2C68, 0x2001,
    0x2C6A, 0xEB00,
    0x2C6C, 0x2001,
    0x2C6E, 0x8AC0,
    0x2C70, 0x2001,
    0x2C72, 0x82E0,
    0x2C74, 0x2001,
    0x2C76, 0x6F70,
    0x2C78, 0x2000,
    0x2C7A, 0x0E70,
    0x2C7C, 0x2001,
    0x2C7E, 0x85B0,
    0x2C80, 0x00FB,
    0x2C82, 0x09F0,
    0x2C84, 0x00F5,
    0x2C86, 0x8040,
    0x2C88, 0x0390,
    0x2C8A, 0xDFF8,
    0x2C8C, 0x1884,
    0x2C8E, 0x1FFA,
    0x2C90, 0x8AF0,
    0x2C92, 0x0790,
    0x2C94, 0xA8F8,
    0x2C96, 0x3200,
    0x2C98, 0x1FFA,
    0x2C9A, 0x89F0,
    0x2C9C, 0x0690,
    0x2C9E, 0xA8F8,
    0x2CA0, 0x3400,
    0x2CA2, 0x0498,
    0x2CA4, 0xA8F8,
    0x2CA6, 0x3600,
    0x2CA8, 0x0398,
    0x2CAA, 0xA8F8,
    0x2CAC, 0x3800,
    0x2CAE, 0xFE48,
    0x2CB0, 0xB0F8,
    0x2CB2, 0xA662,
    0x2CB4, 0xA6F5,
    0x2CB6, 0x7F40,
    0x2CB8, 0xFF38,
    0x2CBA, 0x14D1,
    0x2CBC, 0xFA48,
    0x2CBE, 0xB0F8,
    0x2CC0, 0xA202,
    0x2CC2, 0xC01A,
    0x2CC4, 0x0190,
    0x2CC6, 0x00F0,
    0x2CC8, 0xEBFD,
    0x2CCA, 0x0646,
    0x2CCC, 0x00F0,
    0x2CCE, 0xEDFD,
    0x2CD0, 0xB6FB,
    0x2CD2, 0xF0F1,
    0x2CD4, 0x0198,
    0x2CD6, 0x00EB,
    0x2CD8, 0xD070,
    0x2CDA, 0xA1EB,
    0x2CDC, 0x6001,
    0x2CDE, 0x0020,
    0x2CE0, 0x00F0,
    0x2CE2, 0xE8FD,
    0x2CE4, 0x0646,
    0x2CE6, 0xF048,
    0x2CE8, 0x01E0,
    0x2CEA, 0x3EE0,
    0x2CEC, 0x3AE0,
    0x2CEE, 0xB0F8,
    0x2CF0, 0xA822,
    0x2CF2, 0xA2F5,
    0x2CF4, 0x7F40,
    0x2CF6, 0xFF38,
    0x2CF8, 0x14D1,
    0x2CFA, 0xEB48,
    0x2CFC, 0xB0F8,
    0x2CFE, 0xA402,
    0x2D00, 0xC01B,
    0x2D02, 0x0190,
    0x2D04, 0x00F0,
    0x2D06, 0xDBFD,
    0x2D08, 0x0746,
    0x2D0A, 0x00F0,
    0x2D0C, 0xDDFD,
    0x2D0E, 0xB7FB,
    0x2D10, 0xF0F1,
    0x2D12, 0x0198,
    0x2D14, 0x00EB,
    0x2D16, 0xD070,
    0x2D18, 0xA1EB,
    0x2D1A, 0x6001,
    0x2D1C, 0x0020,
    0x2D1E, 0x00F0,
    0x2D20, 0xC9FD,
    0x2D22, 0x0246,
    0x2D24, 0xE04F,
    0x2D26, 0x701E,
    0x2D28, 0x4FF6,
    0x2D2A, 0xFF73,
    0x2D2C, 0xB7F8,
    0x2D2E, 0x9212,
    0x2D30, 0x9942,
    0x2D32, 0x01D1,
    0x2D34, 0xB8F8,
    0x2D36, 0x1A10,
    0x2D38, 0x0844,
    0x2D3A, 0x0190,
    0x2D3C, 0xB7F8,
    0x2D3E, 0x9412,
    0x2D40, 0x501E,
    0x2D42, 0x9942,
    0x2D44, 0x01D1,
    0x2D46, 0xB8F8,
    0x2D48, 0x1C10,
    0x2D4A, 0x4346,
    0x2D4C, 0x98F8,
    0x2D4E, 0x2680,
    0x2D50, 0x01EB,
    0x2D52, 0x000E,
    0x2D54, 0xB8F1,
    0x2D56, 0x000F,
    0x2D58, 0x0BD0,
    0x2D5A, 0x0198,
    0x2D5C, 0x401C,
    0x2D5E, 0xB0FB,
    0x2D60, 0xFBF1,
    0x2D62, 0x08E0,
    0x2D64, 0x90FB,
    0x2D66, 0xF2F4,
    0x2D68, 0x4FE7,
    0x2D6A, 0x90FB,
    0x2D6C, 0xF2F4,
    0x2D6E, 0xA41C,
    0x2D70, 0x4BE7,
    0x2D72, 0xB6FB,
    0x2D74, 0xFBF1,
    0x2D76, 0x0298,
    0x2D78, 0x93F8,
    0x2D7A, 0x27C0,
    0x2D7C, 0x0844,
    0x2D7E, 0xBCF1,
    0x2D80, 0x000F,
    0x2D82, 0x05D0,
    0x2D84, 0x009F,
    0x2D86, 0x0EF1,
    0x2D88, 0x0101,
    0x2D8A, 0xB1FB,
    0x2D8C, 0xF7F7,
    0x2D8E, 0x02E0,
    0x2D90, 0x0099,
    0x2D92, 0xB2FB,
    0x2D94, 0xF1F7,
    0x2D96, 0x0599,
    0x2D98, 0x9B46,
    0x2D9A, 0x3944,
    0x2D9C, 0xB8F1,
    0x2D9E, 0x000F,
    0x2DA0, 0x08D0,
    0x2DA2, 0x90FB,
    0x2DA4, 0xF5F3,
    0x2DA6, 0x05FB,
    0x2DA8, 0x1303,
    0x2DAA, 0x1BB1,
    0x2DAC, 0x90FB,
    0x2DAE, 0xF5F7,
    0x2DB0, 0x7F1C,
    0x2DB2, 0x01E0,
    0x2DB4, 0x90FB,
    0x2DB6, 0xF5F7,
    0x2DB8, 0xBCF1,
    0x2DBA, 0x000F,
    0x2DBC, 0x08D0,
    0x2DBE, 0x91FB,
    0x2DC0, 0xF4F3,
    0x2DC2, 0x04FB,
    0x2DC4, 0x1313,
    0x2DC6, 0x1BB1,
    0x2DC8, 0x91FB,
    0x2DCA, 0xF4F3,
    0x2DCC, 0x5B1C,
    0x2DCE, 0x01E0,
    0x2DD0, 0x91FB,
    0x2DD2, 0xF4F3,
    0x2DD4, 0xB8F1,
    0x2DD6, 0x000F,
    0x2DD8, 0x02D0,
    0x2DDA, 0x7D43,
    0x2DDC, 0x2D1A,
    0x2DDE, 0x01E0,
    0x2DE0, 0x07FB,
    0x2DE2, 0x1505,
    0x2DE4, 0xBCF1,
    0x2DE6, 0x000F,
    0x2DE8, 0x03D0,
    0x2DEA, 0x03FB,
    0x2DEC, 0x04F0,
    0x2DEE, 0x411A,
    0x2DF0, 0x01E0,
    0x2DF2, 0x03FB,
    0x2DF4, 0x1411,
    0x2DF6, 0x5846,
    0x2DF8, 0xB8F1,
    0x2DFA, 0x000F,
    0x2DFC, 0x02D0,
    0x2DFE, 0x05FB,
    0x2E00, 0x0AF5,
    0x2E02, 0x02E0,
    0x2E04, 0x049C,
    0x2E06, 0x05FB,
    0x2E08, 0x0A45,
    0x2E0A, 0xBCF1,
    0x2E0C, 0x000F,
    0x2E0E, 0x02D0,
    0x2E10, 0x01FB,
    0x2E12, 0x09F1,
    0x2E14, 0x02E0,
    0x2E16, 0x039C,
    0x2E18, 0x01FB,
    0x2E1A, 0x0941,
    0x2E1C, 0x80F8,
    0x2E1E, 0x2870,
    0x2E20, 0x80F8,
    0x2E22, 0x2930,
    0x2E24, 0x4585,
    0x2E26, 0x8185,
    0x2E28, 0xA049,
    0x2E2A, 0x079B,
    0x2E2C, 0x0B85,
    0x2E2E, 0x069B,
    0x2E30, 0x4B85,
    0x2E32, 0x20F8,
    0x2E34, 0x1E6F,
    0x2E36, 0x0199,
    0x2E38, 0x4180,
    0x2E3A, 0x8280,
    0x2E3C, 0x9C49,
    0x2E3E, 0xA0F8,
    0x2E40, 0x06E0,
    0x2E42, 0x828A,
    0x2E44, 0xA1F8,
    0x2E46, 0x1A23,
    0x2E48, 0xC28A,
    0x2E4A, 0xA1F8,
    0x2E4C, 0x1C23,
    0x2E4E, 0x028B,
    0x2E50, 0xA1F8,
    0x2E52, 0x1E23,
    0x2E54, 0xBBF8,
    0x2E56, 0x3800,
    0x2E58, 0xA1F8,
    0x2E5A, 0x2003,
    0x2E5C, 0x09B0,
    0x2E5E, 0xBDE8,
    0x2E60, 0xF04F,
    0x2E62, 0x00F0,
    0x2E64, 0x36BD,
    0x2E66, 0xF0B5,
    0x2E68, 0x9248,
    0x2E6A, 0xC1B0,
    0x2E6C, 0x90F8,
    0x2E6E, 0x2B04,
    0x2E70, 0x0028,
    0x2E72, 0x77D1,
    0x2E74, 0x0024,
    0x2E76, 0x7822,
    0x2E78, 0x8F49,
    0x2E7A, 0x01A8,
    0x2E7C, 0x00F0,
    0x2E7E, 0x2EFD,
    0x2E80, 0x8E49,
    0x2E82, 0x8E4F,
    0x2E84, 0x01F6,
    0x2E86, 0xE441,
    0x2E88, 0x03C9,
    0x2E8A, 0xCDE9,
    0x2E8C, 0x3F01,
    0x2E8E, 0xB7F8,
    0x2E90, 0xC402,
    0x2E92, 0x0090,
    0x2E94, 0x3FA9,
    0x2E96, 0x01A8,
    0x2E98, 0xD7F8,
    0x2E9A, 0xC032,
    0x2E9C, 0xD7F8,
    0x2E9E, 0x5C2C,
    0x2EA0, 0x00F0,
    0x2EA2, 0x21FD,
    0x2EA4, 0x3F9E,
    0x2EA6, 0x00F0,
    0x2EA8, 0xDEFB,
    0x2EAA, 0x0546,
    0x2EAC, 0x00F0,
    0x2EAE, 0x8BFB,
    0x2EB0, 0xE8B3,
    0x2EB2, 0x844A,
    0x2EB4, 0x8248,
    0x2EB6, 0x834B,
    0x2EB8, 0x0E3A,
    0x2EBA, 0x022D,
    0x2EBC, 0x02D0,
    0x2EBE, 0x012D,
    0x2EC0, 0x0FD0,
    0x2EC2, 0x4CE0,
    0x2EC4, 0xB0F8,
    0x2EC6, 0xFA00,
    0x2EC8, 0x1188,
    0x2ECA, 0x3044,
    0x2ECC, 0x01F0,
    0x2ECE, 0x1F01,
    0x2ED0, 0x0844,
    0x2ED2, 0x1988,
    0x2ED4, 0x19B1,
    0x2ED6, 0x1188,
    0x2ED8, 0xC1F3,
    0x2EDA, 0x4411,
    0x2EDC, 0x0844,
    0x2EDE, 0x84B2,
    0x2EE0, 0x36E0,
    0x2EE2, 0x30F8,
    0x2EE4, 0xFA1F,
    0x2EE6, 0x8088,
    0x2EE8, 0x0844,
    0x2EEA, 0x1188,
    0x2EEC, 0x80B2,
    0x2EEE, 0x01F0,
    0x2EF0, 0x1F01,
    0x2EF2, 0x00EB,
    0x2EF4, 0x4105,
    0x2EF6, 0x1888,
    0x2EF8, 0x20B1,
    0x2EFA, 0x1088,
    0x2EFC, 0xC0F3,
    0x2EFE, 0x4410,
    0x2F00, 0x05EB,
    0x2F02, 0x4005,
    0x2F04, 0x6C49,
    0x2F06, 0x7822,
    0x2F08, 0xF039,
    0x2F0A, 0x1FA8,
    0x2F0C, 0x00F0,
    0x2F0E, 0xE6FC,
    0x2F10, 0x6A49,
    0x2F12, 0xD1F8,
    0x2F14, 0xD40C,
    0x2F16, 0xD1F8,
    0x2F18, 0xD81C,
    0x2F1A, 0xCDE9,
    0x2F1C, 0x3D01,
    0x2F1E, 0xB7F8,
    0x2F20, 0xD401,
    0x2F22, 0x0090,
    0x2F24, 0x3DA9,
    0x2F26, 0x1FA8,
    0x2F28, 0xD7F8,
    0x2F2A, 0xD031,
    0x2F2C, 0x00E0,
    0x2F2E, 0x16E0,
    0x2F30, 0xD7F8,
    0x2F32, 0x5C2C,
    0x2F34, 0x00F0,
    0x2F36, 0xD7FC,
    0x2F38, 0x00F0,
    0x2F3A, 0xA4FB,
    0x2F3C, 0x0328,
    0x2F3E, 0x02D0,
    0x2F40, 0x0428,
    0x2F42, 0x11D0,
    0x2F44, 0x04E0,
    0x2F46, 0x3D98,
    0x2F48, 0x2C18,
    0x2F4A, 0x4FF6,
    0x2F4C, 0xFE70,
    0x2F4E, 0x0440,
    0x2F50, 0x5D48,
    0x2F52, 0xC08E,
    0x2F54, 0xA0F5,
    0x2F56, 0x7F41,
    0x2F58, 0xFF39,
    0x2F5A, 0x00D0,
    0x2F5C, 0x0446,
    0x2F5E, 0x5B48,
    0x2F60, 0xA0F8,
    0x2F62, 0x6A40,
    0x2F64, 0x41B0,
    0x2F66, 0xF0BD,
    0x2F68, 0x3D98,
    0x2F6A, 0x3044,
    0x2F6C, 0x2844,
    0x2F6E, 0xB6E7,
    0x2F70, 0x70B5,
    0x2F72, 0x5748,
    0x2F74, 0x0022,
    0x2F76, 0x446F,
    0x2F78, 0x200C,
    0x2F7A, 0xA1B2,
    0x2F7C, 0x0546,
    0x2F7E, 0x00F0,
    0x2F80, 0x27FB,
    0x2F82, 0x00F0,
    0x2F84, 0xB5FC,
    0x2F86, 0xA1B2,
    0x2F88, 0x0122,
    0x2F8A, 0x2846,
    0x2F8C, 0x00F0,
    0x2F8E, 0x20FB,
    0x2F90, 0x5048,
    0x2F92, 0x90F8,
    0x2F94, 0x9605,
    0x2F96, 0x0428,
    0x2F98, 0x0AD0,
    0x2F9A, 0x0628,
    0x2F9C, 0x08D0,
    0x2F9E, 0x0020,
    0x2FA0, 0x4A49,
    0x2FA2, 0xC885,
    0x2FA4, 0xFFF7,
    0x2FA6, 0x5FFF,
    0x2FA8, 0x00F0,
    0x2FAA, 0xA7FC,
    0x2FAC, 0x10B1,
    0x2FAE, 0x06E0,
    0x2FB0, 0x0120,
    0x2FB2, 0xF5E7,
    0x2FB4, 0x4848,
    0x2FB6, 0xC079,
    0x2FB8, 0x08B1,
    0x2FBA, 0x0122,
    0x2FBC, 0x00E0,
    0x2FBE, 0x0022,
    0x2FC0, 0x4648,
    0x2FC2, 0x90F8,
    0x2FC4, 0xF416,
    0x2FC6, 0x09B1,
    0x2FC8, 0x4FF4,
    0x2FCA, 0x8051,
    0x2FCC, 0x90F8,
    0x2FCE, 0x1E37,
    0x2FD0, 0x0BB1,
    0x2FD2, 0x4FF4,
    0x2FD4, 0x8063,
    0x2FD6, 0x1943,
    0x2FD8, 0x0AB1,
    0x2FDA, 0x4FF4,
    0x2FDC, 0x0062,
    0x2FDE, 0x1143,
    0x2FE0, 0xA0F8,
    0x2FE2, 0x2E17,
    0x2FE4, 0x70BD,
    0x2FE6, 0x70B5,
    0x2FE8, 0x0646,
    0x2FEA, 0x3948,
    0x2FEC, 0x0022,
    0x2FEE, 0x846F,
    0x2FF0, 0x200C,
    0x2FF2, 0xA1B2,
    0x2FF4, 0x0546,
    0x2FF6, 0x00F0,
    0x2FF8, 0xEBFA,
    0x2FFA, 0x3046,
    0x2FFC, 0x00F0,
    0x2FFE, 0x82FC,
    0x3000, 0xA1B2,
    0x3002, 0x0122,
    0x3004, 0x2846,
    0x3006, 0x00F0,
    0x3008, 0xE3FA,
    0x300A, 0x354A,
    0x300C, 0x4FF4,
    0x300E, 0x8063,
    0x3010, 0xB2F8,
    0x3012, 0xA400,
    0x3014, 0x401C,
    0x3016, 0x81B2,
    0x3018, 0xA2F8,
    0x301A, 0xA410,
    0x301C, 0xB2F8,
    0x301E, 0xA600,
    0x3020, 0x0A30,
    0x3022, 0x80B2,
    0x3024, 0xA2F8,
    0x3026, 0xA600,
    0x3028, 0x9942,
    0x302A, 0x02D3,
    0x302C, 0x0121,
    0x302E, 0xA2F8,
    0x3030, 0xA410,
    0x3032, 0x9842,
    0x3034, 0x03D3,
    0x3036, 0xA0F2,
    0x3038, 0xFF30,
    0x303A, 0xA2F8,
    0x303C, 0xA600,
    0x303E, 0x2948,
    0x3040, 0x32F8,
    0x3042, 0xA41F,
    0x3044, 0xA0F8,
    0x3046, 0xC613,
    0x3048, 0x5188,
    0x304A, 0xA0F8,
    0x304C, 0xC813,
    0x304E, 0x70BD,
    0x3050, 0x70B5,
    0x3052, 0x0125,
    0x3054, 0x40F2,
    0x3056, 0x4944,
    0x3058, 0x00F0,
    0x305A, 0x59FC,
    0x305C, 0x10B9,
    0x305E, 0x00F0,
    0x3060, 0x5BFC,
    0x3062, 0x10B1,
    0x3064, 0x1125,
    0x3066, 0x40F2,
    0x3068, 0x5B44,
    0x306A, 0x00F0,
    0x306C, 0x5AFC,
    0x306E, 0x40B9,
    0x3070, 0x00F0,
    0x3072, 0x5CFC,
    0x3074, 0x28B9,
    0x3076, 0x00F0,
    0x3078, 0x5EFC,
    0x307A, 0x10B9,
    0x307C, 0x00F0,
    0x307E, 0x60FC,
    0x3080, 0x20B9,
    0x3082, 0x40F6,
    0x3084, 0x2410,
    0x3086, 0x45F4,
    0x3088, 0x8075,
    0x308A, 0x0443,
    0x308C, 0x1649,
    0x308E, 0x488F,
    0x3090, 0x08B1,
    0x3092, 0xC0F3,
    0x3094, 0x0E04,
    0x3096, 0x088F,
    0x3098, 0x08B1,
    0x309A, 0xC0F3,
    0x309C, 0x0E05,
    0x309E, 0x0248,
    0x30A0, 0x24E0,
    0x30A2, 0x0000,
    0x30A4, 0x2001,
    0x30A6, 0xF930,
    0x30A8, 0x2002,
    0x30AA, 0xDDD0,
    0x30AC, 0x2001,
    0x30AE, 0x10F0,
    0x30B0, 0x4001,
    0x30B2, 0x0000,
    0x30B4, 0x2001,
    0x30B6, 0x6F70,
    0x30B8, 0x2001,
    0x30BA, 0x8D78,
    0x30BC, 0x2001,
    0x30BE, 0x8AC0,
    0x30C0, 0x4000,
    0x30C2, 0xF000,
    0x30C4, 0x4000,
    0x30C6, 0xFC14,
    0x30C8, 0x2001,
    0x30CA, 0x2D10,
    0x30CC, 0x4000,
    0x30CE, 0x8000,
    0x30D0, 0x2001,
    0x30D2, 0x8610,
    0x30D4, 0x2001,
    0x30D6, 0x2670,
    0x30D8, 0x2001,
    0x30DA, 0x2C80,
    0x30DC, 0x2001,
    0x30DE, 0xAB00,
    0x30E0, 0x2001,
    0x30E2, 0x67E0,
    0x30E4, 0x4001,
    0x30E6, 0x2000,
    0x30E8, 0x2000,
    0x30EA, 0x46F0,
    0x30EC, 0x90F8,
    0x30EE, 0x9B12,
    0x30F0, 0x09B9,
    0x30F2, 0x24F0,
    0x30F4, 0x4004,
    0x30F6, 0x90F8,
    0x30F8, 0x9C12,
    0x30FA, 0x09B9,
    0x30FC, 0x24F4,
    0x30FE, 0x8074,
    0x3100, 0x90F8,
    0x3102, 0x9A02,
    0x3104, 0x08B9,
    0x3106, 0x25F0,
    0x3108, 0x1005,
    0x310A, 0xF948,
    0x310C, 0x0580,
    0x310E, 0x00F0,
    0x3110, 0x1CFC,
    0x3112, 0xF74D,
    0x3114, 0x0835,
    0x3116, 0x48B9,
    0x3118, 0xF648,
    0x311A, 0x90F8,
    0x311C, 0x2A04,
    0x311E, 0x00B1,
    0x3120, 0x2C80,
    0x3122, 0x00F0,
    0x3124, 0x50FA,
    0x3126, 0x08B1,
    0x3128, 0x44F4,
    0x312A, 0x8054,
    0x312C, 0x2C80,
    0x312E, 0x70BD,
    0x3130, 0x2DE9,
    0x3132, 0xFE4F,
    0x3134, 0x0446,
    0x3136, 0x0020,
    0x3138, 0x0290,
    0x313A, 0x91F8,
    0x313C, 0x2900,
    0x313E, 0x1546,
    0x3140, 0x0E46,
    0x3142, 0x58B9,
    0x3144, 0x04F1,
    0x3146, 0x2400,
    0x3148, 0x00F0,
    0x314A, 0x04FC,
    0x314C, 0x0128,
    0x314E, 0x03D0,
    0x3150, 0x00F0,
    0x3152, 0x05FC,
    0x3154, 0x0128,
    0x3156, 0x01D1,
    0x3158, 0x0120,
    0x315A, 0x0290,
    0x315C, 0x4FF0,
    0x315E, 0x0008,
    0x3160, 0x0298,
    0x3162, 0xC146,
    0x3164, 0x0028,
    0x3166, 0x4746,
    0x3168, 0x4046,
    0x316A, 0x50D0,
    0x316C, 0x00F0,
    0x316E, 0x39FB,
    0x3170, 0x8246,
    0x3172, 0x297A,
    0x3174, 0x6868,
    0x3176, 0xFA23,
    0x3178, 0x8840,
    0x317A, 0xE968,
    0x317C, 0x0091,
    0x317E, 0xA0FB,
    0x3180, 0x031C,
    0x3182, 0xBB46,
    0x3184, 0x0BFB,
    0x3186, 0x03C2,
    0x3188, 0x0027,
    0x318A, 0x00FB,
    0x318C, 0x0720,
    0x318E, 0x5346,
    0x3190, 0x3A46,
    0x3192, 0x00F0,
    0x3194, 0x35FB,
    0x3196, 0xA160,
    0x3198, 0x0099,
    0x319A, 0xA161,
    0x319C, 0x95F8,
    0x319E, 0x8010,
    0x31A0, 0xE86F,
    0x31A2, 0xFA23,
    0x31A4, 0x8840,
    0x31A6, 0xD5F8,
    0x31A8, 0x8410,
    0x31AA, 0x0091,
    0x31AC, 0xA0FB,
    0x31AE, 0x031C,
    0x31B0, 0x0BFB,
    0x31B2, 0x03C2,
    0x31B4, 0x00FB,
    0x31B6, 0x0720,
    0x31B8, 0x5A46,
    0x31BA, 0x5346,
    0x31BC, 0x00F0,
    0x31BE, 0x20FB,
    0x31C0, 0x2161,
    0x31C2, 0x0099,
    0x31C4, 0x2162,
    0x31C6, 0x95F8,
    0x31C8, 0x4410,
    0x31CA, 0x286C,
    0x31CC, 0xFA23,
    0x31CE, 0x8840,
    0x31D0, 0xA96C,
    0x31D2, 0x0091,
    0x31D4, 0xA0FB,
    0x31D6, 0x0317,
    0x31D8, 0x0BFB,
    0x31DA, 0x0372,
    0x31DC, 0x0025,
    0x31DE, 0x00FB,
    0x31E0, 0x0520,
    0x31E2, 0x5A46,
    0x31E4, 0x5346,
    0x31E6, 0x00F0,
    0x31E8, 0x0BFB,
    0x31EA, 0xE160,
    0x31EC, 0x0099,
    0x31EE, 0xE161,
    0x31F0, 0x6078,
    0x31F2, 0x029A,
    0x31F4, 0x40EA,
    0x31F6, 0x0800,
    0x31F8, 0x49EA,
    0x31FA, 0x0201,
    0x31FC, 0x0843,
    0x31FE, 0x76D0,
    0x3200, 0x03B0,
    0x3202, 0x3146,
    0x3204, 0x2046,
    0x3206, 0xBDE8,
    0x3208, 0xF04F,
    0x320A, 0x00F0,
    0x320C, 0xADBB,
    0x320E, 0x00F0,
    0x3210, 0xE8FA,
    0x3212, 0x0022,
    0x3214, 0xCDE9,
    0x3216, 0x0020,
    0x3218, 0x297A,
    0x321A, 0x6868,
    0x321C, 0xD5F8,
    0x321E, 0x0CA0,
    0x3220, 0x8840,
    0x3222, 0xFA21,
    0x3224, 0xA0FB,
    0x3226, 0x017C,
    0x3228, 0x02FB,
    0x322A, 0x01C1,
    0x322C, 0x00FB,
    0x322E, 0x0210,
    0x3230, 0x3946,
    0x3232, 0x019B,
    0x3234, 0x00F0,
    0x3236, 0xE4FA,
    0x3238, 0x8146,
    0x323A, 0xF068,
    0x323C, 0x8C46,
    0x323E, 0x58B1,
    0x3240, 0xA268,
    0x3242, 0x0021,
    0x3244, 0xBCEB,
    0x3246, 0x0207,
    0x3248, 0x79EB,
    0x324A, 0x0103,
    0x324C, 0x39D3,
    0x324E, 0xBCEB,
    0x3250, 0x0202,
    0x3252, 0x69EB,
    0x3254, 0x0103,
    0x3256, 0x38E0,
    0x3258, 0xA068,
    0x325A, 0x0022,
    0x325C, 0x8346,
    0x325E, 0xBCEB,
    0x3260, 0x0000,
    0x3262, 0x79EB,
    0x3264, 0x0201,
    0x3266, 0x02D2,
    0x3268, 0x4946,
    0x326A, 0x6046,
    0x326C, 0x01E0,
    0x326E, 0x5846,
    0x3270, 0x1146,
    0x3272, 0xF388,
    0x3274, 0x9646,
    0x3276, 0xA0FB,
    0x3278, 0x0328,
    0x327A, 0x01FB,
    0x327C, 0x0381,
    0x327E, 0x00FB,
    0x3280, 0x0E13,
    0x3282, 0x4F46,
    0x3284, 0xBBEB,
    0x3286, 0x0C01,
    0x3288, 0x7EEB,
    0x328A, 0x0700,
    0x328C, 0x02D2,
    0x328E, 0x3946,
    0x3290, 0x6046,
    0x3292, 0x01E0,
    0x3294, 0x5846,
    0x3296, 0x7146,
    0x3298, 0x0902,
    0x329A, 0x41EA,
    0x329C, 0x1061,
    0x329E, 0x0002,
    0x32A0, 0x101A,
    0x32A2, 0x8B41,
    0x32A4, 0x01D2,
    0x32A6, 0x0120,
    0x32A8, 0x00E0,
    0x32AA, 0x0020,
    0x32AC, 0xC4F8,
    0x32AE, 0x08C0,
    0x32B0, 0x8046,
    0x32B2, 0x318A,
    0x32B4, 0xA069,
    0x32B6, 0x61B1,
    0x32B8, 0x5045,
    0x32BA, 0x36D8,
    0x32BC, 0xAAEB,
    0x32BE, 0x0000,
    0x32C0, 0x35E0,
    0x32C2, 0xB2EB,
    0x32C4, 0x0C02,
    0x32C6, 0x61EB,
    0x32C8, 0x0903,
    0x32CA, 0x801A,
    0x32CC, 0x9941,
    0x32CE, 0xECD2,
    0x32D0, 0xE9E7,
    0x32D2, 0x5146,
    0x32D4, 0x5045,
    0x32D6, 0x00D8,
    0x32D8, 0x0146,
    0x32DA, 0x3289,
    0x32DC, 0x01FB,
    0x32DE, 0x02F1,
    0x32E0, 0x00D2,
    0x32E2, 0x5046,
    0x32E4, 0xB1EB,
    0x32E6, 0x002F,
    0x32E8, 0x02D2,
    0x32EA, 0x0120,
    0x32EC, 0x01E0,
    0x32EE, 0x05E1,
    0x32F0, 0x0020,
    0x32F2, 0xC4F8,
    0x32F4, 0x18A0,
    0x32F6, 0x8146,
    0x32F8, 0x95F8,
    0x32FA, 0x8010,
    0x32FC, 0xE86F,
    0x32FE, 0x0022,
    0x3300, 0x8840,
    0x3302, 0xFA21,
    0x3304, 0xA0FB,
    0x3306, 0x017C,
    0x3308, 0x02FB,
    0x330A, 0x01C1,
    0x330C, 0x00FB,
    0x330E, 0x0210,
    0x3310, 0xDDE9,
    0x3312, 0x0023,
    0x3314, 0x3946,
    0x3316, 0xD5F8,
    0x3318, 0x84B0,
    0x331A, 0x00F0,
    0x331C, 0x71FA,
    0x331E, 0x0246,
    0x3320, 0x8A46,
    0x3322, 0xB8F1,
    0x3324, 0x000F,
    0x3326, 0x05D0,
    0x3328, 0x37E0,
    0x332A, 0xA0EB,
    0x332C, 0x0A00,
    0x332E, 0x8842,
    0x3330, 0xDED9,
    0x3332, 0xDAE7,
    0x3334, 0xF068,
    0x3336, 0x58B1,
    0x3338, 0x2369,
    0x333A, 0x0021,
    0x333C, 0xBAEB,
    0x333E, 0x0307,
    0x3340, 0x72EB,
    0x3342, 0x0107,
    0x3344, 0x2FD3,
    0x3346, 0xBAEB,
    0x3348, 0x0303,
    0x334A, 0x62EB,
    0x334C, 0x0102,
    0x334E, 0x2EE0,
    0x3350, 0x2069,
    0x3352, 0x0023,
    0x3354, 0x8646,
    0x3356, 0x081A,
    0x3358, 0x72EB,
    0x335A, 0x0300,
    0x335C, 0x02D2,
    0x335E, 0x1146,
    0x3360, 0x5046,
    0x3362, 0x01E0,
    0x3364, 0x7046,
    0x3366, 0x1946,
    0x3368, 0xF788,
    0x336A, 0x0023,
    0x336C, 0xA0FB,
    0x336E, 0x07C8,
    0x3370, 0x01FB,
    0x3372, 0x0781,
    0x3374, 0x00FB,
    0x3376, 0x0318,
    0x3378, 0xBEEB,
    0x337A, 0x0A00,
    0x337C, 0x9341,
    0x337E, 0x02D2,
    0x3380, 0x1146,
    0x3382, 0x5046,
    0x3384, 0x01E0,
    0x3386, 0x7046,
    0x3388, 0x0021,
    0x338A, 0x0A02,
    0x338C, 0x42EA,
    0x338E, 0x1062,
    0x3390, 0x0302,
    0x3392, 0x6046,
    0x3394, 0x4146,
    0x3396, 0x0AE0,
    0x3398, 0x8046,
    0x339A, 0xC4F8,
    0x339C, 0x10A0,
    0x339E, 0xB9F1,
    0x33A0, 0x000F,
    0x33A2, 0x0BD0,
    0x33A4, 0x20E0,
    0x33A6, 0xB3EB,
    0x33A8, 0x0A03,
    0x33AA, 0x61EB,
    0x33AC, 0x0202,
    0x33AE, 0xC01A,
    0x33B0, 0x9141,
    0x33B2, 0x01D2,
    0x33B4, 0x0120,
    0x33B6, 0xEFE7,
    0x33B8, 0x0020,
    0x33BA, 0xEDE7,
    0x33BC, 0x318A,
    0x33BE, 0x206A,
    0x33C0, 0x21B1,
    0x33C2, 0x5845,
    0x33C4, 0x2AD8,
    0x33C6, 0xABEB,
    0x33C8, 0x0000,
    0x33CA, 0x29E0,
    0x33CC, 0x5946,
    0x33CE, 0x5845,
    0x33D0, 0x00D8,
    0x33D2, 0x0146,
    0x33D4, 0x3289,
    0x33D6, 0x01FB,
    0x33D8, 0x02F1,
    0x33DA, 0x00D2,
    0x33DC, 0x5846,
    0x33DE, 0xB1EB,
    0x33E0, 0x002F,
    0x33E2, 0x1FD3,
    0x33E4, 0x20E0,
    0x33E6, 0x8146,
    0x33E8, 0xC4F8,
    0x33EA, 0x20B0,
    0x33EC, 0x95F8,
    0x33EE, 0x4410,
    0x33F0, 0x286C,
    0x33F2, 0xFA22,
    0x33F4, 0x8840,
    0x33F6, 0xD5F8,
    0x33F8, 0x48B0,
    0x33FA, 0xA0FB,
    0x33FC, 0x0215,
    0x33FE, 0x0027,
    0x3400, 0x07FB,
    0x3402, 0x0252,
    0x3404, 0x00FB,
    0x3406, 0x0720,
    0x3408, 0xDDE9,
    0x340A, 0x0023,
    0x340C, 0x00F0,
    0x340E, 0xF8F9,
    0x3410, 0x8246,
    0x3412, 0x0B46,
    0x3414, 0xB8F1,
    0x3416, 0x000F,
    0x3418, 0x08D0,
    0x341A, 0x3BE0,
    0x341C, 0xA0EB,
    0x341E, 0x0B00,
    0x3420, 0x8842,
    0x3422, 0x01D9,
    0x3424, 0x0120,
    0x3426, 0xDEE7,
    0x3428, 0x0020,
    0x342A, 0xDCE7,
    0x342C, 0xF068,
    0x342E, 0x50B1,
    0x3430, 0xE268,
    0x3432, 0x3946,
    0x3434, 0xB3EB,
    0x3436, 0x020C,
    0x3438, 0x7AEB,
    0x343A, 0x0705,
    0x343C, 0x2FD3,
    0x343E, 0x9A1A,
    0x3440, 0x6AEB,
    0x3442, 0x0107,
    0x3444, 0x2EE0,
    0x3446, 0xE068,
    0x3448, 0x8646,
    0x344A, 0x181A,
    0x344C, 0x7AEB,
    0x344E, 0x0701,
    0x3450, 0x02D2,
    0x3452, 0x5246,
    0x3454, 0x1946,
    0x3456, 0x01E0,
    0x3458, 0x7146,
    0x345A, 0x3A46,
    0x345C, 0xF088,
    0x345E, 0x0025,
    0x3460, 0xA1FB,
    0x3462, 0x007C,
    0x3464, 0x02FB,
    0x3466, 0x00C0,
    0x3468, 0x01FB,
    0x346A, 0x0508,
    0x346C, 0x5246,
    0x346E, 0xBEEB,
    0x3470, 0x0301,
    0x3472, 0x75EB,
    0x3474, 0x0200,
    0x3476, 0x01D2,
    0x3478, 0x1946,
    0x347A, 0x01E0,
    0x347C, 0x7146,
    0x347E, 0x0022,
    0x3480, 0x1202,
    0x3482, 0x42EA,
    0x3484, 0x1162,
    0x3486, 0x0D02,
    0x3488, 0x791B,
    0x348A, 0x78EB,
    0x348C, 0x0200,
    0x348E, 0x0CD3,
    0x3490, 0x0DE0,
    0x3492, 0x8046,
    0x3494, 0xE360,
    0x3496, 0xB9F1,
    0x3498, 0x000F,
    0x349A, 0x0AD0,
    0x349C, 0x1FE0,
    0x349E, 0xD21A,
    0x34A0, 0x61EB,
    0x34A2, 0x0A07,
    0x34A4, 0x801A,
    0x34A6, 0xB941,
    0x34A8, 0x01D2,
    0x34AA, 0x0120,
    0x34AC, 0xF1E7,
    0x34AE, 0x0020,
    0x34B0, 0xEFE7,
    0x34B2, 0x318A,
    0x34B4, 0xE069,
    0x34B6, 0x21B1,
    0x34B8, 0x5845,
    0x34BA, 0x13D8,
    0x34BC, 0xABEB,
    0x34BE, 0x0000,
    0x34C0, 0x12E0,
    0x34C2, 0x5946,
    0x34C4, 0x5845,
    0x34C6, 0x00D8,
    0x34C8, 0x0146,
    0x34CA, 0x3289,
    0x34CC, 0x01FB,
    0x34CE, 0x02F1,
    0x34D0, 0x00D2,
    0x34D2, 0x5846,
    0x34D4, 0xB1EB,
    0x34D6, 0x002F,
    0x34D8, 0x08D3,
    0x34DA, 0x0DE0,
    0x34DC, 0x8146,
    0x34DE, 0xC4F8,
    0x34E0, 0x1CB0,
    0x34E2, 0x85E6,
    0x34E4, 0xA0EB,
    0x34E6, 0x0B00,
    0x34E8, 0x8842,
    0x34EA, 0x05D9,
    0x34EC, 0x0120,
    0x34EE, 0xF5E7,
    0x34F0, 0x4000,
    0x34F2, 0x8D12,
    0x34F4, 0x2001,
    0x34F6, 0x6F70,
    0x34F8, 0x0020,
    0x34FA, 0xEFE7,
    0x34FC, 0xB08A,
    0x34FE, 0x6269,
    0x3500, 0x8242,
    0x3502, 0x0CD2,
    0x3504, 0x6168,
    0x3506, 0x19B1,
    0x3508, 0x491E,
    0x350A, 0x6160,
    0x350C, 0x708A,
    0x350E, 0x05E0,
    0x3510, 0xF18A,
    0x3512, 0x19B1,
    0x3514, 0x1144,
    0x3516, 0x8142,
    0x3518, 0x00D2,
    0x351A, 0x0846,
    0x351C, 0x6061,
    0x351E, 0xBDE8,
    0x3520, 0xFE8F,
    0x3522, 0x1648,
    0x3524, 0x90F8,
    0x3526, 0xAB02,
    0x3528, 0x7047,
    0x352A, 0x70B5,
    0x352C, 0x1449,
    0x352E, 0x0020,
    0x3530, 0x0022,
    0x3532, 0x81F8,
    0x3534, 0x2B0B,
    0x3536, 0x1348,
    0x3538, 0xD0F8,
    0x353A, 0x8040,
    0x353C, 0x200C,
    0x353E, 0xA1B2,
    0x3540, 0x0546,
    0x3542, 0x00F0,
    0x3544, 0x45F8,
    0x3546, 0x00F0,
    0x3548, 0x14FA,
    0x354A, 0xA1B2,
    0x354C, 0x2846,
    0x354E, 0xBDE8,
    0x3550, 0x7040,
    0x3552, 0x0122,
    0x3554, 0x00F0,
    0x3556, 0x3CB8,
    0x3558, 0x0849,
    0x355A, 0x0020,
    0x355C, 0xA1F8,
    0x355E, 0xAC02,
    0x3560, 0x0A48,
    0x3562, 0x0949,
    0x3564, 0x8160,
    0x3566, 0x0A49,
    0x3568, 0xC0F8,
    0x356A, 0xAC10,
    0x356C, 0xAFF6,
    0x356E, 0x0521,
    0x3570, 0x0160,
    0x3572, 0xAFF6,
    0x3574, 0xFD11,
    0x3576, 0xC0F8,
    0x3578, 0xB410,
    0x357A, 0x7047,
    0x357C, 0x2002,
    0x357E, 0xDDD0,
    0x3580, 0x2001,
    0x3582, 0x6F70,
    0x3584, 0x2001,
    0x3586, 0x8610,
    0x3588, 0x2002,
    0x358A, 0x18B9,
    0x358C, 0x2001,
    0x358E, 0x4FB0,
    0x3590, 0x2002,
    0x3592, 0x20B7,
    0x3594, 0x48F6,
    0x3596, 0x315C,
    0x3598, 0xC0F2,
    0x359A, 0x020C,
    0x359C, 0x6047,
    0x359E, 0x45F6,
    0x35A0, 0x1B0C,
    0x35A2, 0xC0F2,
    0x35A4, 0x010C,
    0x35A6, 0x6047,
    0x35A8, 0x45F2,
    0x35AA, 0xB34C,
    0x35AC, 0xC0F2,
    0x35AE, 0x000C,
    0x35B0, 0x6047,
    0x35B2, 0x45F2,
    0x35B4, 0x235C,
    0x35B6, 0xC0F2,
    0x35B8, 0x000C,
    0x35BA, 0x6047,
    0x35BC, 0x45F2,
    0x35BE, 0x475C,
    0x35C0, 0xC0F2,
    0x35C2, 0x000C,
    0x35C4, 0x6047,
    0x35C6, 0x45F2,
    0x35C8, 0x957C,
    0x35CA, 0xC0F2,
    0x35CC, 0x010C,
    0x35CE, 0x6047,
    0x35D0, 0x4EF6,
    0x35D2, 0x634C,
    0x35D4, 0xC0F2,
    0x35D6, 0x010C,
    0x35D8, 0x6047,
    0x35DA, 0x46F6,
    0x35DC, 0x790C,
    0x35DE, 0xC0F2,
    0x35E0, 0x000C,
    0x35E2, 0x6047,
    0x35E4, 0x4BF6,
    0x35E6, 0x814C,
    0x35E8, 0xC0F2,
    0x35EA, 0x010C,
    0x35EC, 0x6047,
    0x35EE, 0x48F2,
    0x35F0, 0x415C,
    0x35F2, 0xC0F2,
    0x35F4, 0x020C,
    0x35F6, 0x6047,
    0x35F8, 0x40F2,
    0x35FA, 0x4F6C,
    0x35FC, 0xC0F2,
    0x35FE, 0x030C,
    0x3600, 0x6047,
    0x3602, 0x40F2,
    0x3604, 0x476C,
    0x3606, 0xC0F2,
    0x3608, 0x030C,
    0x360A, 0x6047,
    0x360C, 0x45F2,
    0x360E, 0xD35C,
    0x3610, 0xC0F2,
    0x3612, 0x010C,
    0x3614, 0x6047,
    0x3616, 0x48F2,
    0x3618, 0x0B4C,
    0x361A, 0xC0F2,
    0x361C, 0x000C,
    0x361E, 0x6047,
    0x3620, 0x45F6,
    0x3622, 0x2D0C,
    0x3624, 0xC0F2,
    0x3626, 0x010C,
    0x3628, 0x6047,
    0x362A, 0x4DF6,
    0x362C, 0xF30C,
    0x362E, 0xC0F2,
    0x3630, 0x020C,
    0x3632, 0x6047,
    0x3634, 0x45F2,
    0x3636, 0xD77C,
    0x3638, 0xC0F2,
    0x363A, 0x010C,
    0x363C, 0x6047,
    0x363E, 0x48F2,
    0x3640, 0xF93C,
    0x3642, 0xC0F2,
    0x3644, 0x010C,
    0x3646, 0x6047,
    0x3648, 0x46F6,
    0x364A, 0x4B6C,
    0x364C, 0xC0F2,
    0x364E, 0x010C,
    0x3650, 0x6047,
    0x3652, 0x45F6,
    0x3654, 0x974C,
    0x3656, 0xC0F2,
    0x3658, 0x010C,
    0x365A, 0x6047,
    0x365C, 0x48F2,
    0x365E, 0x7F3C,
    0x3660, 0xC0F2,
    0x3662, 0x000C,
    0x3664, 0x6047,
    0x3666, 0x48F2,
    0x3668, 0xB55C,
    0x366A, 0xC0F2,
    0x366C, 0x000C,
    0x366E, 0x6047,
    0x3670, 0x4EF6,
    0x3672, 0xCB0C,
    0x3674, 0xC0F2,
    0x3676, 0x010C,
    0x3678, 0x6047,
    0x367A, 0x4BF6,
    0x367C, 0x793C,
    0x367E, 0xC0F2,
    0x3680, 0x010C,
    0x3682, 0x6047,
    0x3684, 0x45F2,
    0x3686, 0x7D7C,
    0x3688, 0xC0F2,
    0x368A, 0x010C,
    0x368C, 0x6047,
    0x368E, 0x48F2,
    0x3690, 0x2D2C,
    0x3692, 0xC0F2,
    0x3694, 0x000C,
    0x3696, 0x6047,
    0x3698, 0x48F2,
    0x369A, 0xEF3C,
    0x369C, 0xC0F2,
    0x369E, 0x010C,
    0x36A0, 0x6047,
    0x36A2, 0x4FF6,
    0x36A4, 0x392C,
    0x36A6, 0xC0F2,
    0x36A8, 0x020C,
    0x36AA, 0x6047,
    0x36AC, 0x4DF6,
    0x36AE, 0x537C,
    0x36B0, 0xC0F2,
    0x36B2, 0x020C,
    0x36B4, 0x6047,
    0x36B6, 0x49F2,
    0x36B8, 0x4D5C,
    0x36BA, 0xC0F2,
    0x36BC, 0x020C,
    0x36BE, 0x6047,
    0x36C0, 0x4EF6,
    0x36C2, 0x1D2C,
    0x36C4, 0xC0F2,
    0x36C6, 0x010C,
    0x36C8, 0x6047,
    0x36CA, 0x4CF2,
    0x36CC, 0x513C,
    0x36CE, 0xC0F2,
    0x36D0, 0x000C,
    0x36D2, 0x6047,
    0x36D4, 0x4DF2,
    0x36D6, 0xAD4C,
    0x36D8, 0xC0F2,
    0x36DA, 0x020C,
    0x36DC, 0x6047,
    0x36DE, 0x4BF6,
    0x36E0, 0x234C,
    0x36E2, 0xC0F2,
    0x36E4, 0x010C,
    0x36E6, 0x6047,
    0x36E8, 0x4CF2,
    0x36EA, 0x913C,
    0x36EC, 0xC0F2,
    0x36EE, 0x010C,
    0x36F0, 0x6047,
    0x36F2, 0x4DF2,
    0x36F4, 0x850C,
    0x36F6, 0xC0F2,
    0x36F8, 0x010C,
    0x36FA, 0x6047,
    0x36FC, 0x4DF2,
    0x36FE, 0x412C,
    0x3700, 0xC0F2,
    0x3702, 0x010C,
    0x3704, 0x6047,
    0x3706, 0x42F6,
    0x3708, 0x930C,
    0x370A, 0xC0F2,
    0x370C, 0x020C,
    0x370E, 0x6047,
    0x3710, 0x4DF2,
    0x3712, 0x430C,
    0x3714, 0xC0F2,
    0x3716, 0x020C,
    0x3718, 0x6047,
    0x371A, 0x45F2,
    0x371C, 0xE36C,
    0x371E, 0xC0F2,
    0x3720, 0x010C,
    0x3722, 0x6047,
    0x3724, 0x4EF6,
    0x3726, 0x774C,
    0x3728, 0xC0F2,
    0x372A, 0x010C,
    0x372C, 0x6047,
    0x372E, 0x4EF6,
    0x3730, 0xCB4C,
    0x3732, 0xC0F2,
    0x3734, 0x010C,
    0x3736, 0x6047,
    0x3738, 0x49F2,
    0x373A, 0xBD5C,
    0x373C, 0xC0F2,
    0x373E, 0x020C,
    0x3740, 0x6047,
    0x3742, 0x45F6,
    0x3744, 0xD50C,
    0x3746, 0xC0F2,
    0x3748, 0x010C,
    0x374A, 0x6047,
    0x374C, 0x43F2,
    0x374E, 0xC97C,
    0x3750, 0xC0F2,
    0x3752, 0x020C,
    0x3754, 0x6047,
    0x3756, 0x4FF2,
    0x3758, 0xE97C,
    0x375A, 0xC0F2,
    0x375C, 0x020C,
    0x375E, 0x6047,
    0x3760, 0x42F6,
    0x3762, 0x294C,
    0x3764, 0xC0F2,
    0x3766, 0x020C,
    0x3768, 0x6047,
    0x376A, 0x4EF6,
    0x376C, 0x6D7C,
    0x376E, 0xC0F2,
    0x3770, 0x000C,
    0x3772, 0x6047,
    0x3774, 0x4DF6,
    0x3776, 0x175C,
    0x3778, 0xC0F2,
    0x377A, 0x000C,
    0x377C, 0x6047,
    0x377E, 0x45F6,
    0x3780, 0xD74C,
    0x3782, 0xC0F2,
    0x3784, 0x010C,
    0x3786, 0x6047,
    0x3788, 0x41F6,
    0x378A, 0x254C,
    0x378C, 0xC0F2,
    0x378E, 0x010C,
    0x3790, 0x6047,
    0x3792, 0x4EF2,
    0x3794, 0x1B4C,
    0x3796, 0xC0F2,
    0x3798, 0x000C,
    0x379A, 0x6047,
    0x379C, 0x48F6,
    0x379E, 0x891C,
    0x37A0, 0xC0F2,
    0x37A2, 0x000C,
    0x37A4, 0x6047,
    0x37A6, 0x45F6,
    0x37A8, 0x3D0C,
    0x37AA, 0xC0F2,
    0x37AC, 0x010C,
    0x37AE, 0x6047,
    0x37B0, 0x4EF2,
    0x37B2, 0x615C,
    0x37B4, 0xC0F2,
    0x37B6, 0x020C,
    0x37B8, 0x6047,
    0x37BA, 0x45F6,
    0x37BC, 0x6F4C,
    0x37BE, 0xC0F2,
    0x37C0, 0x010C,
    0x37C2, 0x6047,
    0x37C4, 0x4EF2,
    0x37C6, 0x754C,
    0x37C8, 0xC0F2,
    0x37CA, 0x020C,
    0x37CC, 0x6047,
    0x37CE, 0x4EF6,
    0x37D0, 0x6F0C,
    0x37D2, 0xC0F2,
    0x37D4, 0x010C,
    0x37D6, 0x6047,
    0x37D8, 0x4EF6,
    0x37DA, 0x874C,
    0x37DC, 0xC0F2,
    0x37DE, 0x010C,
    0x37E0, 0x6047,
    0x37E2, 0x45F6,
    0x37E4, 0x950C,
    0x37E6, 0xC0F2,
    0x37E8, 0x010C,
    0x37EA, 0x6047,
    0x37EC, 0x4EF6,
    0x37EE, 0xB50C,
    0x37F0, 0xC0F2,
    0x37F2, 0x010C,
    0x37F4, 0x6047,
    0x37F6, 0x4EF6,
    0x37F8, 0x9F0C,
    0x37FA, 0xC0F2,
    0x37FC, 0x010C,
    0x37FE, 0x6047,
    0x3800, 0x4BF6,
    0x3802, 0xA97C,
    0x3804, 0xC0F2,
    0x3806, 0x030C,
    0x3808, 0x6047,
    0x380A, 0x45F6,
    0x380C, 0x2F5C,
    0x380E, 0xC0F2,
    0x3810, 0x000C,
    0x3812, 0x6047,
    0x3814, 0x45F2,
    0x3816, 0xEB6C,
    0x3818, 0xC0F2,
    0x381A, 0x000C,
    0x381C, 0x6047,
    0x381E, 0x44F6,
    0x3820, 0x993C,
    0x3822, 0xC0F2,
    0x3824, 0x010C,
    0x3826, 0x6047,
    0x3828, 0x45F2,
    0x382A, 0xE16C,
    0x382C, 0xC0F2,
    0x382E, 0x000C,
    0x3830, 0x6047,
    0x3832, 0x45F2,
    0x3834, 0x8F6C,
    0x3836, 0xC0F2,
    0x3838, 0x000C,
    0x383A, 0x6047,
    0x383C, 0x45F2,
    0x383E, 0xA76C,
    0x3840, 0xC0F2,
    0x3842, 0x000C,
    0x3844, 0x6047,
    0x3846, 0x45F6,
    0x3848, 0xFB7C,
    0x384A, 0xC0F2,
    0x384C, 0x000C,
    0x384E, 0x6047,
    0x3850, 0x42F2,
    0x3852, 0x3B0C,
    0x3854, 0xC0F2,
    0x3856, 0x030C,
    0x3858, 0x6047,
    0x385A, 0x4EF6,
    0x385C, 0x974C,
    0x385E, 0xC0F2,
    0x3860, 0x010C,
    0x3862, 0x6047,
    0x3864, 0x4DF6,
    0x3866, 0x0F1C,
    0x3868, 0xC0F2,
    0x386A, 0x020C,
    0x386C, 0x6047,
    0x386E, 0x4DF6,
    0x3870, 0xE90C,
    0x3872, 0xC0F2,
    0x3874, 0x020C,
    0x3876, 0x6047,
    0x3878, 0x4DF2,
    0x387A, 0x1B0C,
    0x387C, 0xC0F2,
    0x387E, 0x010C,
    0x3880, 0x6047,
    0x3882, 0x42F6,
    0x3884, 0x872C,
    0x3886, 0xC0F2,
    0x3888, 0x020C,
    0x388A, 0x6047,
    0x388C, 0x4AF2,
    0x388E, 0xEF7C,
    0x3890, 0xC0F2,
    0x3892, 0x020C,
    0x3894, 0x6047,
    0x3896, 0x45F2,
    0x3898, 0x154C,
    0x389A, 0xC0F2,
    0x389C, 0x010C,
    0x389E, 0x6047,
    0x38A0, 0x4DF6,
    0x38A2, 0x254C,
    0x38A4, 0xC0F2,
    0x38A6, 0x020C,
    0x38A8, 0x6047,
    0x38AA, 0x4FF6,
    0x38AC, 0x795C,
    0x38AE, 0xC0F2,
    0x38B0, 0x020C,
    0x38B2, 0x6047,
    0x38B4, 0x4EF6,
    0x38B6, 0x2D2C,
    0x38B8, 0xC0F2,
    0x38BA, 0x010C,
    0x38BC, 0x6047,
    0x38BE, 0x4DF6,
    0x38C0, 0x354C,
    0x38C2, 0xC0F2,
    0x38C4, 0x020C,
    0x38C6, 0x6047,
    0x38C8, 0x4FF6,
    0x38CA, 0x895C,
    0x38CC, 0xC0F2,
    0x38CE, 0x020C,
    0x38D0, 0x6047,
    0x38D2, 0x4BF2,
    0x38D4, 0x854C,
    0x38D6, 0xC0F2,
    0x38D8, 0x000C,
    0x38DA, 0x6047,
    0x38DC, 0x4CF2,
    0x38DE, 0x092C,
    0x38E0, 0xC0F2,
    0x38E2, 0x030C,
    0x38E4, 0x6047,
    0x38E6, 0x4EF6,
    0x38E8, 0x295C,
    0x38EA, 0xC0F2,
    0x38EC, 0x020C,
    0x38EE, 0x6047,
    0x38F0, 0x4EF2,
    0x38F2, 0xD15C,
    0x38F4, 0xC0F2,
    0x38F6, 0x000C,
    0x38F8, 0x6047,
    0x38FA, 0x40F6,
    0x38FC, 0x013C,
    0x38FE, 0xC0F2,
    0x3900, 0x010C,
    0x3902, 0x6047,
    0x3904, 0x47F2,
    0x3906, 0x635C,
    0x3908, 0xC0F2,
    0x390A, 0x000C,
    0x390C, 0x6047,
    0x390E, 0x45F6,
    0x3910, 0x812C,
    0x3912, 0xC0F2,
    0x3914, 0x010C,
    0x3916, 0x6047,
    0x3918, 0x45F6,
    0x391A, 0xA12C,
    0x391C, 0xC0F2,
    0x391E, 0x010C,
    0x3920, 0x6047,
    0x3922, 0x45F6,
    0x3924, 0x294C,
    0x3926, 0xC0F2,
    0x3928, 0x010C,
    0x392A, 0x6047,
    0x392C, 0x45F6,
    0x392E, 0x314C,
    0x3930, 0xC0F2,
    0x3932, 0x010C,
    0x3934, 0x6047,
    0x3936, 0x48F2,
    0x3938, 0x076C,
    0x393A, 0xC0F2,
    0x393C, 0x000C,
    0x393E, 0x6047,
    0x3940, 0x48F2,
    0x3942, 0x2B7C,
    0x3944, 0xC0F2,
    0x3946, 0x000C,
    0x3948, 0x6047,
    0x394A, 0x45F6,
    0x394C, 0x150C,
    0x394E, 0xC0F2,
    0x3950, 0x010C,
    0x3952, 0x6047,
    0x3954, 0x4FF6,
    0x3956, 0x511C,
    0x3958, 0xC0F2,
    0x395A, 0x020C,
    0x395C, 0x6047,
    0x395E, 0x40F6,
    0x3960, 0x896C,
    0x3962, 0xC0F2,
    0x3964, 0x030C,
    0x3966, 0x6047,
    0x3968, 0x42F2,
    0x396A, 0x534C,
    0x396C, 0xC0F2,
    0x396E, 0x000C,
    0x3970, 0x6047,
    0x3972, 0x40F6,
    0x3974, 0x2D2C,
    0x3976, 0xC0F2,
    0x3978, 0x020C,
    0x397A, 0x6047,
    0x3980, 0x0A48,
    0x3982, 0x10B5,
    0x3984, 0x0849,
    0x3986, 0x0A4A,
    0x3988, 0xC0F8,
    0x398A, 0xF01A,
    0x398C, 0x511A,
    0x398E, 0xC0F8,
    0x3990, 0xF41A,
    0x3992, 0xFFF7,
    0x3994, 0xE1FD,
    0x3996, 0x0748,
    0x3998, 0x0078,
    0x399A, 0x0028,
    0x399C, 0x03D0,
    0x399E, 0xBDE8,
    0x39A0, 0x1040,
    0x39A2, 0x00F0,
    0x39A4, 0x9DBA,
    0x39A6, 0x10BD,
    0x39A8, 0x2002,
    0x39AA, 0x39D0,
    0x39AC, 0x2001,
    0x39AE, 0x6F70,
    0x39B0, 0x2002,
    0x39B2, 0xDDD0,
    0x39B4, 0x2002,
    0x39B6, 0xE08C,
    0x39B8, 0x7047,
    0x39BA, 0x0000,
    0x39BC, 0x0000,
    0x39BE, 0x0000,
    0x39C0, 0x0000,
    0x39C2, 0x0000,
    0x39C4, 0x58E1,
    0x39C6, 0x0ABA,
    0x39C8, 0x0000,
    0x39CA, 0x03FF,
    0x39CC, 0xFBFF,
    0x39CE, 0xFFFF,
    0xFCFC, 0x2000,
    0x3462, 0x0000,
    0xFCFC, 0x2003,
    0x37F0, 0x0000,
    0x37F2, 0x0000,
    0x37F4, 0x0000,
    0x37F6, 0x0000,
    0xFCFC, 0x2001,
    0x4F3E, 0x0032,
    0x4F40, 0x0032,
    0x4F42, 0x0028,
    0x4F44, 0x001E,
    0x4F46, 0x001E,
    0x4F48, 0x001E,
    0x4F50, 0x0032,
    0x4F52, 0x0032,
    0x4F54, 0x0028,
    0x4F56, 0x001E,
    0x4F58, 0x001E,
    0x4F5A, 0x001E,
    0x4F62, 0x0032,
    0x4F64, 0x0032,
    0x4F66, 0x0028,
    0x4F68, 0x001E,
    0x4F6A, 0x001E,
    0x4F6C, 0x001E,
    0x4F74, 0x0032,
    0x4F76, 0x0032,
    0x4F78, 0x0028,
    0x4F7A, 0x001E,
    0x4F7C, 0x001E,
    0x4F7E, 0x001E,
    0x4F86, 0x0050,
    0x4F88, 0x0032,
    0x4F8A, 0x0032,
    0x4F8C, 0x0028,
    0x4F8E, 0x0028,
    0x4F90, 0x0028,
    0x4F98, 0x0001,
    0x4F9A, 0x0001,
    0x4F9C, 0x0001,
    0x4F9E, 0x0001,
    0x4FA0, 0x0001,
    0x4FA2, 0x0001,
    0x4FA4, 0x0001,
    0x49B0, 0x0258,
    0x49B2, 0x0258,
    0x49B4, 0x0258,
    0x49B6, 0x0258,
    0x49B8, 0x0258,
    0x49BA, 0x0258,
    0x49BC, 0x0258,
    0x49C2, 0x0190,
    0x49C4, 0x0190,
    0x49C6, 0x0190,
    0x49C8, 0x0190,
    0x49CA, 0x0190,
    0x49CC, 0x0190,
    0x49CE, 0x0190,
    0x49D4, 0x01F4,
    0x49D6, 0x01F4,
    0x49D8, 0x01F4,
    0x49DA, 0x01F4,
    0x49DC, 0x01F4,
    0x49DE, 0x01F4,
    0x49E0, 0x01F4,
    0x2DEE, 0xB403,
    0x2E0C, 0x0101,
    0x4BDE, 0x001A,
    0x4BE0, 0x001A,
    0x4BE2, 0x001A,
    0x4BE4, 0x001A,
    0x4BE6, 0x001A,
    0x4BE8, 0x001A,
    0x4BEA, 0x001A,
    0x49E6, 0x0004,
    0x49E8, 0x0004,
    0x49EA, 0x0004,
    0x49EC, 0x0004,
    0x49EE, 0x0004,
    0x49F0, 0x0004,
    0x49F2, 0x0004,
    0x49F8, 0x000A,
    0x49FA, 0x000A,
    0x49FC, 0x000A,
    0x49FE, 0x000A,
    0x4A00, 0x000A,
    0x4A02, 0x000A,
    0x4A04, 0x000A,
    0x4A0A, 0x0014,
    0x4A0C, 0x0014,
    0x4A0E, 0x0014,
    0x4A10, 0x0014,
    0x4A12, 0x0014,
    0x4A14, 0x0014,
    0x4A16, 0x0014,
    0x4A1C, 0x001E,
    0x4A1E, 0x001E,
    0x4A20, 0x001E,
    0x4A22, 0x001E,
    0x4A24, 0x001E,
    0x4A26, 0x001E,
    0x4A28, 0x001E,
    0x4A2E, 0x0032,
    0x4A30, 0x0032,
    0x4A32, 0x0032,
    0x4A34, 0x0032,
    0x4A36, 0x0032,
    0x4A38, 0x0032,
    0x4A3A, 0x0032,
    0x4A40, 0x0050,
    0x4A42, 0x0050,
    0x4A44, 0x0050,
    0x4A46, 0x0050,
    0x4A48, 0x0050,
    0x4A4A, 0x0050,
    0x4A4C, 0x0050,
    0xFCFC, 0x2000,
    0x0F24, 0x0300,
    0x0F26, 0x0300,
    0x0F28, 0x0300,
    0x0F08, 0x1F4C,
    0x4864, 0x0704,
    0x4866, 0x0404,
    0xFCFC, 0x2002,
    0xDDD0, 0x0014,
    0xDDE2, 0x0001,
    0xDDE4, 0x0001,
    0xDDE6, 0x0001,
    0xDDE8, 0x0001,
    0xDDEA, 0x0001,
    0xFCFC, 0x2000,
    0x0DFE, 0x0000,
    0xFCFC, 0x2001,
    0x339A, 0x0202,
    0x339C, 0x0200,
    0xFCFC, 0x2000,
    0x356C, 0x0000,
    0xFCFC, 0x2001,
    0x3324, 0x0101,
    0xFCFC, 0x2002,
    0xDE14, 0x00F0,
    0xFCFC, 0x2000,
    0x94FA, 0x0010,
    0xFCFC, 0x2001,
    0x3E3E, 0x0009,
    0x3E5A, 0x000B,
    0xFCFC, 0x2000,
    0x96E0, 0x03FF,
    0xFCFC, 0x2001,
    0x4782, 0x0100,
    0x4784, 0x0100,
    0x4794, 0x00A7,
    0x4796, 0x0000,
    0x490C, 0x0100,
    0x490E, 0x00C4,
    0x4910, 0x017C,
    0x4912, 0x0000,
    0x47DA, 0x0030,
    0x47DC, 0x3700,
    0x47E0, 0x0100,
    0x47E4, 0x0100,
    0x47E8, 0x0100,
    0x47EC, 0x0100,
    0x480A, 0x0020,
    0x480C, 0x0200,
    0x480E, 0x0500,
    0x4810, 0x0A00,
    0x4812, 0x1400,
    0x4814, 0x1E00,
    0x4816, 0x2000,
    0x4818, 0x3E80,
    0x481A, 0x0023,
    0x481C, 0x0023,
    0x481E, 0x002D,
    0x4820, 0x0041,
    0x4822, 0x004B,
    0x4824, 0x0078,
    0x4826, 0x0078,
    0x4828, 0x0078,
    0x482A, 0x0029,
    0x482C, 0x0029,
    0x482E, 0x0035,
    0x4830, 0x004C,
    0x4832, 0x0058,
    0x4834, 0x008D,
    0x4836, 0x008D,
    0x4838, 0x008D,
    0x483A, 0x0023,
    0x483C, 0x0023,
    0x483E, 0x002D,
    0x4840, 0x0041,
    0x4842, 0x004B,
    0x4844, 0x0078,
    0x4846, 0x0078,
    0x4848, 0x0078,
    0x484A, 0x0029,
    0x484C, 0x0029,
    0x484E, 0x0035,
    0x4850, 0x004C,
    0x4852, 0x0058,
    0x4854, 0x008D,
    0x4856, 0x008D,
    0x4858, 0x008D,
    0x485A, 0x0023,
    0x485C, 0x0023,
    0x485E, 0x002D,
    0x4860, 0x0041,
    0x4862, 0x004B,
    0x4864, 0x0078,
    0x4866, 0x0078,
    0x4868, 0x0078,
    0x486A, 0x0029,
    0x486C, 0x0029,
    0x486E, 0x0035,
    0x4870, 0x004C,
    0x4872, 0x0058,
    0x4874, 0x008D,
    0x4876, 0x008D,
    0x4878, 0x008D,
    0x4806, 0x0040,
    0x4808, 0x0040,
    0x4888, 0x0400,
    0x488A, 0x0366,
    0x488C, 0x0333,
    0x488E, 0x029A,
    0x4890, 0x019A,
    0x4892, 0x0133,
    0x4894, 0xFECC,
    0x4896, 0xFFCD,
    0x4898, 0xFFAF,
    0x489A, 0xFFE0,
    0x489C, 0xFFFB,
    0x489E, 0x0400,
    0x48A0, 0x0366,
    0x48A2, 0x0333,
    0x48A4, 0x029A,
    0x48A6, 0x019A,
    0x48A8, 0x0133,
    0x48AA, 0xFECC,
    0x48AC, 0xFFCD,
    0x48AE, 0xFFAF,
    0x48B0, 0xFFE0,
    0x48B2, 0xFFFB,
    0x48B4, 0x0400,
    0x48B6, 0x0366,
    0x48B8, 0x0333,
    0x48BA, 0x029A,
    0x48BC, 0x019A,
    0x48BE, 0x0133,
    0x48C0, 0xFECC,
    0x48C2, 0xFFCD,
    0x48C4, 0xFFAF,
    0x48C6, 0xFFE0,
    0x48C8, 0xFFFB,
    0x48CA, 0x0400,
    0x48CC, 0x0366,
    0x48CE, 0x0333,
    0x48D0, 0x029A,
    0x48D2, 0x019A,
    0x48D4, 0x0133,
    0x48D6, 0xFECC,
    0x48D8, 0xFFCD,
    0x48DA, 0xFFAF,
    0x48DC, 0xFFE0,
    0x48DE, 0xFFFB,
    0x48E0, 0x0400,
    0x48E2, 0x0366,
    0x48E4, 0x0333,
    0x48E6, 0x029A,
    0x48E8, 0x019A,
    0x48EA, 0x0133,
    0x48EC, 0xFECC,
    0x48EE, 0xFFCD,
    0x48F0, 0xFFAF,
    0x48F2, 0xFFE0,
    0x48F4, 0xFFFB,
    0x48F6, 0x0400,
    0x48F8, 0x0366,
    0x48FA, 0x0333,
    0x48FC, 0x029A,
    0x48FE, 0x019A,
    0x4900, 0x0133,
    0x4902, 0xFECC,
    0x4904, 0xFFCD,
    0x4906, 0xFFAF,
    0x4908, 0xFFE0,
    0x490A, 0xFFFB,
    0x4802, 0x0028,
    0x47DE, 0x0080,
    0x47E2, 0x0080,
    0x47E6, 0x0080,
    0x47EA, 0x0080,
    0x47D6, 0x0100,
    0x47D8, 0x0000,
    0x47EE, 0x3840,
    0x47F0, 0x1F40,
    0x47F2, 0x3840,
    0x47F4, 0x1F40,
    0x47F6, 0x3840,
    0x47F8, 0x1F40,
    0x47FA, 0x3840,
    0x47FC, 0x1F40,
    0x487C, 0x0010,
    0x487E, 0x0018,
    0x4880, 0x0028,
    0x4882, 0x0046,
    0x4884, 0x00C4,
    0x4886, 0x0200,
    0x47FE, 0x0032,
    0x4800, 0x0032,
    0x487A, 0x0000,
    0x4804, 0x6400,
    0xFCFC, 0x2000,
    0xA0F0, 0x0001,
    0xA0F2, 0x2EC0,
    0xA0F4, 0x0001,
    0xA0F6, 0x2ED8,
    0xA178, 0x0001,
    0xA17A, 0x2F80,
    0xFCFC, 0x2001,
    0x10F4, 0x0001,
    0x10F6, 0x7588,
    0x10F8, 0x0001,
    0x10FA, 0x777A,
    0x2218, 0x0001,
    0x221A, 0x7A00,
    0x221C, 0x0001,
    0x221E, 0x7A80,
    0xFCFC, 0x2000,
    0xA9D6, 0x9580,
    0xA9D8, 0x9588,
    0xA9DA, 0x9590,
    0x1038, 0x0001,
    0x103A, 0x7580,
    0x1044, 0x0001,
    0x1046, 0x7580,
    0x98FA, 0x0100,
    0x98FC, 0x31A0,
    0x98FE, 0x31B0,
    0x9900, 0x0110,
    0x9902, 0x31B0,
    0x9904, 0x31A0,
    0x9906, 0x3160,
    0x9908, 0x0100,
    0x990A, 0x0110,
    0x990C, 0x3170,
    0x990E, 0x0110,
    0x9910, 0x0100,
    0x9912, 0x31A0,
    0x9914, 0x00C0,
    0x9916, 0x00D0,
    0x9918, 0x31B0,
    0x991A, 0x00D0,
    0x991C, 0x00C0,
    0x991E, 0x31C0,
    0x9920, 0x00A0,
    0x9922, 0x00B0,
    0x9924, 0x31D0,
    0x9926, 0x00B0,
    0x9928, 0x00A0,
    0x992A, 0x3180,
    0x992C, 0x00E0,
    0x992E, 0x00F0,
    0x9930, 0x3190,
    0x9932, 0x00F0,
    0x9934, 0x00E0,
    0x9936, 0x31E0,
    0x9938, 0x0080,
    0x993A, 0x0090,
    0x993C, 0x31F0,
    0x993E, 0x0090,
    0x9940, 0x0080,
    0x9942, 0x0080,
    0x9944, 0x31C0,
    0x9946, 0x31D0,
    0x9948, 0x0090,
    0x994A, 0x31D0,
    0x994C, 0x31C0,
    0x994E, 0x00A0,
    0x9950, 0x31E0,
    0x9952, 0x31F0,
    0x9954, 0x00B0,
    0x9956, 0x31F0,
    0x9958, 0x31E0,
    0x995A, 0x3210,
    0x995C, 0x0010,
    0x995E, 0x0060,
    0x9960, 0x3260,
    0x9962, 0x0060,
    0x9964, 0x0010,
    0x9966, 0x00C0,
    0x9968, 0x3160,
    0x996A, 0x3170,
    0x996C, 0x00D0,
    0x996E, 0x3170,
    0x9970, 0x3160,
    0x9972, 0x00E0,
    0x9974, 0x3180,
    0x9976, 0x3190,
    0x9978, 0x00F0,
    0x997A, 0x3190,
    0x997C, 0x3180,
    0xFCFC, 0x2001,
    0x4BCC, 0x0028,
    0x4BA8, 0x003C,
    0x4C26, 0x0028,
    0x4C02, 0x003C,
    0x4B06, 0x0000,
    0x4C38, 0x0000,
    0x4C3A, 0x0000,
    0x4C3C, 0x0000,
    0x4C3E, 0x0000,
    0x4C40, 0x0000,
    0x4C42, 0x0000,
    0x4C44, 0x0000,
    0x2E78, 0x0001,
    0xFCFC, 0x2000,
    0x96A2, 0x0202,
    0x96A4, 0x0202,
    0x96A6, 0x0404,
    0x96A8, 0x0202,
    0x96AA, 0x0404,
    0x96AC, 0x0606,
    0x96AE, 0x0202,
    0x96B0, 0x0404,
    0x96B2, 0x0606,
    0x4A52, 0x00FF,
    0x487E, 0x0004,
    0x4884, 0x0004,
    0x4848, 0x3080,
    0xFCFC, 0x4000,
    0x0408, 0x0100,
    0x040A, 0x0100,
    0x0400, 0x1010,
    0xFCFC, 0x2000,
    0x491A, 0x0000,
    0xFCFC, 0x2001,
    0x2E64, 0x01FF,
    0xFCFC, 0x2000,
    0xB540, 0x0204,
    0xB420, 0x0002,
    0x4A02, 0x2020,
    0xB424, 0x0202,
    0xB4BA, 0x0004,
    0xB4BC, 0x0001,
    0xB4C0, 0x0092,
    0xB4C2, 0x0058,
    0xB4C4, 0x0013,
    0xB4C6, 0x0001,
    0xB45C, 0x0001,
    0xB45E, 0x0001,
    0xB460, 0x0001,
    0x46FE, 0x0A00,
    0xA174, 0x0100,
    0xB32A, 0x0100,
    0xFCFC, 0x4000,
    0x0BC6, 0x0000,
    0xFCFC, 0x2001,
    0x21EC, 0x0000,
    0xFCFC, 0x2000,
    0x0F6E, 0x0001,
    0x0F32, 0x7F00,
    0x4858, 0x0102,
    0xFCFC, 0x2002,
    0xDE1A, 0x0003,
    0xFCFC, 0x2000,
    0x8FF2, 0x0000,
    0x99A2, 0x0100,
    0x8FEC, 0x5C2C,
    0x8FEE, 0x7F30,
    0xFCFC, 0x2002,
    0xDDFC, 0x01D5,
    0xDDFE, 0x463A,
    0xDE00, 0x0040,
    0xFCFC, 0x2000,
    0xA1B0, 0x4C67,
    0xA1B2, 0x4C67,
    0xA1B4, 0x4C67,
    0xA1B6, 0x4C67,
    0xA1B8, 0x4C67,
    0xA1BA, 0x4C67,
    0xA1BC, 0x4C67,
    0xA1BE, 0xB076,
    0xA1C0, 0xD076,
    0xA1C2, 0x8076,
    0xA1C6, 0xB076,
    0xA1C8, 0xD076,
    0xA1CA, 0x8076,
    0xA23C, 0x4C67,
    0xA23E, 0x4C67,
    0xA240, 0x4C67,
    0xA242, 0x4C67,
    0xA244, 0x4C67,
    0xA246, 0x4C67,
    0xA248, 0x4C67,
    0xA24A, 0xB076,
    0xA24C, 0xD076,
    0xA24E, 0x8076,
    0xA250, 0xBC76,
    0xA252, 0xB076,
    0xA254, 0xD076,
    0xA256, 0x8076,
    0xFCFC, 0x2002,
    0xDE10, 0x001C,
    0xDE12, 0x001C,
    0xFCFC, 0x2001,
    0x34B2, 0x0100,
    0x350E, 0x0006,
    0x3510, 0x0000,
    0x3512, 0x0001,
    0x3514, 0x0001,
    0x3556, 0x0001,
    0x3558, 0x0001,
    0x34B6, 0x0100,
    0x3508, 0x0000,
    0x350A, 0xFFFF,
    0x3716, 0x0006,
    0x3718, 0x0000,
    0x371A, 0x0001,
    0x371C, 0x0001,
    0x375E, 0x0001,
    0x3760, 0x0001,
    0x3710, 0x0000,
    0x3712, 0xFFFF,
    0x391E, 0x0006,
    0x3920, 0x0000,
    0x3922, 0x0001,
    0x3924, 0x0001,
    0x3966, 0x0001,
    0x3968, 0x0001,
    0x3918, 0x0000,
    0x391A, 0xFFFF,
    0xFCFC, 0x2000,
    0xA524, 0x001E,
    0xA532, 0x0000,
    0xA544, 0x0000,
    0xA552, 0x0001,
    0xA518, 0x0000,
    0xA526, 0x001E,
    0xA534, 0x0000,
    0xA546, 0x0000,
    0xA554, 0x0001,
    0xA51A, 0x0000,
    0xA528, 0x001E,
    0xA536, 0x0000,
    0xA548, 0x0000,
    0xA556, 0x0001,
    0xA51C, 0x0000,
    0xA52A, 0x001E,
    0xA538, 0x0000,
    0xA52C, 0x001E,
    0xA53A, 0x0000,
    0xFCFC, 0x4000,
    0x8E38, 0x001F,
    0x8E3C, 0x0005,
    0x8E3E, 0x0005,
    0x8E40, 0x0005,
    0x8E42, 0x0005,
    0x8E44, 0x0005,
    0x8E48, 0x000D,
    /* Add for vsync */
    0xFCFC, 0x2001,    /* Move to 2001Page */
    0x2F06, 0x0000,    /* SYNC IN Polarity (Falling Edge Detection: 0x0000) */
    0x2F22, 0x0001,    /* SYNC Out Polarity (Active low: 0x0001) */
    0xFCFC, 0x2000,    /* Move to 2000Page */
    0x101E, 0x0300,    /* Master Select GPIO1 */
    0xFCFC, 0x4000,    /* Move to 4000 Page */
    0x0A70, 0x0001,    /* Dual sync enable */
    0x0A72, 0x0100,    /* Master Mode (0100: master  0001: slave) */
    0x0A76, 0x0001,    /* Gradual sync on */
};

static u16 cjtele_init_setting_part3_short[] = {
    0xFCFC, 0x2000,
    0x18B4, 0xFCFC,
    0x18B6, 0xFFFE,
    0x18B8, 0xFCFC,
    0x18BA, 0xFFFE,
    0x18BC, 0xFCFC,
    0x18BE, 0xFFFE,
    0x18C0, 0xFCFC,
    0x18C2, 0xFFFE,
    0x18C4, 0xFCFC,
    0x18C6, 0xFFFE,
    0x18C8, 0xFCFC,
    0x18CA, 0xFFFE,
    0x18CC, 0xFCFC,
    0x18CE, 0xFFFE,
    0x18D0, 0xFCFC,
    0x18D2, 0xFFFE,
    0x1A44, 0x2002,
    0x1A46, 0xE1D0,
    0x1A48, 0x2003,
    0x1A4A, 0x0C82,
    0x1A4C, 0x2003,
    0x1A4E, 0x0D52,
    0x1A50, 0x2003,
    0x1A52, 0x1336,
    0x1A54, 0x2003,
    0x1A56, 0x118C,
    0x1A58, 0x0000,
    0x1A5A, 0x0000,
    0x1A5C, 0x0000,
    0x1A5E, 0x0000,
    0x1A60, 0x0000,
    0x1A62, 0x0000,
    0x1BD4, 0x2002,
    0x1BD6, 0xE1D0,
    0x1BD8, 0x2003,
    0x1BDA, 0x0C82,
    0x1BDC, 0x2003,
    0x1BDE, 0x0D52,
    0x1BE0, 0x2003,
    0x1BE2, 0x1336,
    0x1BE4, 0x2003,
    0x1BE6, 0x118C,
    0x1BE8, 0x0000,
    0x1BEA, 0x0000,
    0x1BEC, 0x0000,
    0x1BEE, 0x0000,
    0x1BF0, 0x0000,
    0x1BF2, 0x0000,
    0x1D64, 0x2002,
    0x1D66, 0xE1D0,
    0x1D68, 0x2002,
    0x1D6A, 0xF78A,
    0x1D6C, 0x2002,
    0x1D6E, 0xFF4C,
    0x1D70, 0x2003,
    0x1D72, 0x0C82,
    0x1D74, 0x2003,
    0x1D76, 0x0D52,
    0x1D78, 0x2003,
    0x1D7A, 0x1336,
    0x1D7C, 0x2003,
    0x1D7E, 0x1206,
    0x1D80, 0x0000,
    0x1D82, 0x0000,
    0x1EF4, 0x2002,
    0x1EF6, 0xE1D0,
    0x1EF8, 0x2002,
    0x1EFA, 0xFB08,
    0x1EFC, 0x2003,
    0x1EFE, 0x0C82,
    0x1F00, 0x2003,
    0x1F02, 0x0D52,
    0x1F04, 0x2003,
    0x1F06, 0x1336,
    0x1F08, 0x2003,
    0x1F0A, 0x118C,
    0x1F0C, 0x2003,
    0x1F0E, 0x124E,
    0x1F10, 0x0000,
    0x1F12, 0x0000,
    0x2084, 0x2002,
    0x2086, 0xE1D0,
    0x2088, 0x2002,
    0x208A, 0xFB08,
    0x208C, 0x2003,
    0x208E, 0x0C82,
    0x2090, 0x2003,
    0x2092, 0x0D52,
    0x2094, 0x2003,
    0x2096, 0x1336,
    0x2098, 0x2003,
    0x209A, 0x118C,
    0x209C, 0x2003,
    0x209E, 0x12C2,
    0x20A0, 0x0000,
    0x20A2, 0x0000,
    0x2214, 0x2002,
    0x2216, 0xE1D0,
    0x2218, 0x2002,
    0x221A, 0xF78A,
    0x221C, 0x2003,
    0x221E, 0x0C82,
    0x2220, 0x2003,
    0x2222, 0x0D52,
    0x2224, 0x2003,
    0x2226, 0x1336,
    0x2228, 0x0000,
    0x222A, 0x0000,
    0x222C, 0x0000,
    0x222E, 0x0000,
    0x2230, 0x0000,
    0x2232, 0x0000,
    0x23A4, 0x2002,
    0x23A6, 0xE1D0,
    0x23A8, 0x2003,
    0x23AA, 0x0C82,
    0x23AC, 0x2003,
    0x23AE, 0x0EBA,
    0x23B0, 0x2003,
    0x23B2, 0x1336,
    0x23B4, 0x2003,
    0x23B6, 0x118C,
    0x23B8, 0x2003,
    0x23BA, 0x17A8,
    0x23BC, 0x0000,
    0x23BE, 0x0000,
    0x23C0, 0x0000,
    0x23C2, 0x0000,
    0x2534, 0x2002,
    0x2536, 0xE1D0,
    0x2538, 0x2002,
    0x253A, 0xF78A,
    0x253C, 0x2003,
    0x253E, 0x0C82,
    0x2540, 0x2003,
    0x2542, 0x0D52,
    0x2544, 0x2003,
    0x2546, 0x1336,
    0x2548, 0x0000,
    0x254A, 0x0000,
    0x254C, 0x0000,
    0x254E, 0x0000,
    0x2550, 0x0000,
    0x2552, 0x0000,
    0x26C4, 0x2002,
    0x26C6, 0xE1D0,
    0x26C8, 0x2002,
    0x26CA, 0xFB08,
    0x26CC, 0x2003,
    0x26CE, 0x0C82,
    0x26D0, 0x2003,
    0x26D2, 0x0D52,
    0x26D4, 0x2003,
    0x26D6, 0x1336,
    0x26D8, 0x2003,
    0x26DA, 0x118C,
    0x26DC, 0x2003,
    0x26DE, 0x124E,
    0x26E0, 0x0000,
    0x26E2, 0x0000,
    0x2854, 0x2002,
    0x2856, 0xE1D0,
    0x2858, 0x2003,
    0x285A, 0x0C82,
    0x285C, 0x2003,
    0x285E, 0x1022,
    0x2860, 0x2003,
    0x2862, 0x1336,
    0x2864, 0x2003,
    0x2866, 0x118C,
    0x2868, 0x2003,
    0x286A, 0x1800,
    0x286C, 0x0000,
    0x286E, 0x0000,
    0x2870, 0x0000,
    0x2872, 0x0000,
    0x29E4, 0x2002,
    0x29E6, 0xE1D0,
    0x29E8, 0x2002,
    0x29EA, 0xF78A,
    0x29EC, 0x2003,
    0x29EE, 0x0C82,
    0x29F0, 0x2003,
    0x29F2, 0x0D52,
    0x29F4, 0x2003,
    0x29F6, 0x1336,
    0x29F8, 0x0000,
    0x29FA, 0x0000,
    0x29FC, 0x0000,
    0x29FE, 0x0000,
    0x2A00, 0x0000,
    0x2A02, 0x0000,
    0x2B74, 0x2002,
    0x2B76, 0xE1D0,
    0x2B78, 0x2002,
    0x2B7A, 0xF17C,
    0x2B7C, 0x2003,
    0x2B7E, 0x0072,
    0x2B80, 0x2003,
    0x2B82, 0x0C82,
    0x2B84, 0x2003,
    0x2B86, 0x0D52,
    0x2B88, 0x2003,
    0x2B8A, 0x1336,
    0x2B8C, 0x2003,
    0x2B8E, 0x1854,
    0x2B90, 0x0000,
    0x2B92, 0x0000,
    0x2D04, 0x2002,
    0x2D06, 0xE1D0,
    0x2D08, 0x2002,
    0x2D0A, 0xF17C,
    0x2D0C, 0x2003,
    0x2D0E, 0x0072,
    0x2D10, 0x2003,
    0x2D12, 0x0C82,
    0x2D14, 0x2003,
    0x2D16, 0x0D52,
    0x2D18, 0x2003,
    0x2D1A, 0x1336,
    0x2D1C, 0x2003,
    0x2D1E, 0x1854,
    0x2D20, 0x2003,
    0x2D22, 0x18FA,
    0x2E94, 0x2002,
    0x2E96, 0xE1D0,
    0x2E98, 0x2002,
    0x2E9A, 0xF78A,
    0x2E9C, 0x2003,
    0x2E9E, 0x0C82,
    0x2EA0, 0x2003,
    0x2EA2, 0x0D52,
    0x2EA4, 0x2003,
    0x2EA6, 0x1336,
    0x2EA8, 0x0000,
    0x2EAA, 0x0000,
    0x2EAC, 0x0000,
    0x2EAE, 0x0000,
    0x2EB0, 0x0000,
    0x2EB2, 0x0000,
    0x3024, 0x2002,
    0x3026, 0xE1D0,
    0x3028, 0x2002,
    0x302A, 0xFB08,
    0x302C, 0x2003,
    0x302E, 0x0C82,
    0x3030, 0x2003,
    0x3032, 0x0D52,
    0x3034, 0x2003,
    0x3036, 0x1336,
    0x3038, 0x2003,
    0x303A, 0x118C,
    0x303C, 0x2003,
    0x303E, 0x124E,
    0x3040, 0x0000,
    0x3042, 0x0000,
    0xFCFC, 0x2003,
    0x0C82, 0xFFFE,
    0x0C84, 0x2000,
    0x0C86, 0xFFFD,
    0x0C88, 0x1004,
    0x0C8A, 0x0000,
    0x0C8C, 0x4718,
    0x0C8E, 0x002C,
    0x0C90, 0x8F40,
    0x0C92, 0x0702,
    0x0C94, 0xB8C4,
    0x0C96, 0x0100,
    0x0C98, 0x0000,
    0x0C9A, 0xFFFE,
    0x0C9C, 0x2001,
    0x0C9E, 0xFFFD,
    0x0CA0, 0x10F0,
    0x0CA2, 0x0200,
    0x0CA4, 0x2C02,
    0x0CA6, 0x0008,
    0x0CA8, 0x2C04,
    0x0CAA, 0x0008,
    0x0CAC, 0x2C06,
    0x0CAE, 0x0000,
    0x0CB0, 0x2C90,
    0x0CB2, 0x0200,
    0x0CB4, 0x2DD0,
    0x0CB6, 0x0000,
    0x0CB8, 0x0000,
    0x0CBA, 0xFFFE,
    0x0CBC, 0x4000,
    0x0CBE, 0xFFFD,
    0x0CC0, 0x0112,
    0x0CC2, 0x0A0A,
    0x0CC4, 0x021E,
    0x0CC6, 0x0000,
    0x0CC8, 0x0720,
    0x0CCA, 0x0001,
    0x0CCC, 0x0724,
    0x0CCE, 0x0000,
    0x0CD0, 0x072C,
    0x0CD2, 0x0800,
    0x0CD4, 0x072E,
    0x0CD6, 0x0300,
    0x0CD8, 0x0000,
    0x0CDA, 0xFFFF,
    0x0CDC, 0x002A,
    0x0CDE, 0x2000,
    0x0CE0, 0xA76E,
    0x0CE2, 0x0180,
    0x0CE4, 0x0200,
    0x0CE6, 0x0300,
    0x0CE8, 0x0400,
    0x0CEA, 0x1E20,
    0x0CEC, 0x2223,
    0x0CEE, 0x2526,
    0x0CF0, 0x2728,
    0x0CF2, 0x292A,
    0x0CF4, 0x2B2C,
    0x0CF6, 0x2C2D,
    0x0CF8, 0x2E2E,
    0x0CFA, 0x2F31,
    0x0CFC, 0x3233,
    0x0CFE, 0x3435,
    0x0D00, 0x3637,
    0x0D02, 0x3739,
    0x0D04, 0x3A3B,
    0x0D06, 0x3B3D,
    0x0D08, 0x3E3E,
    0x0D0A, 0x3F2C,
    0x0D0C, 0xFFFF,
    0x0D0E, 0x001E,
    0x0D10, 0x2001,
    0x0D12, 0x34BC,
    0x0D14, 0x013F,
    0x0D16, 0x017F,
    0x0D18, 0x01BF,
    0x0D1A, 0x01FF,
    0x0D1C, 0x027F,
    0x0D1E, 0x02FF,
    0x0D20, 0x037F,
    0x0D22, 0x03FF,
    0x0D24, 0x05FF,
    0x0D26, 0x07FF,
    0x0D28, 0x09FF,
    0x0D2A, 0x0BFF,
    0x0D2C, 0x0DFF,
    0x0D2E, 0x0FFF,
    0x0D30, 0x3FFF,
    0x0D32, 0xFFFF,
    0x0D34, 0x0012,
    0x0D36, 0x4000,
    0x0D38, 0x0342,
    0x0D3A, 0x1860,
    0x0D3C, 0x0000,
    0x0D3E, 0x0020,
    0x0D40, 0x403C,
    0x0D42, 0x305C,
    0x0D44, 0x1000,
    0x0D46, 0x0C00,
    0x0D48, 0x0008,
    0x0D4A, 0x0008,
    0x0D4C, 0x0000,
    0x0D4E, 0x0000,
    0x0D50, 0x0000,
    0x0D52, 0xFFFE,
    0x0D54, 0x2000,
    0x0D56, 0xFFFD,
    0x0D58, 0xB8F0,
    0x0D5A, 0x0086,
    0x0D5C, 0x0000,
    0x0D5E, 0xFFFF,
    0x0D60, 0x00C8,
    0x0D62, 0x2000,
    0x0D64, 0xB8F0,
    0x0D66, 0x0086,
    0x0D68, 0x0082,
    0x0D6A, 0x00AB,
    0x0D6C, 0x00A1,
    0x0D6E, 0x00D7,
    0x0D70, 0x00AF,
    0x0D72, 0x00CC,
    0x0D74, 0x011D,
    0x0D76, 0x016C,
    0x0D78, 0x0183,
    0x0D7A, 0x005E,
    0x0D7C, 0x004F,
    0x0D7E, 0x007D,
    0x0D80, 0x0079,
    0x0D82, 0x0094,
    0x0D84, 0x0055,
    0x0D86, 0x0088,
    0x0D88, 0x00D7,
    0x0D8A, 0x0122,
    0x0D8C, 0x0157,
    0x0D8E, 0x0089,
    0x0D90, 0x0083,
    0x0D92, 0x0099,
    0x0D94, 0x0076,
    0x0D96, 0x0075,
    0x0D98, 0x003F,
    0x0D9A, 0x005A,
    0x0D9C, 0x009C,
    0x0D9E, 0x00C9,
    0x0DA0, 0x0104,
    0x0DA2, 0x0057,
    0x0DA4, 0x0068,
    0x0DA6, 0x006D,
    0x0DA8, 0x004D,
    0x0DAA, 0x0030,
    0x0DAC, 0xFFF8,
    0x0DAE, 0x0014,
    0x0DB0, 0x004E,
    0x0DB2, 0x007F,
    0x0DB4, 0x00AE,
    0x0DB6, 0xFFDF,
    0x0DB8, 0xFFFC,
    0x0DBA, 0x0009,
    0x0DBC, 0x0000,
    0x0DBE, 0xFFE4,
    0x0DC0, 0xFFA4,
    0x0DC2, 0xFFAA,
    0x0DC4, 0xFFED,
    0x0DC6, 0x0021,
    0x0DC8, 0x0042,
    0x0DCA, 0xFFBF,
    0x0DCC, 0x0007,
    0x0DCE, 0x0005,
    0x0DD0, 0xFFE9,
    0x0DD2, 0xFFC8,
    0x0DD4, 0xFF93,
    0x0DD6, 0xFF97,
    0x0DD8, 0xFFD0,
    0x0DDA, 0xFFF5,
    0x0DDC, 0x0023,
    0x0DDE, 0xFFAC,
    0x0DE0, 0xFFD5,
    0x0DE2, 0xFFC9,
    0x0DE4, 0xFFBD,
    0x0DE6, 0xFF9D,
    0x0DE8, 0xFF77,
    0x0DEA, 0xFF7B,
    0x0DEC, 0xFFAF,
    0x0DEE, 0xFFCF,
    0x0DF0, 0xFFF0,
    0x0DF2, 0xFFAE,
    0x0DF4, 0xFFD2,
    0x0DF6, 0xFFBC,
    0x0DF8, 0xFFAF,
    0x0DFA, 0xFF96,
    0x0DFC, 0xFF6A,
    0x0DFE, 0xFF72,
    0x0E00, 0xFF9F,
    0x0E02, 0xFFC8,
    0x0E04, 0xFFA7,
    0x0E06, 0xFF70,
    0x0E08, 0xFF90,
    0x0E0A, 0xFF7F,
    0x0E0C, 0xFF7A,
    0x0E0E, 0xFF58,
    0x0E10, 0xFF3C,
    0x0E12, 0xFF41,
    0x0E14, 0xFF61,
    0x0E16, 0xFF7B,
    0x0E18, 0xFF5E,
    0x0E1A, 0xFF3C,
    0x0E1C, 0xFF41,
    0x0E1E, 0xFF30,
    0x0E20, 0xFF22,
    0x0E22, 0xFF08,
    0x0E24, 0xFEF4,
    0x0E26, 0xFEF3,
    0x0E28, 0xFF10,
    0x0E2A, 0xFF19,
    0x0E2C, 0xFF00,
    0x0E2E, 0xFFFF,
    0x0E30, 0x0080,
    0x0E32, 0x2000,
    0x0E34, 0xC8A0,
    0x0E36, 0x0000,
    0x0E38, 0x0000,
    0x0E3A, 0x0000,
    0x0E3C, 0x0000,
    0x0E3E, 0x0000,
    0x0E40, 0x0000,
    0x0E42, 0x0000,
    0x0E44, 0x0000,
    0x0E46, 0x0000,
    0x0E48, 0x0000,
    0x0E4A, 0x0000,
    0x0E4C, 0x0000,
    0x0E4E, 0x0000,
    0x0E50, 0x0000,
    0x0E52, 0x0000,
    0x0E54, 0x0000,
    0x0E56, 0x078C,
    0x0E58, 0x0800,
    0x0E5A, 0x0800,
    0x0E5C, 0x0800,
    0x0E5E, 0x078C,
    0x0E60, 0x0800,
    0x0E62, 0x0800,
    0x0E64, 0x0800,
    0x0E66, 0x078C,
    0x0E68, 0x0800,
    0x0E6A, 0x0800,
    0x0E6C, 0x0800,
    0x0E6E, 0x078C,
    0x0E70, 0x0800,
    0x0E72, 0x0800,
    0x0E74, 0x0800,
    0x0E76, 0x078C,
    0x0E78, 0x0800,
    0x0E7A, 0x0800,
    0x0E7C, 0x0800,
    0x0E7E, 0x078C,
    0x0E80, 0x0800,
    0x0E82, 0x0800,
    0x0E84, 0x0800,
    0x0E86, 0x078C,
    0x0E88, 0x0800,
    0x0E8A, 0x0800,
    0x0E8C, 0x0800,
    0x0E8E, 0x078C,
    0x0E90, 0x0800,
    0x0E92, 0x0800,
    0x0E94, 0x0800,
    0x0E96, 0x078C,
    0x0E98, 0x0800,
    0x0E9A, 0x0800,
    0x0E9C, 0x0800,
    0x0E9E, 0x078C,
    0x0EA0, 0x0800,
    0x0EA2, 0x0800,
    0x0EA4, 0x0800,
    0x0EA6, 0x078C,
    0x0EA8, 0x0800,
    0x0EAA, 0x0800,
    0x0EAC, 0x0800,
    0x0EAE, 0x078C,
    0x0EB0, 0x0800,
    0x0EB2, 0x0800,
    0x0EB4, 0x0800,
    0x0EB6, 0x0000,
    0x0EB8, 0x0000,
    0x0EBA, 0xFFFE,
    0x0EBC, 0x2000,
    0x0EBE, 0xFFFD,
    0x0EC0, 0xB8F0,
    0x0EC2, 0x0052,
    0x0EC4, 0x0000,
    0x0EC6, 0xFFFF,
    0x0EC8, 0x00C8,
    0x0ECA, 0x2000,
    0x0ECC, 0xB8F0,
    0x0ECE, 0x0052,
    0x0ED0, 0x004A,
    0x0ED2, 0x0075,
    0x0ED4, 0x0076,
    0x0ED6, 0x0099,
    0x0ED8, 0x005D,
    0x0EDA, 0x008F,
    0x0EDC, 0x00DC,
    0x0EDE, 0x012B,
    0x0EE0, 0x0156,
    0x0EE2, 0x0084,
    0x0EE4, 0x0071,
    0x0EE6, 0x0098,
    0x0EE8, 0x0080,
    0x0EEA, 0x008A,
    0x0EEC, 0x004D,
    0x0EEE, 0x006F,
    0x0EF0, 0x00BA,
    0x0EF2, 0x00EE,
    0x0EF4, 0x0121,
    0x0EF6, 0x0078,
    0x0EF8, 0x0083,
    0x0EFA, 0x0089,
    0x0EFC, 0x006A,
    0x0EFE, 0x005D,
    0x0F00, 0x0025,
    0x0F02, 0x0044,
    0x0F04, 0x0082,
    0x0F06, 0x00AC,
    0x0F08, 0x00E2,
    0x0F0A, 0x0041,
    0x0F0C, 0x004E,
    0x0F0E, 0x005C,
    0x0F10, 0x003C,
    0x0F12, 0x001E,
    0x0F14, 0xFFE1,
    0x0F16, 0xFFF9,
    0x0F18, 0x0035,
    0x0F1A, 0x0066,
    0x0F1C, 0x008B,
    0x0F1E, 0xFFD5,
    0x0F20, 0xFFF7,
    0x0F22, 0x0004,
    0x0F24, 0xFFFC,
    0x0F26, 0xFFE0,
    0x0F28, 0xFFA1,
    0x0F2A, 0xFFA5,
    0x0F2C, 0xFFEB,
    0x0F2E, 0x001E,
    0x0F30, 0x0041,
    0x0F32, 0xFFCA,
    0x0F34, 0x000F,
    0x0F36, 0x000E,
    0x0F38, 0xFFF3,
    0x0F3A, 0xFFCE,
    0x0F3C, 0xFF99,
    0x0F3E, 0xFFA0,
    0x0F40, 0xFFDC,
    0x0F42, 0x0001,
    0x0F44, 0x0027,
    0x0F46, 0xFFA3,
    0x0F48, 0xFFD2,
    0x0F4A, 0xFFD2,
    0x0F4C, 0xFFBC,
    0x0F4E, 0xFF9D,
    0x0F50, 0xFF73,
    0x0F52, 0xFF77,
    0x0F54, 0xFFAA,
    0x0F56, 0xFFC9,
    0x0F58, 0xFFF8,
    0x0F5A, 0xFFBF,
    0x0F5C, 0xFFE3,
    0x0F5E, 0xFFCA,
    0x0F60, 0xFFC2,
    0x0F62, 0xFFA9,
    0x0F64, 0xFF7B,
    0x0F66, 0xFF87,
    0x0F68, 0xFFB9,
    0x0F6A, 0xFFDF,
    0x0F6C, 0xFFD3,
    0x0F6E, 0xFF8D,
    0x0F70, 0xFFB1,
    0x0F72, 0xFFA2,
    0x0F74, 0xFF94,
    0x0F76, 0xFF76,
    0x0F78, 0xFF52,
    0x0F7A, 0xFF57,
    0x0F7C, 0xFF80,
    0x0F7E, 0xFFA0,
    0x0F80, 0xFF82,
    0x0F82, 0xFF69,
    0x0F84, 0xFF7D,
    0x0F86, 0xFF6F,
    0x0F88, 0xFF6C,
    0x0F8A, 0xFF49,
    0x0F8C, 0xFF2F,
    0x0F8E, 0xFF38,
    0x0F90, 0xFF54,
    0x0F92, 0xFF6D,
    0x0F94, 0xFF50,
    0x0F96, 0xFFFF,
    0x0F98, 0x0080,
    0x0F9A, 0x2000,
    0x0F9C, 0xC8A0,
    0x0F9E, 0x0000,
    0x0FA0, 0x0000,
    0x0FA2, 0x0000,
    0x0FA4, 0x0000,
    0x0FA6, 0x0000,
    0x0FA8, 0x0000,
    0x0FAA, 0x0000,
    0x0FAC, 0x0000,
    0x0FAE, 0x0000,
    0x0FB0, 0x0000,
    0x0FB2, 0x0000,
    0x0FB4, 0x0000,
    0x0FB6, 0x0000,
    0x0FB8, 0x0000,
    0x0FBA, 0x0000,
    0x0FBC, 0x0000,
    0x0FBE, 0x06FB,
    0x0FC0, 0x0800,
    0x0FC2, 0x0800,
    0x0FC4, 0x0800,
    0x0FC6, 0x06FB,
    0x0FC8, 0x0800,
    0x0FCA, 0x0800,
    0x0FCC, 0x0800,
    0x0FCE, 0x06FB,
    0x0FD0, 0x0800,
    0x0FD2, 0x0800,
    0x0FD4, 0x0800,
    0x0FD6, 0x06FB,
    0x0FD8, 0x0800,
    0x0FDA, 0x0800,
    0x0FDC, 0x0800,
    0x0FDE, 0x06FB,
    0x0FE0, 0x0800,
    0x0FE2, 0x0800,
    0x0FE4, 0x0800,
    0x0FE6, 0x06FB,
    0x0FE8, 0x0800,
    0x0FEA, 0x0800,
    0x0FEC, 0x0800,
    0x0FEE, 0x06FB,
    0x0FF0, 0x0800,
    0x0FF2, 0x0800,
    0x0FF4, 0x0800,
    0x0FF6, 0x06FB,
    0x0FF8, 0x0800,
    0x0FFA, 0x0800,
    0x0FFC, 0x0800,
    0x0FFE, 0x06FB,
    0x1000, 0x0800,
    0x1002, 0x0800,
    0x1004, 0x0800,
    0x1006, 0x06FB,
    0x1008, 0x0800,
    0x100A, 0x0800,
    0x100C, 0x0800,
    0x100E, 0x06FB,
    0x1010, 0x0800,
    0x1012, 0x0800,
    0x1014, 0x0800,
    0x1016, 0x06FB,
    0x1018, 0x0800,
    0x101A, 0x0800,
    0x101C, 0x0800,
    0x101E, 0x0000,
    0x1020, 0x0000,
    0x1022, 0xFFFE,
    0x1024, 0x2000,
    0x1026, 0xFFFD,
    0x1028, 0xB8F0,
    0x102A, 0x0078,
    0x102C, 0x0000,
    0x102E, 0xFFFF,
    0x1030, 0x00C8,
    0x1032, 0x2000,
    0x1034, 0xB8F0,
    0x1036, 0x0078,
    0x1038, 0x0064,
    0x103A, 0x0088,
    0x103C, 0x0080,
    0x103E, 0x009A,
    0x1040, 0x0058,
    0x1042, 0x0086,
    0x1044, 0x00D1,
    0x1046, 0x0116,
    0x1048, 0x0148,
    0x104A, 0x008D,
    0x104C, 0x007D,
    0x104E, 0x009C,
    0x1050, 0x007B,
    0x1052, 0x007C,
    0x1054, 0x0042,
    0x1056, 0x0061,
    0x1058, 0x00A6,
    0x105A, 0x00D7,
    0x105C, 0x0116,
    0x105E, 0x007B,
    0x1060, 0x0083,
    0x1062, 0x0084,
    0x1064, 0x0066,
    0x1066, 0x0050,
    0x1068, 0x001B,
    0x106A, 0x0038,
    0x106C, 0x0076,
    0x106E, 0x00A4,
    0x1070, 0x00D6,
    0x1072, 0x0037,
    0x1074, 0x0043,
    0x1076, 0x0050,
    0x1078, 0x0032,
    0x107A, 0x0012,
    0x107C, 0xFFD5,
    0x107E, 0xFFEB,
    0x1080, 0x0028,
    0x1082, 0x005D,
    0x1084, 0x0086,
    0x1086, 0xFFD9,
    0x1088, 0xFFF6,
    0x108A, 0x0001,
    0x108C, 0xFFFB,
    0x108E, 0xFFDF,
    0x1090, 0xFF9F,
    0x1092, 0xFFA4,
    0x1094, 0xFFE7,
    0x1096, 0x001C,
    0x1098, 0x0043,
    0x109A, 0xFFD0,
    0x109C, 0x0011,
    0x109E, 0x000B,
    0x10A0, 0xFFF3,
    0x10A2, 0xFFCD,
    0x10A4, 0xFF9A,
    0x10A6, 0xFF9E,
    0x10A8, 0xFFDB,
    0x10AA, 0x0003,
    0x10AC, 0x002A,
    0x10AE, 0xFFA5,
    0x10B0, 0xFFDA,
    0x10B2, 0xFFD9,
    0x10B4, 0xFFC1,
    0x10B6, 0xFFA1,
    0x10B8, 0xFF75,
    0x10BA, 0xFF78,
    0x10BC, 0xFFAC,
    0x10BE, 0xFFCB,
    0x10C0, 0x0003,
    0x10C2, 0xFFC0,
    0x10C4, 0xFFDE,
    0x10C6, 0xFFC9,
    0x10C8, 0xFFC1,
    0x10CA, 0xFFA5,
    0x10CC, 0xFF7D,
    0x10CE, 0xFF84,
    0x10D0, 0xFFB9,
    0x10D2, 0xFFE0,
    0x10D4, 0xFFDF,
    0x10D6, 0xFFA4,
    0x10D8, 0xFFC2,
    0x10DA, 0xFFAF,
    0x10DC, 0xFFA0,
    0x10DE, 0xFF83,
    0x10E0, 0xFF5A,
    0x10E2, 0xFF62,
    0x10E4, 0xFF8D,
    0x10E6, 0xFFB2,
    0x10E8, 0xFF9B,
    0x10EA, 0xFF72,
    0x10EC, 0xFF95,
    0x10EE, 0xFF82,
    0x10F0, 0xFF7E,
    0x10F2, 0xFF57,
    0x10F4, 0xFF40,
    0x10F6, 0xFF42,
    0x10F8, 0xFF68,
    0x10FA, 0xFF85,
    0x10FC, 0xFF5F,
    0x10FE, 0xFFFF,
    0x1100, 0x0080,
    0x1102, 0x2000,
    0x1104, 0xC8A0,
    0x1106, 0x0000,
    0x1108, 0x0000,
    0x110A, 0x0000,
    0x110C, 0x0000,
    0x110E, 0x0000,
    0x1110, 0x0000,
    0x1112, 0x0000,
    0x1114, 0x0000,
    0x1116, 0x0000,
    0x1118, 0x0000,
    0x111A, 0x0000,
    0x111C, 0x0000,
    0x111E, 0x0000,
    0x1120, 0x0000,
    0x1122, 0x0000,
    0x1124, 0x0000,
    0x1126, 0x077F,
    0x1128, 0x0800,
    0x112A, 0x0800,
    0x112C, 0x0800,
    0x112E, 0x077F,
    0x1130, 0x0800,
    0x1132, 0x0800,
    0x1134, 0x0800,
    0x1136, 0x077F,
    0x1138, 0x0800,
    0x113A, 0x0800,
    0x113C, 0x0800,
    0x113E, 0x077F,
    0x1140, 0x0800,
    0x1142, 0x0800,
    0x1144, 0x0800,
    0x1146, 0x077F,
    0x1148, 0x0800,
    0x114A, 0x0800,
    0x114C, 0x0800,
    0x114E, 0x077F,
    0x1150, 0x0800,
    0x1152, 0x0800,
    0x1154, 0x0800,
    0x1156, 0x077F,
    0x1158, 0x0800,
    0x115A, 0x0800,
    0x115C, 0x0800,
    0x115E, 0x077F,
    0x1160, 0x0800,
    0x1162, 0x0800,
    0x1164, 0x0800,
    0x1166, 0x077F,
    0x1168, 0x0800,
    0x116A, 0x0800,
    0x116C, 0x0800,
    0x116E, 0x077F,
    0x1170, 0x0800,
    0x1172, 0x0800,
    0x1174, 0x0800,
    0x1176, 0x077F,
    0x1178, 0x0800,
    0x117A, 0x0800,
    0x117C, 0x0800,
    0x117E, 0x077F,
    0x1180, 0x0800,
    0x1182, 0x0800,
    0x1184, 0x0800,
    0x1186, 0x0000,
    0x1188, 0x0000,
    0x118A, 0x0000,
    0x118C, 0xFFFE,
    0x118E, 0x2000,
    0x1190, 0xFFFD,
    0x1192, 0x4BF2,
    0x1194, 0x0060,
    0x1196, 0xA50C,
    0x1198, 0x0065,
    0x119A, 0xA516,
    0x119C, 0x0014,
    0x119E, 0x0000,
    0x11A0, 0xFFFE,
    0x11A2, 0x2001,
    0x11A4, 0xFFFD,
    0x11A6, 0x0336,
    0x11A8, 0x0003,
    0x11AA, 0x033E,
    0x11AC, 0x0003,
    0x11AE, 0x3550,
    0x11B0, 0x00A7,
    0x11B2, 0x3552,
    0x11B4, 0x00A5,
    0x11B6, 0x3554,
    0x11B8, 0x00A5,
    0x11BA, 0x0000,
    0x11BC, 0xFFFF,
    0x11BE, 0x0018,
    0x11C0, 0x2001,
    0x11C2, 0x3516,
    0x11C4, 0x006C,
    0x11C6, 0x006C,
    0x11C8, 0x0060,
    0x11CA, 0x0060,
    0x11CC, 0x0090,
    0x11CE, 0x0097,
    0x11D0, 0x009A,
    0x11D2, 0x008A,
    0x11D4, 0x008A,
    0x11D6, 0x008C,
    0x11D8, 0x00A0,
    0x11DA, 0x00A8,
    0x11DC, 0xFFFF,
    0x11DE, 0x001E,
    0x11E0, 0x2001,
    0x11E2, 0x3530,
    0x11E4, 0x00A7,
    0x11E6, 0x00A5,
    0x11E8, 0x00A5,
    0x11EA, 0x006C,
    0x11EC, 0x006C,
    0x11EE, 0x0060,
    0x11F0, 0x0060,
    0x11F2, 0x0090,
    0x11F4, 0x0097,
    0x11F6, 0x009A,
    0x11F8, 0x008A,
    0x11FA, 0x008A,
    0x11FC, 0x008C,
    0x11FE, 0x00A0,
    0x1200, 0x00A8,
    0x1202, 0x0000,
    0x1204, 0x0000,
    0x1206, 0xFFFE,
    0x1208, 0x2000,
    0x120A, 0xFFFD,
    0x120C, 0xA50C,
    0x120E, 0x0002,
    0x1210, 0xA516,
    0x1212, 0x0208,
    0x1214, 0x0000,
    0x1216, 0xFFFE,
    0x1218, 0x2001,
    0x121A, 0xFFFD,
    0x121C, 0x3516,
    0x121E, 0x007E,
    0x1220, 0x0000,
    0x1222, 0xFFFF,
    0x1224, 0x000C,
    0x1226, 0x2001,
    0x1228, 0x3516,
    0x122A, 0x007E,
    0x122C, 0x0082,
    0x122E, 0x008A,
    0x1230, 0x008C,
    0x1232, 0x0098,
    0x1234, 0x009C,
    0x1236, 0xFFFF,
    0x1238, 0x000C,
    0x123A, 0x2001,
    0x123C, 0x3536,
    0x123E, 0x007E,
    0x1240, 0x0082,
    0x1242, 0x008A,
    0x1244, 0x008C,
    0x1246, 0x0098,
    0x1248, 0x009C,
    0x124A, 0x0000,
    0x124C, 0x0000,
    0x124E, 0xFFFE,
    0x1250, 0x2000,
    0x1252, 0xFFFD,
    0x1254, 0x5290,
    0x1256, 0x0015,
    0x1258, 0xA4FE,
    0x125A, 0x0002,
    0x125C, 0xA50C,
    0x125E, 0x0000,
    0x1260, 0xA516,
    0x1262, 0x0000,
    0x1264, 0x0000,
    0x1266, 0xFFFE,
    0x1268, 0x2001,
    0x126A, 0xFFFD,
    0x126C, 0x0336,
    0x126E, 0xFFF2,
    0x1270, 0x033E,
    0x1272, 0xFFF2,
    0x1274, 0x0000,
    0x1276, 0xFFFF,
    0x1278, 0x0040,
    0x127A, 0x2001,
    0x127C, 0x3516,
    0x127E, 0x006D,
    0x1280, 0x0068,
    0x1282, 0x006F,
    0x1284, 0x0073,
    0x1286, 0x007B,
    0x1288, 0x0084,
    0x128A, 0x0086,
    0x128C, 0x008B,
    0x128E, 0x0090,
    0x1290, 0x0099,
    0x1292, 0x009D,
    0x1294, 0x00A1,
    0x1296, 0x00A0,
    0x1298, 0x00AE,
    0x129A, 0x00B0,
    0x129C, 0x00B5,
    0x129E, 0x006D,
    0x12A0, 0x0068,
    0x12A2, 0x006F,
    0x12A4, 0x0073,
    0x12A6, 0x007B,
    0x12A8, 0x0084,
    0x12AA, 0x0086,
    0x12AC, 0x008B,
    0x12AE, 0x0090,
    0x12B0, 0x0099,
    0x12B2, 0x009D,
    0x12B4, 0x00A1,
    0x12B6, 0x00A0,
    0x12B8, 0x00AE,
    0x12BA, 0x00B0,
    0x12BC, 0x00B5,
    0x12BE, 0x0000,
    0x12C0, 0x0000,
    0x12C2, 0xFFFE,
    0x12C4, 0x2000,
    0x12C6, 0xFFFD,
    0x12C8, 0x5290,
    0x12CA, 0x0015,
    0x12CC, 0xA4FE,
    0x12CE, 0x0002,
    0x12D0, 0xA50C,
    0x12D2, 0x0000,
    0x12D4, 0xA516,
    0x12D6, 0x0000,
    0x12D8, 0x0000,
    0x12DA, 0xFFFE,
    0x12DC, 0x2001,
    0x12DE, 0xFFFD,
    0x12E0, 0x0336,
    0x12E2, 0xFFF2,
    0x12E4, 0x033E,
    0x12E6, 0xFFF2,
    0x12E8, 0x0000,
    0x12EA, 0xFFFF,
    0x12EC, 0x0040,
    0x12EE, 0x2001,
    0x12F0, 0x3516,
    0x12F2, 0x004B,
    0x12F4, 0x004E,
    0x12F6, 0x0055,
    0x12F8, 0x0062,
    0x12FA, 0x006E,
    0x12FC, 0x0076,
    0x12FE, 0x007A,
    0x1300, 0x0080,
    0x1302, 0x0086,
    0x1304, 0x008A,
    0x1306, 0x008E,
    0x1308, 0x0091,
    0x130A, 0x0091,
    0x130C, 0x009C,
    0x130E, 0x00A1,
    0x1310, 0x00A6,
    0x1312, 0x004B,
    0x1314, 0x004E,
    0x1316, 0x0055,
    0x1318, 0x0062,
    0x131A, 0x006E,
    0x131C, 0x0076,
    0x131E, 0x007A,
    0x1320, 0x0080,
    0x1322, 0x0086,
    0x1324, 0x008A,
    0x1326, 0x008E,
    0x1328, 0x0091,
    0x132A, 0x0091,
    0x132C, 0x009C,
    0x132E, 0x00A1,
    0x1330, 0x00A6,
    0x1332, 0x0000,
    0x1334, 0x0000,
    0x1336, 0xFFFE,
    0x1338, 0x2000,
    0x133A, 0xFFFD,
    0x133C, 0x4A5A,
    0x133E, 0xFFF1,
    0x1340, 0x4A5E,
    0x1342, 0x00C8,
    0x1344, 0x4A60,
    0x1346, 0x0001,
    0x1348, 0x4A62,
    0x134A, 0x0001,
    0x134C, 0x4A68,
    0x134E, 0x0007,
    0x1350, 0x4A6C,
    0x1352, 0x0018,
    0x1354, 0x4A6E,
    0x1356, 0x0006,
    0x1358, 0x4A70,
    0x135A, 0x0006,
    0x135C, 0x4A92,
    0x135E, 0xFFFA,
    0x1360, 0x4A96,
    0x1362, 0x0005,
    0x1364, 0x4A98,
    0x1366, 0x0010,
    0x1368, 0x4A9A,
    0x136A, 0x0010,
    0x136C, 0x4AA0,
    0x136E, 0x0020,
    0x1370, 0x4AA4,
    0x1372, 0x000E,
    0x1374, 0x4AA6,
    0x1376, 0x0007,
    0x1378, 0x4AA8,
    0x137A, 0x0007,
    0x137C, 0x4AAA,
    0x137E, 0x0048,
    0x1380, 0x4AC0,
    0x1382, 0x000E,
    0x1384, 0x4AC2,
    0x1386, 0x001E,
    0x1388, 0x4AC4,
    0x138A, 0x002E,
    0x138C, 0x4AC6,
    0x138E, 0x0048,
    0x1390, 0x4AE6,
    0x1392, 0x0010,
    0x1394, 0x4AEA,
    0x1396, 0x0010,
    0x1398, 0x4AEC,
    0x139A, 0x0010,
    0x139C, 0x4AEE,
    0x139E, 0x0010,
    0x13A0, 0x4AF4,
    0x13A2, 0x0008,
    0x13A4, 0x4AF8,
    0x13A6, 0x0004,
    0x13A8, 0x4AFA,
    0x13AA, 0x0008,
    0x13AC, 0x4AFC,
    0x13AE, 0x0008,
    0x13B0, 0x4B56,
    0x13B2, 0x0010,
    0x13B4, 0x4B5A,
    0x13B6, 0x0010,
    0x13B8, 0x4B5C,
    0x13BA, 0x0010,
    0x13BC, 0x4B5E,
    0x13BE, 0x0010,
    0x13C0, 0x4B64,
    0x13C2, 0x0008,
    0x13C4, 0x4B68,
    0x13C6, 0x0004,
    0x13C8, 0x4B6A,
    0x13CA, 0x0008,
    0x13CC, 0x4B6C,
    0x13CE, 0x0008,
    0x13D0, 0x4BC6,
    0x13D2, 0x0010,
    0x13D4, 0x4BCA,
    0x13D6, 0x0010,
    0x13D8, 0x4BCC,
    0x13DA, 0x0010,
    0x13DC, 0x4BCE,
    0x13DE, 0x0010,
    0x13E0, 0x4BD4,
    0x13E2, 0x0008,
    0x13E4, 0x4BD8,
    0x13E6, 0x0004,
    0x13E8, 0x4BDA,
    0x13EA, 0x0008,
    0x13EC, 0x4BDC,
    0x13EE, 0x0008,
    0x13F0, 0x4BE2,
    0x13F2, 0x0003,
    0x13F4, 0x4BE6,
    0x13F6, 0x0008,
    0x13F8, 0x4BE8,
    0x13FA, 0x0003,
    0x13FC, 0x4BEA,
    0x13FE, 0x0003,
    0x1400, 0x4BF0,
    0x1402, 0x004B,
    0x1404, 0x4BF2,
    0x1406, 0x004B,
    0x1408, 0x4BF8,
    0x140A, 0x0060,
    0x140C, 0x4C44,
    0x140E, 0x0001,
    0x1410, 0x4C48,
    0x1412, 0x0014,
    0x1414, 0x4C4A,
    0x1416, 0x0014,
    0x1418, 0x4C4C,
    0x141A, 0x0014,
    0x141C, 0x4C6E,
    0x141E, 0x0001,
    0x1420, 0x4C72,
    0x1422, 0x0007,
    0x1424, 0x4C76,
    0x1426, 0x0004,
    0x1428, 0x4C7C,
    0x142A, 0xFFD0,
    0x142C, 0x4C80,
    0x142E, 0xFFDE,
    0x1430, 0x4C82,
    0x1432, 0xFFCE,
    0x1434, 0x4C84,
    0x1436, 0xFFCE,
    0x1438, 0x4C8E,
    0x143A, 0x0006,
    0x143C, 0x4C90,
    0x143E, 0x0006,
    0x1440, 0x4C92,
    0x1442, 0x0006,
    0x1444, 0x4C98,
    0x1446, 0xFFE0,
    0x1448, 0x4C9C,
    0x144A, 0xFFFD,
    0x144C, 0x4C9E,
    0x144E, 0xFFFF,
    0x1450, 0x4CA0,
    0x1452, 0xFFFF,
    0x1454, 0x4CAA,
    0x1456, 0x0006,
    0x1458, 0x4CB8,
    0x145A, 0x0006,
    0x145C, 0x4CBA,
    0x145E, 0xFFCA,
    0x1460, 0x4CBC,
    0x1462, 0xFFBA,
    0x1464, 0x4CBE,
    0x1466, 0x0000,
    0x1468, 0x4CDE,
    0x146A, 0x0001,
    0x146C, 0x4CE2,
    0x146E, 0x0004,
    0x1470, 0x4CE4,
    0x1472, 0x0001,
    0x1474, 0x4CE6,
    0x1476, 0x0001,
    0x1478, 0x4CEC,
    0x147A, 0x0040,
    0x147C, 0x4CF0,
    0x147E, 0x0040,
    0x1480, 0x4CF2,
    0x1482, 0x0040,
    0x1484, 0x4CF4,
    0x1486, 0x0040,
    0x1488, 0x4CFA,
    0x148A, 0x0001,
    0x148C, 0x4CFE,
    0x148E, 0x0004,
    0x1490, 0x4D00,
    0x1492, 0x0001,
    0x1494, 0x4D02,
    0x1496, 0x0001,
    0x1498, 0x4D08,
    0x149A, 0x0040,
    0x149C, 0x4D0C,
    0x149E, 0x0040,
    0x14A0, 0x4D0E,
    0x14A2, 0x0040,
    0x14A4, 0x4D10,
    0x14A6, 0x0040,
    0x14A8, 0x4D16,
    0x14AA, 0x0001,
    0x14AC, 0x4D1A,
    0x14AE, 0x0004,
    0x14B0, 0x4D1C,
    0x14B2, 0x0001,
    0x14B4, 0x4D1E,
    0x14B6, 0x0001,
    0x14B8, 0x4D24,
    0x14BA, 0x0040,
    0x14BC, 0x4D28,
    0x14BE, 0x0040,
    0x14C0, 0x4D2A,
    0x14C2, 0x0040,
    0x14C4, 0x4D2C,
    0x14C6, 0x0040,
    0x14C8, 0x4DF6,
    0x14CA, 0x0305,
    0x14CC, 0x4DFA,
    0x14CE, 0x0004,
    0x14D0, 0x4DFC,
    0x14D2, 0x0004,
    0x14D4, 0x4DFE,
    0x14D6, 0x0000,
    0x14D8, 0x4E0C,
    0x14DA, 0x0053,
    0x14DC, 0x4E2E,
    0x14DE, 0x012F,
    0x14E0, 0x4E32,
    0x14E2, 0x01E8,
    0x14E4, 0x4E34,
    0x14E6, 0x0351,
    0x14E8, 0x4E36,
    0x14EA, 0x064F,
    0x14EC, 0x4E3C,
    0x14EE, 0x004B,
    0x14F0, 0x4E40,
    0x14F2, 0x0060,
    0x14F4, 0x4E42,
    0x14F6, 0x0060,
    0x14F8, 0x4E44,
    0x14FA, 0x0060,
    0x14FC, 0x4E4A,
    0x14FE, 0x012F,
    0x1500, 0x4E4E,
    0x1502, 0x01E8,
    0x1504, 0x4E50,
    0x1506, 0x0351,
    0x1508, 0x4E52,
    0x150A, 0x064F,
    0x150C, 0x4E58,
    0x150E, 0x004B,
    0x1510, 0x4E5C,
    0x1512, 0x0060,
    0x1514, 0x4E5E,
    0x1516, 0x0060,
    0x1518, 0x4E60,
    0x151A, 0x0060,
    0x151C, 0x4F1C,
    0x151E, 0x001A,
    0x1520, 0x4F20,
    0x1522, 0x0001,
    0x1524, 0x4F22,
    0x1526, 0x0064,
    0x1528, 0x4F24,
    0x152A, 0x0064,
    0x152C, 0x4F2A,
    0x152E, 0x0054,
    0x1530, 0x4F2E,
    0x1532, 0x0342,
    0x1534, 0x4F30,
    0x1536, 0x0080,
    0x1538, 0x4F32,
    0x153A, 0x0080,
    0x153C, 0x4F38,
    0x153E, 0x0052,
    0x1540, 0x4F3C,
    0x1542, 0x0340,
    0x1544, 0x4F3E,
    0x1546, 0x007E,
    0x1548, 0x4F40,
    0x154A, 0x007E,
    0x154C, 0x4F70,
    0x154E, 0x0008,
    0x1550, 0x4F74,
    0x1552, 0x0008,
    0x1554, 0x4F76,
    0x1556, 0x0008,
    0x1558, 0x4F78,
    0x155A, 0x0008,
    0x155C, 0x4F7E,
    0x155E, 0x0008,
    0x1560, 0x4F82,
    0x1562, 0x0008,
    0x1564, 0x4F84,
    0x1566, 0x0008,
    0x1568, 0x4F86,
    0x156A, 0x0008,
    0x156C, 0x50C0,
    0x156E, 0x0024,
    0x1570, 0x50C4,
    0x1572, 0x00F0,
    0x1574, 0x50C6,
    0x1576, 0x0019,
    0x1578, 0x50C8,
    0x157A, 0x0019,
    0x157C, 0x50CE,
    0x157E, 0x0005,
    0x1580, 0x50D2,
    0x1582, 0x00F6,
    0x1584, 0x50D4,
    0x1586, 0x0008,
    0x1588, 0x50D6,
    0x158A, 0x0008,
    0x158C, 0x50E0,
    0x158E, 0x0104,
    0x1590, 0x50EE,
    0x1592, 0x0008,
    0x1594, 0x50F0,
    0x1596, 0x0008,
    0x1598, 0x50F2,
    0x159A, 0x0008,
    0x159C, 0x5118,
    0x159E, 0x0005,
    0x15A0, 0x5214,
    0x15A2, 0x0007,
    0x15A4, 0x528E,
    0x15A6, 0x0016,
    0x15A8, 0x5290,
    0x15AA, 0x0016,
    0x15AC, 0x5292,
    0x15AE, 0x0016,
    0x15B0, 0x5294,
    0x15B2, 0x0016,
    0x15B4, 0x5296,
    0x15B6, 0x0016,
    0x15B8, 0x52A0,
    0x15BA, 0x0029,
    0x15BC, 0x52A2,
    0x15BE, 0x0027,
    0x15C0, 0x52A4,
    0x15C2, 0x0027,
    0x15C4, 0x52BC,
    0x15C6, 0x0036,
    0x15C8, 0x52BE,
    0x15CA, 0x0036,
    0x15CC, 0x52C0,
    0x15CE, 0x0036,
    0x15D0, 0x578C,
    0x15D2, 0x000A,
    0x15D4, 0x578E,
    0x15D6, 0x0004,
    0x15D8, 0x5790,
    0x15DA, 0x0004,
    0x15DC, 0x57CE,
    0x15DE, 0x003E,
    0x15E0, 0x57D2,
    0x15E2, 0x0154,
    0x15E4, 0x57D4,
    0x15E6, 0x0100,
    0x15E8, 0x57D6,
    0x15EA, 0x0100,
    0x15EC, 0x57EE,
    0x15EE, 0x0078,
    0x15F0, 0x57F0,
    0x15F2, 0x0088,
    0x15F4, 0x57F2,
    0x15F6, 0x0088,
    0x15F8, 0x5806,
    0x15FA, 0x00A9,
    0x15FC, 0x580A,
    0x15FE, 0x01E4,
    0x1600, 0x580C,
    0x1602, 0x0158,
    0x1604, 0x580E,
    0x1606, 0x0158,
    0x1608, 0x581A,
    0x160A, 0x00F0,
    0x160C, 0x581C,
    0x160E, 0x00E0,
    0x1610, 0x65BC,
    0x1612, 0x01C1,
    0x1614, 0x65FC,
    0x1616, 0x8000,
    0x1618, 0x65FE,
    0x161A, 0x8000,
    0x161C, 0x6600,
    0x161E, 0x8000,
    0x1620, 0x660A,
    0x1622, 0x8000,
    0x1624, 0x660C,
    0x1626, 0x8000,
    0x1628, 0x660E,
    0x162A, 0x8000,
    0x162C, 0x9996,
    0x162E, 0xA6F1,
    0x1630, 0xA4FE,
    0x1632, 0x0011,
    0x1634, 0xA50C,
    0x1636, 0x0008,
    0x1638, 0xA516,
    0x163A, 0x0258,
    0x163C, 0xA51E,
    0x163E, 0x0000,
    0x1640, 0xA522,
    0x1642, 0x001E,
    0x1644, 0xA530,
    0x1646, 0x0000,
    0x1648, 0xA540,
    0x164A, 0x0000,
    0x164C, 0xA54A,
    0x164E, 0x0000,
    0x1650, 0xA54E,
    0x1652, 0x0001,
    0x1654, 0xA558,
    0x1656, 0x0001,
    0x1658, 0xA55A,
    0x165A, 0x0000,
    0x165C, 0xB8C0,
    0x165E, 0x000A,
    0x1660, 0xB8C2,
    0x1662, 0x000A,
    0x1664, 0xB8CC,
    0x1666, 0x0A0A,
    0x1668, 0xB8EC,
    0x166A, 0x23DE,
    0x166C, 0xB8EE,
    0x166E, 0x2FC3,
    0x1670, 0xC888,
    0x1672, 0x0333,
    0x1674, 0xC890,
    0x1676, 0x007F,
    0x1678, 0xC896,
    0x167A, 0x698F,
    0x167C, 0xC89E,
    0x167E, 0x0004,
    0x1680, 0xE8A2,
    0x1682, 0x0080,
    0x1684, 0xE8AA,
    0x1686, 0x6993,
    0x1688, 0x0000,
    0x168A, 0xFFFE,
    0x168C, 0x2001,
    0x168E, 0xFFFD,
    0x1690, 0x0336,
    0x1692, 0xFFFA,
    0x1694, 0x033E,
    0x1696, 0xFFFA,
    0x1698, 0x2DD6,
    0x169A, 0x0101,
    0x169C, 0x2DD8,
    0x169E, 0x0602,
    0x16A0, 0x2DFE,
    0x16A2, 0x0105,
    0x16A4, 0x3714,
    0x16A6, 0x0000,
    0x16A8, 0x0000,
    0x16AA, 0xFFFE,
    0x16AC, 0x2002,
    0x16AE, 0xFFFD,
    0x16B0, 0xDDFA,
    0x16B2, 0x0216,
    0x16B4, 0xE078,
    0x16B6, 0xFFFF,
    0x16B8, 0x0000,
    0x16BA, 0xFFFF,
    0x16BC, 0x003A,
    0x16BE, 0x2000,
    0x16C0, 0xA734,
    0x16C2, 0x0000,
    0x16C4, 0x0022,
    0x16C6, 0x0024,
    0x16C8, 0x0026,
    0x16CA, 0x0028,
    0x16CC, 0x002A,
    0x16CE, 0x002C,
    0x16D0, 0x002E,
    0x16D2, 0x0030,
    0x16D4, 0x0032,
    0x16D6, 0x0034,
    0x16D8, 0x0036,
    0x16DA, 0x0038,
    0x16DC, 0x003A,
    0x16DE, 0x003C,
    0x16E0, 0x003E,
    0x16E2, 0x0040,
    0x16E4, 0x0048,
    0x16E6, 0x0050,
    0x16E8, 0x0058,
    0x16EA, 0x0060,
    0x16EC, 0x0068,
    0x16EE, 0x0070,
    0x16F0, 0x0078,
    0x16F2, 0x0080,
    0x16F4, 0x00A0,
    0x16F6, 0x00C0,
    0x16F8, 0x00E0,
    0x16FA, 0x0100,
    0x16FC, 0xFFFF,
    0x16FE, 0x0010,
    0x1700, 0x2001,
    0x1702, 0x2BB0,
    0x1704, 0x0100,
    0x1706, 0x0100,
    0x1708, 0x0100,
    0x170A, 0x0100,
    0x170C, 0x0100,
    0x170E, 0x0100,
    0x1710, 0x0100,
    0x1712, 0x0100,
    0x1714, 0xFFFF,
    0x1716, 0x0040,
    0x1718, 0x2001,
    0x171A, 0x3516,
    0x171C, 0x008B,
    0x171E, 0x008C,
    0x1720, 0x0092,
    0x1722, 0x0096,
    0x1724, 0x009D,
    0x1726, 0x00A1,
    0x1728, 0x0053,
    0x172A, 0x006A,
    0x172C, 0x0087,
    0x172E, 0x0090,
    0x1730, 0x0096,
    0x1732, 0x00A4,
    0x1734, 0x00A7,
    0x1736, 0x00AB,
    0x1738, 0x00AE,
    0x173A, 0x00B0,
    0x173C, 0x008B,
    0x173E, 0x008C,
    0x1740, 0x0092,
    0x1742, 0x0096,
    0x1744, 0x009D,
    0x1746, 0x00A1,
    0x1748, 0x0053,
    0x174A, 0x006A,
    0x174C, 0x0087,
    0x174E, 0x0090,
    0x1750, 0x0096,
    0x1752, 0x00A4,
    0x1754, 0x00A7,
    0x1756, 0x00AB,
    0x1758, 0x00AE,
    0x175A, 0x00B0,
    0x175C, 0xFFFF,
    0x175E, 0x0040,
    0x1760, 0x2001,
    0x1762, 0x371E,
    0x1764, 0x0030,
    0x1766, 0x0035,
    0x1768, 0x0037,
    0x176A, 0x0044,
    0x176C, 0x0047,
    0x176E, 0x0054,
    0x1770, 0x0057,
    0x1772, 0x005B,
    0x1774, 0x005D,
    0x1776, 0x005E,
    0x1778, 0x0060,
    0x177A, 0x0062,
    0x177C, 0x005E,
    0x177E, 0x0064,
    0x1780, 0x0068,
    0x1782, 0x006A,
    0x1784, 0x0030,
    0x1786, 0x0035,
    0x1788, 0x0037,
    0x178A, 0x0044,
    0x178C, 0x0047,
    0x178E, 0x0054,
    0x1790, 0x0057,
    0x1792, 0x005B,
    0x1794, 0x005D,
    0x1796, 0x005E,
    0x1798, 0x0060,
    0x179A, 0x0062,
    0x179C, 0x005E,
    0x179E, 0x0064,
    0x17A0, 0x0068,
    0x17A2, 0x006A,
    0x17A4, 0x0000,
    0x17A6, 0x0000,
    0x17A8, 0xFFFE,
    0x17AA, 0x2001,
    0x17AC, 0xFFFD,
    0x17AE, 0x351A,
    0x17B0, 0x0070,
    0x17B2, 0x0000,
    0x17B4, 0xFFFF,
    0x17B6, 0x001C,
    0x17B8, 0x2001,
    0x17BA, 0x351A,
    0x17BC, 0x0070,
    0x17BE, 0x0070,
    0x17C0, 0x0088,
    0x17C2, 0x0091,
    0x17C4, 0x0092,
    0x17C6, 0x0092,
    0x17C8, 0x0090,
    0x17CA, 0x0090,
    0x17CC, 0x008F,
    0x17CE, 0x0098,
    0x17D0, 0x009D,
    0x17D2, 0x009D,
    0x17D4, 0x009D,
    0x17D6, 0x009E,
    0x17D8, 0xFFFF,
    0x17DA, 0x001C,
    0x17DC, 0x2001,
    0x17DE, 0x353A,
    0x17E0, 0x0070,
    0x17E2, 0x0070,
    0x17E4, 0x0088,
    0x17E6, 0x0091,
    0x17E8, 0x0092,
    0x17EA, 0x0092,
    0x17EC, 0x0090,
    0x17EE, 0x0090,
    0x17F0, 0x008F,
    0x17F2, 0x0098,
    0x17F4, 0x009D,
    0x17F6, 0x009D,
    0x17F8, 0x009D,
    0x17FA, 0x009E,
    0x17FC, 0x0000,
    0x17FE, 0x0000,
    0x1800, 0xFFFE,
    0x1802, 0x2001,
    0x1804, 0xFFFD,
    0x1806, 0x3516,
    0x1808, 0x0070,
    0x180A, 0x0000,
    0x180C, 0xFFFF,
    0x180E, 0x003C,
    0x1810, 0x2001,
    0x1812, 0x3516,
    0x1814, 0x0074,
    0x1816, 0x007A,
    0x1818, 0x007A,
    0x181A, 0x007C,
    0x181C, 0x009A,
    0x181E, 0x009F,
    0x1820, 0x00A2,
    0x1822, 0x00A6,
    0x1824, 0x00A7,
    0x1826, 0x00A3,
    0x1828, 0x00A1,
    0x182A, 0x00AA,
    0x182C, 0x00AE,
    0x182E, 0x00B2,
    0x1830, 0x00A5,
    0x1832, 0x00A5,
    0x1834, 0x0074,
    0x1836, 0x007A,
    0x1838, 0x007A,
    0x183A, 0x007C,
    0x183C, 0x009A,
    0x183E, 0x009F,
    0x1840, 0x00A2,
    0x1842, 0x00A6,
    0x1844, 0x00A7,
    0x1846, 0x00A3,
    0x1848, 0x00A1,
    0x184A, 0x00AA,
    0x184C, 0x00AE,
    0x184E, 0x00B2,
    0x1850, 0x0000,
    0x1852, 0x0000,
    0x1854, 0xFFFE,
    0x1856, 0x2000,
    0x1858, 0xFFFD,
    0x185A, 0x4AAA,
    0x185C, 0x0006,
    0x185E, 0x4AC6,
    0x1860, 0x000E,
    0x1862, 0x4BF2,
    0x1864, 0x0060,
    0x1866, 0x4CBE,
    0x1868, 0x0002,
    0x186A, 0x5290,
    0x186C, 0x0015,
    0x186E, 0x65BC,
    0x1870, 0x81A9,
    0x1872, 0x9996,
    0x1874, 0xA6FD,
    0x1876, 0xA50C,
    0x1878, 0x0172,
    0x187A, 0xA516,
    0x187C, 0x0000,
    0x187E, 0xA51E,
    0x1880, 0x0546,
    0x1882, 0xA54A,
    0x1884, 0x0005,
    0x1886, 0xA558,
    0x1888, 0x0055,
    0x188A, 0xA55A,
    0x188C, 0x0001,
    0x188E, 0x0000,
    0x1890, 0xFFFE,
    0x1892, 0x2001,
    0x1894, 0xFFFD,
    0x1896, 0x0336,
    0x1898, 0x0006,
    0x189A, 0x033E,
    0x189C, 0x0006,
    0x189E, 0x3516,
    0x18A0, 0x008A,
    0x18A2, 0x3518,
    0x18A4, 0x008E,
    0x18A6, 0x351A,
    0x18A8, 0x0093,
    0x18AA, 0x3714,
    0x18AC, 0x000B,
    0x18AE, 0x0000,
    0x18B0, 0xFFFF,
    0x18B2, 0x001E,
    0x18B4, 0x2001,
    0x18B6, 0x351E,
    0x18B8, 0x0094,
    0x18BA, 0x0091,
    0x18BC, 0x0090,
    0x18BE, 0x008C,
    0x18C0, 0x008D,
    0x18C2, 0x008F,
    0x18C4, 0x008C,
    0x18C6, 0x0087,
    0x18C8, 0x0083,
    0x18CA, 0x0081,
    0x18CC, 0x0085,
    0x18CE, 0x0081,
    0x18D0, 0x008A,
    0x18D2, 0x008E,
    0x18D4, 0x0093,
    0x18D6, 0xFFFF,
    0x18D8, 0x0018,
    0x18DA, 0x2001,
    0x18DC, 0x353E,
    0x18DE, 0x0094,
    0x18E0, 0x0091,
    0x18E2, 0x0090,
    0x18E4, 0x008C,
    0x18E6, 0x008D,
    0x18E8, 0x008F,
    0x18EA, 0x008C,
    0x18EC, 0x0087,
    0x18EE, 0x0083,
    0x18F0, 0x0081,
    0x18F2, 0x0085,
    0x18F4, 0x0081,
    0x18F6, 0x0000,
    0x18F8, 0x0000,
    0x18FA, 0xFFFE,
    0x18FC, 0x2000,
    0x18FE, 0xFFFD,
    0x1900, 0xA4FE,
    0x1902, 0x0022,
    0x1904, 0xA50C,
    0x1906, 0x0003,
    0x1908, 0xA51E,
    0x190A, 0x0570,
    0x190C, 0x0000,
    0x190E, 0xFFFE,
    0x1910, 0x2001,
    0x1912, 0xFFFD,
    0x1914, 0x352A,
    0x1916, 0x008F,
    0x1918, 0x352C,
    0x191A, 0x008C,
    0x191C, 0x352E,
    0x191E, 0x0087,
    0x1920, 0x3530,
    0x1922, 0x0083,
    0x1924, 0x3532,
    0x1926, 0x0081,
    0x1928, 0x354A,
    0x192A, 0x008F,
    0x192C, 0x354C,
    0x192E, 0x008C,
    0x1930, 0x354E,
    0x1932, 0x0087,
    0x1934, 0x3550,
    0x1936, 0x0083,
    0x1938, 0x3552,
    0x193A, 0x0081,
    0x193C, 0x0000,
    0x193E, 0x0000,
    0x1940, 0x0000,
    0x1942, 0x0000,
    0xFCFC, 0x4000,
    0x0B30, 0x01FF,
    0xFCFC, 0x4000,
    0x8E38, 0x001F,
    0x8E3C, 0x0005,
    0x8E3E, 0x0005,
    0x8E40, 0x0005,
    0x8E42, 0x0005,
    0x8E44, 0x0005,
    0x8E48, 0x000D,
	/* Add for vsync */
	0xFCFC, 0x2001,    /* Move to 2001Page */
	0x2F06, 0x0000,    /* SYNC IN Polarity (Falling Edge Detection: 0x0000) */
	0x2F22, 0x0001,    /* SYNC Out Polarity (Active low: 0x0001) */
	0xFCFC, 0x2000,    /* Move to 2000Page */
	0x101E, 0x0300,    /* Master Select GPIO1 */
	0xFCFC, 0x4000,    /* Move to 4000 Page */
	0x0A70, 0x0001,    /* Dual sync enable */
	0x0A72, 0x0100,    /* Master Mode (0100: master  0001: slave) */
	0x0A76, 0x0001,    /* Gradual sync on */
};

/*00_4096x3072_30fps_2976Msps*/
static u16 cjtele_preview_setting[] = {
    0xFCFC, 0x2000,
    0x0F8C, 0x0000,
    0x46F2, 0x0000,
    0x472C, 0x0000,
    0x472E, 0x0000,
    0x4760, 0x0200,
    0xFCFC, 0x4000,
    0x0114, 0x0201,
    0x0118, 0x0004,
    0x011C, 0x0101,
    0x0136, 0x1800,
    0x013E, 0x0000,
    0x0202, 0x0200,
    0x0204, 0x0020,
    0x0226, 0x0200,
    0x022C, 0x0200,
    0x0260, 0x0101,
    0x0262, 0x0200,
    0x0264, 0x0306,
    0x0270, 0x2B2B,
    0x0272, 0x2B10,
    0x0304, 0x0003,
    0x0306, 0x00F0,
    0x030C, 0x0000,
    0x030E, 0x0003,
    0x0310, 0x00BA,
    0x0312, 0x0000,
    0x031A, 0x0003,
    0x031C, 0x0028,
    0x031E, 0x0002,
    0x0340, 0x2810,
    0x081C, 0x0015,
    0x0BCA, 0x0101,
    0xFCFC, 0x2003,
    0x0C8A, 0x0000,
    0x0C8E, 0x002C,
    0x0C92, 0x0702,
    0x0CE2, 0x0180,
    0x0CE4, 0x0200,
    0x0CE6, 0x0300,
    0x0CE8, 0x0400,
    0x0CEA, 0x1E20,
    0x0CEC, 0x2223,
    0x0CEE, 0x2526,
    0x0CF0, 0x2728,
    0x0CF2, 0x292A,
    0x0CF4, 0x2B2C,
    0x0CF6, 0x2C2D,
    0x0CF8, 0x2E2E,
    0x0CFA, 0x2F31,
    0x0CFC, 0x3233,
    0x0CFE, 0x3435,
    0x0D00, 0x3637,
    0x0D02, 0x3739,
    0x0D04, 0x3A3B,
    0x0D06, 0x3B3D,
    0x0D08, 0x3E3E,
    0x0D0A, 0x3F2C,
    0x0C96, 0x0100,
    0x0CA2, 0x0200,
    0x0CA6, 0x0008,
    0x0CAA, 0x0008,
    0x0CAE, 0x0000,
    0x0CB2, 0x0200,
    0x0CB6, 0x0000,
    0x0D14, 0x013F,
    0x0D16, 0x017F,
    0x0D18, 0x01BF,
    0x0D1A, 0x01FF,
    0x0D1C, 0x027F,
    0x0D1E, 0x02FF,
    0x0D20, 0x037F,
    0x0D22, 0x03FF,
    0x0D24, 0x05FF,
    0x0D26, 0x07FF,
    0x0D28, 0x09FF,
    0x0D2A, 0x0BFF,
    0x0D2C, 0x0DFF,
    0x0D2E, 0x0FFF,
    0x0D30, 0x3FFF,
    0x0CC2, 0x0A0A,
    0x0CC6, 0x0000,
    0x0D3A, 0x1860,
    0x0D3C, 0x0000,
    0x0D3E, 0x0020,
    0x0D40, 0x403C,
    0x0D42, 0x305C,
    0x0D44, 0x1000,
    0x0D46, 0x0C00,
    0x0D48, 0x0008,
    0x0D4A, 0x0008,
    0x0CCA, 0x0001,
    0x0CCE, 0x0000,
    0x0CD2, 0x0800,
    0x0CD6, 0x0300,
    0xFCFC, 0x4000,
    0x0B32, 0x0000,
    0x0B30, 0x0100,
    0x0274, 0x302B,
    0x0E00, 0x0003,
    /*OIS_EN_DISABLE*/
    0xFCFC, 0x4000,
    0x0A70, 0x0001,
    0xFCFC, 0x2000,
    0x101F, 0x0100,
    0xFCFC, 0x2001,
    0x2F38, 0x0001,
    0x2F3A, 0x0000,
    0x2F3C, 0x0001,
    0x2F3E, 0x0000,
    0x2F40, 0x0000,
    0x2F42, 0x0000,
    0x2F46, 0x0000,
    0x2F48, 0x0000,
    0xFCFC, 0x4000,
};

/*00_4096x3072_30fps_2976Msps*/
static u16 cjtele_capture_setting[] = {
    0xFCFC, 0x2000,
    0x0F8C, 0x0000,
    0x46F2, 0x0000,
    0x472C, 0x0000,
    0x472E, 0x0000,
    0x4760, 0x0200,
    0xFCFC, 0x4000,
    0x0114, 0x0201,
    0x0118, 0x0004,
    0x011C, 0x0101,
    0x0136, 0x1800,
    0x013E, 0x0000,
    0x0202, 0x0200,
    0x0204, 0x0020,
    0x0226, 0x0200,
    0x022C, 0x0200,
    0x0260, 0x0101,
    0x0262, 0x0200,
    0x0264, 0x0306,
    0x0270, 0x2B2B,
    0x0272, 0x2B10,
    0x0304, 0x0003,
    0x0306, 0x00F0,
    0x030C, 0x0000,
    0x030E, 0x0003,
    0x0310, 0x00BA,
    0x0312, 0x0000,
    0x031A, 0x0003,
    0x031C, 0x0028,
    0x031E, 0x0002,
    0x0340, 0x2810,
    0x081C, 0x0015,
    0x0BCA, 0x0101,
    0xFCFC, 0x2003,
    0x0C8A, 0x0000,
    0x0C8E, 0x002C,
    0x0C92, 0x0702,
    0x0CE2, 0x0180,
    0x0CE4, 0x0200,
    0x0CE6, 0x0300,
    0x0CE8, 0x0400,
    0x0CEA, 0x1E20,
    0x0CEC, 0x2223,
    0x0CEE, 0x2526,
    0x0CF0, 0x2728,
    0x0CF2, 0x292A,
    0x0CF4, 0x2B2C,
    0x0CF6, 0x2C2D,
    0x0CF8, 0x2E2E,
    0x0CFA, 0x2F31,
    0x0CFC, 0x3233,
    0x0CFE, 0x3435,
    0x0D00, 0x3637,
    0x0D02, 0x3739,
    0x0D04, 0x3A3B,
    0x0D06, 0x3B3D,
    0x0D08, 0x3E3E,
    0x0D0A, 0x3F2C,
    0x0C96, 0x0100,
    0x0CA2, 0x0200,
    0x0CA6, 0x0008,
    0x0CAA, 0x0008,
    0x0CAE, 0x0000,
    0x0CB2, 0x0200,
    0x0CB6, 0x0000,
    0x0D14, 0x013F,
    0x0D16, 0x017F,
    0x0D18, 0x01BF,
    0x0D1A, 0x01FF,
    0x0D1C, 0x027F,
    0x0D1E, 0x02FF,
    0x0D20, 0x037F,
    0x0D22, 0x03FF,
    0x0D24, 0x05FF,
    0x0D26, 0x07FF,
    0x0D28, 0x09FF,
    0x0D2A, 0x0BFF,
    0x0D2C, 0x0DFF,
    0x0D2E, 0x0FFF,
    0x0D30, 0x3FFF,
    0x0CC2, 0x0A0A,
    0x0CC6, 0x0000,
    0x0D3A, 0x1860,
    0x0D3C, 0x0000,
    0x0D3E, 0x0020,
    0x0D40, 0x403C,
    0x0D42, 0x305C,
    0x0D44, 0x1000,
    0x0D46, 0x0C00,
    0x0D48, 0x0008,
    0x0D4A, 0x0008,
    0x0CCA, 0x0001,
    0x0CCE, 0x0000,
    0x0CD2, 0x0800,
    0x0CD6, 0x0300,
    0xFCFC, 0x4000,
    0x0B32, 0x0000,
    0x0B30, 0x0100,
    0x0274, 0x302B,
    0x0E00, 0x0003,
    /*OIS_EN_DISABLE*/
    0xFCFC, 0x4000,
    0x0A70, 0x0001,
    0xFCFC, 0x2000,
    0x101F, 0x0100,
    0xFCFC, 0x2001,
    0x2F38, 0x0001,
    0x2F3A, 0x0000,
    0x2F3C, 0x0001,
    0x2F3E, 0x0000,
    0x2F40, 0x0000,
    0x2F42, 0x0000,
    0x2F46, 0x0000,
    0x2F48, 0x0000,
    0xFCFC, 0x4000,
};

/*07_4096x2560_30fps_2976Msps*/
static u16 cjtele_normal_video_setting[] = {
    0xFCFC, 0x2000,
    0x0F8C, 0x0000,
    0x46F2, 0x0000,
    0x472C, 0x0000,
    0x472E, 0x0000,
    0x4760, 0x0200,
    0xFCFC, 0x4000,
    0x0114, 0x0201,
    0x0118, 0x0004,
    0x011C, 0x0101,
    0x0136, 0x1800,
    0x013E, 0x0000,
    0x0202, 0x0200,
    0x0204, 0x0020,
    0x0226, 0x0200,
    0x022C, 0x0200,
    0x0260, 0x0101,
    0x0262, 0x0200,
    0x0264, 0x0306,
    0x0270, 0x2B2B,
    0x0272, 0x2B10,
    0x0304, 0x0003,
    0x0306, 0x00F0,
    0x030C, 0x0000,
    0x030E, 0x0003,
    0x0310, 0x00BA,
    0x0312, 0x0000,
    0x031A, 0x0003,
    0x031C, 0x0028,
    0x031E, 0x0002,
    0x0340, 0x2810,
    0x081C, 0x0015,
    0x0BCA, 0x0101,
    0xFCFC, 0x2003,
    0x0C8A, 0x0000,
    0x0C8E, 0x002C,
    0x0C92, 0x0702,
    0x0CE2, 0x0180,
    0x0CE4, 0x0200,
    0x0CE6, 0x0300,
    0x0CE8, 0x0400,
    0x0CEA, 0x1E20,
    0x0CEC, 0x2223,
    0x0CEE, 0x2526,
    0x0CF0, 0x2728,
    0x0CF2, 0x292A,
    0x0CF4, 0x2B2C,
    0x0CF6, 0x2C2D,
    0x0CF8, 0x2E2E,
    0x0CFA, 0x2F31,
    0x0CFC, 0x3233,
    0x0CFE, 0x3435,
    0x0D00, 0x3637,
    0x0D02, 0x3739,
    0x0D04, 0x3A3B,
    0x0D06, 0x3B3D,
    0x0D08, 0x3E3E,
    0x0D0A, 0x3F2C,
    0x0C96, 0x0100,
    0x0CA2, 0x0200,
    0x0CA6, 0x0008,
    0x0CAA, 0x0008,
    0x0CAE, 0x0000,
    0x0CB2, 0x0200,
    0x0CB6, 0x0000,
    0x0D14, 0x013F,
    0x0D16, 0x017F,
    0x0D18, 0x01BF,
    0x0D1A, 0x01FF,
    0x0D1C, 0x027F,
    0x0D1E, 0x02FF,
    0x0D20, 0x037F,
    0x0D22, 0x03FF,
    0x0D24, 0x05FF,
    0x0D26, 0x07FF,
    0x0D28, 0x09FF,
    0x0D2A, 0x0BFF,
    0x0D2C, 0x0DFF,
    0x0D2E, 0x0FFF,
    0x0D30, 0x3FFF,
    0x0CC2, 0x0A0A,
    0x0CC6, 0x0000,
    0x0D3A, 0x1860,
    0x0D3C, 0x0000,
    0x0D3E, 0x0420,
    0x0D40, 0x403C,
    0x0D42, 0x2C5C,
    0x0D44, 0x1000,
    0x0D46, 0x0A00,
    0x0D48, 0x0008,
    0x0D4A, 0x0008,
    0x0CCA, 0x0001,
    0x0CCE, 0x0000,
    0x0CD2, 0x0800,
    0x0CD6, 0x0280,
    0xFCFC, 0x4000,
    0x0B32, 0x0000,
    0x0B30, 0x0106,
    0x0274, 0x302B,
    0x0E00, 0x0003,
    /*OIS_EN_ENABLE*/
    0xFCFC, 0x4000,
    0x0A70, 0x0001,
    0xFCFC, 0x2000,
    0x101F, 0x0100,
    0xFCFC, 0x2001,
    0x2F38, 0x0001,
    0x2F3A, 0x0001,
    0x2F3E, 0x0000,
    0x2F40, 0x0000,
    0x2F42, 0x0000,
    0x2F46, 0x0000,
    0x2F48, 0x0000,
    0xFCFC, 0x4000,
};

/* 011_4096x2304_60fps_2976Msps */
static u16 cjtele_hs_video_setting[] = {
    0xFCFC, 0x2000,
    0x0F8C, 0x0000,
    0x46F2, 0x0000,
    0x472C, 0x0000,
    0x472E, 0x0000,
    0x4760, 0x0200,
    0xFCFC, 0x4000,
    0x0114, 0x0201,
    0x0118, 0x0004,
    0x011C, 0x0101,
    0x0136, 0x1800,
    0x013E, 0x0000,
    0x0202, 0x0200,
    0x0204, 0x0020,
    0x0226, 0x0200,
    0x022C, 0x0200,
    0x0260, 0x0101,
    0x0262, 0x0200,
    0x0264, 0x0306,
    0x0270, 0x2B2B,
    0x0272, 0x2B10,
    0x0304, 0x0003,
    0x0306, 0x00F0,
    0x030C, 0x0000,
    0x030E, 0x0003,
    0x0310, 0x00BA,
    0x0312, 0x0000,
    0x031A, 0x0003,
    0x031C, 0x0028,
    0x031E, 0x0002,
    0x0340, 0x1408,
    0x081C, 0x0015,
    0x0BCA, 0x0101,
    0xFCFC, 0x2003,
    0x0C8A, 0x0000,
    0x0C8E, 0x002C,
    0x0C92, 0x0702,
    0x0CE2, 0x0180,
    0x0CE4, 0x0200,
    0x0CE6, 0x0300,
    0x0CE8, 0x0400,
    0x0CEA, 0x1E20,
    0x0CEC, 0x2223,
    0x0CEE, 0x2526,
    0x0CF0, 0x2728,
    0x0CF2, 0x292A,
    0x0CF4, 0x2B2C,
    0x0CF6, 0x2C2D,
    0x0CF8, 0x2E2E,
    0x0CFA, 0x2F31,
    0x0CFC, 0x3233,
    0x0CFE, 0x3435,
    0x0D00, 0x3637,
    0x0D02, 0x3739,
    0x0D04, 0x3A3B,
    0x0D06, 0x3B3D,
    0x0D08, 0x3E3E,
    0x0D0A, 0x3F2C,
    0x0C96, 0x0100,
    0x0CA2, 0x0200,
    0x0CA6, 0x0008,
    0x0CAA, 0x0010,
    0x0CAE, 0x0000,
    0x0CB2, 0x0200,
    0x0CB6, 0x0000,
    0x0D14, 0x013F,
    0x0D16, 0x017F,
    0x0D18, 0x01BF,
    0x0D1A, 0x01FF,
    0x0D1C, 0x027F,
    0x0D1E, 0x02FF,
    0x0D20, 0x037F,
    0x0D22, 0x03FF,
    0x0D24, 0x05FF,
    0x0D26, 0x07FF,
    0x0D28, 0x09FF,
    0x0D2A, 0x0BFF,
    0x0D2C, 0x0DFF,
    0x0D2E, 0x0FFF,
    0x0D30, 0x3FFF,
    0x0CC2, 0x0A0A,
    0x0CC6, 0x0000,
    0x0D3A, 0x1860,
    0x0D3C, 0x0000,
    0x0D3E, 0x0600,
    0x0D40, 0x403C,
    0x0D42, 0x2A7C,
    0x0D44, 0x1000,
    0x0D46, 0x0900,
    0x0D48, 0x0008,
    0x0D4A, 0x0010,
    0x0CCA, 0x0001,
    0x0CCE, 0x0000,
    0x0CD2, 0x0800,
    0x0CD6, 0x0240,
    0xFCFC, 0x4000,
    0x0B32, 0x0000,
    0x0B30, 0x0109,
    0x0274, 0x302B,
    0x0E00, 0x0003,
    /*OIS_EN_DISABLE*/
    0xFCFC, 0x4000,
    0x0A70, 0x0001,
    0xFCFC, 0x2000,
    0x101F, 0x0100,
    0xFCFC, 0x2001,
    0x2F38, 0x0001,
    0x2F3A, 0x0000,
    0x2F3C, 0x0001,
    0x2F3E, 0x0000,
    0x2F40, 0x0000,
    0x2F42, 0x0000,
    0x2F46, 0x0000,
    0x2F48, 0x0000,
    0xFCFC, 0x4000,
};

/* 012_4096x2304_120fps_2976Msps */
static u16 cjtele_slim_video_setting[] = {
    0xFCFC, 0x4000,
    0x0B30, 0x01FF,
    0xFCFC, 0x2000,
    0x0F8C, 0x0000,
    0x1004, 0x0000,
    0x46F2, 0x0000,
    0x4718, 0x002C,
    0x472C, 0x0000,
    0x472E, 0x0000,
    0x4760, 0x0200,
    0x8F40, 0x0702,
    0xA76E, 0x0180,
    0xA770, 0x0200,
    0xA772, 0x0300,
    0xA774, 0x0400,
    0xA776, 0x1E20,
    0xA778, 0x2223,
    0xA77A, 0x2526,
    0xA77C, 0x2728,
    0xA77E, 0x292A,
    0xA780, 0x2B2C,
    0xA782, 0x2C2D,
    0xA784, 0x2E2E,
    0xA786, 0x2F31,
    0xA788, 0x3233,
    0xA78A, 0x3435,
    0xA78C, 0x3637,
    0xA78E, 0x3739,
    0xA790, 0x3A3B,
    0xA792, 0x3B3D,
    0xA794, 0x3E3E,
    0xA796, 0x3F2C,
    0xB8C4, 0x0100,
    0xFCFC, 0x2001,
    0x10F0, 0x0200,
    0x2C02, 0x0008,
    0x2C04, 0x0010,
    0x2C06, 0x0000,
    0x2C90, 0x0200,
    0x2DD0, 0x0000,
    0x34BC, 0x013F,
    0x34BE, 0x017F,
    0x34C0, 0x01BF,
    0x34C2, 0x01FF,
    0x34C4, 0x027F,
    0x34C6, 0x02FF,
    0x34C8, 0x037F,
    0x34CA, 0x03FF,
    0x34CC, 0x05FF,
    0x34CE, 0x07FF,
    0x34D0, 0x09FF,
    0x34D2, 0x0BFF,
    0x34D4, 0x0DFF,
    0x34D6, 0x0FFF,
    0x34D8, 0x3FFF,
    0xFCFC, 0x4000,
    0x0112, 0x0A0A,
    0x0114, 0x0201,
    0x0118, 0x0004,
    0x011C, 0x0101,
    0x0136, 0x1800,
    0x013E, 0x0000,
    0x0202, 0x0200,
    0x0204, 0x0020,
    0x021E, 0x0000,
    0x0226, 0x0200,
    0x022C, 0x0200,
    0x0260, 0x0101,
    0x0262, 0x0200,
    0x0264, 0x0306,
    0x0270, 0x2B2B,
    0x0272, 0x2B10,
    0x0304, 0x0003,
    0x0306, 0x00F0,
    0x030C, 0x0000,
    0x030E, 0x0003,
    0x0310, 0x00BA,
    0x0312, 0x0000,
    0x031A, 0x0003,
    0x031C, 0x0028,
    0x031E, 0x0002,
    0x0340, 0x0A04,
    0x0342, 0x1860,
    0x0344, 0x0000,
    0x0346, 0x0600,
    0x0348, 0x403C,
    0x034A, 0x2A7C,
    0x034C, 0x1000,
    0x034E, 0x0900,
    0x0350, 0x0008,
    0x0352, 0x0010,
    0x0720, 0x0001,
    0x0724, 0x0000,
    0x072C, 0x0800,
    0x072E, 0x0240,
    0x081C, 0x0015,
    0x0BCA, 0x0101,
    0xFCFC, 0x2000,
    0x0E90, 0x0803,
    0x0E92, 0x0803,
    0x0E94, 0x0803,
    0x0E96, 0x0803,
    0x0F64, 0x0040,
    0x34BA, 0x0000,
    0x34BC, 0x0004,
    0x3512, 0xFA36,
    0x3514, 0xFB0E,
    0x3552, 0x0000,
    0x3554, 0x0000,
    0x3E14, 0x0101,
    0x3E16, 0x0100,
    0x3E1E, 0x03FF,
    0x3E20, 0x03FF,
    0x3E22, 0x01FF,
    0x3E24, 0x003F,
    0x3E30, 0x0400,
    0x3E32, 0x0400,
    0x3E34, 0x0200,
    0x3E36, 0x0040,
    0x4114, 0x0008,
    0x4116, 0x0048,
    0x4118, 0x4000,
    0x411A, 0xFA28,
    0x411C, 0xA8B1,
    0x411E, 0xA0B1,
    0x4120, 0x4000,
    0x4122, 0xFA2C,
    0x4124, 0x0002,
    0x4126, 0x0003,
    0x4128, 0x4000,
    0x412A, 0xFC1E,
    0x41B4, 0x000C,
    0x41B6, 0x0000,
    0x41B8, 0x4000,
    0x41BA, 0xFAB2,
    0x41BC, 0x000C,
    0x41BE, 0x0000,
    0x41C0, 0x4000,
    0x41C2, 0xFAB4,
    0x4254, 0x06DB,
    0x4256, 0x06C9,
    0x4258, 0x4000,
    0x425A, 0xFA12,
    0x42F4, 0x01D5,
    0x42F6, 0x01F9,
    0x42F8, 0x4000,
    0x42FA, 0xF470,
    0x42FC, 0x01D5,
    0x42FE, 0x01F9,
    0x4300, 0x4000,
    0x4302, 0xF478,
    0x46F0, 0x0101,
    0x47C2, 0x0101,
    0x485A, 0x0102,
    0x487C, 0x0004,
    0x4882, 0x0004,
    0x489A, 0x0004,
    0x48A0, 0x0004,
    0x48B8, 0x0012,
    0x48BE, 0x0014,
    0x48D6, 0x0014,
    0x48DC, 0x000C,
    0x48F4, 0x0012,
    0x48FA, 0x0014,
    0x4918, 0x0101,
    0x491A, 0x0000,
    0x49D0, 0x0000,
    0x49D4, 0x2214,
    0x49DA, 0x1422,
    0x49E6, 0x2118,
    0x49EC, 0x1821,
    0x49F8, 0x8080,
    0x4A58, 0x0030,
    0x4A5A, 0xFFF1,
    0x4A5C, 0x0001,
    0x4A5E, 0x00C8,
    0x4A60, 0x0001,
    0x4A62, 0x0001,
    0x4A64, 0x0030,
    0x4A66, 0x001B,
    0x4A68, 0x0007,
    0x4A6A, 0x0006,
    0x4A6C, 0x0018,
    0x4A6E, 0x0006,
    0x4A70, 0x0006,
    0x4A72, 0x0019,
    0x4A90, 0xFFF9,
    0x4A92, 0xFFFA,
    0x4A94, 0x0005,
    0x4A96, 0x0005,
    0x4A98, 0x0010,
    0x4A9A, 0x0010,
    0x4A9C, 0xFFFC,
    0x4A9E, 0x0048,
    0x4AA0, 0x0020,
    0x4AA2, 0x000E,
    0x4AA4, 0x000E,
    0x4AA6, 0x0007,
    0x4AA8, 0x0007,
    0x4AAA, 0x0048,
    0x4AAC, 0xFFF3,
    0x4AB0, 0xFFFC,
    0x4AB8, 0xFFFC,
    0x4ABA, 0x0048,
    0x4ABE, 0x0000,
    0x4AC0, 0x000E,
    0x4AC2, 0x001E,
    0x4AC4, 0x002E,
    0x4AC6, 0x0048,
    0x4AD4, 0xFFFC,
    0x4AE2, 0x0048,
    0x4AE4, 0x0021,
    0x4AE6, 0x0010,
    0x4AE8, 0x0010,
    0x4AEA, 0x0010,
    0x4AEC, 0x0010,
    0x4AEE, 0x0010,
    0x4AF0, 0x0016,
    0x4AF2, 0x001A,
    0x4AF4, 0x0008,
    0x4AF6, 0x0008,
    0x4AF8, 0x0004,
    0x4AFA, 0x0008,
    0x4AFC, 0x0008,
    0x4AFE, 0x0018,
    0x4B54, 0x0021,
    0x4B56, 0x0010,
    0x4B58, 0x0010,
    0x4B5A, 0x0010,
    0x4B5C, 0x0010,
    0x4B5E, 0x0010,
    0x4B60, 0x0016,
    0x4B62, 0x001A,
    0x4B64, 0x0008,
    0x4B66, 0x0008,
    0x4B68, 0x0004,
    0x4B6A, 0x0008,
    0x4B6C, 0x0008,
    0x4B6E, 0x0018,
    0x4BC4, 0x0021,
    0x4BC6, 0x0010,
    0x4BC8, 0x0010,
    0x4BCA, 0x0010,
    0x4BCC, 0x0010,
    0x4BCE, 0x0010,
    0x4BD0, 0x0016,
    0x4BD2, 0x001A,
    0x4BD4, 0x0008,
    0x4BD6, 0x0008,
    0x4BD8, 0x0004,
    0x4BDA, 0x0008,
    0x4BDC, 0x0008,
    0x4BDE, 0x0018,
    0x4BE0, 0x0008,
    0x4BE2, 0x0003,
    0x4BE4, 0x0003,
    0x4BE6, 0x0008,
    0x4BE8, 0x0003,
    0x4BEA, 0x0003,
    0x4BEC, 0x0005,
    0x4BEE, 0x0060,
    0x4BF0, 0x004B,
    0x4BF2, 0x0060,
    0x4BF4, 0x0060,
    0x4BF6, 0x0060,
    0x4BF8, 0x0060,
    0x4BFA, 0x0060,
    0x4C08, 0x0060,
    0x4C16, 0x0060,
    0x4C40, 0x0000,
    0x4C42, 0x0000,
    0x4C44, 0x0001,
    0x4C46, 0x0014,
    0x4C48, 0x0014,
    0x4C4A, 0x0014,
    0x4C4C, 0x0014,
    0x4C4E, 0x0000,
    0x4C5C, 0x0002,
    0x4C6C, 0x0004,
    0x4C6E, 0x0001,
    0x4C70, 0x0004,
    0x4C72, 0x0007,
    0x4C74, 0x0004,
    0x4C76, 0x0004,
    0x4C78, 0x0004,
    0x4C7A, 0x0001,
    0x4C7C, 0xFFD0,
    0x4C7E, 0xFFDE,
    0x4C80, 0xFFDE,
    0x4C82, 0xFFCE,
    0x4C84, 0xFFCE,
    0x4C86, 0x0001,
    0x4C88, 0x0000,
    0x4C8A, 0x0000,
    0x4C8C, 0x0006,
    0x4C8E, 0x0006,
    0x4C90, 0x0006,
    0x4C92, 0x0006,
    0x4C94, 0x0000,
    0x4C96, 0x0000,
    0x4C98, 0xFFE0,
    0x4C9A, 0xFFFB,
    0x4C9C, 0xFFFD,
    0x4C9E, 0xFFFF,
    0x4CA0, 0xFFFF,
    0x4CA2, 0x0000,
    0x4CAA, 0x0006,
    0x4CB0, 0x0000,
    0x4CB2, 0x0000,
    0x4CB6, 0x0000,
    0x4CB8, 0x0006,
    0x4CBA, 0xFFCA,
    0x4CBC, 0xFFBA,
    0x4CBE, 0x0000,
    0x4CCC, 0x0000,
    0x4CDA, 0x0000,
    0x4CDC, 0x0002,
    0x4CDE, 0x0001,
    0x4CE0, 0x0001,
    0x4CE2, 0x0004,
    0x4CE4, 0x0001,
    0x4CE6, 0x0001,
    0x4CE8, 0x0002,
    0x4CEA, 0x000A,
    0x4CEC, 0x0040,
    0x4CEE, 0x0040,
    0x4CF0, 0x0040,
    0x4CF2, 0x0040,
    0x4CF4, 0x0040,
    0x4CF6, 0x000A,
    0x4CF8, 0x0002,
    0x4CFA, 0x0001,
    0x4CFC, 0x0001,
    0x4CFE, 0x0004,
    0x4D00, 0x0001,
    0x4D02, 0x0001,
    0x4D04, 0x0002,
    0x4D06, 0x000A,
    0x4D08, 0x0040,
    0x4D0A, 0x0040,
    0x4D0C, 0x0040,
    0x4D0E, 0x0040,
    0x4D10, 0x0040,
    0x4D12, 0x000A,
    0x4D14, 0x0002,
    0x4D16, 0x0001,
    0x4D18, 0x0001,
    0x4D1A, 0x0004,
    0x4D1C, 0x0001,
    0x4D1E, 0x0001,
    0x4D20, 0x0002,
    0x4D22, 0x000A,
    0x4D24, 0x0040,
    0x4D26, 0x0040,
    0x4D28, 0x0040,
    0x4D2A, 0x0040,
    0x4D2C, 0x0040,
    0x4D2E, 0x000A,
    0x4D74, 0x0000,
    0x4D82, 0x0000,
    0x4DF4, 0x0000,
    0x4DF6, 0x0305,
    0x4DF8, 0x0004,
    0x4DFA, 0x0004,
    0x4DFC, 0x0004,
    0x4DFE, 0x0000,
    0x4E00, 0x0000,
    0x4E04, 0x0053,
    0x4E06, 0x0053,
    0x4E08, 0x0053,
    0x4E0A, 0x0053,
    0x4E0C, 0x0053,
    0x4E0E, 0x0053,
    0x4E2C, 0x000F,
    0x4E2E, 0x012F,
    0x4E30, 0x01E8,
    0x4E32, 0x01E8,
    0x4E34, 0x0351,
    0x4E36, 0x064F,
    0x4E38, 0x000F,
    0x4E3C, 0x004B,
    0x4E3E, 0x0060,
    0x4E40, 0x0060,
    0x4E42, 0x0060,
    0x4E44, 0x0060,
    0x4E46, 0x0030,
    0x4E48, 0x000F,
    0x4E4A, 0x012F,
    0x4E4C, 0x01E8,
    0x4E4E, 0x01E8,
    0x4E50, 0x0351,
    0x4E52, 0x064F,
    0x4E54, 0x000F,
    0x4E58, 0x004B,
    0x4E5A, 0x0060,
    0x4E5C, 0x0060,
    0x4E5E, 0x0060,
    0x4E60, 0x0060,
    0x4E62, 0x0030,
    0x4E9A, 0x0000,
    0x4EB6, 0x0008,
    0x4EE0, 0x000A,
    0x4EFC, 0x0018,
    0x4F1A, 0x0002,
    0x4F1C, 0x001A,
    0x4F1E, 0x0064,
    0x4F20, 0x0001,
    0x4F22, 0x0064,
    0x4F24, 0x0064,
    0x4F26, 0x0002,
    0x4F28, 0x008A,
    0x4F2A, 0x0054,
    0x4F2C, 0x0080,
    0x4F2E, 0x0342,
    0x4F30, 0x0080,
    0x4F32, 0x0080,
    0x4F34, 0x008A,
    0x4F36, 0x0088,
    0x4F38, 0x0052,
    0x4F3A, 0x007E,
    0x4F3C, 0x0340,
    0x4F3E, 0x007E,
    0x4F40, 0x007E,
    0x4F42, 0x0088,
    0x4F52, 0x0004,
    0x4F60, 0x000A,
    0x4F6E, 0x0004,
    0x4F70, 0x0008,
    0x4F72, 0x0008,
    0x4F74, 0x0008,
    0x4F76, 0x0008,
    0x4F78, 0x0008,
    0x4F7A, 0x0004,
    0x4F7C, 0x000A,
    0x4F7E, 0x0008,
    0x4F80, 0x0008,
    0x4F82, 0x0008,
    0x4F84, 0x0008,
    0x4F86, 0x0008,
    0x4F88, 0x000A,
    0x50BE, 0x001B,
    0x50C0, 0x0024,
    0x50C2, 0x0004,
    0x50C4, 0x00F0,
    0x50C6, 0x0019,
    0x50C8, 0x0019,
    0x50CA, 0x0010,
    0x50CC, 0x0021,
    0x50CE, 0x0005,
    0x50D0, 0x0002,
    0x50D2, 0x00F6,
    0x50D4, 0x0008,
    0x50D6, 0x0008,
    0x50D8, 0x0016,
    0x50E0, 0x0104,
    0x50E6, 0x0016,
    0x50E8, 0x000F,
    0x50EC, 0x0008,
    0x50EE, 0x0008,
    0x50F0, 0x0008,
    0x50F2, 0x0008,
    0x50F4, 0x000F,
    0x5118, 0x0005,
    0x5126, 0x000F,
    0x51FE, 0x0005,
    0x520C, 0x000A,
    0x5214, 0x0007,
    0x521A, 0x0005,
    0x527E, 0x0003,
    0x528C, 0x0010,
    0x528E, 0x0016,
    0x5290, 0x0016,
    0x5292, 0x0016,
    0x5294, 0x0016,
    0x5296, 0x0016,
    0x5298, 0x0015,
    0x529E, 0x0027,
    0x52A0, 0x0029,
    0x52A2, 0x0027,
    0x52A4, 0x0027,
    0x52A6, 0x002D,
    0x52B6, 0x0032,
    0x52B8, 0x0035,
    0x52BA, 0x0036,
    0x52BC, 0x0036,
    0x52BE, 0x0036,
    0x52C0, 0x0036,
    0x52C2, 0x0037,
    0x5500, 0x00C7,
    0x5554, 0x00C7,
    0x578A, 0x0004,
    0x578C, 0x000A,
    0x578E, 0x0004,
    0x5790, 0x0004,
    0x5792, 0x001F,
    0x57CC, 0x005E,
    0x57CE, 0x003E,
    0x57D0, 0x0088,
    0x57D2, 0x0154,
    0x57D4, 0x0100,
    0x57D6, 0x0100,
    0x57D8, 0x0070,
    0x57E6, 0x0115,
    0x57E8, 0x0089,
    0x57EC, 0x0078,
    0x57EE, 0x0078,
    0x57F0, 0x0088,
    0x57F2, 0x0088,
    0x57F4, 0x00C6,
    0x5804, 0x0089,
    0x5806, 0x00A9,
    0x5808, 0x0154,
    0x580A, 0x01E4,
    0x580C, 0x0158,
    0x580E, 0x0158,
    0x5810, 0x00C6,
    0x581A, 0x00F0,
    0x581C, 0x00E0,
    0x581E, 0x00C6,
    0x629E, 0x0000,
    0x62AC, 0x0000,
    0x65AE, 0x017C,
    0x65BC, 0x01C1,
    0x65F6, 0x0000,
    0x65FA, 0x8000,
    0x65FC, 0x8000,
    0x65FE, 0x8000,
    0x6600, 0x8000,
    0x6604, 0x0000,
    0x6608, 0x8000,
    0x660A, 0x8000,
    0x660C, 0x8000,
    0x660E, 0x8000,
    0x8F42, 0x0000,
    0x8F72, 0x0600,
    0x8F7E, 0x0017,
    0x8F80, 0x170B,
    0x8F82, 0x0B0B,
    0x8F84, 0x0B0B,
    0x8F8C, 0x0004,
    0x8F8E, 0x040B,
    0x8F90, 0x0B0B,
    0x8F92, 0x0B0B,
    0x8F9A, 0x0001,
    0x8F9C, 0x0100,
    0x8F9E, 0x0101,
    0x8FA0, 0x0101,
    0x8FA8, 0x0001,
    0x8FAA, 0x0100,
    0x8FAC, 0x0101,
    0x8FAE, 0x0101,
    0x8FB6, 0x0090,
    0x8FB8, 0x0B07,
    0x8FBA, 0x0B0B,
    0x8FBC, 0x0B0B,
    0x8FC4, 0x0090,
    0x8FC6, 0x9005,
    0x8FC8, 0x9090,
    0x8FCA, 0x9090,
    0x8FD0, 0x0087,
    0x8FD2, 0x0082,
    0x8FD4, 0xF7DD,
    0x8FD6, 0xF105,
    0x8FD8, 0x3008,
    0x8FDA, 0x00FF,
    0x8FDC, 0x03FF,
    0x8FDE, 0x1901,
    0x8FE0, 0x06C9,
    0x8FE2, 0x0249,
    0x8FE4, 0x0249,
    0x8FE6, 0x0010,
    0x8FE8, 0x0449,
    0x8FEA, 0x0790,
    0x8FF6, 0x0D0D,
    0x8FF8, 0x080D,
    0x8FFA, 0x0D0D,
    0x8FFC, 0x0D0D,
    0x8FFE, 0x0D08,
    0x9000, 0x0D0D,
    0x9002, 0x0D0D,
    0x9066, 0x80F5,
    0x9996, 0xA6F1,
    0x9998, 0x412C,
    0x999A, 0xA8B1,
    0x999C, 0x0000,
    0x999E, 0x0044,
    0x9D50, 0x013F,
    0x9D54, 0x0000,
    0x9D56, 0x01FF,
    0x9D58, 0xFFFF,
    0x9DD4, 0x4000,
    0x9DD6, 0xFA9E,
    0x9DD8, 0x4000,
    0x9DDA, 0xFAA0,
    0x9DE4, 0x1206,
    0x9DE6, 0x0C06,
    0x9E60, 0x0C06,
    0x9E62, 0x1206,
    0x9E64, 0x0C06,
    0x9EDE, 0x0C06,
    0xA0A8, 0x0000,
    0xA0EE, 0x0100,
    0xA15C, 0x0002,
    0xA1C4, 0xBC76,
    0xA1D2, 0xFE00,
    0xA4FE, 0x0011,
    0xA50C, 0x0065,
    0xA512, 0x0000,
    0xA514, 0x0000,
    0xA516, 0x0014,
    0xA51E, 0x0000,
    0xA520, 0x001E,
    0xA522, 0x001E,
    0xA52E, 0x0000,
    0xA530, 0x0000,
    0xA53C, 0x000A,
    0xA53E, 0x0000,
    0xA540, 0x0000,
    0xA542, 0x0000,
    0xA54A, 0x0000,
    0xA54C, 0x0001,
    0xA54E, 0x0001,
    0xA550, 0x0001,
    0xA558, 0x0001,
    0xA55A, 0x0000,
    0xA55C, 0x0000,
    0xA55E, 0x0000,
    0xA560, 0x0000,
    0xA562, 0x0000,
    0xA734, 0x0000,
    0xA736, 0x0022,
    0xA738, 0x0024,
    0xA73A, 0x0026,
    0xA73C, 0x0028,
    0xA73E, 0x002A,
    0xA740, 0x002C,
    0xA742, 0x002E,
    0xA744, 0x0030,
    0xA746, 0x0032,
    0xA748, 0x0034,
    0xA74A, 0x0036,
    0xA74C, 0x0038,
    0xA74E, 0x003A,
    0xA750, 0x003C,
    0xA752, 0x003E,
    0xA754, 0x0040,
    0xA756, 0x0048,
    0xA758, 0x0050,
    0xA75A, 0x0058,
    0xA75C, 0x0060,
    0xA75E, 0x0068,
    0xA760, 0x0070,
    0xA762, 0x0078,
    0xA764, 0x0080,
    0xA766, 0x00A0,
    0xA768, 0x00C0,
    0xA76A, 0x00E0,
    0xA76C, 0x0100,
    0xA9E0, 0x8822,
    0xAA00, 0x0000,
    0xB252, 0x0202,
    0xB254, 0x0200,
    0xB264, 0x0001,
    0xB390, 0x0202,
    0xB39C, 0x1000,
    0xB3DC, 0x0600,
    0xB3DE, 0x0000,
    0xB3EE, 0x0600,
    0xB3F0, 0x0101,
    0xB57A, 0x0008,
    0xB57C, 0x0008,
    0xB8C0, 0x000A,
    0xB8C2, 0x000A,
    0xB8C6, 0x0B08,
    0xB8CC, 0x0A0A,
    0xB8EC, 0x23DE,
    0xB8EE, 0x2FC3,
    0xB8F0, 0x0078,
    0xB8F2, 0x0064,
    0xB8F4, 0x0088,
    0xB8F6, 0x0080,
    0xB8F8, 0x009A,
    0xB8FA, 0x0058,
    0xB8FC, 0x0086,
    0xB8FE, 0x00D1,
    0xB900, 0x0116,
    0xB902, 0x0148,
    0xB904, 0x008D,
    0xB906, 0x007D,
    0xB908, 0x009C,
    0xB90A, 0x007B,
    0xB90C, 0x007C,
    0xB90E, 0x0042,
    0xB910, 0x0061,
    0xB912, 0x00A6,
    0xB914, 0x00D7,
    0xB916, 0x0116,
    0xB918, 0x007B,
    0xB91A, 0x0083,
    0xB91C, 0x0084,
    0xB91E, 0x0066,
    0xB920, 0x0050,
    0xB922, 0x001B,
    0xB924, 0x0038,
    0xB926, 0x0076,
    0xB928, 0x00A4,
    0xB92A, 0x00D6,
    0xB92C, 0x0037,
    0xB92E, 0x0043,
    0xB930, 0x0050,
    0xB932, 0x0032,
    0xB934, 0x0012,
    0xB936, 0xFFD5,
    0xB938, 0xFFEB,
    0xB93A, 0x0028,
    0xB93C, 0x005D,
    0xB93E, 0x0086,
    0xB940, 0xFFD9,
    0xB942, 0xFFF6,
    0xB944, 0x0001,
    0xB946, 0xFFFB,
    0xB948, 0xFFDF,
    0xB94A, 0xFF9F,
    0xB94C, 0xFFA4,
    0xB94E, 0xFFE7,
    0xB950, 0x001C,
    0xB952, 0x0043,
    0xB954, 0xFFD0,
    0xB956, 0x0011,
    0xB958, 0x000B,
    0xB95A, 0xFFF3,
    0xB95C, 0xFFCD,
    0xB95E, 0xFF9A,
    0xB960, 0xFF9E,
    0xB962, 0xFFDB,
    0xB964, 0x0003,
    0xB966, 0x002A,
    0xB968, 0xFFA5,
    0xB96A, 0xFFDA,
    0xB96C, 0xFFD9,
    0xB96E, 0xFFC1,
    0xB970, 0xFFA1,
    0xB972, 0xFF75,
    0xB974, 0xFF78,
    0xB976, 0xFFAC,
    0xB978, 0xFFCB,
    0xB97A, 0x0003,
    0xB97C, 0xFFC0,
    0xB97E, 0xFFDE,
    0xB980, 0xFFC9,
    0xB982, 0xFFC1,
    0xB984, 0xFFA5,
    0xB986, 0xFF7D,
    0xB988, 0xFF84,
    0xB98A, 0xFFB9,
    0xB98C, 0xFFE0,
    0xB98E, 0xFFDF,
    0xB990, 0xFFA4,
    0xB992, 0xFFC2,
    0xB994, 0xFFAF,
    0xB996, 0xFFA0,
    0xB998, 0xFF83,
    0xB99A, 0xFF5A,
    0xB99C, 0xFF62,
    0xB99E, 0xFF8D,
    0xB9A0, 0xFFB2,
    0xB9A2, 0xFF9B,
    0xB9A4, 0xFF72,
    0xB9A6, 0xFF95,
    0xB9A8, 0xFF82,
    0xB9AA, 0xFF7E,
    0xB9AC, 0xFF57,
    0xB9AE, 0xFF40,
    0xB9B0, 0xFF42,
    0xB9B2, 0xFF68,
    0xB9B4, 0xFF85,
    0xB9B6, 0xFF5F,
    0xC880, 0x0100,
    0xC888, 0x0333,
    0xC890, 0x007F,
    0xC892, 0x0012,
    0xC896, 0x698F,
    0xC89A, 0x0001,
    0xC89C, 0x0030,
    0xC89E, 0x0004,
    0xC8A0, 0x0000,
    0xC8A2, 0x0000,
    0xC8A4, 0x0000,
    0xC8A6, 0x0000,
    0xC8A8, 0x0000,
    0xC8AA, 0x0000,
    0xC8AC, 0x0000,
    0xC8AE, 0x0000,
    0xC8B0, 0x0000,
    0xC8B2, 0x0000,
    0xC8B4, 0x0000,
    0xC8B6, 0x0000,
    0xC8B8, 0x0000,
    0xC8BA, 0x0000,
    0xC8BC, 0x0000,
    0xC8BE, 0x0000,
    0xC8C0, 0x077F,
    0xC8C2, 0x0800,
    0xC8C4, 0x0800,
    0xC8C6, 0x0800,
    0xC8C8, 0x077F,
    0xC8CA, 0x0800,
    0xC8CC, 0x0800,
    0xC8CE, 0x0800,
    0xC8D0, 0x077F,
    0xC8D2, 0x0800,
    0xC8D4, 0x0800,
    0xC8D6, 0x0800,
    0xC8D8, 0x077F,
    0xC8DA, 0x0800,
    0xC8DC, 0x0800,
    0xC8DE, 0x0800,
    0xC8E0, 0x077F,
    0xC8E2, 0x0800,
    0xC8E4, 0x0800,
    0xC8E6, 0x0800,
    0xC8E8, 0x077F,
    0xC8EA, 0x0800,
    0xC8EC, 0x0800,
    0xC8EE, 0x0800,
    0xC8F0, 0x077F,
    0xC8F2, 0x0800,
    0xC8F4, 0x0800,
    0xC8F6, 0x0800,
    0xC8F8, 0x077F,
    0xC8FA, 0x0800,
    0xC8FC, 0x0800,
    0xC8FE, 0x0800,
    0xC900, 0x077F,
    0xC902, 0x0800,
    0xC904, 0x0800,
    0xC906, 0x0800,
    0xC908, 0x077F,
    0xC90A, 0x0800,
    0xC90C, 0x0800,
    0xC90E, 0x0800,
    0xC910, 0x077F,
    0xC912, 0x0800,
    0xC914, 0x0800,
    0xC916, 0x0800,
    0xC918, 0x077F,
    0xC91A, 0x0800,
    0xC91C, 0x0800,
    0xC91E, 0x0800,
    0xE8A2, 0x0080,
    0xE8A4, 0x0030,
    0xE8A8, 0x0000,
    0xE8AA, 0x6993,
    0xFF64, 0x0002,
    0xFF6A, 0x1000,
    0xFF6C, 0x1000,
    0xFF72, 0x1000,
    0xFF74, 0x1000,
    0xFF7A, 0x1000,
    0xFF7C, 0x1000,
    0xFF82, 0x1000,
    0xFF84, 0x1000,
    0xFF8A, 0x1000,
    0xFF8C, 0x1000,
    0xFF92, 0x1000,
    0xFF94, 0x1000,
    0xFF9A, 0x1000,
    0xFF9C, 0x1000,
    0xFFA2, 0x1000,
    0xFFA4, 0x1000,
    0xFFAA, 0x1000,
    0xFFAC, 0x1000,
    0xFFB2, 0x1000,
    0xFFB4, 0x1000,
    0xFFBA, 0x1000,
    0xFFBC, 0x1000,
    0xFFC2, 0x1000,
    0xFFC4, 0x1000,
    0xFFCA, 0x1000,
    0xFFCC, 0x1000,
    0xFFD2, 0x1000,
    0xFFD4, 0x1000,
    0xFFDA, 0x1000,
    0xFFDC, 0x1000,
    0xFFE2, 0x1000,
    0xFFE4, 0x1000,
    0xFFEA, 0x1000,
    0xFFEC, 0x1000,
    0xFFF2, 0x1000,
    0xFFF4, 0x1000,
    0xFFFA, 0x1000,
    0xFCFC, 0x4000,
    0x6028, 0x2000,
    0x602A, 0xFFFC,
    0x6F12, 0x1000,
    0xFCFC, 0x2001,
    0x0002, 0x1000,
    0x0004, 0x1000,
    0x000A, 0x1000,
    0x000C, 0x1000,
    0x0012, 0x1000,
    0x0014, 0x1000,
    0x001A, 0x1000,
    0x001C, 0x1000,
    0x0022, 0x1000,
    0x0024, 0x1000,
    0x002A, 0x0000,
    0x002C, 0x0000,
    0x0032, 0x0000,
    0x0034, 0x0000,
    0x003A, 0x0000,
    0x003C, 0x0000,
    0x0042, 0x0000,
    0x0044, 0x0000,
    0x004A, 0x0000,
    0x004C, 0x0000,
    0x0052, 0x0000,
    0x0054, 0x0000,
    0x005A, 0x0000,
    0x005C, 0x0000,
    0x0062, 0x0000,
    0x0064, 0x0000,
    0x006A, 0x0000,
    0x006C, 0x0000,
    0x0072, 0x0000,
    0x0074, 0x0000,
    0x007A, 0x0000,
    0x007C, 0x0000,
    0x0082, 0x0000,
    0x0084, 0x0000,
    0x008A, 0x0000,
    0x008C, 0x0000,
    0x0092, 0x0000,
    0x0094, 0x0000,
    0x009A, 0x0000,
    0x009C, 0x0000,
    0x00A2, 0x0000,
    0x00A4, 0x0000,
    0x00AA, 0x0000,
    0x00AC, 0x0000,
    0x00B2, 0x0000,
    0x00B4, 0x0000,
    0x00BA, 0x0000,
    0x00BC, 0x0000,
    0x00C2, 0x0000,
    0x00C4, 0x0000,
    0x00CA, 0x0000,
    0x00CC, 0x0000,
    0x00D2, 0x0000,
    0x00D4, 0x0000,
    0x00DA, 0x0000,
    0x00DC, 0x0000,
    0x00E2, 0x0000,
    0x00E4, 0x0000,
    0x01B4, 0x0600,
    0x01B6, 0x0003,
    0x01BA, 0x0003,
    0x01BE, 0x0003,
    0x01C2, 0x0003,
    0x01D6, 0x0003,
    0x01DA, 0x0003,
    0x01DE, 0x0003,
    0x01E2, 0x0003,
    0x01F6, 0x0003,
    0x01FA, 0x0003,
    0x01FE, 0x0003,
    0x0202, 0x0003,
    0x0216, 0x0003,
    0x021A, 0x0003,
    0x021E, 0x0003,
    0x0222, 0x0003,
    0x0236, 0x0000,
    0x023A, 0x0000,
    0x023E, 0x0000,
    0x0242, 0x0000,
    0x0256, 0x0000,
    0x025A, 0x0000,
    0x025E, 0x0000,
    0x0262, 0x0000,
    0x0276, 0x0000,
    0x027A, 0x0000,
    0x027E, 0x0000,
    0x0282, 0x0000,
    0x0296, 0x0000,
    0x029A, 0x0000,
    0x029E, 0x0000,
    0x02A2, 0x0000,
    0x0336, 0x0003,
    0x0338, 0x0000,
    0x033A, 0xFFFF,
    0x033C, 0x0000,
    0x033E, 0x0003,
    0x0340, 0x0000,
    0x0342, 0xFFFF,
    0x0344, 0x0000,
    0x0346, 0x0000,
    0x0348, 0x0000,
    0x034A, 0x0000,
    0x034C, 0x0000,
    0x034E, 0x0000,
    0x0350, 0x0000,
    0x0352, 0x0000,
    0x0354, 0x0000,
    0x0356, 0xFFFF,
    0x0358, 0x0000,
    0x035A, 0xFFFF,
    0x035C, 0x0000,
    0x035E, 0xFFFF,
    0x0360, 0x0000,
    0x0362, 0xFFFF,
    0x0364, 0x0000,
    0x0366, 0x0000,
    0x0368, 0x0000,
    0x036A, 0x0000,
    0x036C, 0x0000,
    0x036E, 0x0000,
    0x0370, 0x0000,
    0x0372, 0x0000,
    0x0374, 0x0000,
    0x0376, 0x0000,
    0x0378, 0x0000,
    0x037A, 0x0000,
    0x037C, 0x0000,
    0x037E, 0x0000,
    0x0380, 0x0000,
    0x0382, 0x0000,
    0x0384, 0x0000,
    0x0386, 0x0000,
    0x0388, 0x0000,
    0x038A, 0x0000,
    0x038C, 0x0000,
    0x038E, 0x0000,
    0x0390, 0x0000,
    0x0392, 0x0000,
    0x0394, 0x0000,
    0x0396, 0x0000,
    0x0398, 0x0000,
    0x039A, 0x0000,
    0x039C, 0x0000,
    0x039E, 0x0000,
    0x03A0, 0x0000,
    0x03A2, 0x0000,
    0x03A4, 0x0000,
    0x03A6, 0x0000,
    0x03A8, 0x0000,
    0x03AA, 0x0000,
    0x03AC, 0x0000,
    0x03AE, 0x0000,
    0x03B0, 0x0000,
    0x03B2, 0x0000,
    0x03B4, 0x0000,
    0x03B6, 0x0000,
    0x03BA, 0x0000,
    0x03BE, 0x0000,
    0x03C2, 0x0000,
    0x03D6, 0x0000,
    0x03DA, 0x0000,
    0x03DE, 0x0000,
    0x03E2, 0x0000,
    0x03F6, 0x0000,
    0x03FA, 0x0000,
    0x03FE, 0x0000,
    0x0402, 0x0000,
    0x0416, 0x0000,
    0x041A, 0x0000,
    0x041E, 0x0000,
    0x0422, 0x0000,
    0x2270, 0x0204,
    0x25D4, 0x0101,
    0x25FA, 0x2000,
    0x2648, 0x0200,
    0x264A, 0x0400,
    0x264C, 0x0200,
    0x264E, 0x0200,
    0x2660, 0x0202,
    0x2B7E, 0x0200,
    0x2B84, 0x0000,
    0x2BA0, 0x0200,
    0x2BA2, 0x0200,
    0x2BA4, 0x0000,
    0x2BA6, 0x0000,
    0x2BA8, 0x0000,
    0x2BAA, 0x0000,
    0x2BAC, 0x0200,
    0x2BAE, 0x0200,
    0x2BB0, 0x0100,
    0x2BB2, 0x0100,
    0x2BB4, 0x0100,
    0x2BB6, 0x0100,
    0x2BB8, 0x0100,
    0x2BBA, 0x0100,
    0x2BBC, 0x0100,
    0x2BBE, 0x0100,
    0x2BC4, 0x078A,
    0x2BC6, 0x0005,
    0x2BC8, 0x0005,
    0x2BCA, 0xFFFA,
    0x2BCC, 0xFFFA,
    0x2CBE, 0x0101,
    0x2DD6, 0x0101,
    0x2DD8, 0x0602,
    0x2DDC, 0x0204,
    0x2DFE, 0x0105,
    0x2E0E, 0x0000,
    0x2E16, 0x0064,
    0x2E18, 0x0096,
    0x2E1A, 0x0078,
    0x2E1C, 0x0190,
    0x2E1E, 0x0258,
    0x2E20, 0x0320,
    0x3348, 0x0002,
    0x34FE, 0x0400,
    0x350C, 0x000B,
    0x3516, 0x0074,
    0x3518, 0x007A,
    0x351A, 0x007A,
    0x351C, 0x007C,
    0x351E, 0x009A,
    0x3520, 0x009F,
    0x3522, 0x00A2,
    0x3524, 0x00A6,
    0x3526, 0x00A7,
    0x3528, 0x00A3,
    0x352A, 0x00A1,
    0x352C, 0x00AA,
    0x352E, 0x00AE,
    0x3530, 0x00B2,
    0x3532, 0x00A5,
    0x3534, 0x00A5,
    0x3536, 0x0074,
    0x3538, 0x007A,
    0x353A, 0x007A,
    0x353C, 0x007C,
    0x353E, 0x009A,
    0x3540, 0x009F,
    0x3542, 0x00A2,
    0x3544, 0x00A6,
    0x3546, 0x00A7,
    0x3548, 0x00A3,
    0x354A, 0x00A1,
    0x354C, 0x00AA,
    0x354E, 0x00AE,
    0x3550, 0x00B2,
    0x3552, 0x00A5,
    0x3554, 0x00A5,
    0x3714, 0x0000,
    0x371E, 0x0030,
    0x3720, 0x0035,
    0x3722, 0x0037,
    0x3724, 0x0044,
    0x3726, 0x0047,
    0x3728, 0x0054,
    0x372A, 0x0057,
    0x372C, 0x005B,
    0x372E, 0x005D,
    0x3730, 0x005E,
    0x3732, 0x0060,
    0x3734, 0x0062,
    0x3736, 0x005E,
    0x3738, 0x0064,
    0x373A, 0x0068,
    0x373C, 0x006A,
    0x373E, 0x0030,
    0x3740, 0x0035,
    0x3742, 0x0037,
    0x3744, 0x0044,
    0x3746, 0x0047,
    0x3748, 0x0054,
    0x374A, 0x0057,
    0x374C, 0x005B,
    0x374E, 0x005D,
    0x3750, 0x005E,
    0x3752, 0x0060,
    0x3754, 0x0062,
    0x3756, 0x005E,
    0x3758, 0x0064,
    0x375A, 0x0068,
    0x375C, 0x006A,
    0x391C, 0x0000,
    0x3926, 0x0000,
    0x3928, 0x0000,
    0x392A, 0x0000,
    0x392C, 0x0000,
    0x392E, 0x0000,
    0x3930, 0x0000,
    0x3932, 0x0000,
    0x3946, 0x0000,
    0x3948, 0x0000,
    0x394A, 0x0000,
    0x394C, 0x0000,
    0x394E, 0x0000,
    0x3950, 0x0000,
    0x3952, 0x0000,
    0x3B4C, 0x000F,
    0x4780, 0x0200,
    0x4994, 0x0190,
    0x4996, 0x0190,
    0x4998, 0x0190,
    0x49B8, 0x0258,
    0x49BA, 0x0258,
    0x49BC, 0x0258,
    0x49CA, 0x0190,
    0x49CC, 0x0190,
    0x49CE, 0x0190,
    0x49DC, 0x01F4,
    0x49DE, 0x01F4,
    0x49E0, 0x01F4,
    0x49E6, 0x0004,
    0x49E8, 0x0004,
    0x49EA, 0x0004,
    0x49EC, 0x0004,
    0x49EE, 0x0004,
    0x49F0, 0x0004,
    0x49F2, 0x0004,
    0x49F8, 0x000A,
    0x49FA, 0x000A,
    0x49FC, 0x000A,
    0x49FE, 0x000A,
    0x4A00, 0x000A,
    0x4A02, 0x000A,
    0x4A04, 0x000A,
    0x4A0A, 0x0014,
    0x4A0C, 0x0014,
    0x4A0E, 0x0014,
    0x4A10, 0x0014,
    0x4A12, 0x0014,
    0x4A14, 0x0014,
    0x4A16, 0x0014,
    0x4A1C, 0x001E,
    0x4A1E, 0x001E,
    0x4A20, 0x001E,
    0x4A22, 0x001E,
    0x4A24, 0x001E,
    0x4A26, 0x001E,
    0x4A28, 0x001E,
    0x4A2E, 0x0032,
    0x4A30, 0x0032,
    0x4A32, 0x0032,
    0x4A34, 0x0032,
    0x4A36, 0x0032,
    0x4A38, 0x0032,
    0x4A3A, 0x0032,
    0x4A40, 0x0050,
    0x4A42, 0x0050,
    0x4A44, 0x0050,
    0x4A46, 0x0050,
    0x4A48, 0x0050,
    0x4A4A, 0x0050,
    0x4A4C, 0x0050,
    0x4A64, 0x0006,
    0x4A66, 0x0006,
    0x4A68, 0x0006,
    0x4A6A, 0x0006,
    0x4A6C, 0x0006,
    0x4A6E, 0x0006,
    0x4A70, 0x0006,
    0x4A76, 0x0007,
    0x4A78, 0x0007,
    0x4A7A, 0x0007,
    0x4A7C, 0x0007,
    0x4A7E, 0x0007,
    0x4A80, 0x0007,
    0x4A82, 0x0007,
    0x4A88, 0x001E,
    0x4A8A, 0x001E,
    0x4A8C, 0x001E,
    0x4A8E, 0x001E,
    0x4A90, 0x001E,
    0x4A92, 0x001E,
    0x4A94, 0x001E,
    0x4BA8, 0x003C,
    0x4BAA, 0x0006,
    0x4BAC, 0x0006,
    0x4BAE, 0x0006,
    0x4BB0, 0x0006,
    0x4BB2, 0x0006,
    0x4BB4, 0x0006,
    0x4BCC, 0x0028,
    0x4BCE, 0x0001,
    0x4BD0, 0x0001,
    0x4BD2, 0x0001,
    0x4BD4, 0x0001,
    0x4BD6, 0x0001,
    0x4BD8, 0x0001,
    0x4C02, 0x003C,
    0x4C04, 0x0008,
    0x4C06, 0x0008,
    0x4C08, 0x0008,
    0x4C0A, 0x0008,
    0x4C0C, 0x0008,
    0x4C0E, 0x0008,
    0x4C26, 0x0028,
    0x4C28, 0x0014,
    0x4C2A, 0x0014,
    0x4C2C, 0x0014,
    0x4C2E, 0x0014,
    0x4C30, 0x0014,
    0x4C32, 0x0014,
    0x4C52, 0x044C,
    0x4C54, 0x044C,
    0x4C56, 0x044C,
    0x4CE2, 0x001E,
    0x4CE4, 0x001E,
    0x4CE6, 0x001E,
    0x4DBA, 0x00E6,
    0x4DBC, 0x00E6,
    0x4DBE, 0x00E6,
    0x4DCC, 0x00E6,
    0x4DCE, 0x00E6,
    0x4DD0, 0x00E6,
    0x4DDE, 0x00E6,
    0x4DE0, 0x00E6,
    0x4DE2, 0x00E6,
    0x4E02, 0x0050,
    0x4E04, 0x0050,
    0x4E06, 0x0050,
    0x4F3E, 0x001E,
    0x4F40, 0x001E,
    0x4F42, 0x001E,
    0x4F44, 0x0028,
    0x4F46, 0x0032,
    0x4F48, 0x0032,
    0x4F4A, 0x0032,
    0x4F50, 0x001E,
    0x4F52, 0x001E,
    0x4F54, 0x001E,
    0x4F56, 0x0028,
    0x4F58, 0x0050,
    0x4F5A, 0x0050,
    0x4F5C, 0x0050,
    0x4F62, 0x001E,
    0x4F64, 0x001E,
    0x4F66, 0x001E,
    0x4F68, 0x0028,
    0x4F6A, 0x006E,
    0x4F6C, 0x006E,
    0x4F6E, 0x006E,
    0x4F74, 0x001E,
    0x4F76, 0x001E,
    0x4F78, 0x001E,
    0x4F7A, 0x0028,
    0x4F7C, 0x0082,
    0x4F7E, 0x0082,
    0x4F80, 0x0082,
    0x4F86, 0x0028,
    0x4F88, 0x0028,
    0x4F8A, 0x0028,
    0x4F8C, 0x0032,
    0x4F8E, 0x0082,
    0x4F90, 0x0082,
    0x4F92, 0x0082,
    0x85FA, 0x0000,
    0xFCFC, 0x2002,
    0xDDD6, 0x001F,
    0xDDD8, 0x000C,
    0xDDDA, 0x000C,
    0xDDDC, 0x000C,
    0xDDDE, 0x000C,
    0xDDE0, 0x000C,
    0xDDEC, 0x0000,
    0xDDF6, 0x0100,
    0xDDF8, 0x8000,
    0xDDFA, 0x0216,
    0xDE02, 0x003F,
    0xDE04, 0x0001,
    0xDE06, 0x0F13,
    0xDE08, 0x0F13,
    0xDE0A, 0x000C,
    0xDE0C, 0x000C,
    0xDE0E, 0x0000,
    0xDE16, 0x0003,
    0xDE18, 0x04EF,
    0xDE1C, 0x0001,
    0xDE20, 0x0000,
    0xDE22, 0x0100,
    0xDE24, 0x0000,
    0xDE26, 0x0200,
    0xDE28, 0x0000,
    0xDE2A, 0x0400,
    0xDE2C, 0x0000,
    0xDE2E, 0x0800,
    0xDE30, 0x0000,
    0xDE32, 0x2000,
    0xDE34, 0x0000,
    0xDE36, 0x4000,
    0xDE38, 0x0000,
    0xDE3A, 0x0100,
    0xDE3C, 0x0000,
    0xDE3E, 0x0200,
    0xDE40, 0x0000,
    0xDE42, 0x0400,
    0xDE44, 0x0000,
    0xDE46, 0x0800,
    0xDE48, 0x0000,
    0xDE4A, 0x2000,
    0xDE4C, 0x0000,
    0xDE4E, 0x4000,
    0xDE50, 0x0000,
    0xDE52, 0x0100,
    0xDE54, 0x0000,
    0xDE56, 0x0200,
    0xDE58, 0x0000,
    0xDE5A, 0x0400,
    0xDE5C, 0x0000,
    0xDE5E, 0x0800,
    0xDE60, 0x0000,
    0xDE62, 0x2000,
    0xDE64, 0x0000,
    0xDE66, 0x4000,
    0xDE68, 0x0000,
    0xDE6A, 0x0100,
    0xDE6C, 0x0000,
    0xDE6E, 0x0200,
    0xDE70, 0x0000,
    0xDE72, 0x0400,
    0xDE74, 0x0000,
    0xDE76, 0x0800,
    0xDE78, 0x0000,
    0xDE7A, 0x2000,
    0xDE7C, 0x0000,
    0xDE7E, 0x4000,
    0xDE80, 0x0000,
    0xDE82, 0x0000,
    0xDE84, 0x0000,
    0xDE86, 0x0000,
    0xDE88, 0x0000,
    0xDE8A, 0x0000,
    0xDE8C, 0x0000,
    0xDE8E, 0x0000,
    0xDE90, 0x0000,
    0xDE92, 0x0000,
    0xDE94, 0x0000,
    0xDE96, 0x0000,
    0xDE98, 0x0000,
    0xDE9A, 0x0000,
    0xDE9C, 0x0000,
    0xDE9E, 0x0000,
    0xDEA0, 0x0000,
    0xDEA2, 0x0000,
    0xDEA4, 0x0000,
    0xDEA6, 0x0000,
    0xDEA8, 0x0000,
    0xDEAA, 0x0000,
    0xDEAC, 0x0000,
    0xDEAE, 0x0000,
    0xDEB0, 0x0000,
    0xDEB2, 0x0000,
    0xDEB4, 0x0000,
    0xDEB6, 0x0000,
    0xDEB8, 0x0000,
    0xDEBA, 0x0000,
    0xDEBC, 0x0000,
    0xDEBE, 0x0000,
    0xDEC0, 0x0000,
    0xDEC2, 0x0000,
    0xDEC4, 0x0000,
    0xDEC6, 0x0000,
    0xDEC8, 0x0000,
    0xDECA, 0x0000,
    0xDECC, 0x0000,
    0xDECE, 0x0000,
    0xDED0, 0x0000,
    0xDED2, 0x0000,
    0xDED4, 0x0000,
    0xDED6, 0x0000,
    0xDED8, 0x0000,
    0xDEDA, 0x0000,
    0xDEDC, 0x0000,
    0xDEDE, 0x0000,
    0xDF40, 0x0000,
    0xDF42, 0x01FF,
    0xDF44, 0x0000,
    0xDF46, 0x03FF,
    0xDF48, 0x0000,
    0xDF4A, 0x07FF,
    0xDF4C, 0x0000,
    0xDF4E, 0x1FFF,
    0xDF50, 0x0000,
    0xDF52, 0x3FFF,
    0xDF54, 0x0001,
    0xDF56, 0x0000,
    0xDF58, 0x0000,
    0xDF5A, 0x01FF,
    0xDF5C, 0x0000,
    0xDF5E, 0x03FF,
    0xDF60, 0x0000,
    0xDF62, 0x07FF,
    0xDF64, 0x0000,
    0xDF66, 0x1FFF,
    0xDF68, 0x0000,
    0xDF6A, 0x3FFF,
    0xDF6C, 0x0001,
    0xDF6E, 0x0000,
    0xDF70, 0x0000,
    0xDF72, 0x01FF,
    0xDF74, 0x0000,
    0xDF76, 0x03FF,
    0xDF78, 0x0000,
    0xDF7A, 0x07FF,
    0xDF7C, 0x0000,
    0xDF7E, 0x1FFF,
    0xDF80, 0x0000,
    0xDF82, 0x3FFF,
    0xDF84, 0x0001,
    0xDF86, 0x0000,
    0xDF88, 0x0000,
    0xDF8A, 0x01FF,
    0xDF8C, 0x0000,
    0xDF8E, 0x03FF,
    0xDF90, 0x0000,
    0xDF92, 0x07FF,
    0xDF94, 0x0000,
    0xDF96, 0x1FFF,
    0xDF98, 0x0000,
    0xDF9A, 0x3FFF,
    0xDF9C, 0x0001,
    0xDF9E, 0x0000,
    0xDFA0, 0x0000,
    0xDFA2, 0x0000,
    0xDFA4, 0x0000,
    0xDFA6, 0x0000,
    0xDFA8, 0x0000,
    0xDFAA, 0x0000,
    0xDFAC, 0x0000,
    0xDFAE, 0x0000,
    0xDFB0, 0x0000,
    0xDFB2, 0x0000,
    0xDFB4, 0x0000,
    0xDFB6, 0x0000,
    0xDFB8, 0x0000,
    0xDFBA, 0x0000,
    0xDFBC, 0x0000,
    0xDFBE, 0x0000,
    0xDFC0, 0x0000,
    0xDFC2, 0x0000,
    0xDFC4, 0x0000,
    0xDFC6, 0x0000,
    0xDFC8, 0x0000,
    0xDFCA, 0x0000,
    0xDFCC, 0x0000,
    0xDFCE, 0x0000,
    0xDFD0, 0x0000,
    0xDFD2, 0x0000,
    0xDFD4, 0x0000,
    0xDFD6, 0x0000,
    0xDFD8, 0x0000,
    0xDFDA, 0x0000,
    0xDFDC, 0x0000,
    0xDFDE, 0x0000,
    0xDFE0, 0x0000,
    0xDFE2, 0x0000,
    0xDFE4, 0x0000,
    0xDFE6, 0x0000,
    0xDFE8, 0x0000,
    0xDFEA, 0x0000,
    0xDFEC, 0x0000,
    0xDFEE, 0x0000,
    0xDFF0, 0x0000,
    0xDFF2, 0x0000,
    0xDFF4, 0x0000,
    0xDFF6, 0x0000,
    0xDFF8, 0x0000,
    0xDFFA, 0x0000,
    0xDFFC, 0x0000,
    0xDFFE, 0x0000,
    0xE060, 0x0000,
    0xE06E, 0x2000,
    0xE070, 0x1800,
    0xE072, 0x2020,
    0xE074, 0x1830,
    0xE076, 0xFFFF,
    0xE078, 0xFFFF,
    0xE07A, 0x0000,
    0xFCFC, 0x4000,
    0x0086, 0x2000,
    0x020A, 0x0100,
    0x0228, 0x0100,
    0x0380, 0x0004,
    0x0382, 0x0004,
    0x0384, 0x0004,
    0x0386, 0x0004,
    0x0722, 0x0800,
    0x0900, 0x3244,
    0x0B02, 0x0202,
    0x0B04, 0x0001,
    0x0B06, 0x0101,
    0x0B08, 0x0100,
    0x0B0A, 0x0101,
    0x0B0C, 0x0100,
    0x0BCC, 0x0100,
    0x0BE2, 0x0000,
    0x0274, 0x302B,
    0x0E00, 0x0003,
    /*OIS_EN_DISABLE*/
    0xFCFC, 0x4000,
    0x0A70, 0x0001,
    0xFCFC, 0x2000,
    0x101F, 0x0100,
    0xFCFC, 0x2001,
    0x2F38, 0x0001,
    0x2F3A, 0x0000,
    0x2F3C, 0x0001,
    0x2F3E, 0x0000,
    0x2F40, 0x0000,
    0x2F42, 0x0000,
    0x2F46, 0x0000,
    0x2F48, 0x0000,
    0xFCFC, 0x4000,
};

/* 01_4096x3072_30fps_2976Msps AEB*/
static u16 cjtele_custom1_setting[] = {
    0xFCFC, 0x2000,
    0x0F8C, 0x0000,
    0x46F2, 0x0000,
    0x472C, 0x0000,
    0x472E, 0x0000,
    0x4760, 0x0200,
    0xFCFC, 0x4000,
    0x0114, 0x0201,
    0x0118, 0x0004,
    0x011C, 0x0101,
    0x0136, 0x1800,
    0x013E, 0x0000,
    0x0202, 0x0200,
    0x0204, 0x0020,
    0x0226, 0x0200,
    0x022C, 0x0200,
    0x0260, 0x0101,
    0x0262, 0x0200,
    0x0264, 0x0306,
    0x0270, 0x2B2B,
    0x0272, 0x2B10,
    0x0304, 0x0003,
    0x0306, 0x00F0,
    0x030C, 0x0000,
    0x030E, 0x0003,
    0x0310, 0x00BA,
    0x0312, 0x0000,
    0x031A, 0x0003,
    0x031C, 0x0028,
    0x031E, 0x0002,
    0x0340, 0x1408,
    0x081C, 0x0015,
    0x0BCA, 0x0101,
    0xFCFC, 0x2003,
    0x0C8A, 0x0000,
    0x0C8E, 0x002C,
    0x0C92, 0x0702,
    0x0CE2, 0x0180,
    0x0CE4, 0x0200,
    0x0CE6, 0x0300,
    0x0CE8, 0x0400,
    0x0CEA, 0x1E20,
    0x0CEC, 0x2223,
    0x0CEE, 0x2526,
    0x0CF0, 0x2728,
    0x0CF2, 0x292A,
    0x0CF4, 0x2B2C,
    0x0CF6, 0x2C2D,
    0x0CF8, 0x2E2E,
    0x0CFA, 0x2F31,
    0x0CFC, 0x3233,
    0x0CFE, 0x3435,
    0x0D00, 0x3637,
    0x0D02, 0x3739,
    0x0D04, 0x3A3B,
    0x0D06, 0x3B3D,
    0x0D08, 0x3E3E,
    0x0D0A, 0x3F2C,
    0x0C96, 0x0100,
    0x0CA2, 0x0200,
    0x0CA6, 0x0008,
    0x0CAA, 0x0008,
    0x0CAE, 0x0000,
    0x0CB2, 0x0200,
    0x0CB6, 0x0000,
    0x0D14, 0x013F,
    0x0D16, 0x017F,
    0x0D18, 0x01BF,
    0x0D1A, 0x01FF,
    0x0D1C, 0x027F,
    0x0D1E, 0x02FF,
    0x0D20, 0x037F,
    0x0D22, 0x03FF,
    0x0D24, 0x05FF,
    0x0D26, 0x07FF,
    0x0D28, 0x09FF,
    0x0D2A, 0x0BFF,
    0x0D2C, 0x0DFF,
    0x0D2E, 0x0FFF,
    0x0D30, 0x3FFF,
    0x0CC2, 0x0A0A,
    0x0CC6, 0x0000,
    0x0D3A, 0x1860,
    0x0D3C, 0x0000,
    0x0D3E, 0x0020,
    0x0D40, 0x403C,
    0x0D42, 0x305C,
    0x0D44, 0x1000,
    0x0D46, 0x0C00,
    0x0D48, 0x0008,
    0x0D4A, 0x0008,
    0x0CCA, 0x0001,
    0x0CCE, 0x0000,
    0x0CD2, 0x0800,
    0x0CD6, 0x0300,
    0xFCFC, 0x4000,
    0x0B32, 0x0000,
    0x0B30, 0x0101,
    0x0274, 0x302B,
    0x0E00, 0x0203,
    0xFCFC, 0x4000,
    0x0E04, 0x1C03,
    0x0E10, 0x0010,
    0x0E12, 0x0020,
    0x0E14, 0x1408,
    0x0E16, 0x0101,
    0x0E18, 0x2B2B,
    0x0E1A, 0x0402,
    0x0E1C, 0x302B,
    0x0E1E, 0x0100,
    0x0E20, 0x0200,
    0x0E22, 0x1408,
    0x0E24, 0x0202,
    0x0E26, 0x2B2B,
    0x0E28, 0x0303,
    0x0E2A, 0x302B,
    /*OIS_EN_DISABLE*/
    0xFCFC, 0x4000,
    0x0A70, 0x0001,
    0xFCFC, 0x2000,
    0x101F, 0x0100,
    0xFCFC, 0x2001,
    0x2F38, 0x0001,
    0x2F3A, 0x0000,
    0x2F3C, 0x0001,
    0x2F3E, 0x0000,
    0x2F40, 0x0000,
    0x2F42, 0x0000,
    0x2F46, 0x0000,
    0x2F48, 0x0000,
    0xFCFC, 0x4000,
};

/*06_4096*3072 30fps 2X2 AEB(AP merge)-izoom_QBC(AP RMSC)*/
static u16 cjtele_custom2_setting[] = {
    0xFCFC, 0x2000,
    0x0F8C, 0x0000,
    0x46F2, 0x0000,
    0x472C, 0x0000,
    0x472E, 0x0000,
    0x4760, 0x0200,
    0xFCFC, 0x4000,
    0x0114, 0x0201,
    0x0118, 0x0004,
    0x011C, 0x0101,
    0x0136, 0x1800,
    0x013E, 0x0000,
    0x0202, 0x0200,
    0x0204, 0x0020,
    0x0226, 0x0200,
    0x022C, 0x0200,
    0x0260, 0x0101,
    0x0262, 0x0200,
    0x0264, 0x0306,
    0x0270, 0x2B2B,
    0x0272, 0x2B10,
    0x0304, 0x0003,
    0x0306, 0x00F0,
    0x030C, 0x0000,
    0x030E, 0x0003,
    0x0310, 0x00BA,
    0x0312, 0x0000,
    0x031A, 0x0003,
    0x031C, 0x0028,
    0x031E, 0x0002,
    0x0340, 0x0C85,
    0x081C, 0x0015,
    0x0BCA, 0x0101,
    0xFCFC, 0x2003,
    0x0C8A, 0x0000,
    0x0C8E, 0xFFFF,
    0x0C92, 0x0702,
    0x0CE2, 0x0180,
    0x0CE4, 0x0200,
    0x0CE6, 0x0300,
    0x0CE8, 0x0400,
    0x0CEA, 0x1B1D,
    0x0CEC, 0x1F21,
    0x0CEE, 0x2224,
    0x0CF0, 0x2526,
    0x0CF2, 0x2728,
    0x0CF4, 0x292A,
    0x0CF6, 0x2B2B,
    0x0CF8, 0x2C2D,
    0x0CFA, 0x2D2F,
    0x0CFC, 0x3132,
    0x0CFE, 0x3334,
    0x0D00, 0x3536,
    0x0D02, 0x3638,
    0x0D04, 0x3A3A,
    0x0D06, 0x3B3D,
    0x0D08, 0x3D3E,
    0x0D0A, 0x3E2C,
    0x0C96, 0x0000,
    0x0CA2, 0x0200,
    0x0CA6, 0x0010,
    0x0CAA, 0x0010,
    0x0CAE, 0x0000,
    0x0CB2, 0x0200,
    0x0CB6, 0x0000,
    0x0D14, 0x013F,
    0x0D16, 0x017F,
    0x0D18, 0x01BF,
    0x0D1A, 0x01FF,
    0x0D1C, 0x02FF,
    0x0D1E, 0x03FF,
    0x0D20, 0x04FF,
    0x0D22, 0x05FF,
    0x0D24, 0x06FF,
    0x0D26, 0x07FF,
    0x0D28, 0x0BFF,
    0x0D2A, 0x0FFF,
    0x0D2C, 0x17FF,
    0x0D2E, 0x1FFF,
    0x0D30, 0x2FFF,
    0x0CC2, 0x0A0A,
    0x0CC6, 0x0000,
    0x0D3A, 0x2700,
    0x0D3C, 0x1000,
    0x0D3E, 0x0C20,
    0x0D40, 0x303E,
    0x0D42, 0x245E,
    0x0D44, 0x1000,
    0x0D46, 0x0C00,
    0x0D48, 0x0010,
    0x0D4A, 0x0010,
    0x0CCA, 0x0001,
    0x0CCE, 0x0000,
    0x0CD2, 0x0400,
    0x0CD6, 0x0180,
    0xFCFC, 0x4000,
    0x0B32, 0x0000,
    0x0B30, 0x0105,
    0x0274, 0x302B,
    0x0E00, 0x0203,
    0xFCFC, 0x4000,
    0x0E04, 0x1C03,
    0x0E10, 0x0010,
    0x0E12, 0x0020,
    0x0E14, 0x1408,
    0x0E16, 0x0101,
    0x0E18, 0x2B2B,
    0x0E1A, 0x0402,
    0x0E1C, 0x302B,
    0x0E1E, 0x0100,
    0x0E20, 0x0200,
    0x0E22, 0x1408,
    0x0E24, 0x0202,
    0x0E26, 0x2B2B,
    0x0E28, 0x0303,
    0x0E2A, 0x302B,
    /*OIS_EN_DISABLE*/
    0xFCFC, 0x4000,
    0x0A70, 0x0001,
    0xFCFC, 0x2000,
    0x101F, 0x0100,
    0xFCFC, 0x2001,
    0x2F38, 0x0001,
    0x2F3A, 0x0000,
    0x2F3C, 0x0001,
    0x2F3E, 0x0000,
    0x2F40, 0x0000,
    0x2F42, 0x0000,
    0x2F46, 0x0000,
    0x2F48, 0x0000,
    0xFCFC, 0x4000,
};

/*18_4096x3072_30.01fps_2976Msps 8Sum2Avg_iDCG1:8_HCGPD*/
static u16 cjtele_custom3_setting[] = {
    0xFCFC, 0x2000,
    0x0F8C, 0x0000,
    0x46F2, 0x0000,
    0x472C, 0x0000,
    0x472E, 0x0000,
    0x4760, 0x0200,
    0xFCFC, 0x4000,
    0x0114, 0x0201,
    0x0118, 0x0004,
    0x011C, 0x0101,
    0x0136, 0x1800,
    0x013E, 0x0000,
    0x0202, 0x0200,
    0x0204, 0x0020,
    0x0226, 0x0200,
    0x022C, 0x0200,
    0x0260, 0x0102,
    0x0262, 0x0200,
    0x0264, 0x0306,
    0x0270, 0x2B2B,
    0x0272, 0x2B10,
    0x0304, 0x0003,
    0x0306, 0x00F0,
    0x030C, 0x0000,
    0x030E, 0x0003,
    0x0310, 0x00BA,
    0x0312, 0x0000,
    0x031A, 0x0003,
    0x031C, 0x0028,
    0x031E, 0x0002,
    0x0340, 0x0C44,
    0x081C, 0x0015,
    0x0BCA, 0x0101,
    0xFCFC, 0x2003,
    0x0C8A, 0x0000,
    0x0C8E, 0x0088,
    0x0C92, 0x0706,
    0x0CE2, 0x0180,
    0x0CE4, 0x0200,
    0x0CE6, 0x0300,
    0x0CE8, 0x0400,
    0x0CEA, 0x1E20,
    0x0CEC, 0x2223,
    0x0CEE, 0x2526,
    0x0CF0, 0x2728,
    0x0CF2, 0x292A,
    0x0CF4, 0x2B2C,
    0x0CF6, 0x2C2D,
    0x0CF8, 0x2E2E,
    0x0CFA, 0x2F31,
    0x0CFC, 0x3233,
    0x0CFE, 0x3435,
    0x0D00, 0x3637,
    0x0D02, 0x3739,
    0x0D04, 0x3A3B,
    0x0D06, 0x3B3D,
    0x0D08, 0x3E3E,
    0x0D0A, 0x3F2C,
    0x0C96, 0x0000,
    0x0CA2, 0x0200,
    0x0CA6, 0x0010,
    0x0CAA, 0x0008,
    0x0CAE, 0x0000,
    0x0CB2, 0x0201,
    0x0CB6, 0x0000,
    0x0D14, 0x013F,
    0x0D16, 0x017F,
    0x0D18, 0x01BF,
    0x0D1A, 0x01FF,
    0x0D1C, 0x023F,
    0x0D1E, 0x027F,
    0x0D20, 0x02BF,
    0x0D22, 0x02FF,
    0x0D24, 0x033F,
    0x0D26, 0x037F,
    0x0D28, 0x03BF,
    0x0D2A, 0x03FF,
    0x0D2C, 0x05FF,
    0x0D2E, 0x07FF,
    0x0D30, 0x0BFF,
    0x0CC2, 0x0A0A,
    0x0CC6, 0x0500,
    0x0D3A, 0x4F98,
    0x0D3C, 0x0000,
    0x0D3E, 0x0020,
    0x0D40, 0x403C,
    0x0D42, 0x305C,
    0x0D44, 0x1000,
    0x0D46, 0x0C00,
    0x0D48, 0x0008,
    0x0D4A, 0x0008,
    0x0CCA, 0x0001,
    0x0CCE, 0x0000,
    0x0CD2, 0x0800,
    0x0CD6, 0x0300,
    0xFCFC, 0x4000,
    0x0B32, 0x0000,
    0x0B30, 0x010B,
    0x0274, 0x302B,
    0x0E00, 0x0003,
    /*OIS_EN_DISABLE*/
    0xFCFC, 0x4000,
    0x0A70, 0x0001,
    0xFCFC, 0x2000,
    0x101F, 0x0100,
    0xFCFC, 0x2001,
    0x2F38, 0x0001,
    0x2F3A, 0x0000,
    0x2F3C, 0x0001,
    0x2F3E, 0x0000,
    0x2F40, 0x0000,
    0x2F42, 0x0000,
    0x2F46, 0x0000,
    0x2F48, 0x0000,
    0xFCFC, 0x4000,
};

/* 03_8192*6144 2x2 Fullsize QBC (For 25M) */
static u16 cjtele_custom4_setting[] = {
    0xFCFC, 0x2000,
    0x0F8C, 0x0000,
    0x46F2, 0x0000,
    0x472C, 0x0000,
    0x472E, 0x0000,
    0x4760, 0x0200,
    0xFCFC, 0x4000,
    0x0114, 0x0201,
    0x0118, 0x0004,
    0x011C, 0x0101,
    0x0136, 0x1800,
    0x013E, 0x0000,
    0x0202, 0x0200,
    0x0204, 0x0020,
    0x0226, 0x0200,
    0x022C, 0x0200,
    0x0260, 0x0101,
    0x0262, 0x0200,
    0x0264, 0x0306,
    0x0270, 0x2B2B,
    0x0272, 0x2B10,
    0x0304, 0x0003,
    0x0306, 0x00F0,
    0x030C, 0x0000,
    0x030E, 0x0003,
    0x0310, 0x00BA,
    0x0312, 0x0000,
    0x031A, 0x0003,
    0x031C, 0x0028,
    0x031E, 0x0002,
    0x0340, 0x190A,
    0x081C, 0x0015,
    0x0BCA, 0x0101,
    0xFCFC, 0x2003,
    0x0C8A, 0x0000,
    0x0C8E, 0xFFFF,
    0x0C92, 0x0702,
    0x0CE2, 0x0180,
    0x0CE4, 0x0200,
    0x0CE6, 0x0300,
    0x0CE8, 0x0400,
    0x0CEA, 0x1B1D,
    0x0CEC, 0x1F21,
    0x0CEE, 0x2224,
    0x0CF0, 0x2526,
    0x0CF2, 0x2728,
    0x0CF4, 0x292A,
    0x0CF6, 0x2B2B,
    0x0CF8, 0x2C2D,
    0x0CFA, 0x2D2F,
    0x0CFC, 0x3132,
    0x0CFE, 0x3334,
    0x0D00, 0x3536,
    0x0D02, 0x3638,
    0x0D04, 0x3A3A,
    0x0D06, 0x3B3D,
    0x0D08, 0x3D3E,
    0x0D0A, 0x3E2C,
    0x0C96, 0x0000,
    0x0CA2, 0x0200,
    0x0CA6, 0x0010,
    0x0CAA, 0x0010,
    0x0CAE, 0x0000,
    0x0CB2, 0x0200,
    0x0CB6, 0x0000,
    0x0D14, 0x013F,
    0x0D16, 0x017F,
    0x0D18, 0x01BF,
    0x0D1A, 0x01FF,
    0x0D1C, 0x02FF,
    0x0D1E, 0x03FF,
    0x0D20, 0x04FF,
    0x0D22, 0x05FF,
    0x0D24, 0x06FF,
    0x0D26, 0x07FF,
    0x0D28, 0x0BFF,
    0x0D2A, 0x0FFF,
    0x0D2C, 0x17FF,
    0x0D2E, 0x1FFF,
    0x0D30, 0x2FFF,
    0x0CC2, 0x0A0A,
    0x0CC6, 0x0000,
    0x0D3A, 0x2700,
    0x0D3C, 0x0000,
    0x0D3E, 0x0020,
    0x0D40, 0x403E,
    0x0D42, 0x305E,
    0x0D44, 0x2000,
    0x0D46, 0x1800,
    0x0D48, 0x0010,
    0x0D4A, 0x0010,
    0x0CCA, 0x0001,
    0x0CCE, 0x0000,
    0x0CD2, 0x0800,
    0x0CD6, 0x0300,
    0xFCFC, 0x4000,
    0x0B32, 0x0000,
    0x0B30, 0x0102,
    0x0274, 0x302B,
    0x0E00, 0x0003,
    /*OIS_EN_DISABLE*/
    0xFCFC, 0x4000,
    0x0A70, 0x0001,
    0xFCFC, 0x2000,
    0x101F, 0x0100,
    0xFCFC, 0x2001,
    0x2F38, 0x0001,
    0x2F3A, 0x0000,
    0x2F3C, 0x0001,
    0x2F3E, 0x0000,
    0x2F40, 0x0000,
    0x2F42, 0x0000,
    0x2F46, 0x0000,
    0x2F48, 0x0000,
    0xFCFC, 0x4000,
};

/* 04_4096*3072 30fps Fullsize-crop izoom-QBC(AP RMSC)*/
static u16 cjtele_custom5_setting[] = {
    0xFCFC, 0x2000,
    0x0F8C, 0x0000,
    0x46F2, 0x0000,
    0x472C, 0x0000,
    0x472E, 0x0000,
    0x4760, 0x0200,
    0xFCFC, 0x4000,
    0x0114, 0x0201,
    0x0118, 0x0004,
    0x011C, 0x0101,
    0x0136, 0x1800,
    0x013E, 0x0000,
    0x0202, 0x0200,
    0x0204, 0x0020,
    0x0226, 0x0200,
    0x022C, 0x0200,
    0x0260, 0x0101,
    0x0262, 0x0200,
    0x0264, 0x0306,
    0x0270, 0x2B2B,
    0x0272, 0x2B10,
    0x0304, 0x0003,
    0x0306, 0x00F0,
    0x030C, 0x0000,
    0x030E, 0x0003,
    0x0310, 0x00BA,
    0x0312, 0x0000,
    0x031A, 0x0003,
    0x031C, 0x0028,
    0x031E, 0x0002,
    0x0340, 0x0C85,
    0x081C, 0x0015,
    0x0BCA, 0x0101,
    0xFCFC, 0x2003,
    0x0C8A, 0x0000,
    0x0C8E, 0x0029,
    0x0C92, 0x0700,
    0x0CE2, 0x0140,
    0x0CE4, 0x0180,
    0x0CE6, 0x01C0,
    0x0CE8, 0x0200,
    0x0CEA, 0x1E20,
    0x0CEC, 0x2223,
    0x0CEE, 0x2526,
    0x0CF0, 0x2728,
    0x0CF2, 0x292A,
    0x0CF4, 0x2B2C,
    0x0CF6, 0x2C2D,
    0x0CF8, 0x2E2E,
    0x0CFA, 0x2F31,
    0x0CFC, 0x3233,
    0x0CFE, 0x3435,
    0x0D00, 0x3637,
    0x0D02, 0x3739,
    0x0D04, 0x3A3B,
    0x0D06, 0x3B3C,
    0x0D08, 0x3D3D,
    0x0D0A, 0x3E2C,
    0x0C96, 0x0000,
    0x0CA2, 0x0200,
    0x0CA6, 0x0020,
    0x0CAA, 0x0010,
    0x0CAE, 0x0000,
    0x0CB2, 0x0200,
    0x0CB6, 0x0000,
    0x0D14, 0x013F,
    0x0D16, 0x017F,
    0x0D18, 0x01BF,
    0x0D1A, 0x01FF,
    0x0D1C, 0x023F,
    0x0D1E, 0x027F,
    0x0D20, 0x02BF,
    0x0D22, 0x02FF,
    0x0D24, 0x033F,
    0x0D26, 0x037F,
    0x0D28, 0x03BF,
    0x0D2A, 0x03FF,
    0x0D2C, 0x05FF,
    0x0D2E, 0x07FF,
    0x0D30, 0x0BFF,
    0x0CC2, 0x0A0A,
    0x0CC6, 0x0000,
    0x0D3A, 0x4E00,
    0x0D3C, 0x1800,
    0x0D3E, 0x1230,
    0x0D40, 0x283F,
    0x0D42, 0x1E4F,
    0x0D44, 0x1000,
    0x0D46, 0x0C00,
    0x0D48, 0x0020,
    0x0D4A, 0x0010,
    0x0CCA, 0x0001,
    0x0CCE, 0x0000,
    0x0CD2, 0x0200,
    0x0CD6, 0x00C0,
    0xFCFC, 0x4000,
    0x0B32, 0x0000,
    0x0B30, 0x0103,
    0x0274, 0x302B,
    0x0E00, 0x0003,
    /*OIS_EN_DISABLE*/
    0xFCFC, 0x4000,
    0x0A70, 0x0001,
    0xFCFC, 0x2000,
    0x101F, 0x0100,
    0xFCFC, 0x2001,
    0x2F38, 0x0001,
    0x2F3A, 0x0000,
    0x2F3C, 0x0001,
    0x2F3E, 0x0000,
    0x2F40, 0x0000,
    0x2F42, 0x0000,
    0x2F46, 0x0000,
    0x2F48, 0x0000,
    0xFCFC, 0x4000,
};

/* 05_16384x12288_7.5fps_2976Msps */
static u16 cjtele_custom6_setting[] = {
    0xFCFC, 0x2000,
    0x0F8C, 0x0000,
    0x46F2, 0x0000,
    0x472C, 0x0000,
    0x472E, 0x0000,
    0x4760, 0x0200,
    0xFCFC, 0x4000,
    0x0114, 0x0201,
    0x0118, 0x0004,
    0x011C, 0x0101,
    0x0136, 0x1800,
    0x013E, 0x0000,
    0x0202, 0x0200,
    0x0204, 0x0020,
    0x0226, 0x0200,
    0x022C, 0x0200,
    0x0260, 0x0101,
    0x0262, 0x0200,
    0x0264, 0x0306,
    0x0270, 0x2B2B,
    0x0272, 0x2B10,
    0x0304, 0x0003,
    0x0306, 0x00F0,
    0x030C, 0x0000,
    0x030E, 0x0003,
    0x0310, 0x00BA,
    0x0312, 0x0000,
    0x031A, 0x0003,
    0x031C, 0x0028,
    0x031E, 0x0002,
    0x0340, 0x3214,
    0x081C, 0x0015,
    0x0BCA, 0x0101,
    0xFCFC, 0x2003,
    0x0C8A, 0x0000,
    0x0C8E, 0x012C,
    0x0C92, 0x0700,
    0x0CE2, 0x0140,
    0x0CE4, 0x0180,
    0x0CE6, 0x01C0,
    0x0CE8, 0x0200,
    0x0CEA, 0x1E20,
    0x0CEC, 0x2223,
    0x0CEE, 0x2526,
    0x0CF0, 0x2728,
    0x0CF2, 0x292A,
    0x0CF4, 0x2B2C,
    0x0CF6, 0x2C2D,
    0x0CF8, 0x2E2E,
    0x0CFA, 0x2F31,
    0x0CFC, 0x3233,
    0x0CFE, 0x3435,
    0x0D00, 0x3637,
    0x0D02, 0x3739,
    0x0D04, 0x3A3B,
    0x0D06, 0x3B3C,
    0x0D08, 0x3D3D,
    0x0D0A, 0x3E2C,
    0x0C96, 0x0000,
    0x0CA2, 0x0200,
    0x0CA6, 0x0020,
    0x0CAA, 0x0020,
    0x0CAE, 0x0000,
    0x0CB2, 0x0200,
    0x0CB6, 0x0000,
    0x0D14, 0x013F,
    0x0D16, 0x017F,
    0x0D18, 0x01BF,
    0x0D1A, 0x01FF,
    0x0D1C, 0x023F,
    0x0D1E, 0x027F,
    0x0D20, 0x02BF,
    0x0D22, 0x02FF,
    0x0D24, 0x033F,
    0x0D26, 0x037F,
    0x0D28, 0x03BF,
    0x0D2A, 0x03FF,
    0x0D2C, 0x05FF,
    0x0D2E, 0x07FF,
    0x0D30, 0x0BFF,
    0x0CC2, 0x0A0A,
    0x0CC6, 0x0000,
    0x0D3A, 0x4E00,
    0x0D3C, 0x0000,
    0x0D3E, 0x0020,
    0x0D40, 0x403F,
    0x0D42, 0x305F,
    0x0D44, 0x4000,
    0x0D46, 0x3000,
    0x0D48, 0x0020,
    0x0D4A, 0x0020,
    0x0CCA, 0x0001,
    0x0CCE, 0x0000,
    0x0CD2, 0x0800,
    0x0CD6, 0x0300,
    0xFCFC, 0x4000,
    0x0B32, 0x0000,
    0x0B30, 0x0104,
    0x0274, 0x302B,
    0x0E00, 0x0003,
    /*OIS_EN_DISABLE*/
    0xFCFC, 0x4000,
    0x0A70, 0x0001,
    0xFCFC, 0x2000,
    0x101F, 0x0100,
    0xFCFC, 0x2001,
    0x2F38, 0x0001,
    0x2F3A, 0x0000,
    0x2F3C, 0x0001,
    0x2F3E, 0x0000,
    0x2F40, 0x0000,
    0x2F42, 0x0000,
    0x2F46, 0x0000,
    0x2F48, 0x0000,
    0xFCFC, 0x4000,
};

/*19_4096x2560_30.01fps_2976Msps 8Sum2Avg_iDCG1:8_HCGPD*/
static u16 cjtele_custom7_setting[] = {
    0xFCFC, 0x2000,
    0x0F8C, 0x0000,
    0x46F2, 0x0000,
    0x472C, 0x0000,
    0x472E, 0x0000,
    0x4760, 0x0200,
    0xFCFC, 0x4000,
    0x0114, 0x0201,
    0x0118, 0x0004,
    0x011C, 0x0101,
    0x0136, 0x1800,
    0x013E, 0x0000,
    0x0202, 0x0200,
    0x0204, 0x0020,
    0x0226, 0x0200,
    0x022C, 0x0200,
    0x0260, 0x0102,
    0x0262, 0x0200,
    0x0264, 0x0306,
    0x0270, 0x2B2B,
    0x0272, 0x2B10,
    0x0304, 0x0003,
    0x0306, 0x00F0,
    0x030C, 0x0000,
    0x030E, 0x0003,
    0x0310, 0x00BA,
    0x0312, 0x0000,
    0x031A, 0x0003,
    0x031C, 0x0028,
    0x031E, 0x0002,
    0x0340, 0x0C44,
    0x081C, 0x0015,
    0x0BCA, 0x0101,
    0xFCFC, 0x2003,
    0x0C8A, 0x0000,
    0x0C8E, 0x003A,
    0x0C92, 0x0706,
    0x0CE2, 0x0180,
    0x0CE4, 0x0200,
    0x0CE6, 0x0300,
    0x0CE8, 0x0400,
    0x0CEA, 0x1E20,
    0x0CEC, 0x2223,
    0x0CEE, 0x2526,
    0x0CF0, 0x2728,
    0x0CF2, 0x292A,
    0x0CF4, 0x2B2C,
    0x0CF6, 0x2C2D,
    0x0CF8, 0x2E2E,
    0x0CFA, 0x2F31,
    0x0CFC, 0x3233,
    0x0CFE, 0x3435,
    0x0D00, 0x3637,
    0x0D02, 0x3739,
    0x0D04, 0x3A3B,
    0x0D06, 0x3B3D,
    0x0D08, 0x3E3E,
    0x0D0A, 0x3F2C,
    0x0C96, 0x0000,
    0x0CA2, 0x0200,
    0x0CA6, 0x0010,
    0x0CAA, 0x0008,
    0x0CAE, 0x0000,
    0x0CB2, 0x0201,
    0x0CB6, 0x0000,
    0x0D14, 0x013F,
    0x0D16, 0x017F,
    0x0D18, 0x01BF,
    0x0D1A, 0x01FF,
    0x0D1C, 0x023F,
    0x0D1E, 0x027F,
    0x0D20, 0x02BF,
    0x0D22, 0x02FF,
    0x0D24, 0x033F,
    0x0D26, 0x037F,
    0x0D28, 0x03BF,
    0x0D2A, 0x03FF,
    0x0D2C, 0x05FF,
    0x0D2E, 0x07FF,
    0x0D30, 0x0BFF,
    0x0CC2, 0x0A0A,
    0x0CC6, 0x0500,
    0x0D3A, 0x4F98,
    0x0D3C, 0x0000,
    0x0D3E, 0x0420,
    0x0D40, 0x403C,
    0x0D42, 0x2C5C,
    0x0D44, 0x1000,
    0x0D46, 0x0A00,
    0x0D48, 0x0008,
    0x0D4A, 0x0008,
    0x0CCA, 0x0001,
    0x0CCE, 0x0000,
    0x0CD2, 0x0800,
    0x0CD6, 0x0280,
    0xFCFC, 0x4000,
    0x0B32, 0x0000,
    0x0B30, 0x010C,
    0x0274, 0x302B,
    0x0E00, 0x0003,
    /*OIS_EN_DISABLE*/
    0xFCFC, 0x4000,
    0x0A70, 0x0001,
    0xFCFC, 0x2000,
    0x101F, 0x0100,
    0xFCFC, 0x2001,
    0x2F38, 0x0001,
    0x2F3A, 0x0000,
    0x2F3C, 0x0001,
    0x2F3E, 0x0000,
    0x2F40, 0x0000,
    0x2F42, 0x0000,
    0x2F46, 0x0000,
    0x2F48, 0x0000,
    0xFCFC, 0x4000,
};

/* 09_4096*2560 2X2 izoom-bayer */
static u16 cjtele_custom8_setting[] = {
    0xFCFC, 0x2000,
    0x0F8C, 0x0000,
    0x46F2, 0x0000,
    0x472C, 0x0000,
    0x472E, 0x0000,
    0x4760, 0x0200,
    0xFCFC, 0x4000,
    0x0114, 0x0201,
    0x0118, 0x0004,
    0x011C, 0x0101,
    0x0136, 0x1800,
    0x013E, 0x0000,
    0x0202, 0x0200,
    0x0204, 0x0020,
    0x0226, 0x0200,
    0x022C, 0x0200,
    0x0260, 0x0101,
    0x0262, 0x0200,
    0x0264, 0x0306,
    0x0270, 0x2B2B,
    0x0272, 0x2B10,
    0x0304, 0x0003,
    0x0306, 0x00F0,
    0x030C, 0x0000,
    0x030E, 0x0003,
    0x0310, 0x00BA,
    0x0312, 0x0000,
    0x031A, 0x0003,
    0x031C, 0x0028,
    0x031E, 0x0002,
    0x0340, 0x190A,
    0x081C, 0x0015,
    0x0BCA, 0x0101,
    0xFCFC, 0x2003,
    0x0C8A, 0x0000,
    0x0C8E, 0xFFFF,
    0x0C92, 0x0702,
    0x0CE2, 0x0180,
    0x0CE4, 0x0200,
    0x0CE6, 0x0300,
    0x0CE8, 0x0400,
    0x0CEA, 0x1B1D,
    0x0CEC, 0x1F21,
    0x0CEE, 0x2224,
    0x0CF0, 0x2526,
    0x0CF2, 0x2728,
    0x0CF4, 0x292A,
    0x0CF6, 0x2B2B,
    0x0CF8, 0x2C2D,
    0x0CFA, 0x2D2F,
    0x0CFC, 0x3132,
    0x0CFE, 0x3334,
    0x0D00, 0x3536,
    0x0D02, 0x3638,
    0x0D04, 0x3A3A,
    0x0D06, 0x3B3D,
    0x0D08, 0x3D3E,
    0x0D0A, 0x3E2C,
    0x0C96, 0x0000,
    0x0CA2, 0x0200,
    0x0CA6, 0x0010,
    0x0CAA, 0x0010,
    0x0CAE, 0x0000,
    0x0CB2, 0x0200,
    0x0CB6, 0x0200,
    0x0D14, 0x013F,
    0x0D16, 0x017F,
    0x0D18, 0x01BF,
    0x0D1A, 0x01FF,
    0x0D1C, 0x02FF,
    0x0D1E, 0x03FF,
    0x0D20, 0x04FF,
    0x0D22, 0x05FF,
    0x0D24, 0x06FF,
    0x0D26, 0x07FF,
    0x0D28, 0x0BFF,
    0x0D2A, 0x0FFF,
    0x0D2C, 0x17FF,
    0x0D2E, 0x1FFF,
    0x0D30, 0x2FFF,
    0x0CC2, 0x0A0A,
    0x0CC6, 0x0000,
    0x0D3A, 0x2700,
    0x0D3C, 0x1000,
    0x0D3E, 0x0E20,
    0x0D40, 0x303E,
    0x0D42, 0x225E,
    0x0D44, 0x1000,
    0x0D46, 0x0A00,
    0x0D48, 0x0010,
    0x0D4A, 0x0010,
    0x0CCA, 0x0001,
    0x0CCE, 0x0000,
    0x0CD2, 0x0400,
    0x0CD6, 0x0140,
    0xFCFC, 0x4000,
    0x0B32, 0x0000,
    0x0B30, 0x0107,
    0x0274, 0x302B,
    0x0E00, 0x0003,
    /*OIS_EN_DISABLE*/
    0xFCFC, 0x4000,
    0x0A70, 0x0001,
    0xFCFC, 0x2000,
    0x101F, 0x0100,
    0xFCFC, 0x2001,
    0x2F38, 0x0001,
    0x2F3A, 0x0000,
    0x2F3C, 0x0001,
    0x2F3E, 0x0000,
    0x2F40, 0x0000,
    0x2F42, 0x0000,
    0x2F46, 0x0000,
    0x2F48, 0x0000,
    0xFCFC, 0x4000,
};

/*010_4096*2560 Fullsize-crop izoom-QBC(AP RMSC)*/
static u16 cjtele_custom9_setting[] = {
    0xFCFC, 0x2000,
    0x0F8C, 0x0000,
    0x46F2, 0x0000,
    0x472C, 0x0000,
    0x472E, 0x0000,
    0x4760, 0x0200,
    0xFCFC, 0x4000,
    0x0114, 0x0201,
    0x0118, 0x0004,
    0x011C, 0x0101,
    0x0136, 0x1800,
    0x013E, 0x0000,
    0x0202, 0x0200,
    0x0204, 0x0020,
    0x0226, 0x0200,
    0x022C, 0x0200,
    0x0260, 0x0101,
    0x0262, 0x0200,
    0x0264, 0x0306,
    0x0270, 0x2B2B,
    0x0272, 0x2B10,
    0x0304, 0x0003,
    0x0306, 0x00F0,
    0x030C, 0x0000,
    0x030E, 0x0003,
    0x0310, 0x00BA,
    0x0312, 0x0000,
    0x031A, 0x0003,
    0x031C, 0x0028,
    0x031E, 0x0002,
    0x0340, 0x0C85,
    0x081C, 0x0015,
    0x0BCA, 0x0101,
    0xFCFC, 0x2003,
    0x0C8A, 0x0000,
    0x0C8E, 0x0029,
    0x0C92, 0x0700,
    0x0CE2, 0x0140,
    0x0CE4, 0x0180,
    0x0CE6, 0x01C0,
    0x0CE8, 0x0200,
    0x0CEA, 0x1E20,
    0x0CEC, 0x2223,
    0x0CEE, 0x2526,
    0x0CF0, 0x2728,
    0x0CF2, 0x292A,
    0x0CF4, 0x2B2C,
    0x0CF6, 0x2C2D,
    0x0CF8, 0x2E2E,
    0x0CFA, 0x2F31,
    0x0CFC, 0x3233,
    0x0CFE, 0x3435,
    0x0D00, 0x3637,
    0x0D02, 0x3739,
    0x0D04, 0x3A3B,
    0x0D06, 0x3B3C,
    0x0D08, 0x3D3D,
    0x0D0A, 0x3E2C,
    0x0C96, 0x0000,
    0x0CA2, 0x0200,
    0x0CA6, 0x0020,
    0x0CAA, 0x0020,
    0x0CAE, 0x0000,
    0x0CB2, 0x0200,
    0x0CB6, 0x0000,
    0x0D14, 0x013F,
    0x0D16, 0x017F,
    0x0D18, 0x01BF,
    0x0D1A, 0x01FF,
    0x0D1C, 0x023F,
    0x0D1E, 0x027F,
    0x0D20, 0x02BF,
    0x0D22, 0x02FF,
    0x0D24, 0x033F,
    0x0D26, 0x037F,
    0x0D28, 0x03BF,
    0x0D2A, 0x03FF,
    0x0D2C, 0x05FF,
    0x0D2E, 0x07FF,
    0x0D30, 0x0BFF,
    0x0CC2, 0x0A0A,
    0x0CC6, 0x0000,
    0x0D3A, 0x4E00,
    0x0D3C, 0x1800,
    0x0D3E, 0x1320,
    0x0D40, 0x283F,
    0x0D42, 0x1D5F,
    0x0D44, 0x1000,
    0x0D46, 0x0A00,
    0x0D48, 0x0020,
    0x0D4A, 0x0020,
    0x0CCA, 0x0001,
    0x0CCE, 0x0000,
    0x0CD2, 0x0200,
    0x0CD6, 0x00A0,
    0xFCFC, 0x4000,
    0x0B32, 0x0000,
    0x0B30, 0x0108,
    0x0274, 0x302B,
    0x0E00, 0x0003,
    /*OIS_EN_DISABLE*/
    0xFCFC, 0x4000,
    0x0A70, 0x0001,
    0xFCFC, 0x2000,
    0x101F, 0x0100,
    0xFCFC, 0x2001,
    0x2F38, 0x0001,
    0x2F3A, 0x0000,
    0x2F3C, 0x0001,
    0x2F3E, 0x0000,
    0x2F40, 0x0000,
    0x2F42, 0x0000,
    0x2F46, 0x0000,
    0x2F48, 0x0000,
    0xFCFC, 0x4000,
};

/*13_2048x1152_240.01fps_1760Msps*/
static u16 cjtele_custom10_setting[] = {
    0xFCFC, 0x4000,
    0x0B30, 0x01FF,
    0xFCFC, 0x2000,
    0x0F8C, 0x0000,
    0x1004, 0x0000,
    0x46F2, 0x0000,
    0x4718, 0x001C,
    0x472C, 0x0000,
    0x472E, 0x0000,
    0x4760, 0x0200,
    0x8F40, 0x0702,
    0xA76E, 0x0180,
    0xA770, 0x0200,
    0xA772, 0x0300,
    0xA774, 0x0400,
    0xA776, 0x1E20,
    0xA778, 0x2223,
    0xA77A, 0x2526,
    0xA77C, 0x2728,
    0xA77E, 0x292A,
    0xA780, 0x2B2C,
    0xA782, 0x2C2D,
    0xA784, 0x2E2E,
    0xA786, 0x2F31,
    0xA788, 0x3233,
    0xA78A, 0x3435,
    0xA78C, 0x3637,
    0xA78E, 0x3739,
    0xA790, 0x3A3B,
    0xA792, 0x3B3D,
    0xA794, 0x3E3E,
    0xA796, 0x3F2C,
    0xB8C4, 0x0000,
    0xFCFC, 0x2001,
    0x10F0, 0x0200,
    0x2C02, 0x0004,
    0x2C04, 0x0004,
    0x2C06, 0x0000,
    0x2C90, 0x0200,
    0x2DD0, 0x0000,
    0x34BC, 0x013F,
    0x34BE, 0x017F,
    0x34C0, 0x01BF,
    0x34C2, 0x01FF,
    0x34C4, 0x027F,
    0x34C6, 0x02FF,
    0x34C8, 0x037F,
    0x34CA, 0x03FF,
    0x34CC, 0x05FF,
    0x34CE, 0x07FF,
    0x34D0, 0x09FF,
    0x34D2, 0x0BFF,
    0x34D4, 0x0DFF,
    0x34D6, 0x0FFF,
    0x34D8, 0x3FFF,
    0xFCFC, 0x4000,
    0x0112, 0x0A0A,
    0x0114, 0x0201,
    0x0118, 0x0004,
    0x011C, 0x0101,
    0x0136, 0x1800,
    0x013E, 0x0000,
    0x0202, 0x0200,
    0x0204, 0x0020,
    0x021E, 0x0000,
    0x0226, 0x0200,
    0x022C, 0x0200,
    0x0260, 0x0101,
    0x0262, 0x0200,
    0x0264, 0x0306,
    0x0270, 0x2B2B,
    0x0272, 0x2B10,
    0x0304, 0x0003,
    0x0306, 0x00F0,
    0x030C, 0x0000,
    0x030E, 0x0003,
    0x0310, 0x00DC,
    0x0312, 0x0001,
    0x031A, 0x0003,
    0x031C, 0x0028,
    0x031E, 0x0002,
    0x0340, 0x0502,
    0x0342, 0x1860,
    0x0344, 0x0000,
    0x0346, 0x0620,
    0x0348, 0x4034,
    0x034A, 0x2A50,
    0x034C, 0x0800,
    0x034E, 0x0480,
    0x0350, 0x0004,
    0x0352, 0x0004,
    0x0720, 0x0001,
    0x0724, 0x0000,
    0x072C, 0x0400,
    0x072E, 0x0120,
    0x081C, 0x0015,
    0x0BCA, 0x0101,
    0xFCFC, 0x2000,
    0x0E90, 0x0803,
    0x0E92, 0x0803,
    0x0E94, 0x0803,
    0x0E96, 0x0803,
    0x0F64, 0x0040,
    0x34BA, 0x0000,
    0x34BC, 0x0004,
    0x3512, 0xFA36,
    0x3514, 0xFB0E,
    0x3552, 0x0000,
    0x3554, 0x0000,
    0x3E14, 0x0101,
    0x3E16, 0x0100,
    0x3E1E, 0x03FF,
    0x3E20, 0x03FF,
    0x3E22, 0x01FF,
    0x3E24, 0x003F,
    0x3E30, 0x0400,
    0x3E32, 0x0400,
    0x3E34, 0x0200,
    0x3E36, 0x0040,
    0x4114, 0x0008,
    0x4116, 0x0048,
    0x4118, 0x4000,
    0x411A, 0xFA28,
    0x411C, 0xA8B1,
    0x411E, 0xA0B1,
    0x4120, 0x4000,
    0x4122, 0xFA2C,
    0x4124, 0x0002,
    0x4126, 0x0003,
    0x4128, 0x4000,
    0x412A, 0xFC1E,
    0x41B4, 0x000C,
    0x41B6, 0x0000,
    0x41B8, 0x4000,
    0x41BA, 0xFAB2,
    0x41BC, 0x000C,
    0x41BE, 0x0000,
    0x41C0, 0x4000,
    0x41C2, 0xFAB4,
    0x4254, 0x06DB,
    0x4256, 0x06C9,
    0x4258, 0x4000,
    0x425A, 0xFA12,
    0x42F4, 0x01D5,
    0x42F6, 0x01F9,
    0x42F8, 0x4000,
    0x42FA, 0xF470,
    0x42FC, 0x01D5,
    0x42FE, 0x01F9,
    0x4300, 0x4000,
    0x4302, 0xF478,
    0x46F0, 0x0101,
    0x47C2, 0x0101,
    0x485A, 0x0103,
    0x487C, 0x0004,
    0x4882, 0x0004,
    0x489A, 0x0004,
    0x48A0, 0x0004,
    0x48B8, 0x0012,
    0x48BE, 0x0014,
    0x48D6, 0x0014,
    0x48DC, 0x000C,
    0x48F4, 0x0012,
    0x48FA, 0x0014,
    0x4918, 0x0101,
    0x491A, 0x0000,
    0x49D0, 0x0000,
    0x49D4, 0x2214,
    0x49DA, 0x1422,
    0x49E6, 0x2118,
    0x49EC, 0x1821,
    0x49F8, 0x8080,
    0x4A58, 0x0030,
    0x4A5A, 0xFFF1,
    0x4A5C, 0x0001,
    0x4A5E, 0x00C8,
    0x4A60, 0x0001,
    0x4A62, 0x0001,
    0x4A64, 0x0030,
    0x4A66, 0x001B,
    0x4A68, 0x0007,
    0x4A6A, 0x0006,
    0x4A6C, 0x0018,
    0x4A6E, 0x0006,
    0x4A70, 0x0006,
    0x4A72, 0x0019,
    0x4A90, 0xFFF9,
    0x4A92, 0xFFFA,
    0x4A94, 0x0005,
    0x4A96, 0x0005,
    0x4A98, 0x0010,
    0x4A9A, 0x0010,
    0x4A9C, 0xFFFC,
    0x4A9E, 0x0048,
    0x4AA0, 0x0020,
    0x4AA2, 0x000E,
    0x4AA4, 0x000E,
    0x4AA6, 0x0007,
    0x4AA8, 0x0007,
    0x4AAA, 0x0048,
    0x4AAC, 0xFFF3,
    0x4AB0, 0xFFFC,
    0x4AB8, 0xFFFC,
    0x4ABA, 0x0048,
    0x4ABE, 0x0000,
    0x4AC0, 0x000E,
    0x4AC2, 0x001E,
    0x4AC4, 0x002E,
    0x4AC6, 0x0048,
    0x4AD4, 0xFFFC,
    0x4AE2, 0x0048,
    0x4AE4, 0x0021,
    0x4AE6, 0x0010,
    0x4AE8, 0x0010,
    0x4AEA, 0x0010,
    0x4AEC, 0x0010,
    0x4AEE, 0x0010,
    0x4AF0, 0x0016,
    0x4AF2, 0x001A,
    0x4AF4, 0x0008,
    0x4AF6, 0x0008,
    0x4AF8, 0x0004,
    0x4AFA, 0x0008,
    0x4AFC, 0x0008,
    0x4AFE, 0x0018,
    0x4B54, 0x0021,
    0x4B56, 0x0010,
    0x4B58, 0x0010,
    0x4B5A, 0x0010,
    0x4B5C, 0x0010,
    0x4B5E, 0x0010,
    0x4B60, 0x0016,
    0x4B62, 0x001A,
    0x4B64, 0x0008,
    0x4B66, 0x0008,
    0x4B68, 0x0004,
    0x4B6A, 0x0008,
    0x4B6C, 0x0008,
    0x4B6E, 0x0018,
    0x4BC4, 0x0021,
    0x4BC6, 0x0010,
    0x4BC8, 0x0010,
    0x4BCA, 0x0010,
    0x4BCC, 0x0010,
    0x4BCE, 0x0010,
    0x4BD0, 0x0016,
    0x4BD2, 0x001A,
    0x4BD4, 0x0008,
    0x4BD6, 0x0008,
    0x4BD8, 0x0004,
    0x4BDA, 0x0008,
    0x4BDC, 0x0008,
    0x4BDE, 0x0018,
    0x4BE0, 0x0008,
    0x4BE2, 0x0003,
    0x4BE4, 0x0003,
    0x4BE6, 0x0008,
    0x4BE8, 0x0003,
    0x4BEA, 0x0003,
    0x4BEC, 0x0005,
    0x4BEE, 0x0060,
    0x4BF0, 0x004B,
    0x4BF2, 0x0060,
    0x4BF4, 0x0060,
    0x4BF6, 0x0060,
    0x4BF8, 0x0060,
    0x4BFA, 0x0060,
    0x4C08, 0x0060,
    0x4C16, 0x0060,
    0x4C40, 0x0000,
    0x4C42, 0x0000,
    0x4C44, 0x0001,
    0x4C46, 0x0014,
    0x4C48, 0x0014,
    0x4C4A, 0x0014,
    0x4C4C, 0x0014,
    0x4C4E, 0x0000,
    0x4C5C, 0x0002,
    0x4C6C, 0x0004,
    0x4C6E, 0x0001,
    0x4C70, 0x0004,
    0x4C72, 0x0007,
    0x4C74, 0x0004,
    0x4C76, 0x0004,
    0x4C78, 0x0004,
    0x4C7A, 0x0001,
    0x4C7C, 0xFFD0,
    0x4C7E, 0xFFDE,
    0x4C80, 0xFFDE,
    0x4C82, 0xFFCE,
    0x4C84, 0xFFCE,
    0x4C86, 0x0001,
    0x4C88, 0x0000,
    0x4C8A, 0x0000,
    0x4C8C, 0x0006,
    0x4C8E, 0x0006,
    0x4C90, 0x0006,
    0x4C92, 0x0006,
    0x4C94, 0x0000,
    0x4C96, 0x0000,
    0x4C98, 0xFFE0,
    0x4C9A, 0x0004,
    0x4C9C, 0xFFFD,
    0x4C9E, 0xFFFF,
    0x4CA0, 0xFFFF,
    0x4CA2, 0x0000,
    0x4CAA, 0x0006,
    0x4CB0, 0x0000,
    0x4CB2, 0x0000,
    0x4CB6, 0xFFD6,
    0x4CB8, 0x0006,
    0x4CBA, 0xFFCA,
    0x4CBC, 0xFFBA,
    0x4CBE, 0x0000,
    0x4CCC, 0x0000,
    0x4CDA, 0x0000,
    0x4CDC, 0x0002,
    0x4CDE, 0x0001,
    0x4CE0, 0x0001,
    0x4CE2, 0x0004,
    0x4CE4, 0x0001,
    0x4CE6, 0x0001,
    0x4CE8, 0x0002,
    0x4CEA, 0x000A,
    0x4CEC, 0x0040,
    0x4CEE, 0x0040,
    0x4CF0, 0x0040,
    0x4CF2, 0x0040,
    0x4CF4, 0x0040,
    0x4CF6, 0x000A,
    0x4CF8, 0x0002,
    0x4CFA, 0x0001,
    0x4CFC, 0x0001,
    0x4CFE, 0x0004,
    0x4D00, 0x0001,
    0x4D02, 0x0001,
    0x4D04, 0x0002,
    0x4D06, 0x000A,
    0x4D08, 0x0040,
    0x4D0A, 0x0040,
    0x4D0C, 0x0040,
    0x4D0E, 0x0040,
    0x4D10, 0x0040,
    0x4D12, 0x000A,
    0x4D14, 0x0002,
    0x4D16, 0x0001,
    0x4D18, 0x0001,
    0x4D1A, 0x0004,
    0x4D1C, 0x0001,
    0x4D1E, 0x0001,
    0x4D20, 0x0002,
    0x4D22, 0x000A,
    0x4D24, 0x0040,
    0x4D26, 0x0040,
    0x4D28, 0x0040,
    0x4D2A, 0x0040,
    0x4D2C, 0x0040,
    0x4D2E, 0x000A,
    0x4D74, 0x0000,
    0x4D82, 0x0000,
    0x4DF4, 0x0000,
    0x4DF6, 0x0305,
    0x4DF8, 0x0004,
    0x4DFA, 0x0004,
    0x4DFC, 0x0004,
    0x4DFE, 0x0000,
    0x4E00, 0x0000,
    0x4E04, 0x0053,
    0x4E06, 0x0053,
    0x4E08, 0x0053,
    0x4E0A, 0x0053,
    0x4E0C, 0x0053,
    0x4E0E, 0x0053,
    0x4E2C, 0x000F,
    0x4E2E, 0x012F,
    0x4E30, 0x01E8,
    0x4E32, 0x01E8,
    0x4E34, 0x0351,
    0x4E36, 0x064F,
    0x4E38, 0x000F,
    0x4E3C, 0x004B,
    0x4E3E, 0x0060,
    0x4E40, 0x0060,
    0x4E42, 0x0060,
    0x4E44, 0x0060,
    0x4E46, 0x0030,
    0x4E48, 0x000F,
    0x4E4A, 0x012F,
    0x4E4C, 0x01E8,
    0x4E4E, 0x01E8,
    0x4E50, 0x0351,
    0x4E52, 0x064F,
    0x4E54, 0x000F,
    0x4E58, 0x004B,
    0x4E5A, 0x0060,
    0x4E5C, 0x0060,
    0x4E5E, 0x0060,
    0x4E60, 0x0060,
    0x4E62, 0x0030,
    0x4E9A, 0x0000,
    0x4EB6, 0x0008,
    0x4EE0, 0x000A,
    0x4EFC, 0x0018,
    0x4F1A, 0x0002,
    0x4F1C, 0x001A,
    0x4F1E, 0x0064,
    0x4F20, 0x0001,
    0x4F22, 0x0064,
    0x4F24, 0x0064,
    0x4F26, 0x0002,
    0x4F28, 0x008A,
    0x4F2A, 0x0054,
    0x4F2C, 0x0080,
    0x4F2E, 0x0342,
    0x4F30, 0x0080,
    0x4F32, 0x0080,
    0x4F34, 0x008A,
    0x4F36, 0x0088,
    0x4F38, 0x0052,
    0x4F3A, 0x007E,
    0x4F3C, 0x0340,
    0x4F3E, 0x007E,
    0x4F40, 0x007E,
    0x4F42, 0x0088,
    0x4F52, 0x0004,
    0x4F60, 0x000A,
    0x4F6E, 0x0004,
    0x4F70, 0x0008,
    0x4F72, 0x0008,
    0x4F74, 0x0008,
    0x4F76, 0x0008,
    0x4F78, 0x0008,
    0x4F7A, 0x0004,
    0x4F7C, 0x000A,
    0x4F7E, 0x0008,
    0x4F80, 0x0008,
    0x4F82, 0x0008,
    0x4F84, 0x0008,
    0x4F86, 0x0008,
    0x4F88, 0x000A,
    0x50BE, 0x001B,
    0x50C0, 0x0024,
    0x50C2, 0x0034,
    0x50C4, 0x00F0,
    0x50C6, 0x0019,
    0x50C8, 0x0019,
    0x50CA, 0x0010,
    0x50CC, 0x0021,
    0x50CE, 0x0005,
    0x50D0, 0x001C,
    0x50D2, 0x00F6,
    0x50D4, 0x0008,
    0x50D6, 0x0008,
    0x50D8, 0x0016,
    0x50E0, 0x0104,
    0x50E6, 0x0016,
    0x50E8, 0x000F,
    0x50EC, 0x0008,
    0x50EE, 0x0008,
    0x50F0, 0x0008,
    0x50F2, 0x0008,
    0x50F4, 0x000F,
    0x5118, 0x0005,
    0x5126, 0x000F,
    0x51FE, 0x0005,
    0x520C, 0x000A,
    0x5214, 0x0007,
    0x521A, 0x0005,
    0x527E, 0x0003,
    0x528C, 0x0010,
    0x528E, 0x0016,
    0x5290, 0x0016,
    0x5292, 0x0016,
    0x5294, 0x0016,
    0x5296, 0x0016,
    0x5298, 0x0015,
    0x529E, 0x0027,
    0x52A0, 0x0029,
    0x52A2, 0x0027,
    0x52A4, 0x0027,
    0x52A6, 0x002D,
    0x52B6, 0x0032,
    0x52B8, 0x0035,
    0x52BA, 0x0036,
    0x52BC, 0x0036,
    0x52BE, 0x0036,
    0x52C0, 0x0036,
    0x52C2, 0x0037,
    0x5500, 0x00C7,
    0x5554, 0x00C7,
    0x578A, 0x0004,
    0x578C, 0x000A,
    0x578E, 0x0004,
    0x5790, 0x0004,
    0x5792, 0x001F,
    0x57CC, 0x005E,
    0x57CE, 0x003E,
    0x57D0, 0x0084,
    0x57D2, 0x0154,
    0x57D4, 0x0100,
    0x57D6, 0x0100,
    0x57D8, 0x0070,
    0x57E6, 0x0115,
    0x57E8, 0x0089,
    0x57EC, 0x0078,
    0x57EE, 0x0078,
    0x57F0, 0x0088,
    0x57F2, 0x0088,
    0x57F4, 0x00C6,
    0x5804, 0x0089,
    0x5806, 0x00A9,
    0x5808, 0x0174,
    0x580A, 0x01E4,
    0x580C, 0x0158,
    0x580E, 0x0158,
    0x5810, 0x00C6,
    0x581A, 0x00F0,
    0x581C, 0x00E0,
    0x581E, 0x00C6,
    0x629E, 0x0000,
    0x62AC, 0x0000,
    0x65AE, 0x017C,
    0x65BC, 0x01C1,
    0x65F6, 0x0000,
    0x65FA, 0x8000,
    0x65FC, 0x8000,
    0x65FE, 0x8000,
    0x6600, 0x8000,
    0x6604, 0x0000,
    0x6608, 0x8000,
    0x660A, 0x8000,
    0x660C, 0x8000,
    0x660E, 0x8000,
    0x8F42, 0x0000,
    0x8F72, 0x0600,
    0x8F7E, 0x0017,
    0x8F80, 0x170B,
    0x8F82, 0x0B0B,
    0x8F84, 0x0B0B,
    0x8F8C, 0x0004,
    0x8F8E, 0x040B,
    0x8F90, 0x0B0B,
    0x8F92, 0x0B0B,
    0x8F9A, 0x0001,
    0x8F9C, 0x0100,
    0x8F9E, 0x0101,
    0x8FA0, 0x0101,
    0x8FA8, 0x0001,
    0x8FAA, 0x0100,
    0x8FAC, 0x0101,
    0x8FAE, 0x0101,
    0x8FB6, 0x0090,
    0x8FB8, 0x0B07,
    0x8FBA, 0x0B0B,
    0x8FBC, 0x0B0B,
    0x8FC4, 0x0090,
    0x8FC6, 0x9005,
    0x8FC8, 0x9090,
    0x8FCA, 0x9090,
    0x8FD0, 0x0087,
    0x8FD2, 0x0082,
    0x8FD4, 0xF7DD,
    0x8FD6, 0xF105,
    0x8FD8, 0x3008,
    0x8FDA, 0x00FF,
    0x8FDC, 0x03FF,
    0x8FDE, 0x1901,
    0x8FE0, 0x06C9,
    0x8FE2, 0x0249,
    0x8FE4, 0x0249,
    0x8FE6, 0x0010,
    0x8FE8, 0x0449,
    0x8FEA, 0x0790,
    0x8FF6, 0x0D0D,
    0x8FF8, 0x080D,
    0x8FFA, 0x0D0D,
    0x8FFC, 0x0D0D,
    0x8FFE, 0x0D08,
    0x9000, 0x0D0D,
    0x9002, 0x0D0D,
    0x9066, 0x80F5,
    0x9996, 0xA6F1,
    0x9998, 0x412C,
    0x999A, 0xA8B1,
    0x999C, 0x0000,
    0x999E, 0x0044,
    0x9D50, 0x013F,
    0x9D54, 0x0000,
    0x9D56, 0x01FF,
    0x9D58, 0xFFFF,
    0x9DD4, 0x4000,
    0x9DD6, 0xFA9E,
    0x9DD8, 0x4000,
    0x9DDA, 0xFAA0,
    0x9DE4, 0x1206,
    0x9DE6, 0x0C06,
    0x9E60, 0x0C06,
    0x9E62, 0x1206,
    0x9E64, 0x0C06,
    0x9EDE, 0x0C06,
    0xA0A8, 0x0000,
    0xA0EE, 0x0100,
    0xA15C, 0x0002,
    0xA1C4, 0xBC76,
    0xA1D2, 0xFE00,
    0xA4FE, 0x0022,
    0xA50C, 0x0000,
    0xA512, 0x0000,
    0xA514, 0x0000,
    0xA516, 0x03CA,
    0xA51E, 0x0000,
    0xA520, 0x001E,
    0xA522, 0x001E,
    0xA52E, 0x0000,
    0xA530, 0x0000,
    0xA53C, 0x000A,
    0xA53E, 0x0000,
    0xA540, 0x0000,
    0xA542, 0x0012,
    0xA54A, 0x0000,
    0xA54C, 0x0001,
    0xA54E, 0x0001,
    0xA550, 0x00A6,
    0xA558, 0x0001,
    0xA55A, 0x0000,
    0xA55C, 0x0000,
    0xA55E, 0x0000,
    0xA560, 0x0000,
    0xA562, 0x0000,
    0xA734, 0x0000,
    0xA736, 0x0022,
    0xA738, 0x0024,
    0xA73A, 0x0026,
    0xA73C, 0x0028,
    0xA73E, 0x002A,
    0xA740, 0x002C,
    0xA742, 0x002E,
    0xA744, 0x0030,
    0xA746, 0x0032,
    0xA748, 0x0034,
    0xA74A, 0x0036,
    0xA74C, 0x0038,
    0xA74E, 0x003A,
    0xA750, 0x003C,
    0xA752, 0x003E,
    0xA754, 0x0040,
    0xA756, 0x0048,
    0xA758, 0x0050,
    0xA75A, 0x0058,
    0xA75C, 0x0060,
    0xA75E, 0x0068,
    0xA760, 0x0070,
    0xA762, 0x0078,
    0xA764, 0x0080,
    0xA766, 0x00A0,
    0xA768, 0x00C0,
    0xA76A, 0x00E0,
    0xA76C, 0x0100,
    0xA9E0, 0x8822,
    0xAA00, 0x0000,
    0xB252, 0x0202,
    0xB254, 0x0200,
    0xB264, 0x0001,
    0xB390, 0x0202,
    0xB39C, 0x0800,
    0xB3DC, 0x0600,
    0xB3DE, 0x0000,
    0xB3EE, 0x0600,
    0xB3F0, 0x0101,
    0xB57A, 0x0004,
    0xB57C, 0x0004,
    0xB8C0, 0x000A,
    0xB8C2, 0x000A,
    0xB8C6, 0x0B08,
    0xB8CC, 0x0A0A,
    0xB8EC, 0x23DE,
    0xB8EE, 0x2FC3,
    0xB8F0, 0x0086,
    0xB8F2, 0x0082,
    0xB8F4, 0x00AB,
    0xB8F6, 0x00A1,
    0xB8F8, 0x00D7,
    0xB8FA, 0x00AF,
    0xB8FC, 0x00CC,
    0xB8FE, 0x011D,
    0xB900, 0x016C,
    0xB902, 0x0183,
    0xB904, 0x005E,
    0xB906, 0x004F,
    0xB908, 0x007D,
    0xB90A, 0x0079,
    0xB90C, 0x0094,
    0xB90E, 0x0055,
    0xB910, 0x0088,
    0xB912, 0x00D7,
    0xB914, 0x0122,
    0xB916, 0x0157,
    0xB918, 0x0089,
    0xB91A, 0x0083,
    0xB91C, 0x0099,
    0xB91E, 0x0076,
    0xB920, 0x0075,
    0xB922, 0x003F,
    0xB924, 0x005A,
    0xB926, 0x009C,
    0xB928, 0x00C9,
    0xB92A, 0x0104,
    0xB92C, 0x0057,
    0xB92E, 0x0068,
    0xB930, 0x006D,
    0xB932, 0x004D,
    0xB934, 0x0030,
    0xB936, 0xFFF8,
    0xB938, 0x0014,
    0xB93A, 0x004E,
    0xB93C, 0x007F,
    0xB93E, 0x00AE,
    0xB940, 0xFFDF,
    0xB942, 0xFFFC,
    0xB944, 0x0009,
    0xB946, 0x0000,
    0xB948, 0xFFE4,
    0xB94A, 0xFFA4,
    0xB94C, 0xFFAA,
    0xB94E, 0xFFED,
    0xB950, 0x0021,
    0xB952, 0x0042,
    0xB954, 0xFFBF,
    0xB956, 0x0007,
    0xB958, 0x0005,
    0xB95A, 0xFFE9,
    0xB95C, 0xFFC8,
    0xB95E, 0xFF93,
    0xB960, 0xFF97,
    0xB962, 0xFFD0,
    0xB964, 0xFFF5,
    0xB966, 0x0023,
    0xB968, 0xFFAC,
    0xB96A, 0xFFD5,
    0xB96C, 0xFFC9,
    0xB96E, 0xFFBD,
    0xB970, 0xFF9D,
    0xB972, 0xFF77,
    0xB974, 0xFF7B,
    0xB976, 0xFFAF,
    0xB978, 0xFFCF,
    0xB97A, 0xFFF0,
    0xB97C, 0xFFAE,
    0xB97E, 0xFFD2,
    0xB980, 0xFFBC,
    0xB982, 0xFFAF,
    0xB984, 0xFF96,
    0xB986, 0xFF6A,
    0xB988, 0xFF72,
    0xB98A, 0xFF9F,
    0xB98C, 0xFFC8,
    0xB98E, 0xFFA7,
    0xB990, 0xFF70,
    0xB992, 0xFF90,
    0xB994, 0xFF7F,
    0xB996, 0xFF7A,
    0xB998, 0xFF58,
    0xB99A, 0xFF3C,
    0xB99C, 0xFF41,
    0xB99E, 0xFF61,
    0xB9A0, 0xFF7B,
    0xB9A2, 0xFF5E,
    0xB9A4, 0xFF3C,
    0xB9A6, 0xFF41,
    0xB9A8, 0xFF30,
    0xB9AA, 0xFF22,
    0xB9AC, 0xFF08,
    0xB9AE, 0xFEF4,
    0xB9B0, 0xFEF3,
    0xB9B2, 0xFF10,
    0xB9B4, 0xFF19,
    0xB9B6, 0xFF00,
    0xC880, 0x0100,
    0xC888, 0x0333,
    0xC890, 0x007F,
    0xC892, 0x0012,
    0xC896, 0x698F,
    0xC89A, 0x0001,
    0xC89C, 0x0030,
    0xC89E, 0x0004,
    0xC8A0, 0x0000,
    0xC8A2, 0x0000,
    0xC8A4, 0x0000,
    0xC8A6, 0x0000,
    0xC8A8, 0x0000,
    0xC8AA, 0x0000,
    0xC8AC, 0x0000,
    0xC8AE, 0x0000,
    0xC8B0, 0x0000,
    0xC8B2, 0x0000,
    0xC8B4, 0x0000,
    0xC8B6, 0x0000,
    0xC8B8, 0x0000,
    0xC8BA, 0x0000,
    0xC8BC, 0x0000,
    0xC8BE, 0x0000,
    0xC8C0, 0x078C,
    0xC8C2, 0x0800,
    0xC8C4, 0x0800,
    0xC8C6, 0x0800,
    0xC8C8, 0x078C,
    0xC8CA, 0x0800,
    0xC8CC, 0x0800,
    0xC8CE, 0x0800,
    0xC8D0, 0x078C,
    0xC8D2, 0x0800,
    0xC8D4, 0x0800,
    0xC8D6, 0x0800,
    0xC8D8, 0x078C,
    0xC8DA, 0x0800,
    0xC8DC, 0x0800,
    0xC8DE, 0x0800,
    0xC8E0, 0x078C,
    0xC8E2, 0x0800,
    0xC8E4, 0x0800,
    0xC8E6, 0x0800,
    0xC8E8, 0x078C,
    0xC8EA, 0x0800,
    0xC8EC, 0x0800,
    0xC8EE, 0x0800,
    0xC8F0, 0x078C,
    0xC8F2, 0x0800,
    0xC8F4, 0x0800,
    0xC8F6, 0x0800,
    0xC8F8, 0x078C,
    0xC8FA, 0x0800,
    0xC8FC, 0x0800,
    0xC8FE, 0x0800,
    0xC900, 0x078C,
    0xC902, 0x0800,
    0xC904, 0x0800,
    0xC906, 0x0800,
    0xC908, 0x078C,
    0xC90A, 0x0800,
    0xC90C, 0x0800,
    0xC90E, 0x0800,
    0xC910, 0x078C,
    0xC912, 0x0800,
    0xC914, 0x0800,
    0xC916, 0x0800,
    0xC918, 0x078C,
    0xC91A, 0x0800,
    0xC91C, 0x0800,
    0xC91E, 0x0800,
    0xE8A2, 0x0080,
    0xE8A4, 0x0030,
    0xE8A8, 0x0000,
    0xE8AA, 0x6993,
    0xFF64, 0x0002,
    0xFF6A, 0x1000,
    0xFF6C, 0x1040,
    0xFF72, 0x0FF0,
    0xFF74, 0x1000,
    0xFF7A, 0x1000,
    0xFF7C, 0x1000,
    0xFF82, 0x1000,
    0xFF84, 0x1000,
    0xFF8A, 0x1000,
    0xFF8C, 0x1000,
    0xFF92, 0x1000,
    0xFF94, 0x1000,
    0xFF9A, 0x1000,
    0xFF9C, 0x1040,
    0xFFA2, 0x0FF0,
    0xFFA4, 0x1000,
    0xFFAA, 0x1000,
    0xFFAC, 0x1000,
    0xFFB2, 0x1000,
    0xFFB4, 0x1000,
    0xFFBA, 0x1000,
    0xFFBC, 0x1000,
    0xFFC2, 0x1000,
    0xFFC4, 0x1000,
    0xFFCA, 0x1000,
    0xFFCC, 0x1040,
    0xFFD2, 0x0FF0,
    0xFFD4, 0x1000,
    0xFFDA, 0x1000,
    0xFFDC, 0x1000,
    0xFFE2, 0x1000,
    0xFFE4, 0x1000,
    0xFFEA, 0x1000,
    0xFFEC, 0x1000,
    0xFFF2, 0x1000,
    0xFFF4, 0x1000,
    0xFFFA, 0x1000,
    0xFCFC, 0x4000,
    0x6028, 0x2000,
    0x602A, 0xFFFC,
    0x6F12, 0x1040,
    0xFCFC, 0x2001,
    0x0002, 0x0FF0,
    0x0004, 0x1000,
    0x000A, 0x1000,
    0x000C, 0x1000,
    0x0012, 0x1000,
    0x0014, 0x1000,
    0x001A, 0x1000,
    0x001C, 0x1000,
    0x0022, 0x1000,
    0x0024, 0x1000,
    0x002A, 0x0000,
    0x002C, 0x0000,
    0x0032, 0x0000,
    0x0034, 0x0000,
    0x003A, 0x0000,
    0x003C, 0x0000,
    0x0042, 0x0000,
    0x0044, 0x0000,
    0x004A, 0x0000,
    0x004C, 0x0000,
    0x0052, 0x0000,
    0x0054, 0x0000,
    0x005A, 0x0000,
    0x005C, 0x0000,
    0x0062, 0x0000,
    0x0064, 0x0000,
    0x006A, 0x0000,
    0x006C, 0x0000,
    0x0072, 0x0000,
    0x0074, 0x0000,
    0x007A, 0x0000,
    0x007C, 0x0000,
    0x0082, 0x0000,
    0x0084, 0x0000,
    0x008A, 0x0000,
    0x008C, 0x0000,
    0x0092, 0x0000,
    0x0094, 0x0000,
    0x009A, 0x0000,
    0x009C, 0x0000,
    0x00A2, 0x0000,
    0x00A4, 0x0000,
    0x00AA, 0x0000,
    0x00AC, 0x0000,
    0x00B2, 0x0000,
    0x00B4, 0x0000,
    0x00BA, 0x0000,
    0x00BC, 0x0000,
    0x00C2, 0x0000,
    0x00C4, 0x0000,
    0x00CA, 0x0000,
    0x00CC, 0x0000,
    0x00D2, 0x0000,
    0x00D4, 0x0000,
    0x00DA, 0x0000,
    0x00DC, 0x0000,
    0x00E2, 0x0000,
    0x00E4, 0x0000,
    0x01B4, 0x0600,
    0x01B6, 0x0003,
    0x01BA, 0x0003,
    0x01BE, 0x0003,
    0x01C2, 0x0003,
    0x01D6, 0x0003,
    0x01DA, 0x0003,
    0x01DE, 0x0003,
    0x01E2, 0x0003,
    0x01F6, 0x0003,
    0x01FA, 0x0003,
    0x01FE, 0x0003,
    0x0202, 0x0003,
    0x0216, 0x0003,
    0x021A, 0x0003,
    0x021E, 0x0003,
    0x0222, 0x0003,
    0x0236, 0x0000,
    0x023A, 0x0000,
    0x023E, 0x0000,
    0x0242, 0x0000,
    0x0256, 0x0000,
    0x025A, 0x0000,
    0x025E, 0x0000,
    0x0262, 0x0000,
    0x0276, 0x0000,
    0x027A, 0x0000,
    0x027E, 0x0000,
    0x0282, 0x0000,
    0x0296, 0x0000,
    0x029A, 0x0000,
    0x029E, 0x0000,
    0x02A2, 0x0000,
    0x0336, 0x0000,
    0x0338, 0x0000,
    0x033A, 0x0000,
    0x033C, 0x0000,
    0x033E, 0x0000,
    0x0340, 0x0000,
    0x0342, 0x0000,
    0x0344, 0x0000,
    0x0346, 0x0000,
    0x0348, 0x0000,
    0x034A, 0x0000,
    0x034C, 0x0000,
    0x034E, 0x0000,
    0x0350, 0x0000,
    0x0352, 0x0000,
    0x0354, 0x0000,
    0x0356, 0x0000,
    0x0358, 0x0000,
    0x035A, 0x0000,
    0x035C, 0x0000,
    0x035E, 0x0000,
    0x0360, 0x0000,
    0x0362, 0x0000,
    0x0364, 0x0000,
    0x0366, 0x0000,
    0x0368, 0x0000,
    0x036A, 0x0000,
    0x036C, 0x0000,
    0x036E, 0x0000,
    0x0370, 0x0000,
    0x0372, 0x0000,
    0x0374, 0x0000,
    0x0376, 0x0001,
    0x0378, 0x0000,
    0x037A, 0x0001,
    0x037C, 0x0000,
    0x037E, 0x0001,
    0x0380, 0x0000,
    0x0382, 0x0001,
    0x0384, 0x0000,
    0x0386, 0x0000,
    0x0388, 0x0000,
    0x038A, 0x0000,
    0x038C, 0x0000,
    0x038E, 0x0000,
    0x0390, 0x0000,
    0x0392, 0x0000,
    0x0394, 0x0000,
    0x0396, 0x0001,
    0x0398, 0x0000,
    0x039A, 0x0001,
    0x039C, 0x0000,
    0x039E, 0x0001,
    0x03A0, 0x0000,
    0x03A2, 0x0001,
    0x03A4, 0x0000,
    0x03A6, 0x0000,
    0x03A8, 0x0000,
    0x03AA, 0x0000,
    0x03AC, 0x0000,
    0x03AE, 0x0000,
    0x03B0, 0x0000,
    0x03B2, 0x0000,
    0x03B4, 0x0000,
    0x03B6, 0x0000,
    0x03BA, 0x0000,
    0x03BE, 0x0000,
    0x03C2, 0x0000,
    0x03D6, 0x0000,
    0x03DA, 0x0000,
    0x03DE, 0x0000,
    0x03E2, 0x0000,
    0x03F6, 0x0000,
    0x03FA, 0x0000,
    0x03FE, 0x0000,
    0x0402, 0x0000,
    0x0416, 0x0000,
    0x041A, 0x0000,
    0x041E, 0x0000,
    0x0422, 0x0000,
    0x2270, 0x0204,
    0x25D4, 0x0101,
    0x25FA, 0x2000,
    0x2648, 0x0200,
    0x264A, 0x0400,
    0x264C, 0x0200,
    0x264E, 0x0200,
    0x2660, 0x0202,
    0x2B7E, 0x0200,
    0x2B84, 0x0000,
    0x2BA0, 0x0200,
    0x2BA2, 0x0200,
    0x2BA4, 0x0000,
    0x2BA6, 0x0000,
    0x2BA8, 0x0000,
    0x2BAA, 0x0000,
    0x2BAC, 0x0200,
    0x2BAE, 0x0200,
    0x2BB0, 0x0100,
    0x2BB2, 0x0100,
    0x2BB4, 0x0100,
    0x2BB6, 0x0100,
    0x2BB8, 0x0100,
    0x2BBA, 0x0100,
    0x2BBC, 0x0100,
    0x2BBE, 0x0100,
    0x2BC4, 0x078A,
    0x2BC6, 0xFFFF,
    0x2BC8, 0xFFFF,
    0x2BCA, 0x0000,
    0x2BCC, 0x0000,
    0x2CBE, 0x0202,
    0x2DD6, 0x0101,
    0x2DD8, 0x0602,
    0x2DDC, 0x0204,
    0x2DFE, 0x0105,
    0x2E0E, 0x0000,
    0x2E16, 0x0064,
    0x2E18, 0x0096,
    0x2E1A, 0x0078,
    0x2E1C, 0x0190,
    0x2E1E, 0x0258,
    0x2E20, 0x0320,
    0x3348, 0x0002,
    0x34FE, 0x0400,
    0x350C, 0x000B,
    0x3516, 0x0079,
    0x3518, 0x007C,
    0x351A, 0x007B,
    0x351C, 0x007B,
    0x351E, 0x00A3,
    0x3520, 0x00A3,
    0x3522, 0x00A2,
    0x3524, 0x00A4,
    0x3526, 0x00A3,
    0x3528, 0x00A3,
    0x352A, 0x00AF,
    0x352C, 0x00B0,
    0x352E, 0x00B1,
    0x3530, 0x00B2,
    0x3532, 0x00A6,
    0x3534, 0x00A6,
    0x3536, 0x0079,
    0x3538, 0x007C,
    0x353A, 0x007B,
    0x353C, 0x007B,
    0x353E, 0x00A3,
    0x3540, 0x00A3,
    0x3542, 0x00A2,
    0x3544, 0x00A4,
    0x3546, 0x00A3,
    0x3548, 0x00A3,
    0x354A, 0x00AF,
    0x354C, 0x00B0,
    0x354E, 0x00B1,
    0x3550, 0x00B2,
    0x3552, 0x00A6,
    0x3554, 0x00A6,
    0x3714, 0x0000,
    0x371E, 0x0030,
    0x3720, 0x0035,
    0x3722, 0x0037,
    0x3724, 0x0044,
    0x3726, 0x0047,
    0x3728, 0x0054,
    0x372A, 0x0057,
    0x372C, 0x005B,
    0x372E, 0x005D,
    0x3730, 0x005E,
    0x3732, 0x0060,
    0x3734, 0x0062,
    0x3736, 0x005E,
    0x3738, 0x0064,
    0x373A, 0x0068,
    0x373C, 0x006A,
    0x373E, 0x0030,
    0x3740, 0x0035,
    0x3742, 0x0037,
    0x3744, 0x0044,
    0x3746, 0x0047,
    0x3748, 0x0054,
    0x374A, 0x0057,
    0x374C, 0x005B,
    0x374E, 0x005D,
    0x3750, 0x005E,
    0x3752, 0x0060,
    0x3754, 0x0062,
    0x3756, 0x005E,
    0x3758, 0x0064,
    0x375A, 0x0068,
    0x375C, 0x006A,
    0x391C, 0x0000,
    0x3926, 0x0000,
    0x3928, 0x0000,
    0x392A, 0x0000,
    0x392C, 0x0000,
    0x392E, 0x0000,
    0x3930, 0x0000,
    0x3932, 0x0000,
    0x3946, 0x0000,
    0x3948, 0x0000,
    0x394A, 0x0000,
    0x394C, 0x0000,
    0x394E, 0x0000,
    0x3950, 0x0000,
    0x3952, 0x0000,
    0x3B4C, 0x000F,
    0x4780, 0x0200,
    0x4994, 0x0190,
    0x4996, 0x0190,
    0x4998, 0x0190,
    0x49B8, 0x0258,
    0x49BA, 0x0258,
    0x49BC, 0x0258,
    0x49CA, 0x0190,
    0x49CC, 0x0190,
    0x49CE, 0x0190,
    0x49DC, 0x01F4,
    0x49DE, 0x01F4,
    0x49E0, 0x01F4,
    0x49E6, 0x0004,
    0x49E8, 0x0004,
    0x49EA, 0x0004,
    0x49EC, 0x0004,
    0x49EE, 0x0004,
    0x49F0, 0x0004,
    0x49F2, 0x0004,
    0x49F8, 0x000A,
    0x49FA, 0x000A,
    0x49FC, 0x000A,
    0x49FE, 0x000A,
    0x4A00, 0x000A,
    0x4A02, 0x000A,
    0x4A04, 0x000A,
    0x4A0A, 0x0014,
    0x4A0C, 0x0014,
    0x4A0E, 0x0014,
    0x4A10, 0x0014,
    0x4A12, 0x0014,
    0x4A14, 0x0014,
    0x4A16, 0x0014,
    0x4A1C, 0x001E,
    0x4A1E, 0x001E,
    0x4A20, 0x001E,
    0x4A22, 0x001E,
    0x4A24, 0x001E,
    0x4A26, 0x001E,
    0x4A28, 0x001E,
    0x4A2E, 0x0032,
    0x4A30, 0x0032,
    0x4A32, 0x0032,
    0x4A34, 0x0032,
    0x4A36, 0x0032,
    0x4A38, 0x0032,
    0x4A3A, 0x0032,
    0x4A40, 0x0050,
    0x4A42, 0x0050,
    0x4A44, 0x0050,
    0x4A46, 0x0050,
    0x4A48, 0x0050,
    0x4A4A, 0x0050,
    0x4A4C, 0x0050,
    0x4A64, 0x0006,
    0x4A66, 0x0006,
    0x4A68, 0x0006,
    0x4A6A, 0x0006,
    0x4A6C, 0x0006,
    0x4A6E, 0x0006,
    0x4A70, 0x0006,
    0x4A76, 0x0007,
    0x4A78, 0x0007,
    0x4A7A, 0x0007,
    0x4A7C, 0x0007,
    0x4A7E, 0x0007,
    0x4A80, 0x0007,
    0x4A82, 0x0007,
    0x4A88, 0x001E,
    0x4A8A, 0x001E,
    0x4A8C, 0x001E,
    0x4A8E, 0x001E,
    0x4A90, 0x001E,
    0x4A92, 0x001E,
    0x4A94, 0x001E,
    0x4BA8, 0x003C,
    0x4BAA, 0x0006,
    0x4BAC, 0x0006,
    0x4BAE, 0x0006,
    0x4BB0, 0x0006,
    0x4BB2, 0x0006,
    0x4BB4, 0x0006,
    0x4BCC, 0x0028,
    0x4BCE, 0x0001,
    0x4BD0, 0x0001,
    0x4BD2, 0x0001,
    0x4BD4, 0x0001,
    0x4BD6, 0x0001,
    0x4BD8, 0x0001,
    0x4C02, 0x003C,
    0x4C04, 0x0008,
    0x4C06, 0x0008,
    0x4C08, 0x0008,
    0x4C0A, 0x0008,
    0x4C0C, 0x0008,
    0x4C0E, 0x0008,
    0x4C26, 0x0028,
    0x4C28, 0x0014,
    0x4C2A, 0x0014,
    0x4C2C, 0x0014,
    0x4C2E, 0x0014,
    0x4C30, 0x0014,
    0x4C32, 0x0014,
    0x4C52, 0x044C,
    0x4C54, 0x044C,
    0x4C56, 0x044C,
    0x4CE2, 0x001E,
    0x4CE4, 0x001E,
    0x4CE6, 0x001E,
    0x4DBA, 0x00E6,
    0x4DBC, 0x00E6,
    0x4DBE, 0x00E6,
    0x4DCC, 0x00E6,
    0x4DCE, 0x00E6,
    0x4DD0, 0x00E6,
    0x4DDE, 0x00E6,
    0x4DE0, 0x00E6,
    0x4DE2, 0x00E6,
    0x4E02, 0x0050,
    0x4E04, 0x0050,
    0x4E06, 0x0050,
    0x4F3E, 0x001E,
    0x4F40, 0x001E,
    0x4F42, 0x001E,
    0x4F44, 0x0028,
    0x4F46, 0x0032,
    0x4F48, 0x0032,
    0x4F4A, 0x0032,
    0x4F50, 0x001E,
    0x4F52, 0x001E,
    0x4F54, 0x001E,
    0x4F56, 0x0028,
    0x4F58, 0x0050,
    0x4F5A, 0x0050,
    0x4F5C, 0x0050,
    0x4F62, 0x001E,
    0x4F64, 0x001E,
    0x4F66, 0x001E,
    0x4F68, 0x0028,
    0x4F6A, 0x006E,
    0x4F6C, 0x006E,
    0x4F6E, 0x006E,
    0x4F74, 0x001E,
    0x4F76, 0x001E,
    0x4F78, 0x001E,
    0x4F7A, 0x0028,
    0x4F7C, 0x0082,
    0x4F7E, 0x0082,
    0x4F80, 0x0082,
    0x4F86, 0x0028,
    0x4F88, 0x0028,
    0x4F8A, 0x0028,
    0x4F8C, 0x0032,
    0x4F8E, 0x0082,
    0x4F90, 0x0082,
    0x4F92, 0x0082,
    0x85FA, 0x0000,
    0xFCFC, 0x2002,
    0xDDD6, 0x001F,
    0xDDD8, 0x000C,
    0xDDDA, 0x000C,
    0xDDDC, 0x000C,
    0xDDDE, 0x000C,
    0xDDE0, 0x000C,
    0xDDEC, 0x0000,
    0xDDF6, 0x0100,
    0xDDF8, 0x8000,
    0xDDFA, 0x0216,
    0xDE02, 0x003F,
    0xDE04, 0x0001,
    0xDE06, 0x0F13,
    0xDE08, 0x0F13,
    0xDE0A, 0x000C,
    0xDE0C, 0x000C,
    0xDE0E, 0x0000,
    0xDE16, 0x0000,
    0xDE18, 0x04EF,
    0xDE1C, 0x0001,
    0xDE20, 0x0000,
    0xDE22, 0x0100,
    0xDE24, 0x0000,
    0xDE26, 0x0200,
    0xDE28, 0x0000,
    0xDE2A, 0x0400,
    0xDE2C, 0x0000,
    0xDE2E, 0x0800,
    0xDE30, 0x0000,
    0xDE32, 0x2000,
    0xDE34, 0x0000,
    0xDE36, 0x4000,
    0xDE38, 0x0000,
    0xDE3A, 0x0100,
    0xDE3C, 0x0000,
    0xDE3E, 0x0200,
    0xDE40, 0x0000,
    0xDE42, 0x0400,
    0xDE44, 0x0000,
    0xDE46, 0x0800,
    0xDE48, 0x0000,
    0xDE4A, 0x2000,
    0xDE4C, 0x0000,
    0xDE4E, 0x4000,
    0xDE50, 0x0000,
    0xDE52, 0x0100,
    0xDE54, 0x0000,
    0xDE56, 0x0200,
    0xDE58, 0x0000,
    0xDE5A, 0x0400,
    0xDE5C, 0x0000,
    0xDE5E, 0x0800,
    0xDE60, 0x0000,
    0xDE62, 0x2000,
    0xDE64, 0x0000,
    0xDE66, 0x4000,
    0xDE68, 0x0000,
    0xDE6A, 0x0100,
    0xDE6C, 0x0000,
    0xDE6E, 0x0200,
    0xDE70, 0x0000,
    0xDE72, 0x0400,
    0xDE74, 0x0000,
    0xDE76, 0x0800,
    0xDE78, 0x0000,
    0xDE7A, 0x2000,
    0xDE7C, 0x0000,
    0xDE7E, 0x4000,
    0xDE80, 0x0000,
    0xDE82, 0x0000,
    0xDE84, 0x0000,
    0xDE86, 0x0000,
    0xDE88, 0x0000,
    0xDE8A, 0x0000,
    0xDE8C, 0x0000,
    0xDE8E, 0x0000,
    0xDE90, 0x0000,
    0xDE92, 0x0000,
    0xDE94, 0x0000,
    0xDE96, 0x0000,
    0xDE98, 0x0000,
    0xDE9A, 0x0000,
    0xDE9C, 0x0000,
    0xDE9E, 0x0000,
    0xDEA0, 0x0000,
    0xDEA2, 0x0000,
    0xDEA4, 0x0000,
    0xDEA6, 0x0000,
    0xDEA8, 0x0000,
    0xDEAA, 0x0000,
    0xDEAC, 0x0000,
    0xDEAE, 0x0000,
    0xDEB0, 0x0000,
    0xDEB2, 0x0000,
    0xDEB4, 0x0000,
    0xDEB6, 0x0000,
    0xDEB8, 0x0000,
    0xDEBA, 0x0000,
    0xDEBC, 0x0000,
    0xDEBE, 0x0000,
    0xDEC0, 0x0000,
    0xDEC2, 0x0000,
    0xDEC4, 0x0000,
    0xDEC6, 0x0000,
    0xDEC8, 0x0000,
    0xDECA, 0x0000,
    0xDECC, 0x0000,
    0xDECE, 0x0000,
    0xDED0, 0x0000,
    0xDED2, 0x0000,
    0xDED4, 0x0000,
    0xDED6, 0x0000,
    0xDED8, 0x0000,
    0xDEDA, 0x0000,
    0xDEDC, 0x0000,
    0xDEDE, 0x0000,
    0xDF40, 0x0000,
    0xDF42, 0x01FF,
    0xDF44, 0x0000,
    0xDF46, 0x03FF,
    0xDF48, 0x0000,
    0xDF4A, 0x07FF,
    0xDF4C, 0x0000,
    0xDF4E, 0x1FFF,
    0xDF50, 0x0000,
    0xDF52, 0x3FFF,
    0xDF54, 0x0001,
    0xDF56, 0x0000,
    0xDF58, 0x0000,
    0xDF5A, 0x01FF,
    0xDF5C, 0x0000,
    0xDF5E, 0x03FF,
    0xDF60, 0x0000,
    0xDF62, 0x07FF,
    0xDF64, 0x0000,
    0xDF66, 0x1FFF,
    0xDF68, 0x0000,
    0xDF6A, 0x3FFF,
    0xDF6C, 0x0001,
    0xDF6E, 0x0000,
    0xDF70, 0x0000,
    0xDF72, 0x01FF,
    0xDF74, 0x0000,
    0xDF76, 0x03FF,
    0xDF78, 0x0000,
    0xDF7A, 0x07FF,
    0xDF7C, 0x0000,
    0xDF7E, 0x1FFF,
    0xDF80, 0x0000,
    0xDF82, 0x3FFF,
    0xDF84, 0x0001,
    0xDF86, 0x0000,
    0xDF88, 0x0000,
    0xDF8A, 0x01FF,
    0xDF8C, 0x0000,
    0xDF8E, 0x03FF,
    0xDF90, 0x0000,
    0xDF92, 0x07FF,
    0xDF94, 0x0000,
    0xDF96, 0x1FFF,
    0xDF98, 0x0000,
    0xDF9A, 0x3FFF,
    0xDF9C, 0x0001,
    0xDF9E, 0x0000,
    0xDFA0, 0x0000,
    0xDFA2, 0x0000,
    0xDFA4, 0x0000,
    0xDFA6, 0x0000,
    0xDFA8, 0x0000,
    0xDFAA, 0x0000,
    0xDFAC, 0x0000,
    0xDFAE, 0x0000,
    0xDFB0, 0x0000,
    0xDFB2, 0x0000,
    0xDFB4, 0x0000,
    0xDFB6, 0x0000,
    0xDFB8, 0x0000,
    0xDFBA, 0x0000,
    0xDFBC, 0x0000,
    0xDFBE, 0x0000,
    0xDFC0, 0x0000,
    0xDFC2, 0x0000,
    0xDFC4, 0x0000,
    0xDFC6, 0x0000,
    0xDFC8, 0x0000,
    0xDFCA, 0x0000,
    0xDFCC, 0x0000,
    0xDFCE, 0x0000,
    0xDFD0, 0x0000,
    0xDFD2, 0x0000,
    0xDFD4, 0x0000,
    0xDFD6, 0x0000,
    0xDFD8, 0x0000,
    0xDFDA, 0x0000,
    0xDFDC, 0x0000,
    0xDFDE, 0x0000,
    0xDFE0, 0x0000,
    0xDFE2, 0x0000,
    0xDFE4, 0x0000,
    0xDFE6, 0x0000,
    0xDFE8, 0x0000,
    0xDFEA, 0x0000,
    0xDFEC, 0x0000,
    0xDFEE, 0x0000,
    0xDFF0, 0x0000,
    0xDFF2, 0x0000,
    0xDFF4, 0x0000,
    0xDFF6, 0x0000,
    0xDFF8, 0x0000,
    0xDFFA, 0x0000,
    0xDFFC, 0x0000,
    0xDFFE, 0x0000,
    0xE060, 0x0000,
    0xE06E, 0x2000,
    0xE070, 0x1800,
    0xE072, 0x2020,
    0xE074, 0x1830,
    0xE076, 0xFFFF,
    0xE078, 0xFFFF,
    0xE07A, 0x0000,
    0xFCFC, 0x4000,
    0x0086, 0x2000,
    0x020A, 0x0100,
    0x0228, 0x0100,
    0x0380, 0x0004,
    0x0382, 0x000C,
    0x0384, 0x0008,
    0x0386, 0x0008,
    0x0722, 0x0800,
    0x0900, 0x3388,
    0x0B02, 0x0202,
    0x0B04, 0x0001,
    0x0B06, 0x0101,
    0x0B08, 0x0100,
    0x0B0A, 0x0101,
    0x0B0C, 0x0100,
    0x0BCC, 0x0100,
    0x0BE2, 0x0000,
    0x0274, 0x302B,
    0x0E00, 0x0003,
    /*OIS_EN_DISABLE*/
    0xFCFC, 0x4000,
    0x0A70, 0x0001,
    0xFCFC, 0x2000,
    0x101F, 0x0100,
    0xFCFC, 0x2001,
    0x2F38, 0x0001,
    0x2F3A, 0x0000,
    0x2F3C, 0x0001,
    0x2F3E, 0x0000,
    0x2F40, 0x0000,
    0x2F42, 0x0000,
    0x2F46, 0x0000,
    0x2F48, 0x0000,
    0xFCFC, 0x4000,
};

/* 20_4096x2304_30fps_2976Msps */
static u16 cjtele_custom11_setting[] = {
    0xFCFC, 0x4000,
    0x0B30, 0x01FF,
    0xFCFC, 0x2000,
    0x0F8C, 0x0000,
    0x1004, 0x0000,
    0x46F2, 0x0000,
    0x4718, 0x002C,
    0x472C, 0x0000,
    0x472E, 0x0000,
    0x4760, 0x0200,
    0x8F40, 0x0702,
    0xA76E, 0x0180,
    0xA770, 0x0200,
    0xA772, 0x0300,
    0xA774, 0x0400,
    0xA776, 0x1E20,
    0xA778, 0x2223,
    0xA77A, 0x2526,
    0xA77C, 0x2728,
    0xA77E, 0x292A,
    0xA780, 0x2B2C,
    0xA782, 0x2C2D,
    0xA784, 0x2E2E,
    0xA786, 0x2F31,
    0xA788, 0x3233,
    0xA78A, 0x3435,
    0xA78C, 0x3637,
    0xA78E, 0x3739,
    0xA790, 0x3A3B,
    0xA792, 0x3B3D,
    0xA794, 0x3E3E,
    0xA796, 0x3F2C,
    0xB8C4, 0x0100,
    0xFCFC, 0x2001,
    0x10F0, 0x0200,
    0x2C02, 0x0008,
    0x2C04, 0x0010,
    0x2C06, 0x0000,
    0x2C90, 0x0200,
    0x2DD0, 0x0000,
    0x34BC, 0x013F,
    0x34BE, 0x017F,
    0x34C0, 0x01BF,
    0x34C2, 0x01FF,
    0x34C4, 0x027F,
    0x34C6, 0x02FF,
    0x34C8, 0x037F,
    0x34CA, 0x03FF,
    0x34CC, 0x05FF,
    0x34CE, 0x07FF,
    0x34D0, 0x09FF,
    0x34D2, 0x0BFF,
    0x34D4, 0x0DFF,
    0x34D6, 0x0FFF,
    0x34D8, 0x3FFF,
    0xFCFC, 0x4000,
    0x0112, 0x0A0A,
    0x0114, 0x0201,
    0x0118, 0x0004,
    0x011C, 0x0101,
    0x0136, 0x1800,
    0x013E, 0x0000,
    0x0202, 0x0200,
    0x0204, 0x0020,
    0x021E, 0x0000,
    0x0226, 0x0200,
    0x022C, 0x0200,
    0x0260, 0x0101,
    0x0262, 0x0200,
    0x0264, 0x0306,
    0x0270, 0x2B2B,
    0x0272, 0x2B10,
    0x0304, 0x0003,
    0x0306, 0x00F0,
    0x030C, 0x0000,
    0x030E, 0x0003,
    0x0310, 0x00BA,
    0x0312, 0x0000,
    0x031A, 0x0003,
    0x031C, 0x0028,
    0x031E, 0x0002,
    0x0340, 0x2810,
    0x0342, 0x1860,
    0x0344, 0x0000,
    0x0346, 0x0600,
    0x0348, 0x403C,
    0x034A, 0x2A7C,
    0x034C, 0x1000,
    0x034E, 0x0900,
    0x0350, 0x0008,
    0x0352, 0x0010,
    0x0720, 0x0001,
    0x0724, 0x0000,
    0x072C, 0x0800,
    0x072E, 0x0240,
    0x081C, 0x0015,
    0x0BCA, 0x0101,
    0xFCFC, 0x2000,
    0x0E90, 0x0803,
    0x0E92, 0x0803,
    0x0E94, 0x0803,
    0x0E96, 0x0803,
    0x0F64, 0x0040,
    0x34BA, 0x0000,
    0x34BC, 0x0004,
    0x3512, 0xFA36,
    0x3514, 0xFB0E,
    0x3552, 0x0000,
    0x3554, 0x0000,
    0x3E14, 0x0101,
    0x3E16, 0x0100,
    0x3E1E, 0x03FF,
    0x3E20, 0x03FF,
    0x3E22, 0x01FF,
    0x3E24, 0x003F,
    0x3E30, 0x0400,
    0x3E32, 0x0400,
    0x3E34, 0x0200,
    0x3E36, 0x0040,
    0x4114, 0x0008,
    0x4116, 0x0048,
    0x4118, 0x4000,
    0x411A, 0xFA28,
    0x411C, 0xA8B1,
    0x411E, 0xA0B1,
    0x4120, 0x4000,
    0x4122, 0xFA2C,
    0x4124, 0x0002,
    0x4126, 0x0003,
    0x4128, 0x4000,
    0x412A, 0xFC1E,
    0x41B4, 0x000C,
    0x41B6, 0x0000,
    0x41B8, 0x4000,
    0x41BA, 0xFAB2,
    0x41BC, 0x000C,
    0x41BE, 0x0000,
    0x41C0, 0x4000,
    0x41C2, 0xFAB4,
    0x4254, 0x06DB,
    0x4256, 0x06C9,
    0x4258, 0x4000,
    0x425A, 0xFA12,
    0x42F4, 0x01D5,
    0x42F6, 0x01F9,
    0x42F8, 0x4000,
    0x42FA, 0xF470,
    0x42FC, 0x01D5,
    0x42FE, 0x01F9,
    0x4300, 0x4000,
    0x4302, 0xF478,
    0x46F0, 0x0101,
    0x47C2, 0x0101,
    0x485A, 0x0102,
    0x487C, 0x0004,
    0x4882, 0x0004,
    0x489A, 0x0004,
    0x48A0, 0x0004,
    0x48B8, 0x0012,
    0x48BE, 0x0014,
    0x48D6, 0x0014,
    0x48DC, 0x000C,
    0x48F4, 0x0012,
    0x48FA, 0x0014,
    0x4918, 0x0101,
    0x491A, 0x0000,
    0x49D0, 0x0000,
    0x49D4, 0x2214,
    0x49DA, 0x1422,
    0x49E6, 0x2118,
    0x49EC, 0x1821,
    0x49F8, 0x8080,
    0x4A58, 0x0030,
    0x4A5A, 0xFFF1,
    0x4A5C, 0x0001,
    0x4A5E, 0x00C8,
    0x4A60, 0x0001,
    0x4A62, 0x0001,
    0x4A64, 0x0030,
    0x4A66, 0x001B,
    0x4A68, 0x0007,
    0x4A6A, 0x0006,
    0x4A6C, 0x0018,
    0x4A6E, 0x0006,
    0x4A70, 0x0006,
    0x4A72, 0x0019,
    0x4A90, 0xFFF9,
    0x4A92, 0xFFFA,
    0x4A94, 0x0005,
    0x4A96, 0x0005,
    0x4A98, 0x0010,
    0x4A9A, 0x0010,
    0x4A9C, 0xFFFC,
    0x4A9E, 0x0048,
    0x4AA0, 0x0020,
    0x4AA2, 0x000E,
    0x4AA4, 0x000E,
    0x4AA6, 0x0007,
    0x4AA8, 0x0007,
    0x4AAA, 0x0048,
    0x4AAC, 0xFFF3,
    0x4AB0, 0xFFFC,
    0x4AB8, 0xFFFC,
    0x4ABA, 0x0048,
    0x4ABE, 0x0000,
    0x4AC0, 0x000E,
    0x4AC2, 0x001E,
    0x4AC4, 0x002E,
    0x4AC6, 0x0048,
    0x4AD4, 0xFFFC,
    0x4AE2, 0x0048,
    0x4AE4, 0x0021,
    0x4AE6, 0x0010,
    0x4AE8, 0x0010,
    0x4AEA, 0x0010,
    0x4AEC, 0x0010,
    0x4AEE, 0x0010,
    0x4AF0, 0x0016,
    0x4AF2, 0x001A,
    0x4AF4, 0x0008,
    0x4AF6, 0x0008,
    0x4AF8, 0x0004,
    0x4AFA, 0x0008,
    0x4AFC, 0x0008,
    0x4AFE, 0x0018,
    0x4B54, 0x0021,
    0x4B56, 0x0010,
    0x4B58, 0x0010,
    0x4B5A, 0x0010,
    0x4B5C, 0x0010,
    0x4B5E, 0x0010,
    0x4B60, 0x0016,
    0x4B62, 0x001A,
    0x4B64, 0x0008,
    0x4B66, 0x0008,
    0x4B68, 0x0004,
    0x4B6A, 0x0008,
    0x4B6C, 0x0008,
    0x4B6E, 0x0018,
    0x4BC4, 0x0021,
    0x4BC6, 0x0010,
    0x4BC8, 0x0010,
    0x4BCA, 0x0010,
    0x4BCC, 0x0010,
    0x4BCE, 0x0010,
    0x4BD0, 0x0016,
    0x4BD2, 0x001A,
    0x4BD4, 0x0008,
    0x4BD6, 0x0008,
    0x4BD8, 0x0004,
    0x4BDA, 0x0008,
    0x4BDC, 0x0008,
    0x4BDE, 0x0018,
    0x4BE0, 0x0008,
    0x4BE2, 0x0003,
    0x4BE4, 0x0003,
    0x4BE6, 0x0008,
    0x4BE8, 0x0003,
    0x4BEA, 0x0003,
    0x4BEC, 0x0005,
    0x4BEE, 0x0060,
    0x4BF0, 0x004B,
    0x4BF2, 0x0060,
    0x4BF4, 0x0060,
    0x4BF6, 0x0060,
    0x4BF8, 0x0060,
    0x4BFA, 0x0060,
    0x4C08, 0x0060,
    0x4C16, 0x0060,
    0x4C40, 0x0000,
    0x4C42, 0x0000,
    0x4C44, 0x0001,
    0x4C46, 0x0014,
    0x4C48, 0x0014,
    0x4C4A, 0x0014,
    0x4C4C, 0x0014,
    0x4C4E, 0x0000,
    0x4C5C, 0x0002,
    0x4C6C, 0x0004,
    0x4C6E, 0x0001,
    0x4C70, 0x0004,
    0x4C72, 0x0007,
    0x4C74, 0x0004,
    0x4C76, 0x0004,
    0x4C78, 0x0004,
    0x4C7A, 0x0001,
    0x4C7C, 0xFFD0,
    0x4C7E, 0xFFDE,
    0x4C80, 0xFFDE,
    0x4C82, 0xFFCE,
    0x4C84, 0xFFCE,
    0x4C86, 0x0001,
    0x4C88, 0x0000,
    0x4C8A, 0x0000,
    0x4C8C, 0x0006,
    0x4C8E, 0x0006,
    0x4C90, 0x0006,
    0x4C92, 0x0006,
    0x4C94, 0x0000,
    0x4C96, 0x0000,
    0x4C98, 0xFFE0,
    0x4C9A, 0xFFFB,
    0x4C9C, 0xFFFD,
    0x4C9E, 0xFFFF,
    0x4CA0, 0xFFFF,
    0x4CA2, 0x0000,
    0x4CAA, 0x0006,
    0x4CB0, 0x0000,
    0x4CB2, 0x0000,
    0x4CB6, 0x0000,
    0x4CB8, 0x0006,
    0x4CBA, 0xFFCA,
    0x4CBC, 0xFFBA,
    0x4CBE, 0x0000,
    0x4CCC, 0x0000,
    0x4CDA, 0x0000,
    0x4CDC, 0x0002,
    0x4CDE, 0x0001,
    0x4CE0, 0x0001,
    0x4CE2, 0x0004,
    0x4CE4, 0x0001,
    0x4CE6, 0x0001,
    0x4CE8, 0x0002,
    0x4CEA, 0x000A,
    0x4CEC, 0x0040,
    0x4CEE, 0x0040,
    0x4CF0, 0x0040,
    0x4CF2, 0x0040,
    0x4CF4, 0x0040,
    0x4CF6, 0x000A,
    0x4CF8, 0x0002,
    0x4CFA, 0x0001,
    0x4CFC, 0x0001,
    0x4CFE, 0x0004,
    0x4D00, 0x0001,
    0x4D02, 0x0001,
    0x4D04, 0x0002,
    0x4D06, 0x000A,
    0x4D08, 0x0040,
    0x4D0A, 0x0040,
    0x4D0C, 0x0040,
    0x4D0E, 0x0040,
    0x4D10, 0x0040,
    0x4D12, 0x000A,
    0x4D14, 0x0002,
    0x4D16, 0x0001,
    0x4D18, 0x0001,
    0x4D1A, 0x0004,
    0x4D1C, 0x0001,
    0x4D1E, 0x0001,
    0x4D20, 0x0002,
    0x4D22, 0x000A,
    0x4D24, 0x0040,
    0x4D26, 0x0040,
    0x4D28, 0x0040,
    0x4D2A, 0x0040,
    0x4D2C, 0x0040,
    0x4D2E, 0x000A,
    0x4D74, 0x0000,
    0x4D82, 0x0000,
    0x4DF4, 0x0000,
    0x4DF6, 0x0305,
    0x4DF8, 0x0004,
    0x4DFA, 0x0004,
    0x4DFC, 0x0004,
    0x4DFE, 0x0000,
    0x4E00, 0x0000,
    0x4E04, 0x0053,
    0x4E06, 0x0053,
    0x4E08, 0x0053,
    0x4E0A, 0x0053,
    0x4E0C, 0x0053,
    0x4E0E, 0x0053,
    0x4E2C, 0x000F,
    0x4E2E, 0x012F,
    0x4E30, 0x01E8,
    0x4E32, 0x01E8,
    0x4E34, 0x0351,
    0x4E36, 0x064F,
    0x4E38, 0x000F,
    0x4E3C, 0x004B,
    0x4E3E, 0x0060,
    0x4E40, 0x0060,
    0x4E42, 0x0060,
    0x4E44, 0x0060,
    0x4E46, 0x0030,
    0x4E48, 0x000F,
    0x4E4A, 0x012F,
    0x4E4C, 0x01E8,
    0x4E4E, 0x01E8,
    0x4E50, 0x0351,
    0x4E52, 0x064F,
    0x4E54, 0x000F,
    0x4E58, 0x004B,
    0x4E5A, 0x0060,
    0x4E5C, 0x0060,
    0x4E5E, 0x0060,
    0x4E60, 0x0060,
    0x4E62, 0x0030,
    0x4E9A, 0x0000,
    0x4EB6, 0x0008,
    0x4EE0, 0x000A,
    0x4EFC, 0x0018,
    0x4F1A, 0x0002,
    0x4F1C, 0x001A,
    0x4F1E, 0x0064,
    0x4F20, 0x0001,
    0x4F22, 0x0064,
    0x4F24, 0x0064,
    0x4F26, 0x0002,
    0x4F28, 0x008A,
    0x4F2A, 0x0054,
    0x4F2C, 0x0080,
    0x4F2E, 0x0342,
    0x4F30, 0x0080,
    0x4F32, 0x0080,
    0x4F34, 0x008A,
    0x4F36, 0x0088,
    0x4F38, 0x0052,
    0x4F3A, 0x007E,
    0x4F3C, 0x0340,
    0x4F3E, 0x007E,
    0x4F40, 0x007E,
    0x4F42, 0x0088,
    0x4F52, 0x0004,
    0x4F60, 0x000A,
    0x4F6E, 0x0004,
    0x4F70, 0x0008,
    0x4F72, 0x0008,
    0x4F74, 0x0008,
    0x4F76, 0x0008,
    0x4F78, 0x0008,
    0x4F7A, 0x0004,
    0x4F7C, 0x000A,
    0x4F7E, 0x0008,
    0x4F80, 0x0008,
    0x4F82, 0x0008,
    0x4F84, 0x0008,
    0x4F86, 0x0008,
    0x4F88, 0x000A,
    0x50BE, 0x001B,
    0x50C0, 0x0024,
    0x50C2, 0x0004,
    0x50C4, 0x00F0,
    0x50C6, 0x0019,
    0x50C8, 0x0019,
    0x50CA, 0x0010,
    0x50CC, 0x0021,
    0x50CE, 0x0005,
    0x50D0, 0x0002,
    0x50D2, 0x00F6,
    0x50D4, 0x0008,
    0x50D6, 0x0008,
    0x50D8, 0x0016,
    0x50E0, 0x0104,
    0x50E6, 0x0016,
    0x50E8, 0x000F,
    0x50EC, 0x0008,
    0x50EE, 0x0008,
    0x50F0, 0x0008,
    0x50F2, 0x0008,
    0x50F4, 0x000F,
    0x5118, 0x0005,
    0x5126, 0x000F,
    0x51FE, 0x0005,
    0x520C, 0x000A,
    0x5214, 0x0007,
    0x521A, 0x0005,
    0x527E, 0x0003,
    0x528C, 0x0010,
    0x528E, 0x0016,
    0x5290, 0x0016,
    0x5292, 0x0016,
    0x5294, 0x0016,
    0x5296, 0x0016,
    0x5298, 0x0015,
    0x529E, 0x0027,
    0x52A0, 0x0029,
    0x52A2, 0x0027,
    0x52A4, 0x0027,
    0x52A6, 0x002D,
    0x52B6, 0x0032,
    0x52B8, 0x0035,
    0x52BA, 0x0036,
    0x52BC, 0x0036,
    0x52BE, 0x0036,
    0x52C0, 0x0036,
    0x52C2, 0x0037,
    0x5500, 0x00C7,
    0x5554, 0x00C7,
    0x578A, 0x0004,
    0x578C, 0x000A,
    0x578E, 0x0004,
    0x5790, 0x0004,
    0x5792, 0x001F,
    0x57CC, 0x005E,
    0x57CE, 0x003E,
    0x57D0, 0x0088,
    0x57D2, 0x0154,
    0x57D4, 0x0100,
    0x57D6, 0x0100,
    0x57D8, 0x0070,
    0x57E6, 0x0115,
    0x57E8, 0x0089,
    0x57EC, 0x0078,
    0x57EE, 0x0078,
    0x57F0, 0x0088,
    0x57F2, 0x0088,
    0x57F4, 0x00C6,
    0x5804, 0x0089,
    0x5806, 0x00A9,
    0x5808, 0x0154,
    0x580A, 0x01E4,
    0x580C, 0x0158,
    0x580E, 0x0158,
    0x5810, 0x00C6,
    0x581A, 0x00F0,
    0x581C, 0x00E0,
    0x581E, 0x00C6,
    0x629E, 0x0000,
    0x62AC, 0x0000,
    0x65AE, 0x017C,
    0x65BC, 0x01C1,
    0x65F6, 0x0000,
    0x65FA, 0x8000,
    0x65FC, 0x8000,
    0x65FE, 0x8000,
    0x6600, 0x8000,
    0x6604, 0x0000,
    0x6608, 0x8000,
    0x660A, 0x8000,
    0x660C, 0x8000,
    0x660E, 0x8000,
    0x8F42, 0x0000,
    0x8F72, 0x0600,
    0x8F7E, 0x0017,
    0x8F80, 0x170B,
    0x8F82, 0x0B0B,
    0x8F84, 0x0B0B,
    0x8F8C, 0x0004,
    0x8F8E, 0x040B,
    0x8F90, 0x0B0B,
    0x8F92, 0x0B0B,
    0x8F9A, 0x0001,
    0x8F9C, 0x0100,
    0x8F9E, 0x0101,
    0x8FA0, 0x0101,
    0x8FA8, 0x0001,
    0x8FAA, 0x0100,
    0x8FAC, 0x0101,
    0x8FAE, 0x0101,
    0x8FB6, 0x0090,
    0x8FB8, 0x0B07,
    0x8FBA, 0x0B0B,
    0x8FBC, 0x0B0B,
    0x8FC4, 0x0090,
    0x8FC6, 0x9005,
    0x8FC8, 0x9090,
    0x8FCA, 0x9090,
    0x8FD0, 0x0087,
    0x8FD2, 0x0082,
    0x8FD4, 0xF7DD,
    0x8FD6, 0xF105,
    0x8FD8, 0x3008,
    0x8FDA, 0x00FF,
    0x8FDC, 0x03FF,
    0x8FDE, 0x1901,
    0x8FE0, 0x06C9,
    0x8FE2, 0x0249,
    0x8FE4, 0x0249,
    0x8FE6, 0x0010,
    0x8FE8, 0x0449,
    0x8FEA, 0x0790,
    0x8FF6, 0x0D0D,
    0x8FF8, 0x080D,
    0x8FFA, 0x0D0D,
    0x8FFC, 0x0D0D,
    0x8FFE, 0x0D08,
    0x9000, 0x0D0D,
    0x9002, 0x0D0D,
    0x9066, 0x80F5,
    0x9996, 0xA6F1,
    0x9998, 0x412C,
    0x999A, 0xA8B1,
    0x999C, 0x0000,
    0x999E, 0x0044,
    0x9D50, 0x013F,
    0x9D54, 0x0000,
    0x9D56, 0x01FF,
    0x9D58, 0xFFFF,
    0x9DD4, 0x4000,
    0x9DD6, 0xFA9E,
    0x9DD8, 0x4000,
    0x9DDA, 0xFAA0,
    0x9DE4, 0x1206,
    0x9DE6, 0x0C06,
    0x9E60, 0x0C06,
    0x9E62, 0x1206,
    0x9E64, 0x0C06,
    0x9EDE, 0x0C06,
    0xA0A8, 0x0000,
    0xA0EE, 0x0100,
    0xA15C, 0x0002,
    0xA1C4, 0xBC76,
    0xA1D2, 0xFE00,
    0xA4FE, 0x0011,
    0xA50C, 0x0065,
    0xA512, 0x0000,
    0xA514, 0x0000,
    0xA516, 0x0014,
    0xA51E, 0x0000,
    0xA520, 0x001E,
    0xA522, 0x001E,
    0xA52E, 0x0000,
    0xA530, 0x0000,
    0xA53C, 0x000A,
    0xA53E, 0x0000,
    0xA540, 0x0000,
    0xA542, 0x0000,
    0xA54A, 0x0000,
    0xA54C, 0x0001,
    0xA54E, 0x0001,
    0xA550, 0x0001,
    0xA558, 0x0001,
    0xA55A, 0x0000,
    0xA55C, 0x0000,
    0xA55E, 0x0000,
    0xA560, 0x0000,
    0xA562, 0x0000,
    0xA734, 0x0000,
    0xA736, 0x0022,
    0xA738, 0x0024,
    0xA73A, 0x0026,
    0xA73C, 0x0028,
    0xA73E, 0x002A,
    0xA740, 0x002C,
    0xA742, 0x002E,
    0xA744, 0x0030,
    0xA746, 0x0032,
    0xA748, 0x0034,
    0xA74A, 0x0036,
    0xA74C, 0x0038,
    0xA74E, 0x003A,
    0xA750, 0x003C,
    0xA752, 0x003E,
    0xA754, 0x0040,
    0xA756, 0x0048,
    0xA758, 0x0050,
    0xA75A, 0x0058,
    0xA75C, 0x0060,
    0xA75E, 0x0068,
    0xA760, 0x0070,
    0xA762, 0x0078,
    0xA764, 0x0080,
    0xA766, 0x00A0,
    0xA768, 0x00C0,
    0xA76A, 0x00E0,
    0xA76C, 0x0100,
    0xA9E0, 0x8822,
    0xAA00, 0x0000,
    0xB252, 0x0202,
    0xB254, 0x0200,
    0xB264, 0x0001,
    0xB390, 0x0202,
    0xB39C, 0x1000,
    0xB3DC, 0x0600,
    0xB3DE, 0x0000,
    0xB3EE, 0x0600,
    0xB3F0, 0x0101,
    0xB57A, 0x0008,
    0xB57C, 0x0008,
    0xB8C0, 0x000A,
    0xB8C2, 0x000A,
    0xB8C6, 0x0B08,
    0xB8CC, 0x0A0A,
    0xB8EC, 0x23DE,
    0xB8EE, 0x2FC3,
    0xB8F0, 0x0078,
    0xB8F2, 0x0064,
    0xB8F4, 0x0088,
    0xB8F6, 0x0080,
    0xB8F8, 0x009A,
    0xB8FA, 0x0058,
    0xB8FC, 0x0086,
    0xB8FE, 0x00D1,
    0xB900, 0x0116,
    0xB902, 0x0148,
    0xB904, 0x008D,
    0xB906, 0x007D,
    0xB908, 0x009C,
    0xB90A, 0x007B,
    0xB90C, 0x007C,
    0xB90E, 0x0042,
    0xB910, 0x0061,
    0xB912, 0x00A6,
    0xB914, 0x00D7,
    0xB916, 0x0116,
    0xB918, 0x007B,
    0xB91A, 0x0083,
    0xB91C, 0x0084,
    0xB91E, 0x0066,
    0xB920, 0x0050,
    0xB922, 0x001B,
    0xB924, 0x0038,
    0xB926, 0x0076,
    0xB928, 0x00A4,
    0xB92A, 0x00D6,
    0xB92C, 0x0037,
    0xB92E, 0x0043,
    0xB930, 0x0050,
    0xB932, 0x0032,
    0xB934, 0x0012,
    0xB936, 0xFFD5,
    0xB938, 0xFFEB,
    0xB93A, 0x0028,
    0xB93C, 0x005D,
    0xB93E, 0x0086,
    0xB940, 0xFFD9,
    0xB942, 0xFFF6,
    0xB944, 0x0001,
    0xB946, 0xFFFB,
    0xB948, 0xFFDF,
    0xB94A, 0xFF9F,
    0xB94C, 0xFFA4,
    0xB94E, 0xFFE7,
    0xB950, 0x001C,
    0xB952, 0x0043,
    0xB954, 0xFFD0,
    0xB956, 0x0011,
    0xB958, 0x000B,
    0xB95A, 0xFFF3,
    0xB95C, 0xFFCD,
    0xB95E, 0xFF9A,
    0xB960, 0xFF9E,
    0xB962, 0xFFDB,
    0xB964, 0x0003,
    0xB966, 0x002A,
    0xB968, 0xFFA5,
    0xB96A, 0xFFDA,
    0xB96C, 0xFFD9,
    0xB96E, 0xFFC1,
    0xB970, 0xFFA1,
    0xB972, 0xFF75,
    0xB974, 0xFF78,
    0xB976, 0xFFAC,
    0xB978, 0xFFCB,
    0xB97A, 0x0003,
    0xB97C, 0xFFC0,
    0xB97E, 0xFFDE,
    0xB980, 0xFFC9,
    0xB982, 0xFFC1,
    0xB984, 0xFFA5,
    0xB986, 0xFF7D,
    0xB988, 0xFF84,
    0xB98A, 0xFFB9,
    0xB98C, 0xFFE0,
    0xB98E, 0xFFDF,
    0xB990, 0xFFA4,
    0xB992, 0xFFC2,
    0xB994, 0xFFAF,
    0xB996, 0xFFA0,
    0xB998, 0xFF83,
    0xB99A, 0xFF5A,
    0xB99C, 0xFF62,
    0xB99E, 0xFF8D,
    0xB9A0, 0xFFB2,
    0xB9A2, 0xFF9B,
    0xB9A4, 0xFF72,
    0xB9A6, 0xFF95,
    0xB9A8, 0xFF82,
    0xB9AA, 0xFF7E,
    0xB9AC, 0xFF57,
    0xB9AE, 0xFF40,
    0xB9B0, 0xFF42,
    0xB9B2, 0xFF68,
    0xB9B4, 0xFF85,
    0xB9B6, 0xFF5F,
    0xC880, 0x0100,
    0xC888, 0x0333,
    0xC890, 0x007F,
    0xC892, 0x0012,
    0xC896, 0x698F,
    0xC89A, 0x0001,
    0xC89C, 0x0030,
    0xC89E, 0x0004,
    0xC8A0, 0x0000,
    0xC8A2, 0x0000,
    0xC8A4, 0x0000,
    0xC8A6, 0x0000,
    0xC8A8, 0x0000,
    0xC8AA, 0x0000,
    0xC8AC, 0x0000,
    0xC8AE, 0x0000,
    0xC8B0, 0x0000,
    0xC8B2, 0x0000,
    0xC8B4, 0x0000,
    0xC8B6, 0x0000,
    0xC8B8, 0x0000,
    0xC8BA, 0x0000,
    0xC8BC, 0x0000,
    0xC8BE, 0x0000,
    0xC8C0, 0x077F,
    0xC8C2, 0x0800,
    0xC8C4, 0x0800,
    0xC8C6, 0x0800,
    0xC8C8, 0x077F,
    0xC8CA, 0x0800,
    0xC8CC, 0x0800,
    0xC8CE, 0x0800,
    0xC8D0, 0x077F,
    0xC8D2, 0x0800,
    0xC8D4, 0x0800,
    0xC8D6, 0x0800,
    0xC8D8, 0x077F,
    0xC8DA, 0x0800,
    0xC8DC, 0x0800,
    0xC8DE, 0x0800,
    0xC8E0, 0x077F,
    0xC8E2, 0x0800,
    0xC8E4, 0x0800,
    0xC8E6, 0x0800,
    0xC8E8, 0x077F,
    0xC8EA, 0x0800,
    0xC8EC, 0x0800,
    0xC8EE, 0x0800,
    0xC8F0, 0x077F,
    0xC8F2, 0x0800,
    0xC8F4, 0x0800,
    0xC8F6, 0x0800,
    0xC8F8, 0x077F,
    0xC8FA, 0x0800,
    0xC8FC, 0x0800,
    0xC8FE, 0x0800,
    0xC900, 0x077F,
    0xC902, 0x0800,
    0xC904, 0x0800,
    0xC906, 0x0800,
    0xC908, 0x077F,
    0xC90A, 0x0800,
    0xC90C, 0x0800,
    0xC90E, 0x0800,
    0xC910, 0x077F,
    0xC912, 0x0800,
    0xC914, 0x0800,
    0xC916, 0x0800,
    0xC918, 0x077F,
    0xC91A, 0x0800,
    0xC91C, 0x0800,
    0xC91E, 0x0800,
    0xE8A2, 0x0080,
    0xE8A4, 0x0030,
    0xE8A8, 0x0000,
    0xE8AA, 0x6993,
    0xFF64, 0x0002,
    0xFF6A, 0x1000,
    0xFF6C, 0x1000,
    0xFF72, 0x1000,
    0xFF74, 0x1000,
    0xFF7A, 0x1000,
    0xFF7C, 0x1000,
    0xFF82, 0x1000,
    0xFF84, 0x1000,
    0xFF8A, 0x1000,
    0xFF8C, 0x1000,
    0xFF92, 0x1000,
    0xFF94, 0x1000,
    0xFF9A, 0x1000,
    0xFF9C, 0x1000,
    0xFFA2, 0x1000,
    0xFFA4, 0x1000,
    0xFFAA, 0x1000,
    0xFFAC, 0x1000,
    0xFFB2, 0x1000,
    0xFFB4, 0x1000,
    0xFFBA, 0x1000,
    0xFFBC, 0x1000,
    0xFFC2, 0x1000,
    0xFFC4, 0x1000,
    0xFFCA, 0x1000,
    0xFFCC, 0x1000,
    0xFFD2, 0x1000,
    0xFFD4, 0x1000,
    0xFFDA, 0x1000,
    0xFFDC, 0x1000,
    0xFFE2, 0x1000,
    0xFFE4, 0x1000,
    0xFFEA, 0x1000,
    0xFFEC, 0x1000,
    0xFFF2, 0x1000,
    0xFFF4, 0x1000,
    0xFFFA, 0x1000,
    0xFCFC, 0x4000,
    0x6028, 0x2000,
    0x602A, 0xFFFC,
    0x6F12, 0x1000,
    0xFCFC, 0x2001,
    0x0002, 0x1000,
    0x0004, 0x1000,
    0x000A, 0x1000,
    0x000C, 0x1000,
    0x0012, 0x1000,
    0x0014, 0x1000,
    0x001A, 0x1000,
    0x001C, 0x1000,
    0x0022, 0x1000,
    0x0024, 0x1000,
    0x002A, 0x0000,
    0x002C, 0x0000,
    0x0032, 0x0000,
    0x0034, 0x0000,
    0x003A, 0x0000,
    0x003C, 0x0000,
    0x0042, 0x0000,
    0x0044, 0x0000,
    0x004A, 0x0000,
    0x004C, 0x0000,
    0x0052, 0x0000,
    0x0054, 0x0000,
    0x005A, 0x0000,
    0x005C, 0x0000,
    0x0062, 0x0000,
    0x0064, 0x0000,
    0x006A, 0x0000,
    0x006C, 0x0000,
    0x0072, 0x0000,
    0x0074, 0x0000,
    0x007A, 0x0000,
    0x007C, 0x0000,
    0x0082, 0x0000,
    0x0084, 0x0000,
    0x008A, 0x0000,
    0x008C, 0x0000,
    0x0092, 0x0000,
    0x0094, 0x0000,
    0x009A, 0x0000,
    0x009C, 0x0000,
    0x00A2, 0x0000,
    0x00A4, 0x0000,
    0x00AA, 0x0000,
    0x00AC, 0x0000,
    0x00B2, 0x0000,
    0x00B4, 0x0000,
    0x00BA, 0x0000,
    0x00BC, 0x0000,
    0x00C2, 0x0000,
    0x00C4, 0x0000,
    0x00CA, 0x0000,
    0x00CC, 0x0000,
    0x00D2, 0x0000,
    0x00D4, 0x0000,
    0x00DA, 0x0000,
    0x00DC, 0x0000,
    0x00E2, 0x0000,
    0x00E4, 0x0000,
    0x01B4, 0x0600,
    0x01B6, 0x0003,
    0x01BA, 0x0003,
    0x01BE, 0x0003,
    0x01C2, 0x0003,
    0x01D6, 0x0003,
    0x01DA, 0x0003,
    0x01DE, 0x0003,
    0x01E2, 0x0003,
    0x01F6, 0x0003,
    0x01FA, 0x0003,
    0x01FE, 0x0003,
    0x0202, 0x0003,
    0x0216, 0x0003,
    0x021A, 0x0003,
    0x021E, 0x0003,
    0x0222, 0x0003,
    0x0236, 0x0000,
    0x023A, 0x0000,
    0x023E, 0x0000,
    0x0242, 0x0000,
    0x0256, 0x0000,
    0x025A, 0x0000,
    0x025E, 0x0000,
    0x0262, 0x0000,
    0x0276, 0x0000,
    0x027A, 0x0000,
    0x027E, 0x0000,
    0x0282, 0x0000,
    0x0296, 0x0000,
    0x029A, 0x0000,
    0x029E, 0x0000,
    0x02A2, 0x0000,
    0x0336, 0x0003,
    0x0338, 0x0000,
    0x033A, 0xFFFF,
    0x033C, 0x0000,
    0x033E, 0x0003,
    0x0340, 0x0000,
    0x0342, 0xFFFF,
    0x0344, 0x0000,
    0x0346, 0x0000,
    0x0348, 0x0000,
    0x034A, 0x0000,
    0x034C, 0x0000,
    0x034E, 0x0000,
    0x0350, 0x0000,
    0x0352, 0x0000,
    0x0354, 0x0000,
    0x0356, 0xFFFF,
    0x0358, 0x0000,
    0x035A, 0xFFFF,
    0x035C, 0x0000,
    0x035E, 0xFFFF,
    0x0360, 0x0000,
    0x0362, 0xFFFF,
    0x0364, 0x0000,
    0x0366, 0x0000,
    0x0368, 0x0000,
    0x036A, 0x0000,
    0x036C, 0x0000,
    0x036E, 0x0000,
    0x0370, 0x0000,
    0x0372, 0x0000,
    0x0374, 0x0000,
    0x0376, 0x0000,
    0x0378, 0x0000,
    0x037A, 0x0000,
    0x037C, 0x0000,
    0x037E, 0x0000,
    0x0380, 0x0000,
    0x0382, 0x0000,
    0x0384, 0x0000,
    0x0386, 0x0000,
    0x0388, 0x0000,
    0x038A, 0x0000,
    0x038C, 0x0000,
    0x038E, 0x0000,
    0x0390, 0x0000,
    0x0392, 0x0000,
    0x0394, 0x0000,
    0x0396, 0x0000,
    0x0398, 0x0000,
    0x039A, 0x0000,
    0x039C, 0x0000,
    0x039E, 0x0000,
    0x03A0, 0x0000,
    0x03A2, 0x0000,
    0x03A4, 0x0000,
    0x03A6, 0x0000,
    0x03A8, 0x0000,
    0x03AA, 0x0000,
    0x03AC, 0x0000,
    0x03AE, 0x0000,
    0x03B0, 0x0000,
    0x03B2, 0x0000,
    0x03B4, 0x0000,
    0x03B6, 0x0000,
    0x03BA, 0x0000,
    0x03BE, 0x0000,
    0x03C2, 0x0000,
    0x03D6, 0x0000,
    0x03DA, 0x0000,
    0x03DE, 0x0000,
    0x03E2, 0x0000,
    0x03F6, 0x0000,
    0x03FA, 0x0000,
    0x03FE, 0x0000,
    0x0402, 0x0000,
    0x0416, 0x0000,
    0x041A, 0x0000,
    0x041E, 0x0000,
    0x0422, 0x0000,
    0x2270, 0x0204,
    0x25D4, 0x0101,
    0x25FA, 0x2000,
    0x2648, 0x0200,
    0x264A, 0x0400,
    0x264C, 0x0200,
    0x264E, 0x0200,
    0x2660, 0x0202,
    0x2B7E, 0x0200,
    0x2B84, 0x0000,
    0x2BA0, 0x0200,
    0x2BA2, 0x0200,
    0x2BA4, 0x0000,
    0x2BA6, 0x0000,
    0x2BA8, 0x0000,
    0x2BAA, 0x0000,
    0x2BAC, 0x0200,
    0x2BAE, 0x0200,
    0x2BB0, 0x0100,
    0x2BB2, 0x0100,
    0x2BB4, 0x0100,
    0x2BB6, 0x0100,
    0x2BB8, 0x0100,
    0x2BBA, 0x0100,
    0x2BBC, 0x0100,
    0x2BBE, 0x0100,
    0x2BC4, 0x078A,
    0x2BC6, 0x0005,
    0x2BC8, 0x0005,
    0x2BCA, 0xFFFA,
    0x2BCC, 0xFFFA,
    0x2CBE, 0x0101,
    0x2DD6, 0x0101,
    0x2DD8, 0x0602,
    0x2DDC, 0x0204,
    0x2DFE, 0x0105,
    0x2E0E, 0x0000,
    0x2E16, 0x0064,
    0x2E18, 0x0096,
    0x2E1A, 0x0078,
    0x2E1C, 0x0190,
    0x2E1E, 0x0258,
    0x2E20, 0x0320,
    0x3348, 0x0002,
    0x34FE, 0x0400,
    0x350C, 0x000B,
    0x3516, 0x0074,
    0x3518, 0x007A,
    0x351A, 0x007A,
    0x351C, 0x007C,
    0x351E, 0x009A,
    0x3520, 0x009F,
    0x3522, 0x00A2,
    0x3524, 0x00A6,
    0x3526, 0x00A7,
    0x3528, 0x00A3,
    0x352A, 0x00A1,
    0x352C, 0x00AA,
    0x352E, 0x00AE,
    0x3530, 0x00B2,
    0x3532, 0x00A5,
    0x3534, 0x00A5,
    0x3536, 0x0074,
    0x3538, 0x007A,
    0x353A, 0x007A,
    0x353C, 0x007C,
    0x353E, 0x009A,
    0x3540, 0x009F,
    0x3542, 0x00A2,
    0x3544, 0x00A6,
    0x3546, 0x00A7,
    0x3548, 0x00A3,
    0x354A, 0x00A1,
    0x354C, 0x00AA,
    0x354E, 0x00AE,
    0x3550, 0x00B2,
    0x3552, 0x00A5,
    0x3554, 0x00A5,
    0x3714, 0x0000,
    0x371E, 0x0030,
    0x3720, 0x0035,
    0x3722, 0x0037,
    0x3724, 0x0044,
    0x3726, 0x0047,
    0x3728, 0x0054,
    0x372A, 0x0057,
    0x372C, 0x005B,
    0x372E, 0x005D,
    0x3730, 0x005E,
    0x3732, 0x0060,
    0x3734, 0x0062,
    0x3736, 0x005E,
    0x3738, 0x0064,
    0x373A, 0x0068,
    0x373C, 0x006A,
    0x373E, 0x0030,
    0x3740, 0x0035,
    0x3742, 0x0037,
    0x3744, 0x0044,
    0x3746, 0x0047,
    0x3748, 0x0054,
    0x374A, 0x0057,
    0x374C, 0x005B,
    0x374E, 0x005D,
    0x3750, 0x005E,
    0x3752, 0x0060,
    0x3754, 0x0062,
    0x3756, 0x005E,
    0x3758, 0x0064,
    0x375A, 0x0068,
    0x375C, 0x006A,
    0x391C, 0x0000,
    0x3926, 0x0000,
    0x3928, 0x0000,
    0x392A, 0x0000,
    0x392C, 0x0000,
    0x392E, 0x0000,
    0x3930, 0x0000,
    0x3932, 0x0000,
    0x3946, 0x0000,
    0x3948, 0x0000,
    0x394A, 0x0000,
    0x394C, 0x0000,
    0x394E, 0x0000,
    0x3950, 0x0000,
    0x3952, 0x0000,
    0x3B4C, 0x000F,
    0x4780, 0x0200,
    0x4994, 0x0190,
    0x4996, 0x0190,
    0x4998, 0x0190,
    0x49B8, 0x0258,
    0x49BA, 0x0258,
    0x49BC, 0x0258,
    0x49CA, 0x0190,
    0x49CC, 0x0190,
    0x49CE, 0x0190,
    0x49DC, 0x01F4,
    0x49DE, 0x01F4,
    0x49E0, 0x01F4,
    0x49E6, 0x0004,
    0x49E8, 0x0004,
    0x49EA, 0x0004,
    0x49EC, 0x0004,
    0x49EE, 0x0004,
    0x49F0, 0x0004,
    0x49F2, 0x0004,
    0x49F8, 0x000A,
    0x49FA, 0x000A,
    0x49FC, 0x000A,
    0x49FE, 0x000A,
    0x4A00, 0x000A,
    0x4A02, 0x000A,
    0x4A04, 0x000A,
    0x4A0A, 0x0014,
    0x4A0C, 0x0014,
    0x4A0E, 0x0014,
    0x4A10, 0x0014,
    0x4A12, 0x0014,
    0x4A14, 0x0014,
    0x4A16, 0x0014,
    0x4A1C, 0x001E,
    0x4A1E, 0x001E,
    0x4A20, 0x001E,
    0x4A22, 0x001E,
    0x4A24, 0x001E,
    0x4A26, 0x001E,
    0x4A28, 0x001E,
    0x4A2E, 0x0032,
    0x4A30, 0x0032,
    0x4A32, 0x0032,
    0x4A34, 0x0032,
    0x4A36, 0x0032,
    0x4A38, 0x0032,
    0x4A3A, 0x0032,
    0x4A40, 0x0050,
    0x4A42, 0x0050,
    0x4A44, 0x0050,
    0x4A46, 0x0050,
    0x4A48, 0x0050,
    0x4A4A, 0x0050,
    0x4A4C, 0x0050,
    0x4A64, 0x0006,
    0x4A66, 0x0006,
    0x4A68, 0x0006,
    0x4A6A, 0x0006,
    0x4A6C, 0x0006,
    0x4A6E, 0x0006,
    0x4A70, 0x0006,
    0x4A76, 0x0007,
    0x4A78, 0x0007,
    0x4A7A, 0x0007,
    0x4A7C, 0x0007,
    0x4A7E, 0x0007,
    0x4A80, 0x0007,
    0x4A82, 0x0007,
    0x4A88, 0x001E,
    0x4A8A, 0x001E,
    0x4A8C, 0x001E,
    0x4A8E, 0x001E,
    0x4A90, 0x001E,
    0x4A92, 0x001E,
    0x4A94, 0x001E,
    0x4BA8, 0x003C,
    0x4BAA, 0x0006,
    0x4BAC, 0x0006,
    0x4BAE, 0x0006,
    0x4BB0, 0x0006,
    0x4BB2, 0x0006,
    0x4BB4, 0x0006,
    0x4BCC, 0x0028,
    0x4BCE, 0x0001,
    0x4BD0, 0x0001,
    0x4BD2, 0x0001,
    0x4BD4, 0x0001,
    0x4BD6, 0x0001,
    0x4BD8, 0x0001,
    0x4C02, 0x003C,
    0x4C04, 0x0008,
    0x4C06, 0x0008,
    0x4C08, 0x0008,
    0x4C0A, 0x0008,
    0x4C0C, 0x0008,
    0x4C0E, 0x0008,
    0x4C26, 0x0028,
    0x4C28, 0x0014,
    0x4C2A, 0x0014,
    0x4C2C, 0x0014,
    0x4C2E, 0x0014,
    0x4C30, 0x0014,
    0x4C32, 0x0014,
    0x4C52, 0x044C,
    0x4C54, 0x044C,
    0x4C56, 0x044C,
    0x4CE2, 0x001E,
    0x4CE4, 0x001E,
    0x4CE6, 0x001E,
    0x4DBA, 0x00E6,
    0x4DBC, 0x00E6,
    0x4DBE, 0x00E6,
    0x4DCC, 0x00E6,
    0x4DCE, 0x00E6,
    0x4DD0, 0x00E6,
    0x4DDE, 0x00E6,
    0x4DE0, 0x00E6,
    0x4DE2, 0x00E6,
    0x4E02, 0x0050,
    0x4E04, 0x0050,
    0x4E06, 0x0050,
    0x4F3E, 0x001E,
    0x4F40, 0x001E,
    0x4F42, 0x001E,
    0x4F44, 0x0028,
    0x4F46, 0x0032,
    0x4F48, 0x0032,
    0x4F4A, 0x0032,
    0x4F50, 0x001E,
    0x4F52, 0x001E,
    0x4F54, 0x001E,
    0x4F56, 0x0028,
    0x4F58, 0x0050,
    0x4F5A, 0x0050,
    0x4F5C, 0x0050,
    0x4F62, 0x001E,
    0x4F64, 0x001E,
    0x4F66, 0x001E,
    0x4F68, 0x0028,
    0x4F6A, 0x006E,
    0x4F6C, 0x006E,
    0x4F6E, 0x006E,
    0x4F74, 0x001E,
    0x4F76, 0x001E,
    0x4F78, 0x001E,
    0x4F7A, 0x0028,
    0x4F7C, 0x0082,
    0x4F7E, 0x0082,
    0x4F80, 0x0082,
    0x4F86, 0x0028,
    0x4F88, 0x0028,
    0x4F8A, 0x0028,
    0x4F8C, 0x0032,
    0x4F8E, 0x0082,
    0x4F90, 0x0082,
    0x4F92, 0x0082,
    0x85FA, 0x0000,
    0xFCFC, 0x2002,
    0xDDD6, 0x001F,
    0xDDD8, 0x000C,
    0xDDDA, 0x000C,
    0xDDDC, 0x000C,
    0xDDDE, 0x000C,
    0xDDE0, 0x000C,
    0xDDEC, 0x0000,
    0xDDF6, 0x0100,
    0xDDF8, 0x8000,
    0xDDFA, 0x0216,
    0xDE02, 0x003F,
    0xDE04, 0x0001,
    0xDE06, 0x0F13,
    0xDE08, 0x0F13,
    0xDE0A, 0x000C,
    0xDE0C, 0x000C,
    0xDE0E, 0x0000,
    0xDE16, 0x0003,
    0xDE18, 0x04EF,
    0xDE1C, 0x0001,
    0xDE20, 0x0000,
    0xDE22, 0x0100,
    0xDE24, 0x0000,
    0xDE26, 0x0200,
    0xDE28, 0x0000,
    0xDE2A, 0x0400,
    0xDE2C, 0x0000,
    0xDE2E, 0x0800,
    0xDE30, 0x0000,
    0xDE32, 0x2000,
    0xDE34, 0x0000,
    0xDE36, 0x4000,
    0xDE38, 0x0000,
    0xDE3A, 0x0100,
    0xDE3C, 0x0000,
    0xDE3E, 0x0200,
    0xDE40, 0x0000,
    0xDE42, 0x0400,
    0xDE44, 0x0000,
    0xDE46, 0x0800,
    0xDE48, 0x0000,
    0xDE4A, 0x2000,
    0xDE4C, 0x0000,
    0xDE4E, 0x4000,
    0xDE50, 0x0000,
    0xDE52, 0x0100,
    0xDE54, 0x0000,
    0xDE56, 0x0200,
    0xDE58, 0x0000,
    0xDE5A, 0x0400,
    0xDE5C, 0x0000,
    0xDE5E, 0x0800,
    0xDE60, 0x0000,
    0xDE62, 0x2000,
    0xDE64, 0x0000,
    0xDE66, 0x4000,
    0xDE68, 0x0000,
    0xDE6A, 0x0100,
    0xDE6C, 0x0000,
    0xDE6E, 0x0200,
    0xDE70, 0x0000,
    0xDE72, 0x0400,
    0xDE74, 0x0000,
    0xDE76, 0x0800,
    0xDE78, 0x0000,
    0xDE7A, 0x2000,
    0xDE7C, 0x0000,
    0xDE7E, 0x4000,
    0xDE80, 0x0000,
    0xDE82, 0x0000,
    0xDE84, 0x0000,
    0xDE86, 0x0000,
    0xDE88, 0x0000,
    0xDE8A, 0x0000,
    0xDE8C, 0x0000,
    0xDE8E, 0x0000,
    0xDE90, 0x0000,
    0xDE92, 0x0000,
    0xDE94, 0x0000,
    0xDE96, 0x0000,
    0xDE98, 0x0000,
    0xDE9A, 0x0000,
    0xDE9C, 0x0000,
    0xDE9E, 0x0000,
    0xDEA0, 0x0000,
    0xDEA2, 0x0000,
    0xDEA4, 0x0000,
    0xDEA6, 0x0000,
    0xDEA8, 0x0000,
    0xDEAA, 0x0000,
    0xDEAC, 0x0000,
    0xDEAE, 0x0000,
    0xDEB0, 0x0000,
    0xDEB2, 0x0000,
    0xDEB4, 0x0000,
    0xDEB6, 0x0000,
    0xDEB8, 0x0000,
    0xDEBA, 0x0000,
    0xDEBC, 0x0000,
    0xDEBE, 0x0000,
    0xDEC0, 0x0000,
    0xDEC2, 0x0000,
    0xDEC4, 0x0000,
    0xDEC6, 0x0000,
    0xDEC8, 0x0000,
    0xDECA, 0x0000,
    0xDECC, 0x0000,
    0xDECE, 0x0000,
    0xDED0, 0x0000,
    0xDED2, 0x0000,
    0xDED4, 0x0000,
    0xDED6, 0x0000,
    0xDED8, 0x0000,
    0xDEDA, 0x0000,
    0xDEDC, 0x0000,
    0xDEDE, 0x0000,
    0xDF40, 0x0000,
    0xDF42, 0x01FF,
    0xDF44, 0x0000,
    0xDF46, 0x03FF,
    0xDF48, 0x0000,
    0xDF4A, 0x07FF,
    0xDF4C, 0x0000,
    0xDF4E, 0x1FFF,
    0xDF50, 0x0000,
    0xDF52, 0x3FFF,
    0xDF54, 0x0001,
    0xDF56, 0x0000,
    0xDF58, 0x0000,
    0xDF5A, 0x01FF,
    0xDF5C, 0x0000,
    0xDF5E, 0x03FF,
    0xDF60, 0x0000,
    0xDF62, 0x07FF,
    0xDF64, 0x0000,
    0xDF66, 0x1FFF,
    0xDF68, 0x0000,
    0xDF6A, 0x3FFF,
    0xDF6C, 0x0001,
    0xDF6E, 0x0000,
    0xDF70, 0x0000,
    0xDF72, 0x01FF,
    0xDF74, 0x0000,
    0xDF76, 0x03FF,
    0xDF78, 0x0000,
    0xDF7A, 0x07FF,
    0xDF7C, 0x0000,
    0xDF7E, 0x1FFF,
    0xDF80, 0x0000,
    0xDF82, 0x3FFF,
    0xDF84, 0x0001,
    0xDF86, 0x0000,
    0xDF88, 0x0000,
    0xDF8A, 0x01FF,
    0xDF8C, 0x0000,
    0xDF8E, 0x03FF,
    0xDF90, 0x0000,
    0xDF92, 0x07FF,
    0xDF94, 0x0000,
    0xDF96, 0x1FFF,
    0xDF98, 0x0000,
    0xDF9A, 0x3FFF,
    0xDF9C, 0x0001,
    0xDF9E, 0x0000,
    0xDFA0, 0x0000,
    0xDFA2, 0x0000,
    0xDFA4, 0x0000,
    0xDFA6, 0x0000,
    0xDFA8, 0x0000,
    0xDFAA, 0x0000,
    0xDFAC, 0x0000,
    0xDFAE, 0x0000,
    0xDFB0, 0x0000,
    0xDFB2, 0x0000,
    0xDFB4, 0x0000,
    0xDFB6, 0x0000,
    0xDFB8, 0x0000,
    0xDFBA, 0x0000,
    0xDFBC, 0x0000,
    0xDFBE, 0x0000,
    0xDFC0, 0x0000,
    0xDFC2, 0x0000,
    0xDFC4, 0x0000,
    0xDFC6, 0x0000,
    0xDFC8, 0x0000,
    0xDFCA, 0x0000,
    0xDFCC, 0x0000,
    0xDFCE, 0x0000,
    0xDFD0, 0x0000,
    0xDFD2, 0x0000,
    0xDFD4, 0x0000,
    0xDFD6, 0x0000,
    0xDFD8, 0x0000,
    0xDFDA, 0x0000,
    0xDFDC, 0x0000,
    0xDFDE, 0x0000,
    0xDFE0, 0x0000,
    0xDFE2, 0x0000,
    0xDFE4, 0x0000,
    0xDFE6, 0x0000,
    0xDFE8, 0x0000,
    0xDFEA, 0x0000,
    0xDFEC, 0x0000,
    0xDFEE, 0x0000,
    0xDFF0, 0x0000,
    0xDFF2, 0x0000,
    0xDFF4, 0x0000,
    0xDFF6, 0x0000,
    0xDFF8, 0x0000,
    0xDFFA, 0x0000,
    0xDFFC, 0x0000,
    0xDFFE, 0x0000,
    0xE060, 0x0000,
    0xE06E, 0x2000,
    0xE070, 0x1800,
    0xE072, 0x2020,
    0xE074, 0x1830,
    0xE076, 0xFFFF,
    0xE078, 0xFFFF,
    0xE07A, 0x0000,
    0xFCFC, 0x4000,
    0x0086, 0x2000,
    0x020A, 0x0100,
    0x0228, 0x0100,
    0x0380, 0x0004,
    0x0382, 0x0004,
    0x0384, 0x0004,
    0x0386, 0x0004,
    0x0722, 0x0800,
    0x0900, 0x3244,
    0x0B02, 0x0202,
    0x0B04, 0x0001,
    0x0B06, 0x0101,
    0x0B08, 0x0100,
    0x0B0A, 0x0101,
    0x0B0C, 0x0100,
    0x0BCC, 0x0100,
    0x0BE2, 0x0000,
    0x0274, 0x302B,
    0x0E00, 0x0003,
    /*OIS_EN_DISABLE*/
    0xFCFC, 0x4000,
    0x0A70, 0x0001,
    0xFCFC, 0x2000,
    0x101F, 0x0100,
    0xFCFC, 0x2001,
    0x2F38, 0x0001,
    0x2F3A, 0x0000,
    0x2F3C, 0x0001,
    0x2F3E, 0x0000,
    0x2F40, 0x0000,
    0x2F42, 0x0000,
    0x2F46, 0x0000,
    0x2F48, 0x0000,
    0xFCFC, 0x4000,
};

/*22_4096x3072_60fps_2976Msps*/
static u16 cjtele_custom12_setting[] = {
    0xFCFC, 0x4000,
    0x0B30, 0x01FF,
    0xFCFC, 0x2000,
    0x0F8C, 0x0000,
    0x1004, 0x0000,
    0x46F2, 0x0000,
    0x4718, 0x002C,
    0x472C, 0x0000,
    0x472E, 0x0000,
    0x4760, 0x0200,
    0x8F40, 0x0702,
    0xA76E, 0x0180,
    0xA770, 0x0200,
    0xA772, 0x0300,
    0xA774, 0x0400,
    0xA776, 0x1E20,
    0xA778, 0x2223,
    0xA77A, 0x2526,
    0xA77C, 0x2728,
    0xA77E, 0x292A,
    0xA780, 0x2B2C,
    0xA782, 0x2C2D,
    0xA784, 0x2E2E,
    0xA786, 0x2F31,
    0xA788, 0x3233,
    0xA78A, 0x3435,
    0xA78C, 0x3637,
    0xA78E, 0x3739,
    0xA790, 0x3A3B,
    0xA792, 0x3B3D,
    0xA794, 0x3E3E,
    0xA796, 0x3F2C,
    0xB8C4, 0x0100,
    0xFCFC, 0x2001,
    0x10F0, 0x0200,
    0x2C02, 0x0008,
    0x2C04, 0x0008,
    0x2C06, 0x0000,
    0x2C90, 0x0200,
    0x2DD0, 0x0000,
    0x34BC, 0x013F,
    0x34BE, 0x017F,
    0x34C0, 0x01BF,
    0x34C2, 0x01FF,
    0x34C4, 0x027F,
    0x34C6, 0x02FF,
    0x34C8, 0x037F,
    0x34CA, 0x03FF,
    0x34CC, 0x05FF,
    0x34CE, 0x07FF,
    0x34D0, 0x09FF,
    0x34D2, 0x0BFF,
    0x34D4, 0x0DFF,
    0x34D6, 0x0FFF,
    0x34D8, 0x3FFF,
    0xFCFC, 0x4000,
    0x0112, 0x0A0A,
    0x0114, 0x0201,
    0x0118, 0x0004,
    0x011C, 0x0101,
    0x0136, 0x1800,
    0x013E, 0x0000,
    0x0202, 0x0200,
    0x0204, 0x0020,
    0x021E, 0x0000,
    0x0226, 0x0200,
    0x022C, 0x0200,
    0x0260, 0x0101,
    0x0262, 0x0200,
    0x0264, 0x0306,
    0x0270, 0x2B2B,
    0x0272, 0x2B10,
    0x0304, 0x0003,
    0x0306, 0x00F0,
    0x030C, 0x0000,
    0x030E, 0x0003,
    0x0310, 0x00BA,
    0x0312, 0x0000,
    0x031A, 0x0003,
    0x031C, 0x0028,
    0x031E, 0x0002,
    0x0340, 0x1408,
    0x0342, 0x1860,
    0x0344, 0x0000,
    0x0346, 0x0020,
    0x0348, 0x403C,
    0x034A, 0x305C,
    0x034C, 0x1000,
    0x034E, 0x0C00,
    0x0350, 0x0008,
    0x0352, 0x0008,
    0x0720, 0x0001,
    0x0724, 0x0000,
    0x072C, 0x0800,
    0x072E, 0x0300,
    0x081C, 0x0015,
    0x0BCA, 0x0101,
    0xFCFC, 0x2000,
    0x0E90, 0x0803,
    0x0E92, 0x0803,
    0x0E94, 0x0803,
    0x0E96, 0x0803,
    0x0F64, 0x0040,
    0x34BA, 0x0000,
    0x34BC, 0x0004,
    0x3512, 0xFA36,
    0x3514, 0xFB0E,
    0x3552, 0x0000,
    0x3554, 0x0000,
    0x3E14, 0x0101,
    0x3E16, 0x0100,
    0x3E1E, 0x03FF,
    0x3E20, 0x03FF,
    0x3E22, 0x01FF,
    0x3E24, 0x003F,
    0x3E30, 0x0400,
    0x3E32, 0x0400,
    0x3E34, 0x0200,
    0x3E36, 0x0040,
    0x4114, 0x0008,
    0x4116, 0x0048,
    0x4118, 0x4000,
    0x411A, 0xFA28,
    0x411C, 0xA8B1,
    0x411E, 0xA0B1,
    0x4120, 0x4000,
    0x4122, 0xFA2C,
    0x4124, 0x0002,
    0x4126, 0x0003,
    0x4128, 0x4000,
    0x412A, 0xFC1E,
    0x41B4, 0x000C,
    0x41B6, 0x0000,
    0x41B8, 0x4000,
    0x41BA, 0xFAB2,
    0x41BC, 0x000C,
    0x41BE, 0x0000,
    0x41C0, 0x4000,
    0x41C2, 0xFAB4,
    0x4254, 0x06DB,
    0x4256, 0x06C9,
    0x4258, 0x4000,
    0x425A, 0xFA12,
    0x42F4, 0x01D5,
    0x42F6, 0x01F9,
    0x42F8, 0x4000,
    0x42FA, 0xF470,
    0x42FC, 0x01D5,
    0x42FE, 0x01F9,
    0x4300, 0x4000,
    0x4302, 0xF478,
    0x46F0, 0x0101,
    0x47C2, 0x0101,
    0x485A, 0x0102,
    0x487C, 0x0004,
    0x4882, 0x0004,
    0x489A, 0x0004,
    0x48A0, 0x0004,
    0x48B8, 0x0012,
    0x48BE, 0x0014,
    0x48D6, 0x0014,
    0x48DC, 0x000C,
    0x48F4, 0x0012,
    0x48FA, 0x0014,
    0x4918, 0x0101,
    0x491A, 0x0000,
    0x49D0, 0x0000,
    0x49D4, 0x2214,
    0x49DA, 0x1422,
    0x49E6, 0x2118,
    0x49EC, 0x1821,
    0x49F8, 0x8080,
    0x4A58, 0x0030,
    0x4A5A, 0xFFF1,
    0x4A5C, 0x0001,
    0x4A5E, 0x00C8,
    0x4A60, 0x0001,
    0x4A62, 0x0001,
    0x4A64, 0x0030,
    0x4A66, 0x001B,
    0x4A68, 0x0007,
    0x4A6A, 0x0006,
    0x4A6C, 0x0018,
    0x4A6E, 0x0006,
    0x4A70, 0x0006,
    0x4A72, 0x0019,
    0x4A90, 0xFFF9,
    0x4A92, 0xFFFA,
    0x4A94, 0x0005,
    0x4A96, 0x0005,
    0x4A98, 0x0010,
    0x4A9A, 0x0010,
    0x4A9C, 0xFFFC,
    0x4A9E, 0x0048,
    0x4AA0, 0x0020,
    0x4AA2, 0x000E,
    0x4AA4, 0x000E,
    0x4AA6, 0x0007,
    0x4AA8, 0x0007,
    0x4AAA, 0x0048,
    0x4AAC, 0xFFF3,
    0x4AB0, 0xFFFC,
    0x4AB8, 0xFFFC,
    0x4ABA, 0x0048,
    0x4ABE, 0x0000,
    0x4AC0, 0x000E,
    0x4AC2, 0x001E,
    0x4AC4, 0x002E,
    0x4AC6, 0x0048,
    0x4AD4, 0xFFFC,
    0x4AE2, 0x0048,
    0x4AE4, 0x0021,
    0x4AE6, 0x0010,
    0x4AE8, 0x0010,
    0x4AEA, 0x0010,
    0x4AEC, 0x0010,
    0x4AEE, 0x0010,
    0x4AF0, 0x0016,
    0x4AF2, 0x001A,
    0x4AF4, 0x0008,
    0x4AF6, 0x0008,
    0x4AF8, 0x0004,
    0x4AFA, 0x0008,
    0x4AFC, 0x0008,
    0x4AFE, 0x0018,
    0x4B54, 0x0021,
    0x4B56, 0x0010,
    0x4B58, 0x0010,
    0x4B5A, 0x0010,
    0x4B5C, 0x0010,
    0x4B5E, 0x0010,
    0x4B60, 0x0016,
    0x4B62, 0x001A,
    0x4B64, 0x0008,
    0x4B66, 0x0008,
    0x4B68, 0x0004,
    0x4B6A, 0x0008,
    0x4B6C, 0x0008,
    0x4B6E, 0x0018,
    0x4BC4, 0x0021,
    0x4BC6, 0x0010,
    0x4BC8, 0x0010,
    0x4BCA, 0x0010,
    0x4BCC, 0x0010,
    0x4BCE, 0x0010,
    0x4BD0, 0x0016,
    0x4BD2, 0x001A,
    0x4BD4, 0x0008,
    0x4BD6, 0x0008,
    0x4BD8, 0x0004,
    0x4BDA, 0x0008,
    0x4BDC, 0x0008,
    0x4BDE, 0x0018,
    0x4BE0, 0x0008,
    0x4BE2, 0x0003,
    0x4BE4, 0x0003,
    0x4BE6, 0x0008,
    0x4BE8, 0x0003,
    0x4BEA, 0x0003,
    0x4BEC, 0x0005,
    0x4BEE, 0x0060,
    0x4BF0, 0x004B,
    0x4BF2, 0x0060,
    0x4BF4, 0x0060,
    0x4BF6, 0x0060,
    0x4BF8, 0x0060,
    0x4BFA, 0x0060,
    0x4C08, 0x0060,
    0x4C16, 0x0060,
    0x4C40, 0x0000,
    0x4C42, 0x0000,
    0x4C44, 0x0001,
    0x4C46, 0x0014,
    0x4C48, 0x0014,
    0x4C4A, 0x0014,
    0x4C4C, 0x0014,
    0x4C4E, 0x0000,
    0x4C5C, 0x0002,
    0x4C6C, 0x0004,
    0x4C6E, 0x0001,
    0x4C70, 0x0004,
    0x4C72, 0x0007,
    0x4C74, 0x0004,
    0x4C76, 0x0004,
    0x4C78, 0x0004,
    0x4C7A, 0x0001,
    0x4C7C, 0xFFD0,
    0x4C7E, 0xFFDE,
    0x4C80, 0xFFDE,
    0x4C82, 0xFFCE,
    0x4C84, 0xFFCE,
    0x4C86, 0x0001,
    0x4C88, 0x0000,
    0x4C8A, 0x0000,
    0x4C8C, 0x0006,
    0x4C8E, 0x0006,
    0x4C90, 0x0006,
    0x4C92, 0x0006,
    0x4C94, 0x0000,
    0x4C96, 0x0000,
    0x4C98, 0xFFE0,
    0x4C9A, 0xFFFB,
    0x4C9C, 0xFFFD,
    0x4C9E, 0xFFFF,
    0x4CA0, 0xFFFF,
    0x4CA2, 0x0000,
    0x4CAA, 0x0006,
    0x4CB0, 0x0000,
    0x4CB2, 0x0000,
    0x4CB6, 0x0000,
    0x4CB8, 0x0006,
    0x4CBA, 0xFFCA,
    0x4CBC, 0xFFBA,
    0x4CBE, 0x0000,
    0x4CCC, 0x0000,
    0x4CDA, 0x0000,
    0x4CDC, 0x0002,
    0x4CDE, 0x0001,
    0x4CE0, 0x0001,
    0x4CE2, 0x0004,
    0x4CE4, 0x0001,
    0x4CE6, 0x0001,
    0x4CE8, 0x0002,
    0x4CEA, 0x000A,
    0x4CEC, 0x0040,
    0x4CEE, 0x0040,
    0x4CF0, 0x0040,
    0x4CF2, 0x0040,
    0x4CF4, 0x0040,
    0x4CF6, 0x000A,
    0x4CF8, 0x0002,
    0x4CFA, 0x0001,
    0x4CFC, 0x0001,
    0x4CFE, 0x0004,
    0x4D00, 0x0001,
    0x4D02, 0x0001,
    0x4D04, 0x0002,
    0x4D06, 0x000A,
    0x4D08, 0x0040,
    0x4D0A, 0x0040,
    0x4D0C, 0x0040,
    0x4D0E, 0x0040,
    0x4D10, 0x0040,
    0x4D12, 0x000A,
    0x4D14, 0x0002,
    0x4D16, 0x0001,
    0x4D18, 0x0001,
    0x4D1A, 0x0004,
    0x4D1C, 0x0001,
    0x4D1E, 0x0001,
    0x4D20, 0x0002,
    0x4D22, 0x000A,
    0x4D24, 0x0040,
    0x4D26, 0x0040,
    0x4D28, 0x0040,
    0x4D2A, 0x0040,
    0x4D2C, 0x0040,
    0x4D2E, 0x000A,
    0x4D74, 0x0000,
    0x4D82, 0x0000,
    0x4DF4, 0x0000,
    0x4DF6, 0x0305,
    0x4DF8, 0x0004,
    0x4DFA, 0x0004,
    0x4DFC, 0x0004,
    0x4DFE, 0x0000,
    0x4E00, 0x0000,
    0x4E04, 0x0053,
    0x4E06, 0x0053,
    0x4E08, 0x0053,
    0x4E0A, 0x0053,
    0x4E0C, 0x0053,
    0x4E0E, 0x0053,
    0x4E2C, 0x000F,
    0x4E2E, 0x012F,
    0x4E30, 0x01E8,
    0x4E32, 0x01E8,
    0x4E34, 0x0351,
    0x4E36, 0x064F,
    0x4E38, 0x000F,
    0x4E3C, 0x004B,
    0x4E3E, 0x0060,
    0x4E40, 0x0060,
    0x4E42, 0x0060,
    0x4E44, 0x0060,
    0x4E46, 0x0030,
    0x4E48, 0x000F,
    0x4E4A, 0x012F,
    0x4E4C, 0x01E8,
    0x4E4E, 0x01E8,
    0x4E50, 0x0351,
    0x4E52, 0x064F,
    0x4E54, 0x000F,
    0x4E58, 0x004B,
    0x4E5A, 0x0060,
    0x4E5C, 0x0060,
    0x4E5E, 0x0060,
    0x4E60, 0x0060,
    0x4E62, 0x0030,
    0x4E9A, 0x0000,
    0x4EB6, 0x0008,
    0x4EE0, 0x000A,
    0x4EFC, 0x0018,
    0x4F1A, 0x0002,
    0x4F1C, 0x001A,
    0x4F1E, 0x0064,
    0x4F20, 0x0001,
    0x4F22, 0x0064,
    0x4F24, 0x0064,
    0x4F26, 0x0002,
    0x4F28, 0x008A,
    0x4F2A, 0x0054,
    0x4F2C, 0x0080,
    0x4F2E, 0x0342,
    0x4F30, 0x0080,
    0x4F32, 0x0080,
    0x4F34, 0x008A,
    0x4F36, 0x0088,
    0x4F38, 0x0052,
    0x4F3A, 0x007E,
    0x4F3C, 0x0340,
    0x4F3E, 0x007E,
    0x4F40, 0x007E,
    0x4F42, 0x0088,
    0x4F52, 0x0004,
    0x4F60, 0x000A,
    0x4F6E, 0x0004,
    0x4F70, 0x0008,
    0x4F72, 0x0008,
    0x4F74, 0x0008,
    0x4F76, 0x0008,
    0x4F78, 0x0008,
    0x4F7A, 0x0004,
    0x4F7C, 0x000A,
    0x4F7E, 0x0008,
    0x4F80, 0x0008,
    0x4F82, 0x0008,
    0x4F84, 0x0008,
    0x4F86, 0x0008,
    0x4F88, 0x000A,
    0x50BE, 0x001B,
    0x50C0, 0x0024,
    0x50C2, 0x0004,
    0x50C4, 0x00F0,
    0x50C6, 0x0019,
    0x50C8, 0x0019,
    0x50CA, 0x0010,
    0x50CC, 0x0021,
    0x50CE, 0x0005,
    0x50D0, 0x0002,
    0x50D2, 0x00F6,
    0x50D4, 0x0008,
    0x50D6, 0x0008,
    0x50D8, 0x0016,
    0x50E0, 0x0104,
    0x50E6, 0x0016,
    0x50E8, 0x000F,
    0x50EC, 0x0008,
    0x50EE, 0x0008,
    0x50F0, 0x0008,
    0x50F2, 0x0008,
    0x50F4, 0x000F,
    0x5118, 0x0005,
    0x5126, 0x000F,
    0x51FE, 0x0005,
    0x520C, 0x000A,
    0x5214, 0x0007,
    0x521A, 0x0005,
    0x527E, 0x0003,
    0x528C, 0x0010,
    0x528E, 0x0016,
    0x5290, 0x0016,
    0x5292, 0x0016,
    0x5294, 0x0016,
    0x5296, 0x0016,
    0x5298, 0x0015,
    0x529E, 0x0027,
    0x52A0, 0x0029,
    0x52A2, 0x0027,
    0x52A4, 0x0027,
    0x52A6, 0x002D,
    0x52B6, 0x0032,
    0x52B8, 0x0035,
    0x52BA, 0x0036,
    0x52BC, 0x0036,
    0x52BE, 0x0036,
    0x52C0, 0x0036,
    0x52C2, 0x0037,
    0x5500, 0x00C7,
    0x5554, 0x00C7,
    0x578A, 0x0004,
    0x578C, 0x000A,
    0x578E, 0x0004,
    0x5790, 0x0004,
    0x5792, 0x001F,
    0x57CC, 0x005E,
    0x57CE, 0x003E,
    0x57D0, 0x0088,
    0x57D2, 0x0154,
    0x57D4, 0x0100,
    0x57D6, 0x0100,
    0x57D8, 0x0070,
    0x57E6, 0x0115,
    0x57E8, 0x0089,
    0x57EC, 0x0078,
    0x57EE, 0x0078,
    0x57F0, 0x0088,
    0x57F2, 0x0088,
    0x57F4, 0x00C6,
    0x5804, 0x0089,
    0x5806, 0x00A9,
    0x5808, 0x0154,
    0x580A, 0x01E4,
    0x580C, 0x0158,
    0x580E, 0x0158,
    0x5810, 0x00C6,
    0x581A, 0x00F0,
    0x581C, 0x00E0,
    0x581E, 0x00C6,
    0x629E, 0x0000,
    0x62AC, 0x0000,
    0x65AE, 0x017C,
    0x65BC, 0x01C1,
    0x65F6, 0x0000,
    0x65FA, 0x8000,
    0x65FC, 0x8000,
    0x65FE, 0x8000,
    0x6600, 0x8000,
    0x6604, 0x0000,
    0x6608, 0x8000,
    0x660A, 0x8000,
    0x660C, 0x8000,
    0x660E, 0x8000,
    0x8F42, 0x0000,
    0x8F72, 0x0600,
    0x8F7E, 0x0017,
    0x8F80, 0x170B,
    0x8F82, 0x0B0B,
    0x8F84, 0x0B0B,
    0x8F8C, 0x0004,
    0x8F8E, 0x040B,
    0x8F90, 0x0B0B,
    0x8F92, 0x0B0B,
    0x8F9A, 0x0001,
    0x8F9C, 0x0100,
    0x8F9E, 0x0101,
    0x8FA0, 0x0101,
    0x8FA8, 0x0001,
    0x8FAA, 0x0100,
    0x8FAC, 0x0101,
    0x8FAE, 0x0101,
    0x8FB6, 0x0090,
    0x8FB8, 0x0B07,
    0x8FBA, 0x0B0B,
    0x8FBC, 0x0B0B,
    0x8FC4, 0x0090,
    0x8FC6, 0x9005,
    0x8FC8, 0x9090,
    0x8FCA, 0x9090,
    0x8FD0, 0x0087,
    0x8FD2, 0x0082,
    0x8FD4, 0xF7DD,
    0x8FD6, 0xF105,
    0x8FD8, 0x3008,
    0x8FDA, 0x00FF,
    0x8FDC, 0x03FF,
    0x8FDE, 0x1901,
    0x8FE0, 0x06C9,
    0x8FE2, 0x0249,
    0x8FE4, 0x0249,
    0x8FE6, 0x0010,
    0x8FE8, 0x0449,
    0x8FEA, 0x0790,
    0x8FF6, 0x0D0D,
    0x8FF8, 0x080D,
    0x8FFA, 0x0D0D,
    0x8FFC, 0x0D0D,
    0x8FFE, 0x0D08,
    0x9000, 0x0D0D,
    0x9002, 0x0D0D,
    0x9066, 0x80F5,
    0x9996, 0xA6F1,
    0x9998, 0x412C,
    0x999A, 0xA8B1,
    0x999C, 0x0000,
    0x999E, 0x0044,
    0x9D50, 0x013F,
    0x9D54, 0x0000,
    0x9D56, 0x01FF,
    0x9D58, 0xFFFF,
    0x9DD4, 0x4000,
    0x9DD6, 0xFA9E,
    0x9DD8, 0x4000,
    0x9DDA, 0xFAA0,
    0x9DE4, 0x1206,
    0x9DE6, 0x0C06,
    0x9E60, 0x0C06,
    0x9E62, 0x1206,
    0x9E64, 0x0C06,
    0x9EDE, 0x0C06,
    0xA0A8, 0x0000,
    0xA0EE, 0x0100,
    0xA15C, 0x0002,
    0xA1C4, 0xBC76,
    0xA1D2, 0xFE00,
    0xA4FE, 0x0011,
    0xA50C, 0x0065,
    0xA512, 0x0000,
    0xA514, 0x0000,
    0xA516, 0x0014,
    0xA51E, 0x0000,
    0xA520, 0x001E,
    0xA522, 0x001E,
    0xA52E, 0x0000,
    0xA530, 0x0000,
    0xA53C, 0x000A,
    0xA53E, 0x0000,
    0xA540, 0x0000,
    0xA542, 0x0000,
    0xA54A, 0x0000,
    0xA54C, 0x0001,
    0xA54E, 0x0001,
    0xA550, 0x0001,
    0xA558, 0x0001,
    0xA55A, 0x0000,
    0xA55C, 0x0000,
    0xA55E, 0x0000,
    0xA560, 0x0000,
    0xA562, 0x0000,
    0xA734, 0x0000,
    0xA736, 0x0022,
    0xA738, 0x0024,
    0xA73A, 0x0026,
    0xA73C, 0x0028,
    0xA73E, 0x002A,
    0xA740, 0x002C,
    0xA742, 0x002E,
    0xA744, 0x0030,
    0xA746, 0x0032,
    0xA748, 0x0034,
    0xA74A, 0x0036,
    0xA74C, 0x0038,
    0xA74E, 0x003A,
    0xA750, 0x003C,
    0xA752, 0x003E,
    0xA754, 0x0040,
    0xA756, 0x0048,
    0xA758, 0x0050,
    0xA75A, 0x0058,
    0xA75C, 0x0060,
    0xA75E, 0x0068,
    0xA760, 0x0070,
    0xA762, 0x0078,
    0xA764, 0x0080,
    0xA766, 0x00A0,
    0xA768, 0x00C0,
    0xA76A, 0x00E0,
    0xA76C, 0x0100,
    0xA9E0, 0x8822,
    0xAA00, 0x0000,
    0xB252, 0x0202,
    0xB254, 0x0200,
    0xB264, 0x0001,
    0xB390, 0x0202,
    0xB39C, 0x1000,
    0xB3DC, 0x0600,
    0xB3DE, 0x0000,
    0xB3EE, 0x0600,
    0xB3F0, 0x0101,
    0xB57A, 0x0008,
    0xB57C, 0x0008,
    0xB8C0, 0x000A,
    0xB8C2, 0x000A,
    0xB8C6, 0x0B08,
    0xB8CC, 0x0A0A,
    0xB8EC, 0x23DE,
    0xB8EE, 0x2FC3,
    0xB8F0, 0x0086,
    0xB8F2, 0x0082,
    0xB8F4, 0x00AB,
    0xB8F6, 0x00A1,
    0xB8F8, 0x00D7,
    0xB8FA, 0x00AF,
    0xB8FC, 0x00CC,
    0xB8FE, 0x011D,
    0xB900, 0x016C,
    0xB902, 0x0183,
    0xB904, 0x005E,
    0xB906, 0x004F,
    0xB908, 0x007D,
    0xB90A, 0x0079,
    0xB90C, 0x0094,
    0xB90E, 0x0055,
    0xB910, 0x0088,
    0xB912, 0x00D7,
    0xB914, 0x0122,
    0xB916, 0x0157,
    0xB918, 0x0089,
    0xB91A, 0x0083,
    0xB91C, 0x0099,
    0xB91E, 0x0076,
    0xB920, 0x0075,
    0xB922, 0x003F,
    0xB924, 0x005A,
    0xB926, 0x009C,
    0xB928, 0x00C9,
    0xB92A, 0x0104,
    0xB92C, 0x0057,
    0xB92E, 0x0068,
    0xB930, 0x006D,
    0xB932, 0x004D,
    0xB934, 0x0030,
    0xB936, 0xFFF8,
    0xB938, 0x0014,
    0xB93A, 0x004E,
    0xB93C, 0x007F,
    0xB93E, 0x00AE,
    0xB940, 0xFFDF,
    0xB942, 0xFFFC,
    0xB944, 0x0009,
    0xB946, 0x0000,
    0xB948, 0xFFE4,
    0xB94A, 0xFFA4,
    0xB94C, 0xFFAA,
    0xB94E, 0xFFED,
    0xB950, 0x0021,
    0xB952, 0x0042,
    0xB954, 0xFFBF,
    0xB956, 0x0007,
    0xB958, 0x0005,
    0xB95A, 0xFFE9,
    0xB95C, 0xFFC8,
    0xB95E, 0xFF93,
    0xB960, 0xFF97,
    0xB962, 0xFFD0,
    0xB964, 0xFFF5,
    0xB966, 0x0023,
    0xB968, 0xFFAC,
    0xB96A, 0xFFD5,
    0xB96C, 0xFFC9,
    0xB96E, 0xFFBD,
    0xB970, 0xFF9D,
    0xB972, 0xFF77,
    0xB974, 0xFF7B,
    0xB976, 0xFFAF,
    0xB978, 0xFFCF,
    0xB97A, 0xFFF0,
    0xB97C, 0xFFAE,
    0xB97E, 0xFFD2,
    0xB980, 0xFFBC,
    0xB982, 0xFFAF,
    0xB984, 0xFF96,
    0xB986, 0xFF6A,
    0xB988, 0xFF72,
    0xB98A, 0xFF9F,
    0xB98C, 0xFFC8,
    0xB98E, 0xFFA7,
    0xB990, 0xFF70,
    0xB992, 0xFF90,
    0xB994, 0xFF7F,
    0xB996, 0xFF7A,
    0xB998, 0xFF58,
    0xB99A, 0xFF3C,
    0xB99C, 0xFF41,
    0xB99E, 0xFF61,
    0xB9A0, 0xFF7B,
    0xB9A2, 0xFF5E,
    0xB9A4, 0xFF3C,
    0xB9A6, 0xFF41,
    0xB9A8, 0xFF30,
    0xB9AA, 0xFF22,
    0xB9AC, 0xFF08,
    0xB9AE, 0xFEF4,
    0xB9B0, 0xFEF3,
    0xB9B2, 0xFF10,
    0xB9B4, 0xFF19,
    0xB9B6, 0xFF00,
    0xC880, 0x0100,
    0xC888, 0x0333,
    0xC890, 0x007F,
    0xC892, 0x0012,
    0xC896, 0x698F,
    0xC89A, 0x0001,
    0xC89C, 0x0030,
    0xC89E, 0x0004,
    0xC8A0, 0x0000,
    0xC8A2, 0x0000,
    0xC8A4, 0x0000,
    0xC8A6, 0x0000,
    0xC8A8, 0x0000,
    0xC8AA, 0x0000,
    0xC8AC, 0x0000,
    0xC8AE, 0x0000,
    0xC8B0, 0x0000,
    0xC8B2, 0x0000,
    0xC8B4, 0x0000,
    0xC8B6, 0x0000,
    0xC8B8, 0x0000,
    0xC8BA, 0x0000,
    0xC8BC, 0x0000,
    0xC8BE, 0x0000,
    0xC8C0, 0x078C,
    0xC8C2, 0x0800,
    0xC8C4, 0x0800,
    0xC8C6, 0x0800,
    0xC8C8, 0x078C,
    0xC8CA, 0x0800,
    0xC8CC, 0x0800,
    0xC8CE, 0x0800,
    0xC8D0, 0x078C,
    0xC8D2, 0x0800,
    0xC8D4, 0x0800,
    0xC8D6, 0x0800,
    0xC8D8, 0x078C,
    0xC8DA, 0x0800,
    0xC8DC, 0x0800,
    0xC8DE, 0x0800,
    0xC8E0, 0x078C,
    0xC8E2, 0x0800,
    0xC8E4, 0x0800,
    0xC8E6, 0x0800,
    0xC8E8, 0x078C,
    0xC8EA, 0x0800,
    0xC8EC, 0x0800,
    0xC8EE, 0x0800,
    0xC8F0, 0x078C,
    0xC8F2, 0x0800,
    0xC8F4, 0x0800,
    0xC8F6, 0x0800,
    0xC8F8, 0x078C,
    0xC8FA, 0x0800,
    0xC8FC, 0x0800,
    0xC8FE, 0x0800,
    0xC900, 0x078C,
    0xC902, 0x0800,
    0xC904, 0x0800,
    0xC906, 0x0800,
    0xC908, 0x078C,
    0xC90A, 0x0800,
    0xC90C, 0x0800,
    0xC90E, 0x0800,
    0xC910, 0x078C,
    0xC912, 0x0800,
    0xC914, 0x0800,
    0xC916, 0x0800,
    0xC918, 0x078C,
    0xC91A, 0x0800,
    0xC91C, 0x0800,
    0xC91E, 0x0800,
    0xE8A2, 0x0080,
    0xE8A4, 0x0030,
    0xE8A8, 0x0000,
    0xE8AA, 0x6993,
    0xFF64, 0x0002,
    0xFF6A, 0x1000,
    0xFF6C, 0x1000,
    0xFF72, 0x1000,
    0xFF74, 0x1000,
    0xFF7A, 0x1000,
    0xFF7C, 0x1000,
    0xFF82, 0x1000,
    0xFF84, 0x1000,
    0xFF8A, 0x1000,
    0xFF8C, 0x1000,
    0xFF92, 0x1000,
    0xFF94, 0x1000,
    0xFF9A, 0x1000,
    0xFF9C, 0x1000,
    0xFFA2, 0x1000,
    0xFFA4, 0x1000,
    0xFFAA, 0x1000,
    0xFFAC, 0x1000,
    0xFFB2, 0x1000,
    0xFFB4, 0x1000,
    0xFFBA, 0x1000,
    0xFFBC, 0x1000,
    0xFFC2, 0x1000,
    0xFFC4, 0x1000,
    0xFFCA, 0x1000,
    0xFFCC, 0x1000,
    0xFFD2, 0x1000,
    0xFFD4, 0x1000,
    0xFFDA, 0x1000,
    0xFFDC, 0x1000,
    0xFFE2, 0x1000,
    0xFFE4, 0x1000,
    0xFFEA, 0x1000,
    0xFFEC, 0x1000,
    0xFFF2, 0x1000,
    0xFFF4, 0x1000,
    0xFFFA, 0x1000,
    0xFCFC, 0x4000,
    0x6028, 0x2000,
    0x602A, 0xFFFC,
    0x6F12, 0x1000,
    0xFCFC, 0x2001,
    0x0002, 0x1000,
    0x0004, 0x1000,
    0x000A, 0x1000,
    0x000C, 0x1000,
    0x0012, 0x1000,
    0x0014, 0x1000,
    0x001A, 0x1000,
    0x001C, 0x1000,
    0x0022, 0x1000,
    0x0024, 0x1000,
    0x002A, 0x0000,
    0x002C, 0x0000,
    0x0032, 0x0000,
    0x0034, 0x0000,
    0x003A, 0x0000,
    0x003C, 0x0000,
    0x0042, 0x0000,
    0x0044, 0x0000,
    0x004A, 0x0000,
    0x004C, 0x0000,
    0x0052, 0x0000,
    0x0054, 0x0000,
    0x005A, 0x0000,
    0x005C, 0x0000,
    0x0062, 0x0000,
    0x0064, 0x0000,
    0x006A, 0x0000,
    0x006C, 0x0000,
    0x0072, 0x0000,
    0x0074, 0x0000,
    0x007A, 0x0000,
    0x007C, 0x0000,
    0x0082, 0x0000,
    0x0084, 0x0000,
    0x008A, 0x0000,
    0x008C, 0x0000,
    0x0092, 0x0000,
    0x0094, 0x0000,
    0x009A, 0x0000,
    0x009C, 0x0000,
    0x00A2, 0x0000,
    0x00A4, 0x0000,
    0x00AA, 0x0000,
    0x00AC, 0x0000,
    0x00B2, 0x0000,
    0x00B4, 0x0000,
    0x00BA, 0x0000,
    0x00BC, 0x0000,
    0x00C2, 0x0000,
    0x00C4, 0x0000,
    0x00CA, 0x0000,
    0x00CC, 0x0000,
    0x00D2, 0x0000,
    0x00D4, 0x0000,
    0x00DA, 0x0000,
    0x00DC, 0x0000,
    0x00E2, 0x0000,
    0x00E4, 0x0000,
    0x01B4, 0x0600,
    0x01B6, 0x0003,
    0x01BA, 0x0003,
    0x01BE, 0x0003,
    0x01C2, 0x0003,
    0x01D6, 0x0003,
    0x01DA, 0x0003,
    0x01DE, 0x0003,
    0x01E2, 0x0003,
    0x01F6, 0x0003,
    0x01FA, 0x0003,
    0x01FE, 0x0003,
    0x0202, 0x0003,
    0x0216, 0x0003,
    0x021A, 0x0003,
    0x021E, 0x0003,
    0x0222, 0x0003,
    0x0236, 0x0000,
    0x023A, 0x0000,
    0x023E, 0x0000,
    0x0242, 0x0000,
    0x0256, 0x0000,
    0x025A, 0x0000,
    0x025E, 0x0000,
    0x0262, 0x0000,
    0x0276, 0x0000,
    0x027A, 0x0000,
    0x027E, 0x0000,
    0x0282, 0x0000,
    0x0296, 0x0000,
    0x029A, 0x0000,
    0x029E, 0x0000,
    0x02A2, 0x0000,
    0x0336, 0x0003,
    0x0338, 0x0000,
    0x033A, 0xFFFF,
    0x033C, 0x0000,
    0x033E, 0x0003,
    0x0340, 0x0000,
    0x0342, 0xFFFF,
    0x0344, 0x0000,
    0x0346, 0x0000,
    0x0348, 0x0000,
    0x034A, 0x0000,
    0x034C, 0x0000,
    0x034E, 0x0000,
    0x0350, 0x0000,
    0x0352, 0x0000,
    0x0354, 0x0000,
    0x0356, 0xFFFF,
    0x0358, 0x0000,
    0x035A, 0xFFFF,
    0x035C, 0x0000,
    0x035E, 0xFFFF,
    0x0360, 0x0000,
    0x0362, 0xFFFF,
    0x0364, 0x0000,
    0x0366, 0x0000,
    0x0368, 0x0000,
    0x036A, 0x0000,
    0x036C, 0x0000,
    0x036E, 0x0000,
    0x0370, 0x0000,
    0x0372, 0x0000,
    0x0374, 0x0000,
    0x0376, 0x0000,
    0x0378, 0x0000,
    0x037A, 0x0000,
    0x037C, 0x0000,
    0x037E, 0x0000,
    0x0380, 0x0000,
    0x0382, 0x0000,
    0x0384, 0x0000,
    0x0386, 0x0000,
    0x0388, 0x0000,
    0x038A, 0x0000,
    0x038C, 0x0000,
    0x038E, 0x0000,
    0x0390, 0x0000,
    0x0392, 0x0000,
    0x0394, 0x0000,
    0x0396, 0x0000,
    0x0398, 0x0000,
    0x039A, 0x0000,
    0x039C, 0x0000,
    0x039E, 0x0000,
    0x03A0, 0x0000,
    0x03A2, 0x0000,
    0x03A4, 0x0000,
    0x03A6, 0x0000,
    0x03A8, 0x0000,
    0x03AA, 0x0000,
    0x03AC, 0x0000,
    0x03AE, 0x0000,
    0x03B0, 0x0000,
    0x03B2, 0x0000,
    0x03B4, 0x0000,
    0x03B6, 0x0000,
    0x03BA, 0x0000,
    0x03BE, 0x0000,
    0x03C2, 0x0000,
    0x03D6, 0x0000,
    0x03DA, 0x0000,
    0x03DE, 0x0000,
    0x03E2, 0x0000,
    0x03F6, 0x0000,
    0x03FA, 0x0000,
    0x03FE, 0x0000,
    0x0402, 0x0000,
    0x0416, 0x0000,
    0x041A, 0x0000,
    0x041E, 0x0000,
    0x0422, 0x0000,
    0x2270, 0x0204,
    0x25D4, 0x0101,
    0x25FA, 0x2000,
    0x2648, 0x0200,
    0x264A, 0x0400,
    0x264C, 0x0200,
    0x264E, 0x0200,
    0x2660, 0x0202,
    0x2B7E, 0x0200,
    0x2B84, 0x0000,
    0x2BA0, 0x0200,
    0x2BA2, 0x0200,
    0x2BA4, 0x0000,
    0x2BA6, 0x0000,
    0x2BA8, 0x0000,
    0x2BAA, 0x0000,
    0x2BAC, 0x0200,
    0x2BAE, 0x0200,
    0x2BB0, 0x0100,
    0x2BB2, 0x0100,
    0x2BB4, 0x0100,
    0x2BB6, 0x0100,
    0x2BB8, 0x0100,
    0x2BBA, 0x0100,
    0x2BBC, 0x0100,
    0x2BBE, 0x0100,
    0x2BC4, 0x078A,
    0x2BC6, 0x0005,
    0x2BC8, 0x0005,
    0x2BCA, 0xFFFA,
    0x2BCC, 0xFFFA,
    0x2CBE, 0x0101,
    0x2DD6, 0x0101,
    0x2DD8, 0x0602,
    0x2DDC, 0x0204,
    0x2DFE, 0x0105,
    0x2E0E, 0x0000,
    0x2E16, 0x0064,
    0x2E18, 0x0096,
    0x2E1A, 0x0078,
    0x2E1C, 0x0190,
    0x2E1E, 0x0258,
    0x2E20, 0x0320,
    0x3348, 0x0002,
    0x34FE, 0x0400,
    0x350C, 0x000B,
    0x3516, 0x006C,
    0x3518, 0x006C,
    0x351A, 0x0060,
    0x351C, 0x0060,
    0x351E, 0x0090,
    0x3520, 0x0097,
    0x3522, 0x009A,
    0x3524, 0x008A,
    0x3526, 0x008A,
    0x3528, 0x008C,
    0x352A, 0x00A0,
    0x352C, 0x00A8,
    0x352E, 0x00A7,
    0x3530, 0x00A7,
    0x3532, 0x00A5,
    0x3534, 0x00A5,
    0x3536, 0x006C,
    0x3538, 0x006C,
    0x353A, 0x0060,
    0x353C, 0x0060,
    0x353E, 0x0090,
    0x3540, 0x0097,
    0x3542, 0x009A,
    0x3544, 0x008A,
    0x3546, 0x008A,
    0x3548, 0x008C,
    0x354A, 0x00A0,
    0x354C, 0x00A8,
    0x354E, 0x00A7,
    0x3550, 0x00A7,
    0x3552, 0x00A5,
    0x3554, 0x00A5,
    0x3714, 0x0000,
    0x371E, 0x0030,
    0x3720, 0x0035,
    0x3722, 0x0037,
    0x3724, 0x0044,
    0x3726, 0x0047,
    0x3728, 0x0054,
    0x372A, 0x0057,
    0x372C, 0x005B,
    0x372E, 0x005D,
    0x3730, 0x005E,
    0x3732, 0x0060,
    0x3734, 0x0062,
    0x3736, 0x005E,
    0x3738, 0x0064,
    0x373A, 0x0068,
    0x373C, 0x006A,
    0x373E, 0x0030,
    0x3740, 0x0035,
    0x3742, 0x0037,
    0x3744, 0x0044,
    0x3746, 0x0047,
    0x3748, 0x0054,
    0x374A, 0x0057,
    0x374C, 0x005B,
    0x374E, 0x005D,
    0x3750, 0x005E,
    0x3752, 0x0060,
    0x3754, 0x0062,
    0x3756, 0x005E,
    0x3758, 0x0064,
    0x375A, 0x0068,
    0x375C, 0x006A,
    0x391C, 0x0000,
    0x3926, 0x0000,
    0x3928, 0x0000,
    0x392A, 0x0000,
    0x392C, 0x0000,
    0x392E, 0x0000,
    0x3930, 0x0000,
    0x3932, 0x0000,
    0x3946, 0x0000,
    0x3948, 0x0000,
    0x394A, 0x0000,
    0x394C, 0x0000,
    0x394E, 0x0000,
    0x3950, 0x0000,
    0x3952, 0x0000,
    0x3B4C, 0x000F,
    0x4780, 0x0200,
    0x4994, 0x0190,
    0x4996, 0x0190,
    0x4998, 0x0190,
    0x49B8, 0x0258,
    0x49BA, 0x0258,
    0x49BC, 0x0258,
    0x49CA, 0x0190,
    0x49CC, 0x0190,
    0x49CE, 0x0190,
    0x49DC, 0x01F4,
    0x49DE, 0x01F4,
    0x49E0, 0x01F4,
    0x49E6, 0x0004,
    0x49E8, 0x0004,
    0x49EA, 0x0004,
    0x49EC, 0x0004,
    0x49EE, 0x0004,
    0x49F0, 0x0004,
    0x49F2, 0x0004,
    0x49F8, 0x000A,
    0x49FA, 0x000A,
    0x49FC, 0x000A,
    0x49FE, 0x000A,
    0x4A00, 0x000A,
    0x4A02, 0x000A,
    0x4A04, 0x000A,
    0x4A0A, 0x0014,
    0x4A0C, 0x0014,
    0x4A0E, 0x0014,
    0x4A10, 0x0014,
    0x4A12, 0x0014,
    0x4A14, 0x0014,
    0x4A16, 0x0014,
    0x4A1C, 0x001E,
    0x4A1E, 0x001E,
    0x4A20, 0x001E,
    0x4A22, 0x001E,
    0x4A24, 0x001E,
    0x4A26, 0x001E,
    0x4A28, 0x001E,
    0x4A2E, 0x0032,
    0x4A30, 0x0032,
    0x4A32, 0x0032,
    0x4A34, 0x0032,
    0x4A36, 0x0032,
    0x4A38, 0x0032,
    0x4A3A, 0x0032,
    0x4A40, 0x0050,
    0x4A42, 0x0050,
    0x4A44, 0x0050,
    0x4A46, 0x0050,
    0x4A48, 0x0050,
    0x4A4A, 0x0050,
    0x4A4C, 0x0050,
    0x4A64, 0x0006,
    0x4A66, 0x0006,
    0x4A68, 0x0006,
    0x4A6A, 0x0006,
    0x4A6C, 0x0006,
    0x4A6E, 0x0006,
    0x4A70, 0x0006,
    0x4A76, 0x0007,
    0x4A78, 0x0007,
    0x4A7A, 0x0007,
    0x4A7C, 0x0007,
    0x4A7E, 0x0007,
    0x4A80, 0x0007,
    0x4A82, 0x0007,
    0x4A88, 0x001E,
    0x4A8A, 0x001E,
    0x4A8C, 0x001E,
    0x4A8E, 0x001E,
    0x4A90, 0x001E,
    0x4A92, 0x001E,
    0x4A94, 0x001E,
    0x4BA8, 0x003C,
    0x4BAA, 0x0006,
    0x4BAC, 0x0006,
    0x4BAE, 0x0006,
    0x4BB0, 0x0006,
    0x4BB2, 0x0006,
    0x4BB4, 0x0006,
    0x4BCC, 0x0028,
    0x4BCE, 0x0001,
    0x4BD0, 0x0001,
    0x4BD2, 0x0001,
    0x4BD4, 0x0001,
    0x4BD6, 0x0001,
    0x4BD8, 0x0001,
    0x4C02, 0x003C,
    0x4C04, 0x0008,
    0x4C06, 0x0008,
    0x4C08, 0x0008,
    0x4C0A, 0x0008,
    0x4C0C, 0x0008,
    0x4C0E, 0x0008,
    0x4C26, 0x0028,
    0x4C28, 0x0014,
    0x4C2A, 0x0014,
    0x4C2C, 0x0014,
    0x4C2E, 0x0014,
    0x4C30, 0x0014,
    0x4C32, 0x0014,
    0x4C52, 0x044C,
    0x4C54, 0x044C,
    0x4C56, 0x044C,
    0x4CE2, 0x001E,
    0x4CE4, 0x001E,
    0x4CE6, 0x001E,
    0x4DBA, 0x00E6,
    0x4DBC, 0x00E6,
    0x4DBE, 0x00E6,
    0x4DCC, 0x00E6,
    0x4DCE, 0x00E6,
    0x4DD0, 0x00E6,
    0x4DDE, 0x00E6,
    0x4DE0, 0x00E6,
    0x4DE2, 0x00E6,
    0x4E02, 0x0050,
    0x4E04, 0x0050,
    0x4E06, 0x0050,
    0x4F3E, 0x001E,
    0x4F40, 0x001E,
    0x4F42, 0x001E,
    0x4F44, 0x0028,
    0x4F46, 0x0032,
    0x4F48, 0x0032,
    0x4F4A, 0x0032,
    0x4F50, 0x001E,
    0x4F52, 0x001E,
    0x4F54, 0x001E,
    0x4F56, 0x0028,
    0x4F58, 0x0050,
    0x4F5A, 0x0050,
    0x4F5C, 0x0050,
    0x4F62, 0x001E,
    0x4F64, 0x001E,
    0x4F66, 0x001E,
    0x4F68, 0x0028,
    0x4F6A, 0x006E,
    0x4F6C, 0x006E,
    0x4F6E, 0x006E,
    0x4F74, 0x001E,
    0x4F76, 0x001E,
    0x4F78, 0x001E,
    0x4F7A, 0x0028,
    0x4F7C, 0x0082,
    0x4F7E, 0x0082,
    0x4F80, 0x0082,
    0x4F86, 0x0028,
    0x4F88, 0x0028,
    0x4F8A, 0x0028,
    0x4F8C, 0x0032,
    0x4F8E, 0x0082,
    0x4F90, 0x0082,
    0x4F92, 0x0082,
    0x85FA, 0x0000,
    0xFCFC, 0x2002,
    0xDDD6, 0x001F,
    0xDDD8, 0x000C,
    0xDDDA, 0x000C,
    0xDDDC, 0x000C,
    0xDDDE, 0x000C,
    0xDDE0, 0x000C,
    0xDDEC, 0x0000,
    0xDDF6, 0x0100,
    0xDDF8, 0x8000,
    0xDDFA, 0x0216,
    0xDE02, 0x003F,
    0xDE04, 0x0001,
    0xDE06, 0x0F13,
    0xDE08, 0x0F13,
    0xDE0A, 0x000C,
    0xDE0C, 0x000C,
    0xDE0E, 0x0000,
    0xDE16, 0x0003,
    0xDE18, 0x04EF,
    0xDE1C, 0x0001,
    0xDE20, 0x0000,
    0xDE22, 0x0100,
    0xDE24, 0x0000,
    0xDE26, 0x0200,
    0xDE28, 0x0000,
    0xDE2A, 0x0400,
    0xDE2C, 0x0000,
    0xDE2E, 0x0800,
    0xDE30, 0x0000,
    0xDE32, 0x2000,
    0xDE34, 0x0000,
    0xDE36, 0x4000,
    0xDE38, 0x0000,
    0xDE3A, 0x0100,
    0xDE3C, 0x0000,
    0xDE3E, 0x0200,
    0xDE40, 0x0000,
    0xDE42, 0x0400,
    0xDE44, 0x0000,
    0xDE46, 0x0800,
    0xDE48, 0x0000,
    0xDE4A, 0x2000,
    0xDE4C, 0x0000,
    0xDE4E, 0x4000,
    0xDE50, 0x0000,
    0xDE52, 0x0100,
    0xDE54, 0x0000,
    0xDE56, 0x0200,
    0xDE58, 0x0000,
    0xDE5A, 0x0400,
    0xDE5C, 0x0000,
    0xDE5E, 0x0800,
    0xDE60, 0x0000,
    0xDE62, 0x2000,
    0xDE64, 0x0000,
    0xDE66, 0x4000,
    0xDE68, 0x0000,
    0xDE6A, 0x0100,
    0xDE6C, 0x0000,
    0xDE6E, 0x0200,
    0xDE70, 0x0000,
    0xDE72, 0x0400,
    0xDE74, 0x0000,
    0xDE76, 0x0800,
    0xDE78, 0x0000,
    0xDE7A, 0x2000,
    0xDE7C, 0x0000,
    0xDE7E, 0x4000,
    0xDE80, 0x0000,
    0xDE82, 0x0000,
    0xDE84, 0x0000,
    0xDE86, 0x0000,
    0xDE88, 0x0000,
    0xDE8A, 0x0000,
    0xDE8C, 0x0000,
    0xDE8E, 0x0000,
    0xDE90, 0x0000,
    0xDE92, 0x0000,
    0xDE94, 0x0000,
    0xDE96, 0x0000,
    0xDE98, 0x0000,
    0xDE9A, 0x0000,
    0xDE9C, 0x0000,
    0xDE9E, 0x0000,
    0xDEA0, 0x0000,
    0xDEA2, 0x0000,
    0xDEA4, 0x0000,
    0xDEA6, 0x0000,
    0xDEA8, 0x0000,
    0xDEAA, 0x0000,
    0xDEAC, 0x0000,
    0xDEAE, 0x0000,
    0xDEB0, 0x0000,
    0xDEB2, 0x0000,
    0xDEB4, 0x0000,
    0xDEB6, 0x0000,
    0xDEB8, 0x0000,
    0xDEBA, 0x0000,
    0xDEBC, 0x0000,
    0xDEBE, 0x0000,
    0xDEC0, 0x0000,
    0xDEC2, 0x0000,
    0xDEC4, 0x0000,
    0xDEC6, 0x0000,
    0xDEC8, 0x0000,
    0xDECA, 0x0000,
    0xDECC, 0x0000,
    0xDECE, 0x0000,
    0xDED0, 0x0000,
    0xDED2, 0x0000,
    0xDED4, 0x0000,
    0xDED6, 0x0000,
    0xDED8, 0x0000,
    0xDEDA, 0x0000,
    0xDEDC, 0x0000,
    0xDEDE, 0x0000,
    0xDF40, 0x0000,
    0xDF42, 0x01FF,
    0xDF44, 0x0000,
    0xDF46, 0x03FF,
    0xDF48, 0x0000,
    0xDF4A, 0x07FF,
    0xDF4C, 0x0000,
    0xDF4E, 0x1FFF,
    0xDF50, 0x0000,
    0xDF52, 0x3FFF,
    0xDF54, 0x0001,
    0xDF56, 0x0000,
    0xDF58, 0x0000,
    0xDF5A, 0x01FF,
    0xDF5C, 0x0000,
    0xDF5E, 0x03FF,
    0xDF60, 0x0000,
    0xDF62, 0x07FF,
    0xDF64, 0x0000,
    0xDF66, 0x1FFF,
    0xDF68, 0x0000,
    0xDF6A, 0x3FFF,
    0xDF6C, 0x0001,
    0xDF6E, 0x0000,
    0xDF70, 0x0000,
    0xDF72, 0x01FF,
    0xDF74, 0x0000,
    0xDF76, 0x03FF,
    0xDF78, 0x0000,
    0xDF7A, 0x07FF,
    0xDF7C, 0x0000,
    0xDF7E, 0x1FFF,
    0xDF80, 0x0000,
    0xDF82, 0x3FFF,
    0xDF84, 0x0001,
    0xDF86, 0x0000,
    0xDF88, 0x0000,
    0xDF8A, 0x01FF,
    0xDF8C, 0x0000,
    0xDF8E, 0x03FF,
    0xDF90, 0x0000,
    0xDF92, 0x07FF,
    0xDF94, 0x0000,
    0xDF96, 0x1FFF,
    0xDF98, 0x0000,
    0xDF9A, 0x3FFF,
    0xDF9C, 0x0001,
    0xDF9E, 0x0000,
    0xDFA0, 0x0000,
    0xDFA2, 0x0000,
    0xDFA4, 0x0000,
    0xDFA6, 0x0000,
    0xDFA8, 0x0000,
    0xDFAA, 0x0000,
    0xDFAC, 0x0000,
    0xDFAE, 0x0000,
    0xDFB0, 0x0000,
    0xDFB2, 0x0000,
    0xDFB4, 0x0000,
    0xDFB6, 0x0000,
    0xDFB8, 0x0000,
    0xDFBA, 0x0000,
    0xDFBC, 0x0000,
    0xDFBE, 0x0000,
    0xDFC0, 0x0000,
    0xDFC2, 0x0000,
    0xDFC4, 0x0000,
    0xDFC6, 0x0000,
    0xDFC8, 0x0000,
    0xDFCA, 0x0000,
    0xDFCC, 0x0000,
    0xDFCE, 0x0000,
    0xDFD0, 0x0000,
    0xDFD2, 0x0000,
    0xDFD4, 0x0000,
    0xDFD6, 0x0000,
    0xDFD8, 0x0000,
    0xDFDA, 0x0000,
    0xDFDC, 0x0000,
    0xDFDE, 0x0000,
    0xDFE0, 0x0000,
    0xDFE2, 0x0000,
    0xDFE4, 0x0000,
    0xDFE6, 0x0000,
    0xDFE8, 0x0000,
    0xDFEA, 0x0000,
    0xDFEC, 0x0000,
    0xDFEE, 0x0000,
    0xDFF0, 0x0000,
    0xDFF2, 0x0000,
    0xDFF4, 0x0000,
    0xDFF6, 0x0000,
    0xDFF8, 0x0000,
    0xDFFA, 0x0000,
    0xDFFC, 0x0000,
    0xDFFE, 0x0000,
    0xE060, 0x0000,
    0xE06E, 0x2000,
    0xE070, 0x1800,
    0xE072, 0x2020,
    0xE074, 0x1830,
    0xE076, 0xFFFF,
    0xE078, 0xFFFF,
    0xE07A, 0x0000,
    0xFCFC, 0x4000,
    0x0086, 0x2000,
    0x020A, 0x0100,
    0x0228, 0x0100,
    0x0380, 0x0004,
    0x0382, 0x0004,
    0x0384, 0x0004,
    0x0386, 0x0004,
    0x0722, 0x0800,
    0x0900, 0x3244,
    0x0B02, 0x0202,
    0x0B04, 0x0001,
    0x0B06, 0x0101,
    0x0B08, 0x0100,
    0x0B0A, 0x0101,
    0x0B0C, 0x0100,
    0x0BCC, 0x0100,
    0x0BE2, 0x0000,
    0x0274, 0x302B,
    0x0E00, 0x0003,
    /*OIS_EN_DISABLE*/
    0xFCFC, 0x4000,
    0x0A70, 0x0001,
    0xFCFC, 0x2000,
    0x101F, 0x0100,
    0xFCFC, 0x2001,
    0x2F38, 0x0001,
    0x2F3A, 0x0000,
    0x2F3C, 0x0001,
    0x2F3E, 0x0000,
    0x2F40, 0x0000,
    0x2F42, 0x0000,
    0x2F46, 0x0000,
    0x2F48, 0x0000,
    0xFCFC, 0x4000,
};

/*15_4096x3072_30fps_2976Msps FCM*/
static u16 cjtele_custom13_setting[] = {
    0xFCFC, 0x2000,
    0x0F8C, 0x0000,
    0x46F2, 0x0000,
    0x472C, 0x0000,
    0x472E, 0x0000,
    0x4760, 0x0200,
    0xFCFC, 0x4000,
    0x0114, 0x0201,
    0x0118, 0x0004,
    0x011C, 0x0101,
    0x0136, 0x1800,
    0x013E, 0x0000,
    0x0202, 0x0200,
    0x0204, 0x0020,
    0x0226, 0x0200,
    0x022C, 0x0200,
    0x0260, 0x0101,
    0x0262, 0x0200,
    0x0264, 0x0306,
    0x0270, 0x2B2B,
    0x0272, 0x2B10,
    0x0304, 0x0003,
    0x0306, 0x00F0,
    0x030C, 0x0000,
    0x030E, 0x0003,
    0x0310, 0x00BA,
    0x0312, 0x0000,
    0x031A, 0x0003,
    0x031C, 0x0028,
    0x031E, 0x0002,
    0x0340, 0x190A,
    0x081C, 0x0015,
    0x0BCA, 0x0101,
    0xFCFC, 0x2003,
    0x0C8A, 0x0000,
    0x0C8E, 0xFFFF,
    0x0C92, 0x0702,
    0x0CE2, 0x0180,
    0x0CE4, 0x0200,
    0x0CE6, 0x0300,
    0x0CE8, 0x0400,
    0x0CEA, 0x1B1D,
    0x0CEC, 0x1F21,
    0x0CEE, 0x2224,
    0x0CF0, 0x2526,
    0x0CF2, 0x2728,
    0x0CF4, 0x292A,
    0x0CF6, 0x2B2B,
    0x0CF8, 0x2C2D,
    0x0CFA, 0x2D2F,
    0x0CFC, 0x3132,
    0x0CFE, 0x3334,
    0x0D00, 0x3536,
    0x0D02, 0x3638,
    0x0D04, 0x3A3A,
    0x0D06, 0x3B3D,
    0x0D08, 0x3D3E,
    0x0D0A, 0x3E2C,
    0x0C96, 0x0000,
    0x0CA2, 0x0200,
    0x0CA6, 0x0010,
    0x0CAA, 0x0010,
    0x0CAE, 0x0000,
    0x0CB2, 0x0200,
    0x0CB6, 0x0000,
    0x0D14, 0x013F,
    0x0D16, 0x017F,
    0x0D18, 0x01BF,
    0x0D1A, 0x01FF,
    0x0D1C, 0x02FF,
    0x0D1E, 0x03FF,
    0x0D20, 0x04FF,
    0x0D22, 0x05FF,
    0x0D24, 0x06FF,
    0x0D26, 0x07FF,
    0x0D28, 0x0BFF,
    0x0D2A, 0x0FFF,
    0x0D2C, 0x17FF,
    0x0D2E, 0x1FFF,
    0x0D30, 0x2FFF,
    0x0CC2, 0x0A0A,
    0x0CC6, 0x0000,
    0x0D3A, 0x2700,
    0x0D3C, 0x1000,
    0x0D3E, 0x0C20,
    0x0D40, 0x303E,
    0x0D42, 0x245E,
    0x0D44, 0x1000,
    0x0D46, 0x0C00,
    0x0D48, 0x0010,
    0x0D4A, 0x0010,
    0x0CCA, 0x0001,
    0x0CCE, 0x0000,
    0x0CD2, 0x0400,
    0x0CD6, 0x0180,
    0xFCFC, 0x4000,
    0x0B32, 0x0000,
    0x0B30, 0x010A,
    0x0274, 0x302B,
    0x0E00, 0x0003,
    /*OIS_EN_DISABLE*/
    0xFCFC, 0x4000,
    0x0A70, 0x0001,
    0xFCFC, 0x2000,
    0x101F, 0x0100,
    0xFCFC, 0x2001,
    0x2F38, 0x0001,
    0x2F3A, 0x0000,
    0x2F3C, 0x0001,
    0x2F3E, 0x0000,
    0x2F40, 0x0000,
    0x2F42, 0x0000,
    0x2F46, 0x0000,
    0x2F48, 0x0000,
    0xFCFC, 0x4000,
};

/*17_4096x2560_30.01fps_2976Msps 8Sum2Avg_iDCG1:4_HCGPD*/
static u16 cjtele_custom14_setting[] = {
    0xFCFC, 0x4000,
    0x0B30, 0x01FF,
    0xFCFC, 0x2000,
    0x0F8C, 0x0000,
    0x1004, 0x0000,
    0x46F2, 0x0000,
    0x4718, 0x003A,
    0x472C, 0x0000,
    0x472E, 0x0000,
    0x4760, 0x0200,
    0x8F40, 0x0706,
    0xA76E, 0x0180,
    0xA770, 0x0200,
    0xA772, 0x0300,
    0xA774, 0x0400,
    0xA776, 0x1E20,
    0xA778, 0x2223,
    0xA77A, 0x2526,
    0xA77C, 0x2728,
    0xA77E, 0x292A,
    0xA780, 0x2B2C,
    0xA782, 0x2C2D,
    0xA784, 0x2E2E,
    0xA786, 0x2F31,
    0xA788, 0x3233,
    0xA78A, 0x3435,
    0xA78C, 0x3637,
    0xA78E, 0x3739,
    0xA790, 0x3A3B,
    0xA792, 0x3B3D,
    0xA794, 0x3E3E,
    0xA796, 0x3F2C,
    0xB8C4, 0x0000,
    0xFCFC, 0x2001,
    0x10F0, 0x0200,
    0x2C02, 0x0010,
    0x2C04, 0x0008,
    0x2C06, 0x0000,
    0x2C90, 0x0201,
    0x2DD0, 0x0000,
    0x34BC, 0x013F,
    0x34BE, 0x017F,
    0x34C0, 0x01BF,
    0x34C2, 0x01FF,
    0x34C4, 0x023F,
    0x34C6, 0x027F,
    0x34C8, 0x02BF,
    0x34CA, 0x02FF,
    0x34CC, 0x033F,
    0x34CE, 0x037F,
    0x34D0, 0x03BF,
    0x34D2, 0x03FF,
    0x34D4, 0x05FF,
    0x34D6, 0x07FF,
    0x34D8, 0x0BFF,
    0xFCFC, 0x4000,
    0x0112, 0x0A0A,
    0x0114, 0x0201,
    0x0118, 0x0004,
    0x011C, 0x0101,
    0x0136, 0x1800,
    0x013E, 0x0000,
    0x0202, 0x0200,
    0x0204, 0x0020,
    0x021E, 0x0500,
    0x0226, 0x0200,
    0x022C, 0x0200,
    0x0260, 0x0102,
    0x0262, 0x0200,
    0x0264, 0x0306,
    0x0270, 0x2B2B,
    0x0272, 0x2B10,
    0x0304, 0x0003,
    0x0306, 0x00F0,
    0x030C, 0x0000,
    0x030E, 0x0003,
    0x0310, 0x00BA,
    0x0312, 0x0000,
    0x031A, 0x0003,
    0x031C, 0x0028,
    0x031E, 0x0002,
    0x0340, 0x0C44,
    0x0342, 0x4F98,
    0x0344, 0x0000,
    0x0346, 0x0420,
    0x0348, 0x403C,
    0x034A, 0x2C5C,
    0x034C, 0x1000,
    0x034E, 0x0A00,
    0x0350, 0x0008,
    0x0352, 0x0008,
    0x0720, 0x0001,
    0x0724, 0x0000,
    0x072C, 0x0800,
    0x072E, 0x0280,
    0x081C, 0x0015,
    0x0BCA, 0x0101,
    0xFCFC, 0x2000,
    0x0E90, 0x8003,
    0x0E92, 0x8003,
    0x0E94, 0x0803,
    0x0E96, 0x0803,
    0x0F64, 0x0040,
    0x34BA, 0x0001,
    0x34BC, 0x0104,
    0x3512, 0xFA36,
    0x3514, 0xFB0E,
    0x3552, 0x0000,
    0x3554, 0x0000,
    0x3E14, 0x0101,
    0x3E16, 0x0100,
    0x3E1E, 0x007F,
    0x3E20, 0x007F,
    0x3E22, 0x01FF,
    0x3E24, 0x003F,
    0x3E30, 0x0080,
    0x3E32, 0x0080,
    0x3E34, 0x0200,
    0x3E36, 0x0040,
    0x4114, 0x0000,
    0x4116, 0x0040,
    0x4118, 0x4000,
    0x411A, 0xFA28,
    0x411C, 0xA8B1,
    0x411E, 0xA0B1,
    0x4120, 0x4000,
    0x4122, 0xFA2C,
    0x4124, 0x0003,
    0x4126, 0x0003,
    0x4128, 0x4000,
    0x412A, 0xFC1E,
    0x41B4, 0x001C,
    0x41B6, 0x0010,
    0x41B8, 0x4000,
    0x41BA, 0xFAB2,
    0x41BC, 0x001C,
    0x41BE, 0x0010,
    0x41C0, 0x4000,
    0x41C2, 0xFAB4,
    0x4254, 0x0FFF,
    0x4256, 0x0FFF,
    0x4258, 0x4000,
    0x425A, 0xFA12,
    0x42F4, 0x01D5,
    0x42F6, 0x01F9,
    0x42F8, 0x4000,
    0x42FA, 0xF470,
    0x42FC, 0x01D5,
    0x42FE, 0x01F9,
    0x4300, 0x4000,
    0x4302, 0xF478,
    0x46F0, 0x0101,
    0x47C2, 0x0101,
    0x485A, 0x0103,
    0x487C, 0x0004,
    0x4882, 0x0004,
    0x489A, 0x0004,
    0x48A0, 0x0004,
    0x48B8, 0x0012,
    0x48BE, 0x0014,
    0x48D6, 0x0014,
    0x48DC, 0x000C,
    0x48F4, 0x0012,
    0x48FA, 0x0014,
    0x4918, 0x0100,
    0x491A, 0x0000,
    0x49D0, 0x0002,
    0x49D4, 0x3A35,
    0x49DA, 0x353A,
    0x49E6, 0x353A,
    0x49EC, 0x3A35,
    0x49F8, 0x8080,
    0x4A58, 0x0030,
    0x4A5A, 0xFFF1,
    0x4A5C, 0x0030,
    0x4A5E, 0x00C8,
    0x4A60, 0x0001,
    0x4A62, 0x0001,
    0x4A64, 0xFFF4,
    0x4A66, 0x001B,
    0x4A68, 0x0007,
    0x4A6A, 0x0019,
    0x4A6C, 0x0018,
    0x4A6E, 0x0006,
    0x4A70, 0x0006,
    0x4A72, 0x0005,
    0x4A90, 0xFFF9,
    0x4A92, 0xFFFA,
    0x4A94, 0xFFFC,
    0x4A96, 0x0005,
    0x4A98, 0x0010,
    0x4A9A, 0x0010,
    0x4A9C, 0x0008,
    0x4A9E, 0x0048,
    0x4AA0, 0x0020,
    0x4AA2, 0x0048,
    0x4AA4, 0x000E,
    0x4AA6, 0x0007,
    0x4AA8, 0x0007,
    0x4AAA, 0x0006,
    0x4AAC, 0xFFF3,
    0x4AB0, 0xFFFC,
    0x4AB8, 0x001E,
    0x4ABA, 0x0048,
    0x4ABE, 0x0048,
    0x4AC0, 0x000E,
    0x4AC2, 0x001E,
    0x4AC4, 0x002E,
    0x4AC6, 0x000E,
    0x4AD4, 0x0014,
    0x4AE2, 0x001A,
    0x4AE4, 0x0021,
    0x4AE6, 0x0010,
    0x4AE8, 0x0016,
    0x4AEA, 0x0010,
    0x4AEC, 0x0010,
    0x4AEE, 0x0010,
    0x4AF0, 0x0030,
    0x4AF2, 0x001A,
    0x4AF4, 0x0008,
    0x4AF6, 0x0018,
    0x4AF8, 0x0004,
    0x4AFA, 0x0008,
    0x4AFC, 0x0008,
    0x4AFE, 0x0004,
    0x4B54, 0x0021,
    0x4B56, 0x0010,
    0x4B58, 0x0016,
    0x4B5A, 0x0010,
    0x4B5C, 0x0010,
    0x4B5E, 0x0010,
    0x4B60, 0x0030,
    0x4B62, 0x001A,
    0x4B64, 0x0008,
    0x4B66, 0x0018,
    0x4B68, 0x0004,
    0x4B6A, 0x0008,
    0x4B6C, 0x0008,
    0x4B6E, 0x0004,
    0x4BC4, 0x0021,
    0x4BC6, 0x0010,
    0x4BC8, 0x0016,
    0x4BCA, 0x0010,
    0x4BCC, 0x0010,
    0x4BCE, 0x0010,
    0x4BD0, 0x01D5,
    0x4BD2, 0x001A,
    0x4BD4, 0x0008,
    0x4BD6, 0x0018,
    0x4BD8, 0x0004,
    0x4BDA, 0x0008,
    0x4BDC, 0x0008,
    0x4BDE, 0x0215,
    0x4BE0, 0x0008,
    0x4BE2, 0x0003,
    0x4BE4, 0x0005,
    0x4BE6, 0x0008,
    0x4BE8, 0x0003,
    0x4BEA, 0x0003,
    0x4BEC, 0x001F,
    0x4BEE, 0x0060,
    0x4BF0, 0x004B,
    0x4BF2, 0x0060,
    0x4BF4, 0x0060,
    0x4BF6, 0x0060,
    0x4BF8, 0x0060,
    0x4BFA, 0x004B,
    0x4C08, 0x004B,
    0x4C16, 0x004B,
    0x4C40, 0x0004,
    0x4C42, 0x0000,
    0x4C44, 0x0001,
    0x4C46, 0x0000,
    0x4C48, 0x0014,
    0x4C4A, 0x0014,
    0x4C4C, 0x0014,
    0x4C4E, 0x0006,
    0x4C5C, 0x0004,
    0x4C6C, 0x0004,
    0x4C6E, 0x0001,
    0x4C70, 0x0004,
    0x4C72, 0x0007,
    0x4C74, 0x0004,
    0x4C76, 0x0004,
    0x4C78, 0x0004,
    0x4C7A, 0x0001,
    0x4C7C, 0xFFD0,
    0x4C7E, 0x0001,
    0x4C80, 0xFFDE,
    0x4C82, 0xFFCE,
    0x4C84, 0xFFCE,
    0x4C86, 0xFFFA,
    0x4C88, 0x0000,
    0x4C8A, 0x0000,
    0x4C8C, 0x0000,
    0x4C8E, 0x0006,
    0x4C90, 0x0006,
    0x4C92, 0x0006,
    0x4C94, 0x0006,
    0x4C96, 0x0000,
    0x4C98, 0xFFE0,
    0x4C9A, 0x0000,
    0x4C9C, 0xFFFD,
    0x4C9E, 0xFFFF,
    0x4CA0, 0xFFFF,
    0x4CA2, 0xFFF6,
    0x4CAA, 0x0006,
    0x4CB0, 0x000C,
    0x4CB2, 0x0000,
    0x4CB6, 0x0000,
    0x4CB8, 0x0006,
    0x4CBA, 0xFFCA,
    0x4CBC, 0xFFBA,
    0x4CBE, 0x0002,
    0x4CCC, 0x0012,
    0x4CDA, 0x0006,
    0x4CDC, 0x0002,
    0x4CDE, 0x0001,
    0x4CE0, 0x0002,
    0x4CE2, 0x0004,
    0x4CE4, 0x0001,
    0x4CE6, 0x0001,
    0x4CE8, 0x0001,
    0x4CEA, 0x000A,
    0x4CEC, 0x0040,
    0x4CEE, 0x000A,
    0x4CF0, 0x0040,
    0x4CF2, 0x0040,
    0x4CF4, 0x0040,
    0x4CF6, 0x00A2,
    0x4CF8, 0x0002,
    0x4CFA, 0x0001,
    0x4CFC, 0x0002,
    0x4CFE, 0x0004,
    0x4D00, 0x0001,
    0x4D02, 0x0001,
    0x4D04, 0x0001,
    0x4D06, 0x000A,
    0x4D08, 0x0040,
    0x4D0A, 0x000A,
    0x4D0C, 0x0040,
    0x4D0E, 0x0040,
    0x4D10, 0x0040,
    0x4D12, 0x00C2,
    0x4D14, 0x0002,
    0x4D16, 0x0001,
    0x4D18, 0x0002,
    0x4D1A, 0x0004,
    0x4D1C, 0x0001,
    0x4D1E, 0x0001,
    0x4D20, 0x0051,
    0x4D22, 0x000A,
    0x4D24, 0x0040,
    0x4D26, 0x000A,
    0x4D28, 0x0040,
    0x4D2A, 0x0040,
    0x4D2C, 0x0040,
    0x4D2E, 0xFDE7,
    0x4D74, 0x000F,
    0x4D82, 0x001B,
    0x4DF4, 0x0000,
    0x4DF6, 0x0305,
    0x4DF8, 0x0000,
    0x4DFA, 0x0004,
    0x4DFC, 0x0004,
    0x4DFE, 0x0000,
    0x4E00, 0x041F,
    0x4E04, 0x0053,
    0x4E06, 0x0053,
    0x4E08, 0x0053,
    0x4E0A, 0x0053,
    0x4E0C, 0x0053,
    0x4E0E, 0x004B,
    0x4E2C, 0x000F,
    0x4E2E, 0x012F,
    0x4E30, 0x000F,
    0x4E32, 0x01E8,
    0x4E34, 0x0351,
    0x4E36, 0x064F,
    0x4E38, 0x03BD,
    0x4E3C, 0x004B,
    0x4E3E, 0x0030,
    0x4E40, 0x0060,
    0x4E42, 0x0060,
    0x4E44, 0x0060,
    0x4E46, 0x004B,
    0x4E48, 0x000F,
    0x4E4A, 0x012F,
    0x4E4C, 0x000F,
    0x4E4E, 0x01E8,
    0x4E50, 0x0351,
    0x4E52, 0x064F,
    0x4E54, 0x03BD,
    0x4E58, 0x004B,
    0x4E5A, 0x0030,
    0x4E5C, 0x0060,
    0x4E5E, 0x0060,
    0x4E60, 0x0060,
    0x4E62, 0x004B,
    0x4E9A, 0x0005,
    0x4EB6, 0x0038,
    0x4EE0, 0x002C,
    0x4EFC, 0x000C,
    0x4F1A, 0x0002,
    0x4F1C, 0x001A,
    0x4F1E, 0x0002,
    0x4F20, 0x0001,
    0x4F22, 0x0064,
    0x4F24, 0x0064,
    0x4F26, 0x0064,
    0x4F28, 0x008A,
    0x4F2A, 0x0054,
    0x4F2C, 0x008A,
    0x4F2E, 0x0342,
    0x4F30, 0x0080,
    0x4F32, 0x0080,
    0x4F34, 0x0080,
    0x4F36, 0x0088,
    0x4F38, 0x0052,
    0x4F3A, 0x0088,
    0x4F3C, 0x0340,
    0x4F3E, 0x007E,
    0x4F40, 0x007E,
    0x4F42, 0x007E,
    0x4F52, 0x0004,
    0x4F60, 0x000A,
    0x4F6E, 0x0004,
    0x4F70, 0x0008,
    0x4F72, 0x0004,
    0x4F74, 0x0008,
    0x4F76, 0x0008,
    0x4F78, 0x0008,
    0x4F7A, 0x0004,
    0x4F7C, 0x000A,
    0x4F7E, 0x0008,
    0x4F80, 0x000A,
    0x4F82, 0x0008,
    0x4F84, 0x0008,
    0x4F86, 0x0008,
    0x4F88, 0x0006,
    0x50BE, 0x001B,
    0x50C0, 0x0024,
    0x50C2, 0x0010,
    0x50C4, 0x00F0,
    0x50C6, 0x0019,
    0x50C8, 0x0019,
    0x50CA, 0x0032,
    0x50CC, 0x0021,
    0x50CE, 0x0005,
    0x50D0, 0x0016,
    0x50D2, 0x00F6,
    0x50D4, 0x0008,
    0x50D6, 0x0008,
    0x50D8, 0x0036,
    0x50E0, 0x0104,
    0x50E6, 0x0016,
    0x50E8, 0x000F,
    0x50EC, 0x000F,
    0x50EE, 0x0008,
    0x50F0, 0x0008,
    0x50F2, 0x0008,
    0x50F4, 0x0005,
    0x5118, 0x0005,
    0x5126, 0x000F,
    0x51FE, 0x000F,
    0x520C, 0x001B,
    0x5214, 0x0007,
    0x521A, 0x0005,
    0x527E, 0x0003,
    0x528C, 0x0010,
    0x528E, 0x0016,
    0x5290, 0x0015,
    0x5292, 0x0016,
    0x5294, 0x0016,
    0x5296, 0x0016,
    0x5298, 0x0017,
    0x529E, 0x002D,
    0x52A0, 0x0029,
    0x52A2, 0x0027,
    0x52A4, 0x0027,
    0x52A6, 0x0033,
    0x52B6, 0x0032,
    0x52B8, 0x0035,
    0x52BA, 0x0037,
    0x52BC, 0x0036,
    0x52BE, 0x0036,
    0x52C0, 0x0036,
    0x52C2, 0x0035,
    0x5500, 0x0008,
    0x5554, 0x0008,
    0x578A, 0x001F,
    0x578C, 0x000A,
    0x578E, 0x0004,
    0x5790, 0x0004,
    0x5792, 0x0000,
    0x57CC, 0x005E,
    0x57CE, 0x003E,
    0x57D0, 0x0031,
    0x57D2, 0x0154,
    0x57D4, 0x0100,
    0x57D6, 0x0100,
    0x57D8, 0x005A,
    0x57E6, 0x01B4,
    0x57E8, 0x0089,
    0x57EC, 0x0088,
    0x57EE, 0x0078,
    0x57F0, 0x0088,
    0x57F2, 0x0088,
    0x57F4, 0x007B,
    0x5804, 0x0089,
    0x5806, 0x00A9,
    0x5808, 0x0088,
    0x580A, 0x01E4,
    0x580C, 0x0158,
    0x580E, 0x0158,
    0x5810, 0x012E,
    0x581A, 0x00F0,
    0x581C, 0x00E0,
    0x581E, 0x00D7,
    0x629E, 0x81A7,
    0x62AC, 0x81B9,
    0x65AE, 0x81A7,
    0x65BC, 0x81A9,
    0x65F6, 0x0000,
    0x65FA, 0x0000,
    0x65FC, 0x8000,
    0x65FE, 0x8000,
    0x6600, 0x8000,
    0x6604, 0x0000,
    0x6608, 0x0000,
    0x660A, 0x8000,
    0x660C, 0x8000,
    0x660E, 0x8000,
    0x8F42, 0x0000,
    0x8F72, 0x0100,
    0x8F7E, 0x0017,
    0x8F80, 0x170B,
    0x8F82, 0x0B0B,
    0x8F84, 0x0B15,
    0x8F8C, 0x0004,
    0x8F8E, 0x040B,
    0x8F90, 0x0B0B,
    0x8F92, 0x0B15,
    0x8F9A, 0x0001,
    0x8F9C, 0x0101,
    0x8F9E, 0x0101,
    0x8FA0, 0x0105,
    0x8FA8, 0x0001,
    0x8FAA, 0x0101,
    0x8FAC, 0x0101,
    0x8FAE, 0x0100,
    0x8FB6, 0x0090,
    0x8FB8, 0x0B0B,
    0x8FBA, 0x0B0B,
    0x8FBC, 0x0B05,
    0x8FC4, 0x0090,
    0x8FC6, 0x9090,
    0x8FC8, 0x9090,
    0x8FCA, 0x9003,
    0x8FD0, 0x0087,
    0x8FD2, 0x1882,
    0x8FD4, 0xFFDF,
    0x8FD6, 0xF105,
    0x8FD8, 0x30AF,
    0x8FDA, 0x00FF,
    0x8FDC, 0x03FF,
    0x8FDE, 0x1981,
    0x8FE0, 0x0FFF,
    0x8FE2, 0x0249,
    0x8FE4, 0x0249,
    0x8FE6, 0x0000,
    0x8FE8, 0x0449,
    0x8FEA, 0x0790,
    0x8FF6, 0x0D0D,
    0x8FF8, 0x0D0D,
    0x8FFA, 0x0D0D,
    0x8FFC, 0x060D,
    0x8FFE, 0x0D0D,
    0x9000, 0x0D0D,
    0x9002, 0x0D06,
    0x9066, 0x80F5,
    0x9996, 0xA6FD,
    0x9998, 0x472C,
    0x999A, 0xA8B1,
    0x999C, 0x0000,
    0x999E, 0x0040,
    0x9D50, 0x013F,
    0x9D54, 0x0000,
    0x9D56, 0x01FF,
    0x9D58, 0xFFFF,
    0x9DD4, 0x4000,
    0x9DD6, 0xFA9E,
    0x9DD8, 0x4000,
    0x9DDA, 0xFAA0,
    0x9DE4, 0x0612,
    0x9DE6, 0x0612,
    0x9E60, 0x0612,
    0x9E62, 0x0612,
    0x9E64, 0x0612,
    0x9EDE, 0x0612,
    0xA0A8, 0x0001,
    0xA0EE, 0x0100,
    0xA15C, 0x0001,
    0xA1C4, 0xB076,
    0xA1D2, 0x81F8,
    0xA4FE, 0x0022,
    0xA50C, 0x0003,
    0xA512, 0x0000,
    0xA514, 0x0000,
    0xA516, 0x0000,
    0xA51E, 0x0570,
    0xA520, 0x001E,
    0xA522, 0x001E,
    0xA52E, 0x0000,
    0xA530, 0x0000,
    0xA53C, 0x0006,
    0xA53E, 0x0000,
    0xA540, 0x0000,
    0xA542, 0x0000,
    0xA54A, 0x0005,
    0xA54C, 0x0001,
    0xA54E, 0x0001,
    0xA550, 0x0001,
    0xA558, 0x0055,
    0xA55A, 0x0001,
    0xA55C, 0x0000,
    0xA55E, 0x0000,
    0xA560, 0x0000,
    0xA562, 0x0000,
    0xA734, 0x0000,
    0xA736, 0x0022,
    0xA738, 0x0024,
    0xA73A, 0x0026,
    0xA73C, 0x0028,
    0xA73E, 0x002A,
    0xA740, 0x002C,
    0xA742, 0x002E,
    0xA744, 0x0030,
    0xA746, 0x0032,
    0xA748, 0x0034,
    0xA74A, 0x0036,
    0xA74C, 0x0038,
    0xA74E, 0x003A,
    0xA750, 0x003C,
    0xA752, 0x003E,
    0xA754, 0x0040,
    0xA756, 0x0048,
    0xA758, 0x0050,
    0xA75A, 0x0058,
    0xA75C, 0x0060,
    0xA75E, 0x0068,
    0xA760, 0x0070,
    0xA762, 0x0078,
    0xA764, 0x0080,
    0xA766, 0x00A0,
    0xA768, 0x00C0,
    0xA76A, 0x00E0,
    0xA76C, 0x0100,
    0xA9E0, 0x8822,
    0xAA00, 0x0000,
    0xB252, 0x0202,
    0xB254, 0x0200,
    0xB264, 0x0001,
    0xB390, 0x0202,
    0xB39C, 0x1000,
    0xB3DC, 0x0600,
    0xB3DE, 0x0000,
    0xB3EE, 0x0600,
    0xB3F0, 0x0101,
    0xB57A, 0x0008,
    0xB57C, 0x0008,
    0xB8C0, 0x000A,
    0xB8C2, 0x000A,
    0xB8C6, 0x0B08,
    0xB8CC, 0x0A0A,
    0xB8EC, 0x23DE,
    0xB8EE, 0x2FC3,
    0xB8F0, 0x0086,
    0xB8F2, 0x0082,
    0xB8F4, 0x00AB,
    0xB8F6, 0x00A1,
    0xB8F8, 0x00D7,
    0xB8FA, 0x00AF,
    0xB8FC, 0x00CC,
    0xB8FE, 0x011D,
    0xB900, 0x016C,
    0xB902, 0x0183,
    0xB904, 0x005E,
    0xB906, 0x004F,
    0xB908, 0x007D,
    0xB90A, 0x0079,
    0xB90C, 0x0094,
    0xB90E, 0x0055,
    0xB910, 0x0088,
    0xB912, 0x00D7,
    0xB914, 0x0122,
    0xB916, 0x0157,
    0xB918, 0x0089,
    0xB91A, 0x0083,
    0xB91C, 0x0099,
    0xB91E, 0x0076,
    0xB920, 0x0075,
    0xB922, 0x003F,
    0xB924, 0x005A,
    0xB926, 0x009C,
    0xB928, 0x00C9,
    0xB92A, 0x0104,
    0xB92C, 0x0057,
    0xB92E, 0x0068,
    0xB930, 0x006D,
    0xB932, 0x004D,
    0xB934, 0x0030,
    0xB936, 0xFFF8,
    0xB938, 0x0014,
    0xB93A, 0x004E,
    0xB93C, 0x007F,
    0xB93E, 0x00AE,
    0xB940, 0xFFDF,
    0xB942, 0xFFFC,
    0xB944, 0x0009,
    0xB946, 0x0000,
    0xB948, 0xFFE4,
    0xB94A, 0xFFA4,
    0xB94C, 0xFFAA,
    0xB94E, 0xFFED,
    0xB950, 0x0021,
    0xB952, 0x0042,
    0xB954, 0xFFBF,
    0xB956, 0x0007,
    0xB958, 0x0005,
    0xB95A, 0xFFE9,
    0xB95C, 0xFFC8,
    0xB95E, 0xFF93,
    0xB960, 0xFF97,
    0xB962, 0xFFD0,
    0xB964, 0xFFF5,
    0xB966, 0x0023,
    0xB968, 0xFFAC,
    0xB96A, 0xFFD5,
    0xB96C, 0xFFC9,
    0xB96E, 0xFFBD,
    0xB970, 0xFF9D,
    0xB972, 0xFF77,
    0xB974, 0xFF7B,
    0xB976, 0xFFAF,
    0xB978, 0xFFCF,
    0xB97A, 0xFFF0,
    0xB97C, 0xFFAE,
    0xB97E, 0xFFD2,
    0xB980, 0xFFBC,
    0xB982, 0xFFAF,
    0xB984, 0xFF96,
    0xB986, 0xFF6A,
    0xB988, 0xFF72,
    0xB98A, 0xFF9F,
    0xB98C, 0xFFC8,
    0xB98E, 0xFFA7,
    0xB990, 0xFF70,
    0xB992, 0xFF90,
    0xB994, 0xFF7F,
    0xB996, 0xFF7A,
    0xB998, 0xFF58,
    0xB99A, 0xFF3C,
    0xB99C, 0xFF41,
    0xB99E, 0xFF61,
    0xB9A0, 0xFF7B,
    0xB9A2, 0xFF5E,
    0xB9A4, 0xFF3C,
    0xB9A6, 0xFF41,
    0xB9A8, 0xFF30,
    0xB9AA, 0xFF22,
    0xB9AC, 0xFF08,
    0xB9AE, 0xFEF4,
    0xB9B0, 0xFEF3,
    0xB9B2, 0xFF10,
    0xB9B4, 0xFF19,
    0xB9B6, 0xFF00,
    0xC880, 0x0100,
    0xC888, 0x0333,
    0xC890, 0x007F,
    0xC892, 0x0012,
    0xC896, 0x698F,
    0xC89A, 0x0001,
    0xC89C, 0x0030,
    0xC89E, 0x0004,
    0xC8A0, 0x0000,
    0xC8A2, 0x0000,
    0xC8A4, 0x0000,
    0xC8A6, 0x0000,
    0xC8A8, 0x0000,
    0xC8AA, 0x0000,
    0xC8AC, 0x0000,
    0xC8AE, 0x0000,
    0xC8B0, 0x0000,
    0xC8B2, 0x0000,
    0xC8B4, 0x0000,
    0xC8B6, 0x0000,
    0xC8B8, 0x0000,
    0xC8BA, 0x0000,
    0xC8BC, 0x0000,
    0xC8BE, 0x0000,
    0xC8C0, 0x078C,
    0xC8C2, 0x0800,
    0xC8C4, 0x0800,
    0xC8C6, 0x0800,
    0xC8C8, 0x078C,
    0xC8CA, 0x0800,
    0xC8CC, 0x0800,
    0xC8CE, 0x0800,
    0xC8D0, 0x078C,
    0xC8D2, 0x0800,
    0xC8D4, 0x0800,
    0xC8D6, 0x0800,
    0xC8D8, 0x078C,
    0xC8DA, 0x0800,
    0xC8DC, 0x0800,
    0xC8DE, 0x0800,
    0xC8E0, 0x078C,
    0xC8E2, 0x0800,
    0xC8E4, 0x0800,
    0xC8E6, 0x0800,
    0xC8E8, 0x078C,
    0xC8EA, 0x0800,
    0xC8EC, 0x0800,
    0xC8EE, 0x0800,
    0xC8F0, 0x078C,
    0xC8F2, 0x0800,
    0xC8F4, 0x0800,
    0xC8F6, 0x0800,
    0xC8F8, 0x078C,
    0xC8FA, 0x0800,
    0xC8FC, 0x0800,
    0xC8FE, 0x0800,
    0xC900, 0x078C,
    0xC902, 0x0800,
    0xC904, 0x0800,
    0xC906, 0x0800,
    0xC908, 0x078C,
    0xC90A, 0x0800,
    0xC90C, 0x0800,
    0xC90E, 0x0800,
    0xC910, 0x078C,
    0xC912, 0x0800,
    0xC914, 0x0800,
    0xC916, 0x0800,
    0xC918, 0x078C,
    0xC91A, 0x0800,
    0xC91C, 0x0800,
    0xC91E, 0x0800,
    0xE8A2, 0x0080,
    0xE8A4, 0x0030,
    0xE8A8, 0x0000,
    0xE8AA, 0x6993,
    0xFF64, 0x0002,
    0xFF6A, 0x1000,
    0xFF6C, 0x1000,
    0xFF72, 0x1000,
    0xFF74, 0x1000,
    0xFF7A, 0x1000,
    0xFF7C, 0x1000,
    0xFF82, 0x1000,
    0xFF84, 0x1000,
    0xFF8A, 0x1000,
    0xFF8C, 0x1000,
    0xFF92, 0x1000,
    0xFF94, 0x1090,
    0xFF9A, 0x1000,
    0xFF9C, 0x1000,
    0xFFA2, 0x1000,
    0xFFA4, 0x1000,
    0xFFAA, 0x1000,
    0xFFAC, 0x1000,
    0xFFB2, 0x1000,
    0xFFB4, 0x1000,
    0xFFBA, 0x1000,
    0xFFBC, 0x1000,
    0xFFC2, 0x1000,
    0xFFC4, 0x1090,
    0xFFCA, 0x1000,
    0xFFCC, 0x1000,
    0xFFD2, 0x1000,
    0xFFD4, 0x1000,
    0xFFDA, 0x1000,
    0xFFDC, 0x1000,
    0xFFE2, 0x1000,
    0xFFE4, 0x1000,
    0xFFEA, 0x1000,
    0xFFEC, 0x1000,
    0xFFF2, 0x1000,
    0xFFF4, 0x1090,
    0xFFFA, 0x1000,
    0xFCFC, 0x4000,
    0x6028, 0x2000,
    0x602A, 0xFFFC,
    0x6F12, 0x1000,
    0xFCFC, 0x2001,
    0x0002, 0x1000,
    0x0004, 0x1000,
    0x000A, 0x1000,
    0x000C, 0x1000,
    0x0012, 0x1000,
    0x0014, 0x1000,
    0x001A, 0x1000,
    0x001C, 0x1000,
    0x0022, 0x1000,
    0x0024, 0x1090,
    0x002A, 0x1000,
    0x002C, 0x1000,
    0x0032, 0x1000,
    0x0034, 0x1000,
    0x003A, 0x1000,
    0x003C, 0x1000,
    0x0042, 0x1000,
    0x0044, 0x1000,
    0x004A, 0x1000,
    0x004C, 0x1000,
    0x0052, 0x1000,
    0x0054, 0x1000,
    0x005A, 0x1000,
    0x005C, 0x1000,
    0x0062, 0x1000,
    0x0064, 0x1000,
    0x006A, 0x1000,
    0x006C, 0x1000,
    0x0072, 0x1000,
    0x0074, 0x1000,
    0x007A, 0x1000,
    0x007C, 0x1000,
    0x0082, 0x1000,
    0x0084, 0x1000,
    0x008A, 0x1000,
    0x008C, 0x1000,
    0x0092, 0x1000,
    0x0094, 0x1000,
    0x009A, 0x1000,
    0x009C, 0x1000,
    0x00A2, 0x1000,
    0x00A4, 0x1000,
    0x00AA, 0x1000,
    0x00AC, 0x1000,
    0x00B2, 0x1000,
    0x00B4, 0x1000,
    0x00BA, 0x1000,
    0x00BC, 0x1000,
    0x00C2, 0x1000,
    0x00C4, 0x1000,
    0x00CA, 0x1000,
    0x00CC, 0x1000,
    0x00D2, 0x1000,
    0x00D4, 0x1000,
    0x00DA, 0x1000,
    0x00DC, 0x1000,
    0x00E2, 0x1000,
    0x00E4, 0x1000,
    0x01B4, 0x0600,
    0x01B6, 0x0000,
    0x01BA, 0x0000,
    0x01BE, 0x0000,
    0x01C2, 0x0000,
    0x01D6, 0x0000,
    0x01DA, 0x0000,
    0x01DE, 0x0000,
    0x01E2, 0x0000,
    0x01F6, 0x0000,
    0x01FA, 0x0000,
    0x01FE, 0x0000,
    0x0202, 0x0000,
    0x0216, 0x0000,
    0x021A, 0x0000,
    0x021E, 0x0000,
    0x0222, 0x0000,
    0x0236, 0x0000,
    0x023A, 0x0000,
    0x023E, 0x0000,
    0x0242, 0x0000,
    0x0256, 0x0000,
    0x025A, 0x0000,
    0x025E, 0x0000,
    0x0262, 0x0000,
    0x0276, 0x0000,
    0x027A, 0x0000,
    0x027E, 0x0000,
    0x0282, 0x0000,
    0x0296, 0x0000,
    0x029A, 0x0000,
    0x029E, 0x0000,
    0x02A2, 0x0000,
    0x0336, 0x0006,
    0x0338, 0x0000,
    0x033A, 0x0006,
    0x033C, 0x0000,
    0x033E, 0x0006,
    0x0340, 0x0000,
    0x0342, 0x0006,
    0x0344, 0x0000,
    0x0346, 0x0000,
    0x0348, 0x0000,
    0x034A, 0x0000,
    0x034C, 0x0000,
    0x034E, 0x0000,
    0x0350, 0x0000,
    0x0352, 0x0000,
    0x0354, 0x0000,
    0x0356, 0x0006,
    0x0358, 0x0000,
    0x035A, 0x0006,
    0x035C, 0x0000,
    0x035E, 0x0006,
    0x0360, 0x0000,
    0x0362, 0x0006,
    0x0364, 0x0000,
    0x0366, 0x0000,
    0x0368, 0x0000,
    0x036A, 0x0000,
    0x036C, 0x0000,
    0x036E, 0x0000,
    0x0370, 0x0000,
    0x0372, 0x0000,
    0x0374, 0x0000,
    0x0376, 0x0006,
    0x0378, 0x0000,
    0x037A, 0x0006,
    0x037C, 0x0000,
    0x037E, 0x0006,
    0x0380, 0x0000,
    0x0382, 0x0006,
    0x0384, 0x0000,
    0x0386, 0x0000,
    0x0388, 0x0000,
    0x038A, 0x0000,
    0x038C, 0x0000,
    0x038E, 0x0000,
    0x0390, 0x0000,
    0x0392, 0x0000,
    0x0394, 0x0000,
    0x0396, 0x0006,
    0x0398, 0x0000,
    0x039A, 0x0006,
    0x039C, 0x0000,
    0x039E, 0x0006,
    0x03A0, 0x0000,
    0x03A2, 0x0006,
    0x03A4, 0x0000,
    0x03A6, 0x0000,
    0x03A8, 0x0000,
    0x03AA, 0x0000,
    0x03AC, 0x0000,
    0x03AE, 0x0000,
    0x03B0, 0x0000,
    0x03B2, 0x0000,
    0x03B4, 0x0000,
    0x03B6, 0xFFFA,
    0x03BA, 0xFFFA,
    0x03BE, 0xFFFA,
    0x03C2, 0xFFFA,
    0x03D6, 0xFFFA,
    0x03DA, 0xFFFA,
    0x03DE, 0xFFFA,
    0x03E2, 0xFFFA,
    0x03F6, 0xFFFA,
    0x03FA, 0xFFFA,
    0x03FE, 0xFFFA,
    0x0402, 0xFFFA,
    0x0416, 0xFFFA,
    0x041A, 0xFFFA,
    0x041E, 0xFFFA,
    0x0422, 0xFFFA,
    0x2270, 0x0204,
    0x25D4, 0x0101,
    0x25FA, 0x0000,
    0x2648, 0x0200,
    0x264A, 0x0400,
    0x264C, 0x0200,
    0x264E, 0x0200,
    0x2660, 0x0002,
    0x2B7E, 0x0300,
    0x2B84, 0x0100,
    0x2BA0, 0x0200,
    0x2BA2, 0x0200,
    0x2BA4, 0x0000,
    0x2BA6, 0x0000,
    0x2BA8, 0x0000,
    0x2BAA, 0x0000,
    0x2BAC, 0x0200,
    0x2BAE, 0x0200,
    0x2BB0, 0x0100,
    0x2BB2, 0x0100,
    0x2BB4, 0x0100,
    0x2BB6, 0x0100,
    0x2BB8, 0x0100,
    0x2BBA, 0x0100,
    0x2BBC, 0x0100,
    0x2BBE, 0x0100,
    0x2BC4, 0x040D,
    0x2BC6, 0x005F,
    0x2BC8, 0x005F,
    0x2BCA, 0x005E,
    0x2BCC, 0x005E,
    0x2CBE, 0x0101,
    0x2DD6, 0x0101,
    0x2DD8, 0x0602,
    0x2DDC, 0x0204,
    0x2DFE, 0x0105,
    0x2E0E, 0x0000,
    0x2E16, 0x0064,
    0x2E18, 0x0096,
    0x2E1A, 0x0078,
    0x2E1C, 0x0190,
    0x2E1E, 0x0258,
    0x2E20, 0x0320,
    0x3348, 0x0002,
    0x34FE, 0x0400,
    0x350C, 0x000B,
    0x3516, 0x008A,
    0x3518, 0x008E,
    0x351A, 0x0093,
    0x351C, 0x0096,
    0x351E, 0x0094,
    0x3520, 0x0091,
    0x3522, 0x0090,
    0x3524, 0x008C,
    0x3526, 0x008D,
    0x3528, 0x008F,
    0x352A, 0x008F,
    0x352C, 0x008C,
    0x352E, 0x0087,
    0x3530, 0x0083,
    0x3532, 0x0081,
    0x3534, 0x0081,
    0x3536, 0x008A,
    0x3538, 0x008E,
    0x353A, 0x0093,
    0x353C, 0x0096,
    0x353E, 0x0094,
    0x3540, 0x0091,
    0x3542, 0x0090,
    0x3544, 0x008C,
    0x3546, 0x008D,
    0x3548, 0x008F,
    0x354A, 0x008F,
    0x354C, 0x008C,
    0x354E, 0x0087,
    0x3550, 0x0083,
    0x3552, 0x0081,
    0x3554, 0x0081,
    0x3714, 0x000B,
    0x371E, 0x0086,
    0x3720, 0x008E,
    0x3722, 0x0093,
    0x3724, 0x0094,
    0x3726, 0x0094,
    0x3728, 0x0094,
    0x372A, 0x0094,
    0x372C, 0x0092,
    0x372E, 0x0094,
    0x3730, 0x0098,
    0x3732, 0x0097,
    0x3734, 0x0093,
    0x3736, 0x008F,
    0x3738, 0x008F,
    0x373A, 0x0090,
    0x373C, 0x0090,
    0x373E, 0x0086,
    0x3740, 0x008E,
    0x3742, 0x0093,
    0x3744, 0x0094,
    0x3746, 0x0094,
    0x3748, 0x0094,
    0x374A, 0x0094,
    0x374C, 0x0092,
    0x374E, 0x0094,
    0x3750, 0x0098,
    0x3752, 0x0097,
    0x3754, 0x0093,
    0x3756, 0x008F,
    0x3758, 0x008F,
    0x375A, 0x0090,
    0x375C, 0x0090,
    0x391C, 0x0000,
    0x3926, 0x0000,
    0x3928, 0x0000,
    0x392A, 0x0000,
    0x392C, 0x0000,
    0x392E, 0x0000,
    0x3930, 0x0000,
    0x3932, 0x0000,
    0x3946, 0x0000,
    0x3948, 0x0000,
    0x394A, 0x0000,
    0x394C, 0x0000,
    0x394E, 0x0000,
    0x3950, 0x0000,
    0x3952, 0x0000,
    0x3B4C, 0x000F,
    0x4780, 0x0200,
    0x4994, 0x0190,
    0x4996, 0x0190,
    0x4998, 0x0190,
    0x49B8, 0x0258,
    0x49BA, 0x0258,
    0x49BC, 0x0258,
    0x49CA, 0x0190,
    0x49CC, 0x0190,
    0x49CE, 0x0190,
    0x49DC, 0x01F4,
    0x49DE, 0x01F4,
    0x49E0, 0x01F4,
    0x49E6, 0x0004,
    0x49E8, 0x0004,
    0x49EA, 0x0004,
    0x49EC, 0x0004,
    0x49EE, 0x0004,
    0x49F0, 0x0004,
    0x49F2, 0x0004,
    0x49F8, 0x000A,
    0x49FA, 0x000A,
    0x49FC, 0x000A,
    0x49FE, 0x000A,
    0x4A00, 0x000A,
    0x4A02, 0x000A,
    0x4A04, 0x000A,
    0x4A0A, 0x0014,
    0x4A0C, 0x0014,
    0x4A0E, 0x0014,
    0x4A10, 0x0014,
    0x4A12, 0x0014,
    0x4A14, 0x0014,
    0x4A16, 0x0014,
    0x4A1C, 0x001E,
    0x4A1E, 0x001E,
    0x4A20, 0x001E,
    0x4A22, 0x001E,
    0x4A24, 0x001E,
    0x4A26, 0x001E,
    0x4A28, 0x001E,
    0x4A2E, 0x0032,
    0x4A30, 0x0032,
    0x4A32, 0x0032,
    0x4A34, 0x0032,
    0x4A36, 0x0032,
    0x4A38, 0x0032,
    0x4A3A, 0x0032,
    0x4A40, 0x0050,
    0x4A42, 0x0050,
    0x4A44, 0x0050,
    0x4A46, 0x0050,
    0x4A48, 0x0050,
    0x4A4A, 0x0050,
    0x4A4C, 0x0050,
    0x4A64, 0x0006,
    0x4A66, 0x0006,
    0x4A68, 0x0006,
    0x4A6A, 0x0006,
    0x4A6C, 0x0006,
    0x4A6E, 0x0006,
    0x4A70, 0x0006,
    0x4A76, 0x0007,
    0x4A78, 0x0007,
    0x4A7A, 0x0007,
    0x4A7C, 0x0007,
    0x4A7E, 0x0007,
    0x4A80, 0x0007,
    0x4A82, 0x0007,
    0x4A88, 0x001E,
    0x4A8A, 0x001E,
    0x4A8C, 0x001E,
    0x4A8E, 0x001E,
    0x4A90, 0x001E,
    0x4A92, 0x001E,
    0x4A94, 0x001E,
    0x4BA8, 0x003C,
    0x4BAA, 0x0006,
    0x4BAC, 0x0006,
    0x4BAE, 0x0006,
    0x4BB0, 0x0006,
    0x4BB2, 0x0006,
    0x4BB4, 0x0006,
    0x4BCC, 0x0028,
    0x4BCE, 0x0001,
    0x4BD0, 0x0001,
    0x4BD2, 0x0001,
    0x4BD4, 0x0001,
    0x4BD6, 0x0001,
    0x4BD8, 0x0001,
    0x4C02, 0x003C,
    0x4C04, 0x0008,
    0x4C06, 0x0008,
    0x4C08, 0x0008,
    0x4C0A, 0x0008,
    0x4C0C, 0x0008,
    0x4C0E, 0x0008,
    0x4C26, 0x0028,
    0x4C28, 0x0014,
    0x4C2A, 0x0014,
    0x4C2C, 0x0014,
    0x4C2E, 0x0014,
    0x4C30, 0x0014,
    0x4C32, 0x0014,
    0x4C52, 0x044C,
    0x4C54, 0x044C,
    0x4C56, 0x044C,
    0x4CE2, 0x001E,
    0x4CE4, 0x001E,
    0x4CE6, 0x001E,
    0x4DBA, 0x00E6,
    0x4DBC, 0x00E6,
    0x4DBE, 0x00E6,
    0x4DCC, 0x00E6,
    0x4DCE, 0x00E6,
    0x4DD0, 0x00E6,
    0x4DDE, 0x00E6,
    0x4DE0, 0x00E6,
    0x4DE2, 0x00E6,
    0x4E02, 0x0050,
    0x4E04, 0x0050,
    0x4E06, 0x0050,
    0x4F3E, 0x001E,
    0x4F40, 0x001E,
    0x4F42, 0x001E,
    0x4F44, 0x0028,
    0x4F46, 0x0032,
    0x4F48, 0x0032,
    0x4F4A, 0x0032,
    0x4F50, 0x001E,
    0x4F52, 0x001E,
    0x4F54, 0x001E,
    0x4F56, 0x0028,
    0x4F58, 0x0050,
    0x4F5A, 0x0050,
    0x4F5C, 0x0050,
    0x4F62, 0x001E,
    0x4F64, 0x001E,
    0x4F66, 0x001E,
    0x4F68, 0x0028,
    0x4F6A, 0x006E,
    0x4F6C, 0x006E,
    0x4F6E, 0x006E,
    0x4F74, 0x001E,
    0x4F76, 0x001E,
    0x4F78, 0x001E,
    0x4F7A, 0x0028,
    0x4F7C, 0x0082,
    0x4F7E, 0x0082,
    0x4F80, 0x0082,
    0x4F86, 0x0028,
    0x4F88, 0x0028,
    0x4F8A, 0x0028,
    0x4F8C, 0x0032,
    0x4F8E, 0x0082,
    0x4F90, 0x0082,
    0x4F92, 0x0082,
    0x85FA, 0x0000,
    0xFCFC, 0x2002,
    0xDDD6, 0x001F,
    0xDDD8, 0x000C,
    0xDDDA, 0x000C,
    0xDDDC, 0x000C,
    0xDDDE, 0x000C,
    0xDDE0, 0x000C,
    0xDDEC, 0x0000,
    0xDDF6, 0x0100,
    0xDDF8, 0x8000,
    0xDDFA, 0x0216,
    0xDE02, 0x003F,
    0xDE04, 0xFF01,
    0xDE06, 0x0F13,
    0xDE08, 0x0F13,
    0xDE0A, 0x0010,
    0xDE0C, 0x0010,
    0xDE0E, 0x8067,
    0xDE16, 0x0003,
    0xDE18, 0x04EF,
    0xDE1C, 0x0001,
    0xDE20, 0x0000,
    0xDE22, 0x0100,
    0xDE24, 0x0000,
    0xDE26, 0x0200,
    0xDE28, 0x0000,
    0xDE2A, 0x0400,
    0xDE2C, 0x0000,
    0xDE2E, 0x0800,
    0xDE30, 0x0000,
    0xDE32, 0x0C00,
    0xDE34, 0x0000,
    0xDE36, 0x1000,
    0xDE38, 0x0000,
    0xDE3A, 0x0100,
    0xDE3C, 0x0000,
    0xDE3E, 0x0200,
    0xDE40, 0x0000,
    0xDE42, 0x0400,
    0xDE44, 0x0000,
    0xDE46, 0x0800,
    0xDE48, 0x0000,
    0xDE4A, 0x0C00,
    0xDE4C, 0x0000,
    0xDE4E, 0x1000,
    0xDE50, 0x0000,
    0xDE52, 0x0100,
    0xDE54, 0x0000,
    0xDE56, 0x0200,
    0xDE58, 0x0000,
    0xDE5A, 0x0400,
    0xDE5C, 0x0000,
    0xDE5E, 0x0800,
    0xDE60, 0x0000,
    0xDE62, 0x0C00,
    0xDE64, 0x0000,
    0xDE66, 0x1000,
    0xDE68, 0x0000,
    0xDE6A, 0x0100,
    0xDE6C, 0x0000,
    0xDE6E, 0x0200,
    0xDE70, 0x0000,
    0xDE72, 0x0400,
    0xDE74, 0x0000,
    0xDE76, 0x0800,
    0xDE78, 0x0000,
    0xDE7A, 0x0C00,
    0xDE7C, 0x0000,
    0xDE7E, 0x1000,
    0xDE80, 0x0000,
    0xDE82, 0x0100,
    0xDE84, 0x0000,
    0xDE86, 0x0200,
    0xDE88, 0x0000,
    0xDE8A, 0x0400,
    0xDE8C, 0x0000,
    0xDE8E, 0x0800,
    0xDE90, 0x0000,
    0xDE92, 0x0C00,
    0xDE94, 0x0000,
    0xDE96, 0x1000,
    0xDE98, 0x0000,
    0xDE9A, 0x0100,
    0xDE9C, 0x0000,
    0xDE9E, 0x0200,
    0xDEA0, 0x0000,
    0xDEA2, 0x0400,
    0xDEA4, 0x0000,
    0xDEA6, 0x0800,
    0xDEA8, 0x0000,
    0xDEAA, 0x0C00,
    0xDEAC, 0x0000,
    0xDEAE, 0x1000,
    0xDEB0, 0x0000,
    0xDEB2, 0x0100,
    0xDEB4, 0x0000,
    0xDEB6, 0x0200,
    0xDEB8, 0x0000,
    0xDEBA, 0x0400,
    0xDEBC, 0x0000,
    0xDEBE, 0x0800,
    0xDEC0, 0x0000,
    0xDEC2, 0x0C00,
    0xDEC4, 0x0000,
    0xDEC6, 0x1000,
    0xDEC8, 0x0000,
    0xDECA, 0x0100,
    0xDECC, 0x0000,
    0xDECE, 0x0200,
    0xDED0, 0x0000,
    0xDED2, 0x0400,
    0xDED4, 0x0000,
    0xDED6, 0x0800,
    0xDED8, 0x0000,
    0xDEDA, 0x0C00,
    0xDEDC, 0x0000,
    0xDEDE, 0x1000,
    0xDF40, 0x0000,
    0xDF42, 0x01FF,
    0xDF44, 0x0000,
    0xDF46, 0x03FF,
    0xDF48, 0x0000,
    0xDF4A, 0x07FF,
    0xDF4C, 0x0000,
    0xDF4E, 0x0BFF,
    0xDF50, 0x0000,
    0xDF52, 0x0FFF,
    0xDF54, 0x0000,
    0xDF56, 0x2000,
    0xDF58, 0x0000,
    0xDF5A, 0x01FF,
    0xDF5C, 0x0000,
    0xDF5E, 0x03FF,
    0xDF60, 0x0000,
    0xDF62, 0x07FF,
    0xDF64, 0x0000,
    0xDF66, 0x0BFF,
    0xDF68, 0x0000,
    0xDF6A, 0x0FFF,
    0xDF6C, 0x0000,
    0xDF6E, 0x2000,
    0xDF70, 0x0000,
    0xDF72, 0x01FF,
    0xDF74, 0x0000,
    0xDF76, 0x03FF,
    0xDF78, 0x0000,
    0xDF7A, 0x07FF,
    0xDF7C, 0x0000,
    0xDF7E, 0x0BFF,
    0xDF80, 0x0000,
    0xDF82, 0x0FFF,
    0xDF84, 0x0000,
    0xDF86, 0x2000,
    0xDF88, 0x0000,
    0xDF8A, 0x01FF,
    0xDF8C, 0x0000,
    0xDF8E, 0x03FF,
    0xDF90, 0x0000,
    0xDF92, 0x07FF,
    0xDF94, 0x0000,
    0xDF96, 0x0BFF,
    0xDF98, 0x0000,
    0xDF9A, 0x0FFF,
    0xDF9C, 0x0000,
    0xDF9E, 0x2000,
    0xDFA0, 0x0000,
    0xDFA2, 0x01FF,
    0xDFA4, 0x0000,
    0xDFA6, 0x03FF,
    0xDFA8, 0x0000,
    0xDFAA, 0x07FF,
    0xDFAC, 0x0000,
    0xDFAE, 0x0BFF,
    0xDFB0, 0x0000,
    0xDFB2, 0x0FFF,
    0xDFB4, 0x0000,
    0xDFB6, 0x2000,
    0xDFB8, 0x0000,
    0xDFBA, 0x01FF,
    0xDFBC, 0x0000,
    0xDFBE, 0x03FF,
    0xDFC0, 0x0000,
    0xDFC2, 0x07FF,
    0xDFC4, 0x0000,
    0xDFC6, 0x0BFF,
    0xDFC8, 0x0000,
    0xDFCA, 0x0FFF,
    0xDFCC, 0x0000,
    0xDFCE, 0x2000,
    0xDFD0, 0x0000,
    0xDFD2, 0x01FF,
    0xDFD4, 0x0000,
    0xDFD6, 0x03FF,
    0xDFD8, 0x0000,
    0xDFDA, 0x07FF,
    0xDFDC, 0x0000,
    0xDFDE, 0x0BFF,
    0xDFE0, 0x0000,
    0xDFE2, 0x0FFF,
    0xDFE4, 0x0000,
    0xDFE6, 0x2000,
    0xDFE8, 0x0000,
    0xDFEA, 0x01FF,
    0xDFEC, 0x0000,
    0xDFEE, 0x03FF,
    0xDFF0, 0x0000,
    0xDFF2, 0x07FF,
    0xDFF4, 0x0000,
    0xDFF6, 0x0BFF,
    0xDFF8, 0x0000,
    0xDFFA, 0x0FFF,
    0xDFFC, 0x0000,
    0xDFFE, 0x2000,
    0xE060, 0x0000,
    0xE06E, 0x2000,
    0xE070, 0x1800,
    0xE072, 0x2020,
    0xE074, 0x1830,
    0xE076, 0xFFFF,
    0xE078, 0xFFFF,
    0xE07A, 0x0002,
    0xFCFC, 0x4000,
    0x0086, 0x0400,
    0x020A, 0x0100,
    0x0228, 0x0100,
    0x0380, 0x0004,
    0x0382, 0x0004,
    0x0384, 0x0004,
    0x0386, 0x0004,
    0x0722, 0x2000,
    0x0900, 0x3244,
    0x0B02, 0x0202,
    0x0B04, 0x0001,
    0x0B06, 0x0101,
    0x0B08, 0x0100,
    0x0B0A, 0x0101,
    0x0B0C, 0x0100,
    0x0BCC, 0x0100,
    0x0BE2, 0x0000,
    0x0274, 0x302B,
    0x0E00, 0x0003,
    /*OIS_EN_DISABLE*/
    0xFCFC, 0x4000,
    0x0A70, 0x0001,
    0xFCFC, 0x2000,
    0x101F, 0x0100,
    0xFCFC, 0x2001,
    0x2F38, 0x0001,
    0x2F3A, 0x0000,
    0x2F3C, 0x0001,
    0x2F3E, 0x0000,
    0x2F40, 0x0000,
    0x2F42, 0x0000,
    0x2F46, 0x0000,
    0x2F48, 0x0000,
    0xFCFC, 0x4000,
};

/*23_4912x3688_30fps_2976Msps 18M full crop*/
static u16 cjtele_custom15_setting[] = {
    0xFCFC, 0x2000,
    0x0F8C, 0x0000,
    0x46F2, 0x0000,
    0x472C, 0x0000,
    0x472E, 0x0000,
    0x4760, 0x0200,
    0xFCFC, 0x4000,
    0x0114, 0x0201,
    0x0118, 0x0004,
    0x011C, 0x0101,
    0x0136, 0x1800,
    0x013E, 0x0000,
    0x0202, 0x0200,
    0x0204, 0x0020,
    0x0226, 0x0200,
    0x022C, 0x0200,
    0x0260, 0x0101,
    0x0262, 0x0200,
    0x0264, 0x0306,
    0x0270, 0x2B2B,
    0x0272, 0x2B10,
    0x0304, 0x0003,
    0x0306, 0x00F0,
    0x030C, 0x0000,
    0x030E, 0x0003,
    0x0310, 0x00BA,
    0x0312, 0x0000,
    0x031A, 0x0003,
    0x031C, 0x0028,
    0x031E, 0x0002,
    0x0340, 0x0F06,
    0x081C, 0x0015,
    0x0BCA, 0x0101,
    0xFCFC, 0x2003,
    0x0C8A, 0x0000,
    0x0C8E, 0x0029,
    0x0C92, 0x0700,
    0x0CE2, 0x0140,
    0x0CE4, 0x0180,
    0x0CE6, 0x01C0,
    0x0CE8, 0x0200,
    0x0CEA, 0x1E20,
    0x0CEC, 0x2223,
    0x0CEE, 0x2526,
    0x0CF0, 0x2728,
    0x0CF2, 0x292A,
    0x0CF4, 0x2B2C,
    0x0CF6, 0x2C2D,
    0x0CF8, 0x2E2E,
    0x0CFA, 0x2F31,
    0x0CFC, 0x3233,
    0x0CFE, 0x3435,
    0x0D00, 0x3637,
    0x0D02, 0x3739,
    0x0D04, 0x3A3B,
    0x0D06, 0x3B3C,
    0x0D08, 0x3D3D,
    0x0D0A, 0x3E2C,
    0x0C96, 0x0000,
    0x0CA2, 0x0200,
    0x0CA6, 0x0010,
    0x0CAA, 0x0010,
    0x0CAE, 0x0000,
    0x0CB2, 0x0200,
    0x0CB6, 0x0000,
    0x0D14, 0x013F,
    0x0D16, 0x017F,
    0x0D18, 0x01BF,
    0x0D1A, 0x01FF,
    0x0D1C, 0x023F,
    0x0D1E, 0x027F,
    0x0D20, 0x02BF,
    0x0D22, 0x02FF,
    0x0D24, 0x033F,
    0x0D26, 0x037F,
    0x0D28, 0x03BF,
    0x0D2A, 0x03FF,
    0x0D2C, 0x05FF,
    0x0D2E, 0x07FF,
    0x0D30, 0x0BFF,
    0x0CC2, 0x0A0A,
    0x0CC6, 0x0000,
    0x0D3A, 0x4E00,
    0x0D3C, 0x1678,
    0x0D3E, 0x1100,
    0x0D40, 0x29C7,
    0x0D42, 0x1F7F,
    0x0D44, 0x1330,
    0x0D46, 0x0E60,
    0x0D48, 0x0010,
    0x0D4A, 0x0010,
    0x0CCA, 0x0001,
    0x0CCE, 0x0000,
    0x0CD2, 0x0264,
    0x0CD6, 0x00E6,
    0xFCFC, 0x4000,
    0x0B32, 0x0000,
    0x0B30, 0x010E,
    0x0274, 0x302B,
    0x0E00, 0x0003,
    /*OIS_EN_DISABLE*/
    0xFCFC, 0x4000,
    0x0A70, 0x0001,
    0xFCFC, 0x2000,
    0x101F, 0x0100,
    0xFCFC, 0x2001,
    0x2F38, 0x0001,
    0x2F3A, 0x0000,
    0x2F3C, 0x0001,
    0x2F3E, 0x0000,
    0x2F40, 0x0000,
    0x2F42, 0x0000,
    0x2F46, 0x0000,
    0x2F48, 0x0000,
    0xFCFC, 0x4000,
};

/*19_4096x2560_30.01fps_2976Msps 8Sum2Avg_iDCG1:8_HCGPD*/
static u16 cjtele_custom16_setting[] = {
    0xFCFC, 0x2000,
    0x0F8C, 0x0000,
    0x46F2, 0x0000,
    0x472C, 0x0000,
    0x472E, 0x0000,
    0x4760, 0x0200,
    0xFCFC, 0x4000,
    0x0114, 0x0201,
    0x0118, 0x0004,
    0x011C, 0x0101,
    0x0136, 0x1800,
    0x013E, 0x0000,
    0x0202, 0x0200,
    0x0204, 0x0020,
    0x0226, 0x0200,
    0x022C, 0x0200,
    0x0260, 0x0102,
    0x0262, 0x0200,
    0x0264, 0x0306,
    0x0270, 0x2B2B,
    0x0272, 0x2B10,
    0x0304, 0x0003,
    0x0306, 0x00F0,
    0x030C, 0x0000,
    0x030E, 0x0003,
    0x0310, 0x00BA,
    0x0312, 0x0000,
    0x031A, 0x0003,
    0x031C, 0x0028,
    0x031E, 0x0002,
    0x0340, 0x0C44,
    0x081C, 0x0015,
    0x0BCA, 0x0101,
    0xFCFC, 0x2003,
    0x0C8A, 0x0000,
    0x0C8E, 0x003A,
    0x0C92, 0x0706,
    0x0CE2, 0x0180,
    0x0CE4, 0x0200,
    0x0CE6, 0x0300,
    0x0CE8, 0x0400,
    0x0CEA, 0x1E20,
    0x0CEC, 0x2223,
    0x0CEE, 0x2526,
    0x0CF0, 0x2728,
    0x0CF2, 0x292A,
    0x0CF4, 0x2B2C,
    0x0CF6, 0x2C2D,
    0x0CF8, 0x2E2E,
    0x0CFA, 0x2F31,
    0x0CFC, 0x3233,
    0x0CFE, 0x3435,
    0x0D00, 0x3637,
    0x0D02, 0x3739,
    0x0D04, 0x3A3B,
    0x0D06, 0x3B3D,
    0x0D08, 0x3E3E,
    0x0D0A, 0x3F2C,
    0x0C96, 0x0000,
    0x0CA2, 0x0200,
    0x0CA6, 0x0010,
    0x0CAA, 0x0008,
    0x0CAE, 0x0000,
    0x0CB2, 0x0201,
    0x0CB6, 0x0000,
    0x0D14, 0x013F,
    0x0D16, 0x017F,
    0x0D18, 0x01BF,
    0x0D1A, 0x01FF,
    0x0D1C, 0x023F,
    0x0D1E, 0x027F,
    0x0D20, 0x02BF,
    0x0D22, 0x02FF,
    0x0D24, 0x033F,
    0x0D26, 0x037F,
    0x0D28, 0x03BF,
    0x0D2A, 0x03FF,
    0x0D2C, 0x05FF,
    0x0D2E, 0x07FF,
    0x0D30, 0x0BFF,
    0x0CC2, 0x0A0A,
    0x0CC6, 0x0500,
    0x0D3A, 0x4F98,
    0x0D3C, 0x0000,
    0x0D3E, 0x0420,
    0x0D40, 0x403C,
    0x0D42, 0x2C5C,
    0x0D44, 0x1000,
    0x0D46, 0x0A00,
    0x0D48, 0x0008,
    0x0D4A, 0x0008,
    0x0CCA, 0x0001,
    0x0CCE, 0x0000,
    0x0CD2, 0x0800,
    0x0CD6, 0x0280,
    0xFCFC, 0x4000,
    0x0B32, 0x0000,
    0x0B30, 0x010C,
    0x0274, 0x302B,
    0x0E00, 0x0003,
    /*OIS_EN_DISABLE*/
    0xFCFC, 0x4000,
    0x0A70, 0x0001,
    0xFCFC, 0x2000,
    0x101F, 0x0100,
    0xFCFC, 0x2001,
    0x2F38, 0x0001,
    0x2F3A, 0x0000,
    0x2F3C, 0x0001,
    0x2F3E, 0x0000,
    0x2F40, 0x0000,
    0x2F42, 0x0000,
    0x2F46, 0x0000,
    0x2F48, 0x0000,
    0xFCFC, 0x4000,
};

/*21_3840x2160_120fps_2976Msps*/
static u16 cjtele_custom17_setting[] = {
    0xFCFC, 0x4000,
    0x0B30, 0x01FF,
    0xFCFC, 0x2000,
    0x0F8C, 0x0000,
    0x1004, 0x0000,
    0x46F2, 0x0000,
    0x4718, 0x002C,
    0x472C, 0x0000,
    0x472E, 0x0000,
    0x4760, 0x0200,
    0x8F40, 0x0702,
    0xA76E, 0x0180,
    0xA770, 0x0200,
    0xA772, 0x0300,
    0xA774, 0x0400,
    0xA776, 0x1E20,
    0xA778, 0x2223,
    0xA77A, 0x2526,
    0xA77C, 0x2728,
    0xA77E, 0x292A,
    0xA780, 0x2B2C,
    0xA782, 0x2C2D,
    0xA784, 0x2E2E,
    0xA786, 0x2F31,
    0xA788, 0x3233,
    0xA78A, 0x3435,
    0xA78C, 0x3637,
    0xA78E, 0x3739,
    0xA790, 0x3A3B,
    0xA792, 0x3B3D,
    0xA794, 0x3E3E,
    0xA796, 0x3F2C,
    0xB8C4, 0x0000,
    0xFCFC, 0x2001,
    0x10F0, 0x0200,
    0x2C02, 0x0008,
    0x2C04, 0x0008,
    0x2C06, 0x0000,
    0x2C90, 0x0200,
    0x2DD0, 0x0000,
    0x34BC, 0x013F,
    0x34BE, 0x017F,
    0x34C0, 0x01BF,
    0x34C2, 0x01FF,
    0x34C4, 0x027F,
    0x34C6, 0x02FF,
    0x34C8, 0x037F,
    0x34CA, 0x03FF,
    0x34CC, 0x05FF,
    0x34CE, 0x07FF,
    0x34D0, 0x09FF,
    0x34D2, 0x0BFF,
    0x34D4, 0x0DFF,
    0x34D6, 0x0FFF,
    0x34D8, 0x3FFF,
    0xFCFC, 0x4000,
    0x0112, 0x0A0A,
    0x0114, 0x0201,
    0x0118, 0x0004,
    0x011C, 0x0101,
    0x0136, 0x1800,
    0x013E, 0x0000,
    0x0202, 0x0200,
    0x0204, 0x0020,
    0x021E, 0x0000,
    0x0226, 0x0200,
    0x022C, 0x0200,
    0x0260, 0x0101,
    0x0262, 0x0200,
    0x0264, 0x0306,
    0x0270, 0x2B2B,
    0x0272, 0x2B10,
    0x0304, 0x0003,
    0x0306, 0x00F0,
    0x030C, 0x0000,
    0x030E, 0x0003,
    0x0310, 0x00BA,
    0x0312, 0x0000,
    0x031A, 0x0003,
    0x031C, 0x0028,
    0x031E, 0x0002,
    0x0340, 0x0A04,
    0x0342, 0x1860,
    0x0344, 0x0200,
    0x0346, 0x0740,
    0x0348, 0x3E3C,
    0x034A, 0x293C,
    0x034C, 0x0F00,
    0x034E, 0x0870,
    0x0350, 0x0008,
    0x0352, 0x0008,
    0x0720, 0x0001,
    0x0724, 0x0000,
    0x072C, 0x0780,
    0x072E, 0x021C,
    0x081C, 0x0015,
    0x0BCA, 0x0101,
    0xFCFC, 0x2000,
    0x0E90, 0x0803,
    0x0E92, 0x0803,
    0x0E94, 0x0803,
    0x0E96, 0x0803,
    0x0F64, 0x0040,
    0x34BA, 0x0000,
    0x34BC, 0x0004,
    0x3512, 0xFA36,
    0x3514, 0xFB0E,
    0x3552, 0x0000,
    0x3554, 0x0000,
    0x3E14, 0x0101,
    0x3E16, 0x0100,
    0x3E1E, 0x03FF,
    0x3E20, 0x03FF,
    0x3E22, 0x01FF,
    0x3E24, 0x003F,
    0x3E30, 0x0400,
    0x3E32, 0x0400,
    0x3E34, 0x0200,
    0x3E36, 0x0040,
    0x4114, 0x0008,
    0x4116, 0x0048,
    0x4118, 0x4000,
    0x411A, 0xFA28,
    0x411C, 0xA8B1,
    0x411E, 0xA0B1,
    0x4120, 0x4000,
    0x4122, 0xFA2C,
    0x4124, 0x0002,
    0x4126, 0x0003,
    0x4128, 0x4000,
    0x412A, 0xFC1E,
    0x41B4, 0x000C,
    0x41B6, 0x0000,
    0x41B8, 0x4000,
    0x41BA, 0xFAB2,
    0x41BC, 0x000C,
    0x41BE, 0x0000,
    0x41C0, 0x4000,
    0x41C2, 0xFAB4,
    0x4254, 0x06DB,
    0x4256, 0x06C9,
    0x4258, 0x4000,
    0x425A, 0xFA12,
    0x42F4, 0x01D5,
    0x42F6, 0x01F9,
    0x42F8, 0x4000,
    0x42FA, 0xF470,
    0x42FC, 0x01D5,
    0x42FE, 0x01F9,
    0x4300, 0x4000,
    0x4302, 0xF478,
    0x46F0, 0x0101,
    0x47C2, 0x0101,
    0x485A, 0x0102,
    0x487C, 0x0004,
    0x4882, 0x0004,
    0x489A, 0x0004,
    0x48A0, 0x0004,
    0x48B8, 0x0012,
    0x48BE, 0x0014,
    0x48D6, 0x0014,
    0x48DC, 0x000C,
    0x48F4, 0x0012,
    0x48FA, 0x0014,
    0x4918, 0x0101,
    0x491A, 0x0000,
    0x49D0, 0x0000,
    0x49D4, 0x2214,
    0x49DA, 0x1422,
    0x49E6, 0x2118,
    0x49EC, 0x1821,
    0x49F8, 0x8080,
    0x4A58, 0x0030,
    0x4A5A, 0xFFF1,
    0x4A5C, 0x0001,
    0x4A5E, 0x00C8,
    0x4A60, 0x0001,
    0x4A62, 0x0001,
    0x4A64, 0x0030,
    0x4A66, 0x001B,
    0x4A68, 0x0007,
    0x4A6A, 0x0006,
    0x4A6C, 0x0018,
    0x4A6E, 0x0006,
    0x4A70, 0x0006,
    0x4A72, 0x0019,
    0x4A90, 0xFFF9,
    0x4A92, 0xFFFA,
    0x4A94, 0x0005,
    0x4A96, 0x0005,
    0x4A98, 0x0010,
    0x4A9A, 0x0010,
    0x4A9C, 0xFFFC,
    0x4A9E, 0x0048,
    0x4AA0, 0x0020,
    0x4AA2, 0x000E,
    0x4AA4, 0x000E,
    0x4AA6, 0x0007,
    0x4AA8, 0x0007,
    0x4AAA, 0x0048,
    0x4AAC, 0xFFF3,
    0x4AB0, 0xFFFC,
    0x4AB8, 0xFFFC,
    0x4ABA, 0x0048,
    0x4ABE, 0x0000,
    0x4AC0, 0x000E,
    0x4AC2, 0x001E,
    0x4AC4, 0x002E,
    0x4AC6, 0x0048,
    0x4AD4, 0xFFFC,
    0x4AE2, 0x0048,
    0x4AE4, 0x0021,
    0x4AE6, 0x0010,
    0x4AE8, 0x0010,
    0x4AEA, 0x0010,
    0x4AEC, 0x0010,
    0x4AEE, 0x0010,
    0x4AF0, 0x0016,
    0x4AF2, 0x001A,
    0x4AF4, 0x0008,
    0x4AF6, 0x0008,
    0x4AF8, 0x0004,
    0x4AFA, 0x0008,
    0x4AFC, 0x0008,
    0x4AFE, 0x0018,
    0x4B54, 0x0021,
    0x4B56, 0x0010,
    0x4B58, 0x0010,
    0x4B5A, 0x0010,
    0x4B5C, 0x0010,
    0x4B5E, 0x0010,
    0x4B60, 0x0016,
    0x4B62, 0x001A,
    0x4B64, 0x0008,
    0x4B66, 0x0008,
    0x4B68, 0x0004,
    0x4B6A, 0x0008,
    0x4B6C, 0x0008,
    0x4B6E, 0x0018,
    0x4BC4, 0x0021,
    0x4BC6, 0x0010,
    0x4BC8, 0x0010,
    0x4BCA, 0x0010,
    0x4BCC, 0x0010,
    0x4BCE, 0x0010,
    0x4BD0, 0x0016,
    0x4BD2, 0x001A,
    0x4BD4, 0x0008,
    0x4BD6, 0x0008,
    0x4BD8, 0x0004,
    0x4BDA, 0x0008,
    0x4BDC, 0x0008,
    0x4BDE, 0x0018,
    0x4BE0, 0x0008,
    0x4BE2, 0x0003,
    0x4BE4, 0x0003,
    0x4BE6, 0x0008,
    0x4BE8, 0x0003,
    0x4BEA, 0x0003,
    0x4BEC, 0x0005,
    0x4BEE, 0x0060,
    0x4BF0, 0x004B,
    0x4BF2, 0x0060,
    0x4BF4, 0x0060,
    0x4BF6, 0x0060,
    0x4BF8, 0x0060,
    0x4BFA, 0x0060,
    0x4C08, 0x0060,
    0x4C16, 0x0060,
    0x4C40, 0x0000,
    0x4C42, 0x0000,
    0x4C44, 0x0001,
    0x4C46, 0x0014,
    0x4C48, 0x0014,
    0x4C4A, 0x0014,
    0x4C4C, 0x0014,
    0x4C4E, 0x0000,
    0x4C5C, 0x0002,
    0x4C6C, 0x0004,
    0x4C6E, 0x0001,
    0x4C70, 0x0004,
    0x4C72, 0x0007,
    0x4C74, 0x0004,
    0x4C76, 0x0004,
    0x4C78, 0x0004,
    0x4C7A, 0x0001,
    0x4C7C, 0xFFD0,
    0x4C7E, 0xFFDE,
    0x4C80, 0xFFDE,
    0x4C82, 0xFFCE,
    0x4C84, 0xFFCE,
    0x4C86, 0x0001,
    0x4C88, 0x0000,
    0x4C8A, 0x0000,
    0x4C8C, 0x0006,
    0x4C8E, 0x0006,
    0x4C90, 0x0006,
    0x4C92, 0x0006,
    0x4C94, 0x0000,
    0x4C96, 0x0000,
    0x4C98, 0xFFE0,
    0x4C9A, 0xFFFB,
    0x4C9C, 0xFFFD,
    0x4C9E, 0xFFFF,
    0x4CA0, 0xFFFF,
    0x4CA2, 0x0000,
    0x4CAA, 0x0006,
    0x4CB0, 0x0000,
    0x4CB2, 0x0000,
    0x4CB6, 0x0000,
    0x4CB8, 0x0006,
    0x4CBA, 0xFFCA,
    0x4CBC, 0xFFBA,
    0x4CBE, 0x0000,
    0x4CCC, 0x0000,
    0x4CDA, 0x0000,
    0x4CDC, 0x0002,
    0x4CDE, 0x0001,
    0x4CE0, 0x0001,
    0x4CE2, 0x0004,
    0x4CE4, 0x0001,
    0x4CE6, 0x0001,
    0x4CE8, 0x0002,
    0x4CEA, 0x000A,
    0x4CEC, 0x0040,
    0x4CEE, 0x0040,
    0x4CF0, 0x0040,
    0x4CF2, 0x0040,
    0x4CF4, 0x0040,
    0x4CF6, 0x000A,
    0x4CF8, 0x0002,
    0x4CFA, 0x0001,
    0x4CFC, 0x0001,
    0x4CFE, 0x0004,
    0x4D00, 0x0001,
    0x4D02, 0x0001,
    0x4D04, 0x0002,
    0x4D06, 0x000A,
    0x4D08, 0x0040,
    0x4D0A, 0x0040,
    0x4D0C, 0x0040,
    0x4D0E, 0x0040,
    0x4D10, 0x0040,
    0x4D12, 0x000A,
    0x4D14, 0x0002,
    0x4D16, 0x0001,
    0x4D18, 0x0001,
    0x4D1A, 0x0004,
    0x4D1C, 0x0001,
    0x4D1E, 0x0001,
    0x4D20, 0x0002,
    0x4D22, 0x000A,
    0x4D24, 0x0040,
    0x4D26, 0x0040,
    0x4D28, 0x0040,
    0x4D2A, 0x0040,
    0x4D2C, 0x0040,
    0x4D2E, 0x000A,
    0x4D74, 0x0000,
    0x4D82, 0x0000,
    0x4DF4, 0x0000,
    0x4DF6, 0x0305,
    0x4DF8, 0x0004,
    0x4DFA, 0x0004,
    0x4DFC, 0x0004,
    0x4DFE, 0x0000,
    0x4E00, 0x0000,
    0x4E04, 0x0053,
    0x4E06, 0x0053,
    0x4E08, 0x0053,
    0x4E0A, 0x0053,
    0x4E0C, 0x0053,
    0x4E0E, 0x0053,
    0x4E2C, 0x000F,
    0x4E2E, 0x012F,
    0x4E30, 0x01E8,
    0x4E32, 0x01E8,
    0x4E34, 0x0351,
    0x4E36, 0x064F,
    0x4E38, 0x000F,
    0x4E3C, 0x004B,
    0x4E3E, 0x0060,
    0x4E40, 0x0060,
    0x4E42, 0x0060,
    0x4E44, 0x0060,
    0x4E46, 0x0030,
    0x4E48, 0x000F,
    0x4E4A, 0x012F,
    0x4E4C, 0x01E8,
    0x4E4E, 0x01E8,
    0x4E50, 0x0351,
    0x4E52, 0x064F,
    0x4E54, 0x000F,
    0x4E58, 0x004B,
    0x4E5A, 0x0060,
    0x4E5C, 0x0060,
    0x4E5E, 0x0060,
    0x4E60, 0x0060,
    0x4E62, 0x0030,
    0x4E9A, 0x0000,
    0x4EB6, 0x0008,
    0x4EE0, 0x000A,
    0x4EFC, 0x0018,
    0x4F1A, 0x0002,
    0x4F1C, 0x001A,
    0x4F1E, 0x0064,
    0x4F20, 0x0001,
    0x4F22, 0x0064,
    0x4F24, 0x0064,
    0x4F26, 0x0002,
    0x4F28, 0x008A,
    0x4F2A, 0x0054,
    0x4F2C, 0x0080,
    0x4F2E, 0x0342,
    0x4F30, 0x0080,
    0x4F32, 0x0080,
    0x4F34, 0x008A,
    0x4F36, 0x0088,
    0x4F38, 0x0052,
    0x4F3A, 0x007E,
    0x4F3C, 0x0340,
    0x4F3E, 0x007E,
    0x4F40, 0x007E,
    0x4F42, 0x0088,
    0x4F52, 0x0004,
    0x4F60, 0x000A,
    0x4F6E, 0x0004,
    0x4F70, 0x0008,
    0x4F72, 0x0008,
    0x4F74, 0x0008,
    0x4F76, 0x0008,
    0x4F78, 0x0008,
    0x4F7A, 0x0004,
    0x4F7C, 0x000A,
    0x4F7E, 0x0008,
    0x4F80, 0x0008,
    0x4F82, 0x0008,
    0x4F84, 0x0008,
    0x4F86, 0x0008,
    0x4F88, 0x000A,
    0x50BE, 0x001B,
    0x50C0, 0x0024,
    0x50C2, 0x0004,
    0x50C4, 0x00F0,
    0x50C6, 0x0019,
    0x50C8, 0x0019,
    0x50CA, 0x0010,
    0x50CC, 0x0021,
    0x50CE, 0x0005,
    0x50D0, 0x0002,
    0x50D2, 0x00F6,
    0x50D4, 0x0008,
    0x50D6, 0x0008,
    0x50D8, 0x0016,
    0x50E0, 0x0104,
    0x50E6, 0x0016,
    0x50E8, 0x000F,
    0x50EC, 0x0008,
    0x50EE, 0x0008,
    0x50F0, 0x0008,
    0x50F2, 0x0008,
    0x50F4, 0x000F,
    0x5118, 0x0005,
    0x5126, 0x000F,
    0x51FE, 0x0005,
    0x520C, 0x000A,
    0x5214, 0x0007,
    0x521A, 0x0005,
    0x527E, 0x0003,
    0x528C, 0x0010,
    0x528E, 0x0016,
    0x5290, 0x0016,
    0x5292, 0x0016,
    0x5294, 0x0016,
    0x5296, 0x0016,
    0x5298, 0x0015,
    0x529E, 0x0027,
    0x52A0, 0x0029,
    0x52A2, 0x0027,
    0x52A4, 0x0027,
    0x52A6, 0x002D,
    0x52B6, 0x0032,
    0x52B8, 0x0035,
    0x52BA, 0x0036,
    0x52BC, 0x0036,
    0x52BE, 0x0036,
    0x52C0, 0x0036,
    0x52C2, 0x0037,
    0x5500, 0x00C7,
    0x5554, 0x00C7,
    0x578A, 0x0004,
    0x578C, 0x000A,
    0x578E, 0x0004,
    0x5790, 0x0004,
    0x5792, 0x001F,
    0x57CC, 0x005E,
    0x57CE, 0x003E,
    0x57D0, 0x0088,
    0x57D2, 0x0154,
    0x57D4, 0x0100,
    0x57D6, 0x0100,
    0x57D8, 0x0070,
    0x57E6, 0x0115,
    0x57E8, 0x0089,
    0x57EC, 0x0078,
    0x57EE, 0x0078,
    0x57F0, 0x0088,
    0x57F2, 0x0088,
    0x57F4, 0x00C6,
    0x5804, 0x0089,
    0x5806, 0x00A9,
    0x5808, 0x0154,
    0x580A, 0x01E4,
    0x580C, 0x0158,
    0x580E, 0x0158,
    0x5810, 0x00C6,
    0x581A, 0x00F0,
    0x581C, 0x00E0,
    0x581E, 0x00C6,
    0x629E, 0x0000,
    0x62AC, 0x0000,
    0x65AE, 0x017C,
    0x65BC, 0x01C1,
    0x65F6, 0x0000,
    0x65FA, 0x8000,
    0x65FC, 0x8000,
    0x65FE, 0x8000,
    0x6600, 0x8000,
    0x6604, 0x0000,
    0x6608, 0x8000,
    0x660A, 0x8000,
    0x660C, 0x8000,
    0x660E, 0x8000,
    0x8F42, 0x0000,
    0x8F72, 0x0600,
    0x8F7E, 0x0017,
    0x8F80, 0x170B,
    0x8F82, 0x0B0B,
    0x8F84, 0x0B0B,
    0x8F8C, 0x0004,
    0x8F8E, 0x040B,
    0x8F90, 0x0B0B,
    0x8F92, 0x0B0B,
    0x8F9A, 0x0001,
    0x8F9C, 0x0100,
    0x8F9E, 0x0101,
    0x8FA0, 0x0101,
    0x8FA8, 0x0001,
    0x8FAA, 0x0100,
    0x8FAC, 0x0101,
    0x8FAE, 0x0101,
    0x8FB6, 0x0090,
    0x8FB8, 0x0B07,
    0x8FBA, 0x0B0B,
    0x8FBC, 0x0B0B,
    0x8FC4, 0x0090,
    0x8FC6, 0x9005,
    0x8FC8, 0x9090,
    0x8FCA, 0x9090,
    0x8FD0, 0x0087,
    0x8FD2, 0x0082,
    0x8FD4, 0xF7DD,
    0x8FD6, 0xF105,
    0x8FD8, 0x3008,
    0x8FDA, 0x00FF,
    0x8FDC, 0x03FF,
    0x8FDE, 0x1901,
    0x8FE0, 0x06C9,
    0x8FE2, 0x0249,
    0x8FE4, 0x0249,
    0x8FE6, 0x0010,
    0x8FE8, 0x0449,
    0x8FEA, 0x0790,
    0x8FF6, 0x0D0D,
    0x8FF8, 0x080D,
    0x8FFA, 0x0D0D,
    0x8FFC, 0x0D0D,
    0x8FFE, 0x0D08,
    0x9000, 0x0D0D,
    0x9002, 0x0D0D,
    0x9066, 0x80F5,
    0x9996, 0xA6F1,
    0x9998, 0x412C,
    0x999A, 0xA8B1,
    0x999C, 0x0000,
    0x999E, 0x0044,
    0x9D50, 0x013F,
    0x9D54, 0x0000,
    0x9D56, 0x01FF,
    0x9D58, 0xFFFF,
    0x9DD4, 0x4000,
    0x9DD6, 0xFA9E,
    0x9DD8, 0x4000,
    0x9DDA, 0xFAA0,
    0x9DE4, 0x1206,
    0x9DE6, 0x0C06,
    0x9E60, 0x0C06,
    0x9E62, 0x1206,
    0x9E64, 0x0C06,
    0x9EDE, 0x0C06,
    0xA0A8, 0x0000,
    0xA0EE, 0x0100,
    0xA15C, 0x0002,
    0xA1C4, 0xBC76,
    0xA1D2, 0xFE00,
    0xA4FE, 0x0011,
    0xA50C, 0x0065,
    0xA512, 0x0000,
    0xA514, 0x0000,
    0xA516, 0x0014,
    0xA51E, 0x0000,
    0xA520, 0x001E,
    0xA522, 0x001E,
    0xA52E, 0x0000,
    0xA530, 0x0000,
    0xA53C, 0x000A,
    0xA53E, 0x0000,
    0xA540, 0x0000,
    0xA542, 0x0000,
    0xA54A, 0x0000,
    0xA54C, 0x0001,
    0xA54E, 0x0001,
    0xA550, 0x0001,
    0xA558, 0x0001,
    0xA55A, 0x0000,
    0xA55C, 0x0000,
    0xA55E, 0x0000,
    0xA560, 0x0000,
    0xA562, 0x0000,
    0xA734, 0x0000,
    0xA736, 0x0022,
    0xA738, 0x0024,
    0xA73A, 0x0026,
    0xA73C, 0x0028,
    0xA73E, 0x002A,
    0xA740, 0x002C,
    0xA742, 0x002E,
    0xA744, 0x0030,
    0xA746, 0x0032,
    0xA748, 0x0034,
    0xA74A, 0x0036,
    0xA74C, 0x0038,
    0xA74E, 0x003A,
    0xA750, 0x003C,
    0xA752, 0x003E,
    0xA754, 0x0040,
    0xA756, 0x0048,
    0xA758, 0x0050,
    0xA75A, 0x0058,
    0xA75C, 0x0060,
    0xA75E, 0x0068,
    0xA760, 0x0070,
    0xA762, 0x0078,
    0xA764, 0x0080,
    0xA766, 0x00A0,
    0xA768, 0x00C0,
    0xA76A, 0x00E0,
    0xA76C, 0x0100,
    0xA9E0, 0x8822,
    0xAA00, 0x0000,
    0xB252, 0x0202,
    0xB254, 0x0200,
    0xB264, 0x0001,
    0xB390, 0x0202,
    0xB39C, 0x1000,
    0xB3DC, 0x0600,
    0xB3DE, 0x0000,
    0xB3EE, 0x0600,
    0xB3F0, 0x0101,
    0xB57A, 0x0008,
    0xB57C, 0x0008,
    0xB8C0, 0x000A,
    0xB8C2, 0x000A,
    0xB8C6, 0x0B08,
    0xB8CC, 0x0A0A,
    0xB8EC, 0x23DE,
    0xB8EE, 0x2FC3,
    0xB8F0, 0x0086,
    0xB8F2, 0x0082,
    0xB8F4, 0x00AB,
    0xB8F6, 0x00A1,
    0xB8F8, 0x00D7,
    0xB8FA, 0x00AF,
    0xB8FC, 0x00CC,
    0xB8FE, 0x011D,
    0xB900, 0x016C,
    0xB902, 0x0183,
    0xB904, 0x005E,
    0xB906, 0x004F,
    0xB908, 0x007D,
    0xB90A, 0x0079,
    0xB90C, 0x0094,
    0xB90E, 0x0055,
    0xB910, 0x0088,
    0xB912, 0x00D7,
    0xB914, 0x0122,
    0xB916, 0x0157,
    0xB918, 0x0089,
    0xB91A, 0x0083,
    0xB91C, 0x0099,
    0xB91E, 0x0076,
    0xB920, 0x0075,
    0xB922, 0x003F,
    0xB924, 0x005A,
    0xB926, 0x009C,
    0xB928, 0x00C9,
    0xB92A, 0x0104,
    0xB92C, 0x0057,
    0xB92E, 0x0068,
    0xB930, 0x006D,
    0xB932, 0x004D,
    0xB934, 0x0030,
    0xB936, 0xFFF8,
    0xB938, 0x0014,
    0xB93A, 0x004E,
    0xB93C, 0x007F,
    0xB93E, 0x00AE,
    0xB940, 0xFFDF,
    0xB942, 0xFFFC,
    0xB944, 0x0009,
    0xB946, 0x0000,
    0xB948, 0xFFE4,
    0xB94A, 0xFFA4,
    0xB94C, 0xFFAA,
    0xB94E, 0xFFED,
    0xB950, 0x0021,
    0xB952, 0x0042,
    0xB954, 0xFFBF,
    0xB956, 0x0007,
    0xB958, 0x0005,
    0xB95A, 0xFFE9,
    0xB95C, 0xFFC8,
    0xB95E, 0xFF93,
    0xB960, 0xFF97,
    0xB962, 0xFFD0,
    0xB964, 0xFFF5,
    0xB966, 0x0023,
    0xB968, 0xFFAC,
    0xB96A, 0xFFD5,
    0xB96C, 0xFFC9,
    0xB96E, 0xFFBD,
    0xB970, 0xFF9D,
    0xB972, 0xFF77,
    0xB974, 0xFF7B,
    0xB976, 0xFFAF,
    0xB978, 0xFFCF,
    0xB97A, 0xFFF0,
    0xB97C, 0xFFAE,
    0xB97E, 0xFFD2,
    0xB980, 0xFFBC,
    0xB982, 0xFFAF,
    0xB984, 0xFF96,
    0xB986, 0xFF6A,
    0xB988, 0xFF72,
    0xB98A, 0xFF9F,
    0xB98C, 0xFFC8,
    0xB98E, 0xFFA7,
    0xB990, 0xFF70,
    0xB992, 0xFF90,
    0xB994, 0xFF7F,
    0xB996, 0xFF7A,
    0xB998, 0xFF58,
    0xB99A, 0xFF3C,
    0xB99C, 0xFF41,
    0xB99E, 0xFF61,
    0xB9A0, 0xFF7B,
    0xB9A2, 0xFF5E,
    0xB9A4, 0xFF3C,
    0xB9A6, 0xFF41,
    0xB9A8, 0xFF30,
    0xB9AA, 0xFF22,
    0xB9AC, 0xFF08,
    0xB9AE, 0xFEF4,
    0xB9B0, 0xFEF3,
    0xB9B2, 0xFF10,
    0xB9B4, 0xFF19,
    0xB9B6, 0xFF00,
    0xC880, 0x0100,
    0xC888, 0x0333,
    0xC890, 0x007F,
    0xC892, 0x0012,
    0xC896, 0x698F,
    0xC89A, 0x0001,
    0xC89C, 0x0030,
    0xC89E, 0x0004,
    0xC8A0, 0x0000,
    0xC8A2, 0x0000,
    0xC8A4, 0x0000,
    0xC8A6, 0x0000,
    0xC8A8, 0x0000,
    0xC8AA, 0x0000,
    0xC8AC, 0x0000,
    0xC8AE, 0x0000,
    0xC8B0, 0x0000,
    0xC8B2, 0x0000,
    0xC8B4, 0x0000,
    0xC8B6, 0x0000,
    0xC8B8, 0x0000,
    0xC8BA, 0x0000,
    0xC8BC, 0x0000,
    0xC8BE, 0x0000,
    0xC8C0, 0x078C,
    0xC8C2, 0x0800,
    0xC8C4, 0x0800,
    0xC8C6, 0x0800,
    0xC8C8, 0x078C,
    0xC8CA, 0x0800,
    0xC8CC, 0x0800,
    0xC8CE, 0x0800,
    0xC8D0, 0x078C,
    0xC8D2, 0x0800,
    0xC8D4, 0x0800,
    0xC8D6, 0x0800,
    0xC8D8, 0x078C,
    0xC8DA, 0x0800,
    0xC8DC, 0x0800,
    0xC8DE, 0x0800,
    0xC8E0, 0x078C,
    0xC8E2, 0x0800,
    0xC8E4, 0x0800,
    0xC8E6, 0x0800,
    0xC8E8, 0x078C,
    0xC8EA, 0x0800,
    0xC8EC, 0x0800,
    0xC8EE, 0x0800,
    0xC8F0, 0x078C,
    0xC8F2, 0x0800,
    0xC8F4, 0x0800,
    0xC8F6, 0x0800,
    0xC8F8, 0x078C,
    0xC8FA, 0x0800,
    0xC8FC, 0x0800,
    0xC8FE, 0x0800,
    0xC900, 0x078C,
    0xC902, 0x0800,
    0xC904, 0x0800,
    0xC906, 0x0800,
    0xC908, 0x078C,
    0xC90A, 0x0800,
    0xC90C, 0x0800,
    0xC90E, 0x0800,
    0xC910, 0x078C,
    0xC912, 0x0800,
    0xC914, 0x0800,
    0xC916, 0x0800,
    0xC918, 0x078C,
    0xC91A, 0x0800,
    0xC91C, 0x0800,
    0xC91E, 0x0800,
    0xE8A2, 0x0080,
    0xE8A4, 0x0030,
    0xE8A8, 0x0000,
    0xE8AA, 0x6993,
    0xFF64, 0x0002,
    0xFF6A, 0x1000,
    0xFF6C, 0x1000,
    0xFF72, 0x1000,
    0xFF74, 0x1000,
    0xFF7A, 0x1000,
    0xFF7C, 0x1000,
    0xFF82, 0x1000,
    0xFF84, 0x1000,
    0xFF8A, 0x1000,
    0xFF8C, 0x1000,
    0xFF92, 0x1000,
    0xFF94, 0x1000,
    0xFF9A, 0x1000,
    0xFF9C, 0x1000,
    0xFFA2, 0x1000,
    0xFFA4, 0x1000,
    0xFFAA, 0x1000,
    0xFFAC, 0x1000,
    0xFFB2, 0x1000,
    0xFFB4, 0x1000,
    0xFFBA, 0x1000,
    0xFFBC, 0x1000,
    0xFFC2, 0x1000,
    0xFFC4, 0x1000,
    0xFFCA, 0x1000,
    0xFFCC, 0x1000,
    0xFFD2, 0x1000,
    0xFFD4, 0x1000,
    0xFFDA, 0x1000,
    0xFFDC, 0x1000,
    0xFFE2, 0x1000,
    0xFFE4, 0x1000,
    0xFFEA, 0x1000,
    0xFFEC, 0x1000,
    0xFFF2, 0x1000,
    0xFFF4, 0x1000,
    0xFFFA, 0x1000,
    0xFCFC, 0x4000,
    0x6028, 0x2000,
    0x602A, 0xFFFC,
    0x6F12, 0x1000,
    0xFCFC, 0x2001,
    0x0002, 0x1000,
    0x0004, 0x1000,
    0x000A, 0x1000,
    0x000C, 0x1000,
    0x0012, 0x1000,
    0x0014, 0x1000,
    0x001A, 0x1000,
    0x001C, 0x1000,
    0x0022, 0x1000,
    0x0024, 0x1000,
    0x002A, 0x0000,
    0x002C, 0x0000,
    0x0032, 0x0000,
    0x0034, 0x0000,
    0x003A, 0x0000,
    0x003C, 0x0000,
    0x0042, 0x0000,
    0x0044, 0x0000,
    0x004A, 0x0000,
    0x004C, 0x0000,
    0x0052, 0x0000,
    0x0054, 0x0000,
    0x005A, 0x0000,
    0x005C, 0x0000,
    0x0062, 0x0000,
    0x0064, 0x0000,
    0x006A, 0x0000,
    0x006C, 0x0000,
    0x0072, 0x0000,
    0x0074, 0x0000,
    0x007A, 0x0000,
    0x007C, 0x0000,
    0x0082, 0x0000,
    0x0084, 0x0000,
    0x008A, 0x0000,
    0x008C, 0x0000,
    0x0092, 0x0000,
    0x0094, 0x0000,
    0x009A, 0x0000,
    0x009C, 0x0000,
    0x00A2, 0x0000,
    0x00A4, 0x0000,
    0x00AA, 0x0000,
    0x00AC, 0x0000,
    0x00B2, 0x0000,
    0x00B4, 0x0000,
    0x00BA, 0x0000,
    0x00BC, 0x0000,
    0x00C2, 0x0000,
    0x00C4, 0x0000,
    0x00CA, 0x0000,
    0x00CC, 0x0000,
    0x00D2, 0x0000,
    0x00D4, 0x0000,
    0x00DA, 0x0000,
    0x00DC, 0x0000,
    0x00E2, 0x0000,
    0x00E4, 0x0000,
    0x01B4, 0x0600,
    0x01B6, 0x0003,
    0x01BA, 0x0003,
    0x01BE, 0x0003,
    0x01C2, 0x0003,
    0x01D6, 0x0003,
    0x01DA, 0x0003,
    0x01DE, 0x0003,
    0x01E2, 0x0003,
    0x01F6, 0x0003,
    0x01FA, 0x0003,
    0x01FE, 0x0003,
    0x0202, 0x0003,
    0x0216, 0x0003,
    0x021A, 0x0003,
    0x021E, 0x0003,
    0x0222, 0x0003,
    0x0236, 0x0000,
    0x023A, 0x0000,
    0x023E, 0x0000,
    0x0242, 0x0000,
    0x0256, 0x0000,
    0x025A, 0x0000,
    0x025E, 0x0000,
    0x0262, 0x0000,
    0x0276, 0x0000,
    0x027A, 0x0000,
    0x027E, 0x0000,
    0x0282, 0x0000,
    0x0296, 0x0000,
    0x029A, 0x0000,
    0x029E, 0x0000,
    0x02A2, 0x0000,
    0x0336, 0x0003,
    0x0338, 0x0000,
    0x033A, 0xFFFF,
    0x033C, 0x0000,
    0x033E, 0x0003,
    0x0340, 0x0000,
    0x0342, 0xFFFF,
    0x0344, 0x0000,
    0x0346, 0x0000,
    0x0348, 0x0000,
    0x034A, 0x0000,
    0x034C, 0x0000,
    0x034E, 0x0000,
    0x0350, 0x0000,
    0x0352, 0x0000,
    0x0354, 0x0000,
    0x0356, 0xFFFF,
    0x0358, 0x0000,
    0x035A, 0xFFFF,
    0x035C, 0x0000,
    0x035E, 0xFFFF,
    0x0360, 0x0000,
    0x0362, 0xFFFF,
    0x0364, 0x0000,
    0x0366, 0x0000,
    0x0368, 0x0000,
    0x036A, 0x0000,
    0x036C, 0x0000,
    0x036E, 0x0000,
    0x0370, 0x0000,
    0x0372, 0x0000,
    0x0374, 0x0000,
    0x0376, 0x0000,
    0x0378, 0x0000,
    0x037A, 0x0000,
    0x037C, 0x0000,
    0x037E, 0x0000,
    0x0380, 0x0000,
    0x0382, 0x0000,
    0x0384, 0x0000,
    0x0386, 0x0000,
    0x0388, 0x0000,
    0x038A, 0x0000,
    0x038C, 0x0000,
    0x038E, 0x0000,
    0x0390, 0x0000,
    0x0392, 0x0000,
    0x0394, 0x0000,
    0x0396, 0x0000,
    0x0398, 0x0000,
    0x039A, 0x0000,
    0x039C, 0x0000,
    0x039E, 0x0000,
    0x03A0, 0x0000,
    0x03A2, 0x0000,
    0x03A4, 0x0000,
    0x03A6, 0x0000,
    0x03A8, 0x0000,
    0x03AA, 0x0000,
    0x03AC, 0x0000,
    0x03AE, 0x0000,
    0x03B0, 0x0000,
    0x03B2, 0x0000,
    0x03B4, 0x0000,
    0x03B6, 0x0000,
    0x03BA, 0x0000,
    0x03BE, 0x0000,
    0x03C2, 0x0000,
    0x03D6, 0x0000,
    0x03DA, 0x0000,
    0x03DE, 0x0000,
    0x03E2, 0x0000,
    0x03F6, 0x0000,
    0x03FA, 0x0000,
    0x03FE, 0x0000,
    0x0402, 0x0000,
    0x0416, 0x0000,
    0x041A, 0x0000,
    0x041E, 0x0000,
    0x0422, 0x0000,
    0x2270, 0x0204,
    0x25D4, 0x0101,
    0x25FA, 0x2000,
    0x2648, 0x0200,
    0x264A, 0x0400,
    0x264C, 0x0200,
    0x264E, 0x0200,
    0x2660, 0x0202,
    0x2B7E, 0x0200,
    0x2B84, 0x0000,
    0x2BA0, 0x0200,
    0x2BA2, 0x0200,
    0x2BA4, 0x0000,
    0x2BA6, 0x0000,
    0x2BA8, 0x0000,
    0x2BAA, 0x0000,
    0x2BAC, 0x0200,
    0x2BAE, 0x0200,
    0x2BB0, 0x0100,
    0x2BB2, 0x0100,
    0x2BB4, 0x0100,
    0x2BB6, 0x0100,
    0x2BB8, 0x0100,
    0x2BBA, 0x0100,
    0x2BBC, 0x0100,
    0x2BBE, 0x0100,
    0x2BC4, 0x078A,
    0x2BC6, 0x0005,
    0x2BC8, 0x0005,
    0x2BCA, 0xFFFA,
    0x2BCC, 0xFFFA,
    0x2CBE, 0x0101,
    0x2DD6, 0x0101,
    0x2DD8, 0x0602,
    0x2DDC, 0x0204,
    0x2DFE, 0x0105,
    0x2E0E, 0x0000,
    0x2E16, 0x0064,
    0x2E18, 0x0096,
    0x2E1A, 0x0078,
    0x2E1C, 0x0190,
    0x2E1E, 0x0258,
    0x2E20, 0x0320,
    0x3348, 0x0002,
    0x34FE, 0x0400,
    0x350C, 0x000B,
    0x3516, 0x0074,
    0x3518, 0x007A,
    0x351A, 0x007A,
    0x351C, 0x007C,
    0x351E, 0x009A,
    0x3520, 0x009F,
    0x3522, 0x00A2,
    0x3524, 0x00A6,
    0x3526, 0x00A7,
    0x3528, 0x00A3,
    0x352A, 0x00A1,
    0x352C, 0x00AA,
    0x352E, 0x00AE,
    0x3530, 0x00B2,
    0x3532, 0x00A5,
    0x3534, 0x00A5,
    0x3536, 0x0074,
    0x3538, 0x007A,
    0x353A, 0x007A,
    0x353C, 0x007C,
    0x353E, 0x009A,
    0x3540, 0x009F,
    0x3542, 0x00A2,
    0x3544, 0x00A6,
    0x3546, 0x00A7,
    0x3548, 0x00A3,
    0x354A, 0x00A1,
    0x354C, 0x00AA,
    0x354E, 0x00AE,
    0x3550, 0x00B2,
    0x3552, 0x00A5,
    0x3554, 0x00A5,
    0x3714, 0x0000,
    0x371E, 0x0030,
    0x3720, 0x0035,
    0x3722, 0x0037,
    0x3724, 0x0044,
    0x3726, 0x0047,
    0x3728, 0x0054,
    0x372A, 0x0057,
    0x372C, 0x005B,
    0x372E, 0x005D,
    0x3730, 0x005E,
    0x3732, 0x0060,
    0x3734, 0x0062,
    0x3736, 0x005E,
    0x3738, 0x0064,
    0x373A, 0x0068,
    0x373C, 0x006A,
    0x373E, 0x0030,
    0x3740, 0x0035,
    0x3742, 0x0037,
    0x3744, 0x0044,
    0x3746, 0x0047,
    0x3748, 0x0054,
    0x374A, 0x0057,
    0x374C, 0x005B,
    0x374E, 0x005D,
    0x3750, 0x005E,
    0x3752, 0x0060,
    0x3754, 0x0062,
    0x3756, 0x005E,
    0x3758, 0x0064,
    0x375A, 0x0068,
    0x375C, 0x006A,
    0x391C, 0x0000,
    0x3926, 0x0000,
    0x3928, 0x0000,
    0x392A, 0x0000,
    0x392C, 0x0000,
    0x392E, 0x0000,
    0x3930, 0x0000,
    0x3932, 0x0000,
    0x3946, 0x0000,
    0x3948, 0x0000,
    0x394A, 0x0000,
    0x394C, 0x0000,
    0x394E, 0x0000,
    0x3950, 0x0000,
    0x3952, 0x0000,
    0x3B4C, 0x000F,
    0x4780, 0x0200,
    0x4994, 0x0190,
    0x4996, 0x0190,
    0x4998, 0x0190,
    0x49B8, 0x0258,
    0x49BA, 0x0258,
    0x49BC, 0x0258,
    0x49CA, 0x0190,
    0x49CC, 0x0190,
    0x49CE, 0x0190,
    0x49DC, 0x01F4,
    0x49DE, 0x01F4,
    0x49E0, 0x01F4,
    0x49E6, 0x0004,
    0x49E8, 0x0004,
    0x49EA, 0x0004,
    0x49EC, 0x0004,
    0x49EE, 0x0004,
    0x49F0, 0x0004,
    0x49F2, 0x0004,
    0x49F8, 0x000A,
    0x49FA, 0x000A,
    0x49FC, 0x000A,
    0x49FE, 0x000A,
    0x4A00, 0x000A,
    0x4A02, 0x000A,
    0x4A04, 0x000A,
    0x4A0A, 0x0014,
    0x4A0C, 0x0014,
    0x4A0E, 0x0014,
    0x4A10, 0x0014,
    0x4A12, 0x0014,
    0x4A14, 0x0014,
    0x4A16, 0x0014,
    0x4A1C, 0x001E,
    0x4A1E, 0x001E,
    0x4A20, 0x001E,
    0x4A22, 0x001E,
    0x4A24, 0x001E,
    0x4A26, 0x001E,
    0x4A28, 0x001E,
    0x4A2E, 0x0032,
    0x4A30, 0x0032,
    0x4A32, 0x0032,
    0x4A34, 0x0032,
    0x4A36, 0x0032,
    0x4A38, 0x0032,
    0x4A3A, 0x0032,
    0x4A40, 0x0050,
    0x4A42, 0x0050,
    0x4A44, 0x0050,
    0x4A46, 0x0050,
    0x4A48, 0x0050,
    0x4A4A, 0x0050,
    0x4A4C, 0x0050,
    0x4A64, 0x0006,
    0x4A66, 0x0006,
    0x4A68, 0x0006,
    0x4A6A, 0x0006,
    0x4A6C, 0x0006,
    0x4A6E, 0x0006,
    0x4A70, 0x0006,
    0x4A76, 0x0007,
    0x4A78, 0x0007,
    0x4A7A, 0x0007,
    0x4A7C, 0x0007,
    0x4A7E, 0x0007,
    0x4A80, 0x0007,
    0x4A82, 0x0007,
    0x4A88, 0x001E,
    0x4A8A, 0x001E,
    0x4A8C, 0x001E,
    0x4A8E, 0x001E,
    0x4A90, 0x001E,
    0x4A92, 0x001E,
    0x4A94, 0x001E,
    0x4BA8, 0x003C,
    0x4BAA, 0x0006,
    0x4BAC, 0x0006,
    0x4BAE, 0x0006,
    0x4BB0, 0x0006,
    0x4BB2, 0x0006,
    0x4BB4, 0x0006,
    0x4BCC, 0x0028,
    0x4BCE, 0x0001,
    0x4BD0, 0x0001,
    0x4BD2, 0x0001,
    0x4BD4, 0x0001,
    0x4BD6, 0x0001,
    0x4BD8, 0x0001,
    0x4C02, 0x003C,
    0x4C04, 0x0008,
    0x4C06, 0x0008,
    0x4C08, 0x0008,
    0x4C0A, 0x0008,
    0x4C0C, 0x0008,
    0x4C0E, 0x0008,
    0x4C26, 0x0028,
    0x4C28, 0x0014,
    0x4C2A, 0x0014,
    0x4C2C, 0x0014,
    0x4C2E, 0x0014,
    0x4C30, 0x0014,
    0x4C32, 0x0014,
    0x4C52, 0x044C,
    0x4C54, 0x044C,
    0x4C56, 0x044C,
    0x4CE2, 0x001E,
    0x4CE4, 0x001E,
    0x4CE6, 0x001E,
    0x4DBA, 0x00E6,
    0x4DBC, 0x00E6,
    0x4DBE, 0x00E6,
    0x4DCC, 0x00E6,
    0x4DCE, 0x00E6,
    0x4DD0, 0x00E6,
    0x4DDE, 0x00E6,
    0x4DE0, 0x00E6,
    0x4DE2, 0x00E6,
    0x4E02, 0x0050,
    0x4E04, 0x0050,
    0x4E06, 0x0050,
    0x4F3E, 0x001E,
    0x4F40, 0x001E,
    0x4F42, 0x001E,
    0x4F44, 0x0028,
    0x4F46, 0x0032,
    0x4F48, 0x0032,
    0x4F4A, 0x0032,
    0x4F50, 0x001E,
    0x4F52, 0x001E,
    0x4F54, 0x001E,
    0x4F56, 0x0028,
    0x4F58, 0x0050,
    0x4F5A, 0x0050,
    0x4F5C, 0x0050,
    0x4F62, 0x001E,
    0x4F64, 0x001E,
    0x4F66, 0x001E,
    0x4F68, 0x0028,
    0x4F6A, 0x006E,
    0x4F6C, 0x006E,
    0x4F6E, 0x006E,
    0x4F74, 0x001E,
    0x4F76, 0x001E,
    0x4F78, 0x001E,
    0x4F7A, 0x0028,
    0x4F7C, 0x0082,
    0x4F7E, 0x0082,
    0x4F80, 0x0082,
    0x4F86, 0x0028,
    0x4F88, 0x0028,
    0x4F8A, 0x0028,
    0x4F8C, 0x0032,
    0x4F8E, 0x0082,
    0x4F90, 0x0082,
    0x4F92, 0x0082,
    0x85FA, 0x0000,
    0xFCFC, 0x2002,
    0xDDD6, 0x001F,
    0xDDD8, 0x000C,
    0xDDDA, 0x000C,
    0xDDDC, 0x000C,
    0xDDDE, 0x000C,
    0xDDE0, 0x000C,
    0xDDEC, 0x0000,
    0xDDF6, 0x0100,
    0xDDF8, 0x8000,
    0xDDFA, 0x0216,
    0xDE02, 0x003F,
    0xDE04, 0x0001,
    0xDE06, 0x0F13,
    0xDE08, 0x0F13,
    0xDE0A, 0x000C,
    0xDE0C, 0x000C,
    0xDE0E, 0x0000,
    0xDE16, 0x0003,
    0xDE18, 0x04EF,
    0xDE1C, 0x0001,
    0xDE20, 0x0000,
    0xDE22, 0x0100,
    0xDE24, 0x0000,
    0xDE26, 0x0200,
    0xDE28, 0x0000,
    0xDE2A, 0x0400,
    0xDE2C, 0x0000,
    0xDE2E, 0x0800,
    0xDE30, 0x0000,
    0xDE32, 0x2000,
    0xDE34, 0x0000,
    0xDE36, 0x4000,
    0xDE38, 0x0000,
    0xDE3A, 0x0100,
    0xDE3C, 0x0000,
    0xDE3E, 0x0200,
    0xDE40, 0x0000,
    0xDE42, 0x0400,
    0xDE44, 0x0000,
    0xDE46, 0x0800,
    0xDE48, 0x0000,
    0xDE4A, 0x2000,
    0xDE4C, 0x0000,
    0xDE4E, 0x4000,
    0xDE50, 0x0000,
    0xDE52, 0x0100,
    0xDE54, 0x0000,
    0xDE56, 0x0200,
    0xDE58, 0x0000,
    0xDE5A, 0x0400,
    0xDE5C, 0x0000,
    0xDE5E, 0x0800,
    0xDE60, 0x0000,
    0xDE62, 0x2000,
    0xDE64, 0x0000,
    0xDE66, 0x4000,
    0xDE68, 0x0000,
    0xDE6A, 0x0100,
    0xDE6C, 0x0000,
    0xDE6E, 0x0200,
    0xDE70, 0x0000,
    0xDE72, 0x0400,
    0xDE74, 0x0000,
    0xDE76, 0x0800,
    0xDE78, 0x0000,
    0xDE7A, 0x2000,
    0xDE7C, 0x0000,
    0xDE7E, 0x4000,
    0xDE80, 0x0000,
    0xDE82, 0x0000,
    0xDE84, 0x0000,
    0xDE86, 0x0000,
    0xDE88, 0x0000,
    0xDE8A, 0x0000,
    0xDE8C, 0x0000,
    0xDE8E, 0x0000,
    0xDE90, 0x0000,
    0xDE92, 0x0000,
    0xDE94, 0x0000,
    0xDE96, 0x0000,
    0xDE98, 0x0000,
    0xDE9A, 0x0000,
    0xDE9C, 0x0000,
    0xDE9E, 0x0000,
    0xDEA0, 0x0000,
    0xDEA2, 0x0000,
    0xDEA4, 0x0000,
    0xDEA6, 0x0000,
    0xDEA8, 0x0000,
    0xDEAA, 0x0000,
    0xDEAC, 0x0000,
    0xDEAE, 0x0000,
    0xDEB0, 0x0000,
    0xDEB2, 0x0000,
    0xDEB4, 0x0000,
    0xDEB6, 0x0000,
    0xDEB8, 0x0000,
    0xDEBA, 0x0000,
    0xDEBC, 0x0000,
    0xDEBE, 0x0000,
    0xDEC0, 0x0000,
    0xDEC2, 0x0000,
    0xDEC4, 0x0000,
    0xDEC6, 0x0000,
    0xDEC8, 0x0000,
    0xDECA, 0x0000,
    0xDECC, 0x0000,
    0xDECE, 0x0000,
    0xDED0, 0x0000,
    0xDED2, 0x0000,
    0xDED4, 0x0000,
    0xDED6, 0x0000,
    0xDED8, 0x0000,
    0xDEDA, 0x0000,
    0xDEDC, 0x0000,
    0xDEDE, 0x0000,
    0xDF40, 0x0000,
    0xDF42, 0x01FF,
    0xDF44, 0x0000,
    0xDF46, 0x03FF,
    0xDF48, 0x0000,
    0xDF4A, 0x07FF,
    0xDF4C, 0x0000,
    0xDF4E, 0x1FFF,
    0xDF50, 0x0000,
    0xDF52, 0x3FFF,
    0xDF54, 0x0001,
    0xDF56, 0x0000,
    0xDF58, 0x0000,
    0xDF5A, 0x01FF,
    0xDF5C, 0x0000,
    0xDF5E, 0x03FF,
    0xDF60, 0x0000,
    0xDF62, 0x07FF,
    0xDF64, 0x0000,
    0xDF66, 0x1FFF,
    0xDF68, 0x0000,
    0xDF6A, 0x3FFF,
    0xDF6C, 0x0001,
    0xDF6E, 0x0000,
    0xDF70, 0x0000,
    0xDF72, 0x01FF,
    0xDF74, 0x0000,
    0xDF76, 0x03FF,
    0xDF78, 0x0000,
    0xDF7A, 0x07FF,
    0xDF7C, 0x0000,
    0xDF7E, 0x1FFF,
    0xDF80, 0x0000,
    0xDF82, 0x3FFF,
    0xDF84, 0x0001,
    0xDF86, 0x0000,
    0xDF88, 0x0000,
    0xDF8A, 0x01FF,
    0xDF8C, 0x0000,
    0xDF8E, 0x03FF,
    0xDF90, 0x0000,
    0xDF92, 0x07FF,
    0xDF94, 0x0000,
    0xDF96, 0x1FFF,
    0xDF98, 0x0000,
    0xDF9A, 0x3FFF,
    0xDF9C, 0x0001,
    0xDF9E, 0x0000,
    0xDFA0, 0x0000,
    0xDFA2, 0x0000,
    0xDFA4, 0x0000,
    0xDFA6, 0x0000,
    0xDFA8, 0x0000,
    0xDFAA, 0x0000,
    0xDFAC, 0x0000,
    0xDFAE, 0x0000,
    0xDFB0, 0x0000,
    0xDFB2, 0x0000,
    0xDFB4, 0x0000,
    0xDFB6, 0x0000,
    0xDFB8, 0x0000,
    0xDFBA, 0x0000,
    0xDFBC, 0x0000,
    0xDFBE, 0x0000,
    0xDFC0, 0x0000,
    0xDFC2, 0x0000,
    0xDFC4, 0x0000,
    0xDFC6, 0x0000,
    0xDFC8, 0x0000,
    0xDFCA, 0x0000,
    0xDFCC, 0x0000,
    0xDFCE, 0x0000,
    0xDFD0, 0x0000,
    0xDFD2, 0x0000,
    0xDFD4, 0x0000,
    0xDFD6, 0x0000,
    0xDFD8, 0x0000,
    0xDFDA, 0x0000,
    0xDFDC, 0x0000,
    0xDFDE, 0x0000,
    0xDFE0, 0x0000,
    0xDFE2, 0x0000,
    0xDFE4, 0x0000,
    0xDFE6, 0x0000,
    0xDFE8, 0x0000,
    0xDFEA, 0x0000,
    0xDFEC, 0x0000,
    0xDFEE, 0x0000,
    0xDFF0, 0x0000,
    0xDFF2, 0x0000,
    0xDFF4, 0x0000,
    0xDFF6, 0x0000,
    0xDFF8, 0x0000,
    0xDFFA, 0x0000,
    0xDFFC, 0x0000,
    0xDFFE, 0x0000,
    0xE060, 0x0000,
    0xE06E, 0x2000,
    0xE070, 0x1800,
    0xE072, 0x2020,
    0xE074, 0x1830,
    0xE076, 0xFFFF,
    0xE078, 0xFFFF,
    0xE07A, 0x0000,
    0xFCFC, 0x4000,
    0x0086, 0x2000,
    0x020A, 0x0100,
    0x0228, 0x0100,
    0x0380, 0x0004,
    0x0382, 0x0004,
    0x0384, 0x0004,
    0x0386, 0x0004,
    0x0722, 0x0800,
    0x0900, 0x3244,
    0x0B02, 0x0202,
    0x0B04, 0x0001,
    0x0B06, 0x0101,
    0x0B08, 0x0100,
    0x0B0A, 0x0101,
    0x0B0C, 0x0100,
    0x0BCC, 0x0100,
    0x0BE2, 0x0000,
    0x0274, 0x302B,
    0x0E00, 0x0003,
    /*OIS_EN_DISABLE*/
    0xFCFC, 0x4000,
    0x0A70, 0x0001,
    0xFCFC, 0x2000,
    0x101F, 0x0100,
    0xFCFC, 0x2001,
    0x2F38, 0x0001,
    0x2F3A, 0x0000,
    0x2F3C, 0x0001,
    0x2F3E, 0x0000,
    0x2F40, 0x0000,
    0x2F42, 0x0000,
    0x2F46, 0x0000,
    0x2F48, 0x0000,
    0xFCFC, 0x4000,
};

/* 22_4096x2304_60fps_2976Msps FCM */
static u16 cjtele_custom18_setting[] = {
    0xFCFC, 0x2000,
    0x0F8C, 0x0000,
    0x46F2, 0x0000,
    0x472C, 0x0000,
    0x472E, 0x0000,
    0x4760, 0x0200,
    0xFCFC, 0x4000,
    0x0114, 0x0201,
    0x0118, 0x0004,
    0x011C, 0x0101,
    0x0136, 0x1800,
    0x013E, 0x0000,
    0x0202, 0x0200,
    0x0204, 0x0020,
    0x0226, 0x0200,
    0x022C, 0x0200,
    0x0260, 0x0101,
    0x0262, 0x0200,
    0x0264, 0x0306,
    0x0270, 0x2B2B,
    0x0272, 0x2B10,
    0x0304, 0x0003,
    0x0306, 0x00F0,
    0x030C, 0x0000,
    0x030E, 0x0003,
    0x0310, 0x00BA,
    0x0312, 0x0000,
    0x031A, 0x0003,
    0x031C, 0x0028,
    0x031E, 0x0002,
    0x0340, 0x0C85,
    0x081C, 0x0015,
    0x0BCA, 0x0101,
    0xFCFC, 0x2003,
    0x0C8A, 0x0000,
    0x0C8E, 0xFFFF,
    0x0C92, 0x0702,
    0x0CE2, 0x0180,
    0x0CE4, 0x0200,
    0x0CE6, 0x0300,
    0x0CE8, 0x0400,
    0x0CEA, 0x1B1D,
    0x0CEC, 0x1F21,
    0x0CEE, 0x2224,
    0x0CF0, 0x2526,
    0x0CF2, 0x2728,
    0x0CF4, 0x292A,
    0x0CF6, 0x2B2B,
    0x0CF8, 0x2C2D,
    0x0CFA, 0x2D2F,
    0x0CFC, 0x3132,
    0x0CFE, 0x3334,
    0x0D00, 0x3536,
    0x0D02, 0x3638,
    0x0D04, 0x3A3A,
    0x0D06, 0x3B3D,
    0x0D08, 0x3D3E,
    0x0D0A, 0x3E2C,
    0x0C96, 0x0000,
    0x0CA2, 0x0200,
    0x0CA6, 0x0010,
    0x0CAA, 0x0010,
    0x0CAE, 0x0000,
    0x0CB2, 0x0200,
    0x0CB6, 0x0200,
    0x0D14, 0x013F,
    0x0D16, 0x017F,
    0x0D18, 0x01BF,
    0x0D1A, 0x01FF,
    0x0D1C, 0x02FF,
    0x0D1E, 0x03FF,
    0x0D20, 0x04FF,
    0x0D22, 0x05FF,
    0x0D24, 0x06FF,
    0x0D26, 0x07FF,
    0x0D28, 0x0BFF,
    0x0D2A, 0x0FFF,
    0x0D2C, 0x17FF,
    0x0D2E, 0x1FFF,
    0x0D30, 0x2FFF,
    0x0CC2, 0x0A0A,
    0x0CC6, 0x0000,
    0x0D3A, 0x2700,
    0x0D3C, 0x1000,
    0x0D3E, 0x0F20,
    0x0D40, 0x303E,
    0x0D42, 0x215E,
    0x0D44, 0x1000,
    0x0D46, 0x0900,
    0x0D48, 0x0010,
    0x0D4A, 0x0010,
    0x0CCA, 0x0001,
    0x0CCE, 0x0000,
    0x0CD2, 0x0400,
    0x0CD6, 0x0120,
    0xFCFC, 0x4000,
    0x0B32, 0x0000,
    0x0B30, 0x010D,
    0x0274, 0x302B,
    0x0E00, 0x0003,
    /*OIS_EN_DISABLE*/
    0xFCFC, 0x4000,
    0x0A70, 0x0001,
    0xFCFC, 0x2000,
    0x101F, 0x0100,
    0xFCFC, 0x2001,
    0x2F38, 0x0001,
    0x2F3A, 0x0000,
    0x2F3C, 0x0001,
    0x2F3E, 0x0000,
    0x2F40, 0x0000,
    0x2F42, 0x0000,
    0x2F46, 0x0000,
    0x2F48, 0x0000,
    0xFCFC, 0x4000,
};

/*//FCM delay 10ms*/
static u16 cjtele_seamless_delay_10s[] = {
    0xFCFC, 0x2003,
    0x0C8A, 0x2710,
    0xFCFC, 0x4000,
};
#endif
